card_id,player_id,grade_id,grade_name,base_ovr,salary_cost,max_enhance,max_awaken,is_droppable,year
LG_2025_PLY_000830_LN,PLY_000830,1,LIVE_NORMAL,65,12,10,0,TRUE,2025
LG_2024_PLY_000830_TH,PLY_000830,4,TITLE_HOLDER,81,30,10,10,FALSE,2024
LG_2025_PLY_000830_EPIC,PLY_000830,2,LIVE_EPIC,71,18,10,0,TRUE,2025
LG_2025_PLY_000830_AS,PLY_000830,3,ALLSTAR,83,24,10,10,TRUE,2025
LG_2023_PLY_000830_LN,PLY_000830,1,LIVE_NORMAL,68,12,10,0,TRUE,2023
LG_2024_PLY_000830_EPIC,PLY_000830,2,LIVE_EPIC,66,18,10,0,TRUE,2024
LG_2026_PLY_000830_LN,PLY_000830,1,LIVE_NORMAL,62,12,10,0,TRUE,2026
LG_2024_PLY_000830_SIG,PLY_000830,6,SIGNATURE,89,40,10,10,FALSE,2024
LG_2026_PLY_000830_TH,PLY_000830,4,TITLE_HOLDER,80,30,10,10,FALSE,2026
LG_2026_PLY_000830_EPIC,PLY_000830,2,LIVE_EPIC,67,18,10,0,TRUE,2026
LG_2010_PLY_000831_EPIC,PLY_000831,2,LIVE_EPIC,70,18,10,0,TRUE,2010
LG_2004_PLY_000831_LN,PLY_000831,1,LIVE_NORMAL,61,12,10,0,TRUE,2004
LG_2008_PLY_000831_LN,PLY_000831,1,LIVE_NORMAL,67,12,10,0,TRUE,2008
LG_2005_PLY_000831_EPIC,PLY_000831,2,LIVE_EPIC,72,18,10,0,TRUE,2005
LG_2018_PLY_000831_EPIC,PLY_000831,2,LIVE_EPIC,71,18,10,0,TRUE,2018
LG_2020_PLY_000831_LN,PLY_000831,1,LIVE_NORMAL,55,12,10,0,TRUE,2020
LG_2006_PLY_000831_LN,PLY_000831,1,LIVE_NORMAL,63,12,10,0,TRUE,2006
LG_2001_PLY_000832_EPIC,PLY_000832,2,LIVE_EPIC,72,18,10,0,TRUE,2001
LG_2008_PLY_000832_EPIC,PLY_000832,2,LIVE_EPIC,72,18,10,0,TRUE,2008
LG_2009_PLY_000832_LN,PLY_000832,1,LIVE_NORMAL,62,12,10,0,TRUE,2009
LG_2006_PLY_000832_EPIC,PLY_000832,2,LIVE_EPIC,74,18,10,0,TRUE,2006
LG_2008_PLY_000832_AS,PLY_000832,3,ALLSTAR,78,24,10,10,TRUE,2008
LG_2005_PLY_000833_LN,PLY_000833,1,LIVE_NORMAL,56,12,10,0,TRUE,2005
LG_2010_PLY_000833_EPIC,PLY_000833,2,LIVE_EPIC,73,18,10,0,TRUE,2010
LG_2011_PLY_000833_LN,PLY_000833,1,LIVE_NORMAL,63,12,10,0,TRUE,2011
LG_2006_PLY_000833_EPIC,PLY_000833,2,LIVE_EPIC,70,18,10,0,TRUE,2006
LG_2006_PLY_000833_LN,PLY_000833,1,LIVE_NORMAL,60,12,10,0,TRUE,2006
LG_2024_PLY_000834_LN,PLY_000834,1,LIVE_NORMAL,55,12,10,0,TRUE,2024
LG_2026_PLY_000834_LN,PLY_000834,1,LIVE_NORMAL,56,12,10,0,TRUE,2026
LG_2025_PLY_000834_LN,PLY_000834,1,LIVE_NORMAL,68,12,10,0,TRUE,2025
LG_2026_PLY_000834_EPIC,PLY_000834,2,LIVE_EPIC,68,18,10,0,TRUE,2026
LG_2024_PLY_000834_SIG,PLY_000834,6,SIGNATURE,90,40,10,10,FALSE,2024
LG_2026_PLY_000834_TH,PLY_000834,4,TITLE_HOLDER,85,30,10,10,FALSE,2026
LG_2024_PLY_000834_TH,PLY_000834,4,TITLE_HOLDER,84,30,10,10,FALSE,2024
LG_1992_PLY_000835_EPIC,PLY_000835,2,LIVE_EPIC,69,18,10,0,TRUE,1992
LG_1992_PLY_000835_TH,PLY_000835,4,TITLE_HOLDER,84,30,10,10,FALSE,1992
LG_1990_PLY_000835_TH,PLY_000835,4,TITLE_HOLDER,83,30,10,10,FALSE,1990
LG_1996_PLY_000836_EPIC,PLY_000836,2,LIVE_EPIC,73,18,10,0,TRUE,1996
LG_1997_PLY_000836_SIG,PLY_000836,6,SIGNATURE,90,40,10,10,FALSE,1997
LG_1999_PLY_000836_LN,PLY_000836,1,LIVE_NORMAL,68,12,10,0,TRUE,1999
LG_1997_PLY_000836_AS,PLY_000836,3,ALLSTAR,81,24,10,10,TRUE,1997
LG_2000_PLY_000836_LN,PLY_000836,1,LIVE_NORMAL,57,12,10,0,TRUE,2000
LG_2002_PLY_000836_LN,PLY_000836,1,LIVE_NORMAL,58,12,10,0,TRUE,2002
LG_1997_PLY_000836_EPIC,PLY_000836,2,LIVE_EPIC,66,18,10,0,TRUE,1997
LG_1998_PLY_000836_TH,PLY_000836,4,TITLE_HOLDER,82,30,10,10,FALSE,1998
LG_1996_PLY_000836_LN,PLY_000836,1,LIVE_NORMAL,68,12,10,0,TRUE,1996
LG_2018_PLY_000837_TH,PLY_000837,4,TITLE_HOLDER,83,30,10,10,FALSE,2018
LG_2013_PLY_000837_EPIC,PLY_000837,2,LIVE_EPIC,70,18,10,0,TRUE,2013
LG_2000_PLY_000838_LN,PLY_000838,1,LIVE_NORMAL,66,12,10,0,TRUE,2000
LG_1994_PLY_000838_EPIC,PLY_000838,2,LIVE_EPIC,75,18,10,0,TRUE,1994
LG_2017_PLY_000839_LN,PLY_000839,1,LIVE_NORMAL,68,12,10,0,TRUE,2017
LG_2019_PLY_000839_EPIC,PLY_000839,2,LIVE_EPIC,67,18,10,0,TRUE,2019
LG_2020_PLY_000839_EPIC,PLY_000839,2,LIVE_EPIC,67,18,10,0,TRUE,2020
LG_2014_PLY_000839_AS,PLY_000839,3,ALLSTAR,77,24,10,10,TRUE,2014
LG_1994_PLY_000840_AS,PLY_000840,3,ALLSTAR,75,24,10,10,TRUE,1994
LG_1991_PLY_000840_SIG,PLY_000840,6,SIGNATURE,94,40,10,10,FALSE,1991
LG_1995_PLY_000840_EPIC,PLY_000840,2,LIVE_EPIC,72,18,10,0,TRUE,1995
LG_1992_PLY_000840_EPIC,PLY_000840,2,LIVE_EPIC,76,18,10,0,TRUE,1992
LG_1992_PLY_000840_LN,PLY_000840,1,LIVE_NORMAL,59,12,10,0,TRUE,1992
LG_1996_PLY_000841_LN,PLY_000841,1,LIVE_NORMAL,65,12,10,0,TRUE,1996
LG_1996_PLY_000841_EPIC,PLY_000841,2,LIVE_EPIC,72,18,10,0,TRUE,1996
LG_1993_PLY_000841_LN,PLY_000841,1,LIVE_NORMAL,58,12,10,0,TRUE,1993
LG_1995_PLY_000841_LN,PLY_000841,1,LIVE_NORMAL,60,12,10,0,TRUE,1995
LG_1994_PLY_000841_LN,PLY_000841,1,LIVE_NORMAL,64,12,10,0,TRUE,1994
LG_1997_PLY_000841_AS,PLY_000841,3,ALLSTAR,75,24,10,10,TRUE,1997
LG_1994_PLY_000841_EPIC,PLY_000841,2,LIVE_EPIC,74,18,10,0,TRUE,1994
LG_1991_PLY_000841_LN,PLY_000841,1,LIVE_NORMAL,55,12,10,0,TRUE,1991
LG_1990_PLY_000842_AS,PLY_000842,3,ALLSTAR,82,24,10,10,TRUE,1990
LG_1992_PLY_000842_LN,PLY_000842,1,LIVE_NORMAL,57,12,10,0,TRUE,1992
LG_1989_PLY_000842_TH,PLY_000842,4,TITLE_HOLDER,80,30,10,10,FALSE,1989
LG_1995_PLY_000842_EPIC,PLY_000842,2,LIVE_EPIC,69,18,10,0,TRUE,1995
LG_1989_PLY_000842_LN,PLY_000842,1,LIVE_NORMAL,65,12,10,0,TRUE,1989
LG_1991_PLY_000842_GG,PLY_000842,7,GOLDEN_GLOVE,89,35,10,10,FALSE,1991
LG_1991_PLY_000842_EPIC,PLY_000842,2,LIVE_EPIC,73,18,10,0,TRUE,1991
LG_1995_PLY_000842_AS,PLY_000842,3,ALLSTAR,82,24,10,10,TRUE,1995
LG_1994_PLY_000842_EPIC,PLY_000842,2,LIVE_EPIC,65,18,10,0,TRUE,1994
LG_2016_PLY_000843_LN,PLY_000843,1,LIVE_NORMAL,68,12,10,0,TRUE,2016
LG_2014_PLY_000843_EPIC,PLY_000843,2,LIVE_EPIC,73,18,10,0,TRUE,2014
LG_2014_PLY_000843_AS,PLY_000843,3,ALLSTAR,75,24,10,10,TRUE,2014
LG_2015_PLY_000843_EPIC,PLY_000843,2,LIVE_EPIC,74,18,10,0,TRUE,2015
LG_2014_PLY_000843_LN,PLY_000843,1,LIVE_NORMAL,66,12,10,0,TRUE,2014
LG_2017_PLY_000843_GG,PLY_000843,7,GOLDEN_GLOVE,88,35,10,10,FALSE,2017
LG_2015_PLY_000843_LN,PLY_000843,1,LIVE_NORMAL,66,12,10,0,TRUE,2015
LG_2017_PLY_000843_EPIC,PLY_000843,2,LIVE_EPIC,76,18,10,0,TRUE,2017
LG_2014_PLY_000843_TH,PLY_000843,4,TITLE_HOLDER,84,30,10,10,FALSE,2014
LG_2012_PLY_000843_LN,PLY_000843,1,LIVE_NORMAL,58,12,10,0,TRUE,2012
LG_2003_PLY_000844_AS,PLY_000844,3,ALLSTAR,80,24,10,10,TRUE,2003
LG_2001_PLY_000844_LN,PLY_000844,1,LIVE_NORMAL,66,12,10,0,TRUE,2001
LG_2015_PLY_000845_EPIC,PLY_000845,2,LIVE_EPIC,68,18,10,0,TRUE,2015
LG_2017_PLY_000845_LN,PLY_000845,1,LIVE_NORMAL,64,12,10,0,TRUE,2017
LG_2015_PLY_000845_TH,PLY_000845,4,TITLE_HOLDER,81,30,10,10,FALSE,2015
LG_2016_PLY_000845_SIG,PLY_000845,6,SIGNATURE,94,40,10,10,FALSE,2016
LG_2014_PLY_000845_LN,PLY_000845,1,LIVE_NORMAL,62,12,10,0,TRUE,2014
LG_2015_PLY_000845_LN,PLY_000845,1,LIVE_NORMAL,63,12,10,0,TRUE,2015
LG_2016_PLY_000845_LN,PLY_000845,1,LIVE_NORMAL,57,12,10,0,TRUE,2016
LG_2020_PLY_000845_LN,PLY_000845,1,LIVE_NORMAL,66,12,10,0,TRUE,2020
LG_2018_PLY_000845_EPIC,PLY_000845,2,LIVE_EPIC,68,18,10,0,TRUE,2018
LG_2019_PLY_000845_EPIC,PLY_000845,2,LIVE_EPIC,73,18,10,0,TRUE,2019
LG_2018_PLY_000845_LN,PLY_000845,1,LIVE_NORMAL,64,12,10,0,TRUE,2018
LG_2022_PLY_000846_EPIC,PLY_000846,2,LIVE_EPIC,69,18,10,0,TRUE,2022
LG_2020_PLY_000846_EPIC,PLY_000846,2,LIVE_EPIC,66,18,10,0,TRUE,2020
LG_2017_PLY_000846_EPIC,PLY_000846,2,LIVE_EPIC,68,18,10,0,TRUE,2017
LG_2018_PLY_000846_LN,PLY_000846,1,LIVE_NORMAL,67,12,10,0,TRUE,2018
LG_2024_PLY_000846_EPIC,PLY_000846,2,LIVE_EPIC,68,18,10,0,TRUE,2024
LG_2024_PLY_000846_GG,PLY_000846,7,GOLDEN_GLOVE,86,35,10,10,FALSE,2024
LG_2025_PLY_000846_LN,PLY_000846,1,LIVE_NORMAL,62,12,10,0,TRUE,2025
LG_2017_PLY_000846_LN,PLY_000846,1,LIVE_NORMAL,68,12,10,0,TRUE,2017
LG_1997_PLY_000847_LN,PLY_000847,1,LIVE_NORMAL,65,12,10,0,TRUE,1997
LG_1996_PLY_000847_EPIC,PLY_000847,2,LIVE_EPIC,70,18,10,0,TRUE,1996
LG_1996_PLY_000847_AS,PLY_000847,3,ALLSTAR,75,24,10,10,TRUE,1996
LG_1997_PLY_000847_GG,PLY_000847,7,GOLDEN_GLOVE,87,35,10,10,FALSE,1997
LG_1995_PLY_000847_GG,PLY_000847,7,GOLDEN_GLOVE,86,35,10,10,FALSE,1995
LG_1994_PLY_000847_SIG,PLY_000847,6,SIGNATURE,90,40,10,10,FALSE,1994
LG_2012_PLY_000848_EPIC,PLY_000848,2,LIVE_EPIC,74,18,10,0,TRUE,2012
LG_2010_PLY_000848_EPIC,PLY_000848,2,LIVE_EPIC,73,18,10,0,TRUE,2010
LG_2025_PLY_000848_LN,PLY_000848,1,LIVE_NORMAL,61,12,10,0,TRUE,2025
LG_2016_PLY_000848_LN,PLY_000848,1,LIVE_NORMAL,56,12,10,0,TRUE,2016
LG_2021_PLY_000848_AS,PLY_000848,3,ALLSTAR,75,24,10,10,TRUE,2021
LG_2021_PLY_000848_LN,PLY_000848,1,LIVE_NORMAL,58,12,10,0,TRUE,2021
LG_2019_PLY_000848_TH,PLY_000848,4,TITLE_HOLDER,81,30,10,10,FALSE,2019
LG_2014_PLY_000848_LN,PLY_000848,1,LIVE_NORMAL,63,12,10,0,TRUE,2014
LG_2000_PLY_000849_AS,PLY_000849,3,ALLSTAR,79,24,10,10,TRUE,2000
LG_2000_PLY_000849_LN,PLY_000849,1,LIVE_NORMAL,63,12,10,0,TRUE,2000
LG_2006_PLY_000849_AS,PLY_000849,3,ALLSTAR,74,24,10,10,TRUE,2006
LG_2004_PLY_000849_LN,PLY_000849,1,LIVE_NORMAL,65,12,10,0,TRUE,2004
LG_2001_PLY_000849_LN,PLY_000849,1,LIVE_NORMAL,60,12,10,0,TRUE,2001
LG_2006_PLY_000849_GG,PLY_000849,7,GOLDEN_GLOVE,85,35,10,10,FALSE,2006
LG_2002_PLY_000849_LN,PLY_000849,1,LIVE_NORMAL,67,12,10,0,TRUE,2002
LG_2009_PLY_000849_AS,PLY_000849,3,ALLSTAR,82,24,10,10,TRUE,2009
LG_1996_PLY_000850_LN,PLY_000850,1,LIVE_NORMAL,57,12,10,0,TRUE,1996
LG_1995_PLY_000850_LN,PLY_000850,1,LIVE_NORMAL,64,12,10,0,TRUE,1995
LG_1994_PLY_000850_EPIC,PLY_000850,2,LIVE_EPIC,74,18,10,0,TRUE,1994
LG_1997_PLY_000850_EPIC,PLY_000850,2,LIVE_EPIC,74,18,10,0,TRUE,1997
LG_1997_PLY_000850_AS,PLY_000850,3,ALLSTAR,75,24,10,10,TRUE,1997
LG_1996_PLY_000850_EPIC,PLY_000850,2,LIVE_EPIC,72,18,10,0,TRUE,1996
LG_1997_PLY_000850_SIG,PLY_000850,6,SIGNATURE,89,40,10,10,FALSE,1997
LG_1995_PLY_000850_EPIC,PLY_000850,2,LIVE_EPIC,65,18,10,0,TRUE,1995
LG_2000_PLY_000851_GG,PLY_000851,7,GOLDEN_GLOVE,87,35,10,10,FALSE,2000
LG_2003_PLY_000851_EPIC,PLY_000851,2,LIVE_EPIC,66,18,10,0,TRUE,2003
LG_2002_PLY_000851_TH,PLY_000851,4,TITLE_HOLDER,86,30,10,10,FALSE,2002
LG_2009_PLY_000852_EPIC,PLY_000852,2,LIVE_EPIC,70,18,10,0,TRUE,2009
LG_2008_PLY_000852_LN,PLY_000852,1,LIVE_NORMAL,59,12,10,0,TRUE,2008
LG_2011_PLY_000852_EPIC,PLY_000852,2,LIVE_EPIC,67,18,10,0,TRUE,2011
LG_2011_PLY_000852_LN,PLY_000852,1,LIVE_NORMAL,59,12,10,0,TRUE,2011
LG_2008_PLY_000852_GG,PLY_000852,7,GOLDEN_GLOVE,90,35,10,10,FALSE,2008
LG_2010_PLY_000852_EPIC,PLY_000852,2,LIVE_EPIC,72,18,10,0,TRUE,2010
LG_2004_PLY_000853_LN,PLY_000853,1,LIVE_NORMAL,61,12,10,0,TRUE,2004
LG_2004_PLY_000853_EPIC,PLY_000853,2,LIVE_EPIC,66,18,10,0,TRUE,2004
LG_2000_PLY_000853_LN,PLY_000853,1,LIVE_NORMAL,65,12,10,0,TRUE,2000
LG_2002_PLY_000853_TH,PLY_000853,4,TITLE_HOLDER,81,30,10,10,FALSE,2002
LG_2002_PLY_000853_LN,PLY_000853,1,LIVE_NORMAL,68,12,10,0,TRUE,2002
LG_2005_PLY_000853_LN,PLY_000853,1,LIVE_NORMAL,64,12,10,0,TRUE,2005
LG_2011_PLY_000854_EPIC,PLY_000854,2,LIVE_EPIC,67,18,10,0,TRUE,2011
LG_2010_PLY_000854_SIG,PLY_000854,6,SIGNATURE,91,40,10,10,FALSE,2010
LG_2005_PLY_000854_EPIC,PLY_000854,2,LIVE_EPIC,73,18,10,0,TRUE,2005
LG_2019_PLY_000855_TH,PLY_000855,4,TITLE_HOLDER,85,30,10,10,FALSE,2019
LG_2012_PLY_000855_EPIC,PLY_000855,2,LIVE_EPIC,70,18,10,0,TRUE,2012
LG_2013_PLY_000855_AS,PLY_000855,3,ALLSTAR,74,24,10,10,TRUE,2013
LG_2012_PLY_000855_GG,PLY_000855,7,GOLDEN_GLOVE,87,35,10,10,FALSE,2012
LG_2016_PLY_000855_EPIC,PLY_000855,2,LIVE_EPIC,71,18,10,0,TRUE,2016
LG_2013_PLY_000855_LN,PLY_000855,1,LIVE_NORMAL,62,12,10,0,TRUE,2013
LG_2016_PLY_000855_LN,PLY_000855,1,LIVE_NORMAL,68,12,10,0,TRUE,2016
LG_2019_PLY_000855_AS,PLY_000855,3,ALLSTAR,80,24,10,10,TRUE,2019
LG_2003_PLY_000856_LN,PLY_000856,1,LIVE_NORMAL,55,12,10,0,TRUE,2003
LG_2002_PLY_000856_LN,PLY_000856,1,LIVE_NORMAL,61,12,10,0,TRUE,2002
LG_2004_PLY_000856_EPIC,PLY_000856,2,LIVE_EPIC,66,18,10,0,TRUE,2004
LG_2002_PLY_000856_TH,PLY_000856,4,TITLE_HOLDER,82,30,10,10,FALSE,2002
LG_2006_PLY_000856_LN,PLY_000856,1,LIVE_NORMAL,61,12,10,0,TRUE,2006
LG_2005_PLY_000856_LN,PLY_000856,1,LIVE_NORMAL,64,12,10,0,TRUE,2005
LG_2006_PLY_000856_TH,PLY_000856,4,TITLE_HOLDER,82,30,10,10,FALSE,2006
LG_2004_PLY_000856_LN,PLY_000856,1,LIVE_NORMAL,66,12,10,0,TRUE,2004
LG_2000_PLY_000857_SIG,PLY_000857,6,SIGNATURE,92,40,10,10,FALSE,2000
LG_2002_PLY_000857_AS,PLY_000857,3,ALLSTAR,79,24,10,10,TRUE,2002
LG_2000_PLY_000857_EPIC,PLY_000857,2,LIVE_EPIC,70,18,10,0,TRUE,2000
LG_2015_PLY_000858_LN,PLY_000858,1,LIVE_NORMAL,67,12,10,0,TRUE,2015
LG_2021_PLY_000858_LN,PLY_000858,1,LIVE_NORMAL,61,12,10,0,TRUE,2021
LG_2012_PLY_000858_LN,PLY_000858,1,LIVE_NORMAL,68,12,10,0,TRUE,2012
LG_2009_PLY_000858_SIG,PLY_000858,6,SIGNATURE,93,40,10,10,FALSE,2009
LG_2022_PLY_000858_AS,PLY_000858,3,ALLSTAR,83,24,10,10,TRUE,2022
LG_2011_PLY_000858_GG,PLY_000858,7,GOLDEN_GLOVE,86,35,10,10,FALSE,2011
LG_2018_PLY_000858_GG,PLY_000858,7,GOLDEN_GLOVE,88,35,10,10,FALSE,2018
LG_2012_PLY_000858_EPIC,PLY_000858,2,LIVE_EPIC,66,18,10,0,TRUE,2012
LG_2004_PLY_000858_AS,PLY_000858,3,ALLSTAR,77,24,10,10,TRUE,2004
LG_2015_PLY_000859_AS,PLY_000859,3,ALLSTAR,76,24,10,10,TRUE,2015
LG_2018_PLY_000859_AS,PLY_000859,3,ALLSTAR,80,24,10,10,TRUE,2018
LG_2020_PLY_000859_EPIC,PLY_000859,2,LIVE_EPIC,69,18,10,0,TRUE,2020
LG_2024_PLY_000859_LN,PLY_000859,1,LIVE_NORMAL,63,12,10,0,TRUE,2024
LG_2016_PLY_000859_LN,PLY_000859,1,LIVE_NORMAL,57,12,10,0,TRUE,2016
LG_2018_PLY_000859_EPIC,PLY_000859,2,LIVE_EPIC,73,18,10,0,TRUE,2018
LG_2023_PLY_000859_GG,PLY_000859,7,GOLDEN_GLOVE,87,35,10,10,FALSE,2023
LG_2024_PLY_000859_EPIC,PLY_000859,2,LIVE_EPIC,66,18,10,0,TRUE,2024
LG_2026_PLY_000859_TH,PLY_000859,4,TITLE_HOLDER,85,30,10,10,FALSE,2026
LG_2023_PLY_000859_LN,PLY_000859,1,LIVE_NORMAL,55,12,10,0,TRUE,2023
LG_2001_PLY_000860_LN,PLY_000860,1,LIVE_NORMAL,62,12,10,0,TRUE,2001
LG_1999_PLY_000860_AS,PLY_000860,3,ALLSTAR,76,24,10,10,TRUE,1999
LG_2014_PLY_000860_AS,PLY_000860,3,ALLSTAR,82,24,10,10,TRUE,2014
LG_2004_PLY_000860_EPIC,PLY_000860,2,LIVE_EPIC,66,18,10,0,TRUE,2004
LG_2002_PLY_000860_LN,PLY_000860,1,LIVE_NORMAL,63,12,10,0,TRUE,2002
LG_1998_PLY_000860_LN,PLY_000860,1,LIVE_NORMAL,61,12,10,0,TRUE,1998
LG_2013_PLY_000860_EPIC,PLY_000860,2,LIVE_EPIC,65,18,10,0,TRUE,2013
LG_2012_PLY_000860_LN,PLY_000860,1,LIVE_NORMAL,68,12,10,0,TRUE,2012
LG_2014_PLY_000861_EPIC,PLY_000861,2,LIVE_EPIC,70,18,10,0,TRUE,2014
LG_1998_PLY_000861_LN,PLY_000861,1,LIVE_NORMAL,68,12,10,0,TRUE,1998
LG_2011_PLY_000861_LN,PLY_000861,1,LIVE_NORMAL,56,12,10,0,TRUE,2011
LG_2004_PLY_000861_EPIC,PLY_000861,2,LIVE_EPIC,66,18,10,0,TRUE,2004
LG_1997_PLY_000862_AS,PLY_000862,3,ALLSTAR,80,24,10,10,TRUE,1997
LG_1998_PLY_000862_LN,PLY_000862,1,LIVE_NORMAL,65,12,10,0,TRUE,1998
LG_1998_PLY_000862_AS,PLY_000862,3,ALLSTAR,78,24,10,10,TRUE,1998
LG_1997_PLY_000862_EPIC,PLY_000862,2,LIVE_EPIC,65,18,10,0,TRUE,1997
LG_1995_PLY_000862_AS,PLY_000862,3,ALLSTAR,78,24,10,10,TRUE,1995
LG_1994_PLY_000862_LN,PLY_000862,1,LIVE_NORMAL,61,12,10,0,TRUE,1994
LG_2014_PLY_000863_EPIC,PLY_000863,2,LIVE_EPIC,71,18,10,0,TRUE,2014
LG_2006_PLY_000863_AS,PLY_000863,3,ALLSTAR,82,24,10,10,TRUE,2006
LG_2001_PLY_000863_GG,PLY_000863,7,GOLDEN_GLOVE,84,35,10,10,FALSE,2001
LG_2005_PLY_000863_LN,PLY_000863,1,LIVE_NORMAL,68,12,10,0,TRUE,2005
LG_2003_PLY_000863_EPIC,PLY_000863,2,LIVE_EPIC,76,18,10,0,TRUE,2003
LG_2000_PLY_000863_LN,PLY_000863,1,LIVE_NORMAL,68,12,10,0,TRUE,2000
LG_2020_PLY_000864_LN,PLY_000864,1,LIVE_NORMAL,62,12,10,0,TRUE,2020
LG_2024_PLY_000864_TH,PLY_000864,4,TITLE_HOLDER,83,30,10,10,FALSE,2024
LG_2025_PLY_000864_AS,PLY_000864,3,ALLSTAR,82,24,10,10,TRUE,2025
LG_2025_PLY_000864_LN,PLY_000864,1,LIVE_NORMAL,64,12,10,0,TRUE,2025
LG_2026_PLY_000864_EPIC,PLY_000864,2,LIVE_EPIC,65,18,10,0,TRUE,2026
LG_2024_PLY_000864_LN,PLY_000864,1,LIVE_NORMAL,66,12,10,0,TRUE,2024
LG_2024_PLY_000864_EPIC,PLY_000864,2,LIVE_EPIC,75,18,10,0,TRUE,2024
LG_2023_PLY_000864_EPIC,PLY_000864,2,LIVE_EPIC,76,18,10,0,TRUE,2023
LG_1995_PLY_000865_EPIC,PLY_000865,2,LIVE_EPIC,71,18,10,0,TRUE,1995
LG_2004_PLY_000865_LN,PLY_000865,1,LIVE_NORMAL,68,12,10,0,TRUE,2004
LG_2004_PLY_000865_TH,PLY_000865,4,TITLE_HOLDER,86,30,10,10,FALSE,2004
LG_2006_PLY_000865_LN,PLY_000865,1,LIVE_NORMAL,56,12,10,0,TRUE,2006
LG_2005_PLY_000865_GG,PLY_000865,7,GOLDEN_GLOVE,85,35,10,10,FALSE,2005
LG_1995_PLY_000865_LN,PLY_000865,1,LIVE_NORMAL,62,12,10,0,TRUE,1995
LG_2008_PLY_000865_AS,PLY_000865,3,ALLSTAR,74,24,10,10,TRUE,2008
LG_2005_PLY_000866_TH,PLY_000866,4,TITLE_HOLDER,81,30,10,10,FALSE,2005
LG_2005_PLY_000866_LN,PLY_000866,1,LIVE_NORMAL,64,12,10,0,TRUE,2005
LG_1987_PLY_000867_LN,PLY_000867,1,LIVE_NORMAL,68,12,10,0,TRUE,1987
LG_1998_PLY_000867_EPIC,PLY_000867,2,LIVE_EPIC,75,18,10,0,TRUE,1998
LG_1994_PLY_000868_EPIC,PLY_000868,2,LIVE_EPIC,71,18,10,0,TRUE,1994
LG_1994_PLY_000868_LN,PLY_000868,1,LIVE_NORMAL,61,12,10,0,TRUE,1994
LG_1989_PLY_000869_LN,PLY_000869,1,LIVE_NORMAL,63,12,10,0,TRUE,1989
LG_1988_PLY_000869_LN,PLY_000869,1,LIVE_NORMAL,63,12,10,0,TRUE,1988
LG_1990_PLY_000869_TH,PLY_000869,4,TITLE_HOLDER,82,30,10,10,FALSE,1990
LG_1988_PLY_000869_TH,PLY_000869,4,TITLE_HOLDER,80,30,10,10,FALSE,1988
LG_1992_PLY_000869_TH,PLY_000869,4,TITLE_HOLDER,82,30,10,10,FALSE,1992
LG_1990_PLY_000869_GG,PLY_000869,7,GOLDEN_GLOVE,87,35,10,10,FALSE,1990
LG_1987_PLY_000869_GG,PLY_000869,7,GOLDEN_GLOVE,86,35,10,10,FALSE,1987
LG_1987_PLY_000869_EPIC,PLY_000869,2,LIVE_EPIC,71,18,10,0,TRUE,1987
LG_1991_PLY_000869_SIG,PLY_000869,6,SIGNATURE,91,40,10,10,FALSE,1991
LG_2020_PLY_000870_EPIC,PLY_000870,2,LIVE_EPIC,74,18,10,0,TRUE,2020
LG_2024_PLY_000870_AS,PLY_000870,3,ALLSTAR,76,24,10,10,TRUE,2024
LG_2022_PLY_000870_LN,PLY_000870,1,LIVE_NORMAL,63,12,10,0,TRUE,2022
LG_2024_PLY_000871_AS,PLY_000871,3,ALLSTAR,80,24,10,10,TRUE,2024
LG_2021_PLY_000871_EPIC,PLY_000871,2,LIVE_EPIC,67,18,10,0,TRUE,2021
LG_2006_PLY_000872_TH,PLY_000872,4,TITLE_HOLDER,87,30,10,10,FALSE,2006
LG_2012_PLY_000872_EPIC,PLY_000872,2,LIVE_EPIC,70,18,10,0,TRUE,2012
LG_2011_PLY_000872_EPIC,PLY_000872,2,LIVE_EPIC,70,18,10,0,TRUE,2011
LG_2009_PLY_000872_LN,PLY_000872,1,LIVE_NORMAL,60,12,10,0,TRUE,2009
LG_2004_PLY_000872_EPIC,PLY_000872,2,LIVE_EPIC,66,18,10,0,TRUE,2004
LG_2005_PLY_000872_TH,PLY_000872,4,TITLE_HOLDER,85,30,10,10,FALSE,2005
LG_2012_PLY_000872_TH,PLY_000872,4,TITLE_HOLDER,82,30,10,10,FALSE,2012
LG_2010_PLY_000872_AS,PLY_000872,3,ALLSTAR,81,24,10,10,TRUE,2010
LG_2007_PLY_000872_AS,PLY_000872,3,ALLSTAR,74,24,10,10,TRUE,2007
LG_2019_PLY_000873_LN,PLY_000873,1,LIVE_NORMAL,58,12,10,0,TRUE,2019
LG_2025_PLY_000873_LN,PLY_000873,1,LIVE_NORMAL,64,12,10,0,TRUE,2025
LG_2022_PLY_000873_LN,PLY_000873,1,LIVE_NORMAL,59,12,10,0,TRUE,2022
LG_2022_PLY_000873_EPIC,PLY_000873,2,LIVE_EPIC,73,18,10,0,TRUE,2022
LG_2021_PLY_000873_LN,PLY_000873,1,LIVE_NORMAL,58,12,10,0,TRUE,2021
LG_2018_PLY_000873_LN,PLY_000873,1,LIVE_NORMAL,57,12,10,0,TRUE,2018
LG_2026_PLY_000874_TH,PLY_000874,4,TITLE_HOLDER,82,30,10,10,FALSE,2026
LG_2021_PLY_000874_AS,PLY_000874,3,ALLSTAR,79,24,10,10,TRUE,2021
LG_2004_PLY_000875_SIG,PLY_000875,6,SIGNATURE,89,40,10,10,FALSE,2004
LG_1994_PLY_000875_TH,PLY_000875,4,TITLE_HOLDER,81,30,10,10,FALSE,1994
LG_1994_PLY_000875_LN,PLY_000875,1,LIVE_NORMAL,67,12,10,0,TRUE,1994
LG_2005_PLY_000875_LN,PLY_000875,1,LIVE_NORMAL,62,12,10,0,TRUE,2005
LG_2003_PLY_000875_TH,PLY_000875,4,TITLE_HOLDER,85,30,10,10,FALSE,2003
LG_2026_PLY_000876_LN,PLY_000876,1,LIVE_NORMAL,67,12,10,0,TRUE,2026
LG_2023_PLY_000876_EPIC,PLY_000876,2,LIVE_EPIC,67,18,10,0,TRUE,2023
LG_2026_PLY_000876_EPIC,PLY_000876,2,LIVE_EPIC,76,18,10,0,TRUE,2026
LG_2022_PLY_000876_LN,PLY_000876,1,LIVE_NORMAL,68,12,10,0,TRUE,2022
LG_2024_PLY_000876_AS,PLY_000876,3,ALLSTAR,78,24,10,10,TRUE,2024
LG_2022_PLY_000876_EPIC,PLY_000876,2,LIVE_EPIC,72,18,10,0,TRUE,2022
LG_2021_PLY_000876_LN,PLY_000876,1,LIVE_NORMAL,56,12,10,0,TRUE,2021
LG_1996_PLY_000877_LN,PLY_000877,1,LIVE_NORMAL,58,12,10,0,TRUE,1996
LG_1992_PLY_000877_EPIC,PLY_000877,2,LIVE_EPIC,72,18,10,0,TRUE,1992
LG_1993_PLY_000877_AS,PLY_000877,3,ALLSTAR,77,24,10,10,TRUE,1993
LG_1999_PLY_000877_LN,PLY_000877,1,LIVE_NORMAL,60,12,10,0,TRUE,1999
LG_1998_PLY_000877_LN,PLY_000877,1,LIVE_NORMAL,64,12,10,0,TRUE,1998
LG_2022_PLY_000878_EPIC,PLY_000878,2,LIVE_EPIC,74,18,10,0,TRUE,2022
LG_2021_PLY_000878_EPIC,PLY_000878,2,LIVE_EPIC,73,18,10,0,TRUE,2021
LG_2023_PLY_000878_AS,PLY_000878,3,ALLSTAR,78,24,10,10,TRUE,2023
LG_2023_PLY_000878_SIG,PLY_000878,6,SIGNATURE,94,40,10,10,FALSE,2023
LG_2022_PLY_000878_LN,PLY_000878,1,LIVE_NORMAL,56,12,10,0,TRUE,2022
LG_1991_PLY_000879_EPIC,PLY_000879,2,LIVE_EPIC,68,18,10,0,TRUE,1991
LG_1989_PLY_000879_LN,PLY_000879,1,LIVE_NORMAL,55,12,10,0,TRUE,1989
LG_2001_PLY_000879_AS,PLY_000879,3,ALLSTAR,82,24,10,10,TRUE,2001
LG_2005_PLY_000879_EPIC,PLY_000879,2,LIVE_EPIC,71,18,10,0,TRUE,2005
LG_2003_PLY_000879_AS,PLY_000879,3,ALLSTAR,79,24,10,10,TRUE,2003
LG_1993_PLY_000879_AS,PLY_000879,3,ALLSTAR,75,24,10,10,TRUE,1993
LG_2002_PLY_000879_GG,PLY_000879,7,GOLDEN_GLOVE,87,35,10,10,FALSE,2002
LG_1995_PLY_000879_LN,PLY_000879,1,LIVE_NORMAL,63,12,10,0,TRUE,1995
LG_1991_PLY_000879_GG,PLY_000879,7,GOLDEN_GLOVE,90,35,10,10,FALSE,1991
LG_1989_PLY_000879_AS,PLY_000879,3,ALLSTAR,80,24,10,10,TRUE,1989
LG_1994_PLY_000880_AS,PLY_000880,3,ALLSTAR,82,24,10,10,TRUE,1994
LG_1995_PLY_000880_EPIC,PLY_000880,2,LIVE_EPIC,73,18,10,0,TRUE,1995
LG_2000_PLY_000880_LN,PLY_000880,1,LIVE_NORMAL,60,12,10,0,TRUE,2000
LG_2016_PLY_000881_LN,PLY_000881,1,LIVE_NORMAL,68,12,10,0,TRUE,2016
LG_2006_PLY_000881_TH,PLY_000881,4,TITLE_HOLDER,83,30,10,10,FALSE,2006
LG_2015_PLY_000881_LN,PLY_000881,1,LIVE_NORMAL,55,12,10,0,TRUE,2015
LG_2007_PLY_000881_EPIC,PLY_000881,2,LIVE_EPIC,69,18,10,0,TRUE,2007
LG_2007_PLY_000881_LN,PLY_000881,1,LIVE_NORMAL,59,12,10,0,TRUE,2007
LG_2005_PLY_000881_AS,PLY_000881,3,ALLSTAR,77,24,10,10,TRUE,2005
LG_2008_PLY_000882_LN,PLY_000882,1,LIVE_NORMAL,60,12,10,0,TRUE,2008
LG_2014_PLY_000882_EPIC,PLY_000882,2,LIVE_EPIC,73,18,10,0,TRUE,2014
LG_2014_PLY_000882_TH,PLY_000882,4,TITLE_HOLDER,85,30,10,10,FALSE,2014
LG_1996_PLY_000883_LN,PLY_000883,1,LIVE_NORMAL,56,12,10,0,TRUE,1996
LG_1999_PLY_000883_TH,PLY_000883,4,TITLE_HOLDER,87,30,10,10,FALSE,1999
LG_2000_PLY_000883_TH,PLY_000883,4,TITLE_HOLDER,87,30,10,10,FALSE,2000
LG_1998_PLY_000883_GG,PLY_000883,7,GOLDEN_GLOVE,86,35,10,10,FALSE,1998
LG_1995_PLY_000883_AS,PLY_000883,3,ALLSTAR,80,24,10,10,TRUE,1995
LG_1997_PLY_000883_EPIC,PLY_000883,2,LIVE_EPIC,66,18,10,0,TRUE,1997
LG_2005_PLY_000884_LN,PLY_000884,1,LIVE_NORMAL,66,12,10,0,TRUE,2005
LG_2013_PLY_000884_TH,PLY_000884,4,TITLE_HOLDER,87,30,10,10,FALSE,2013
LG_2018_PLY_000884_AS,PLY_000884,3,ALLSTAR,74,24,10,10,TRUE,2018
LG_2004_PLY_000884_LN,PLY_000884,1,LIVE_NORMAL,64,12,10,0,TRUE,2004
LG_2022_PLY_000885_LN,PLY_000885,1,LIVE_NORMAL,68,12,10,0,TRUE,2022
LG_2025_PLY_000885_AS,PLY_000885,3,ALLSTAR,75,24,10,10,TRUE,2025
LG_2020_PLY_000885_AS,PLY_000885,3,ALLSTAR,82,24,10,10,TRUE,2020
LG_2022_PLY_000885_EPIC,PLY_000885,2,LIVE_EPIC,69,18,10,0,TRUE,2022
LG_2021_PLY_000885_AS,PLY_000885,3,ALLSTAR,83,24,10,10,TRUE,2021
LG_2026_PLY_000885_LN,PLY_000885,1,LIVE_NORMAL,60,12,10,0,TRUE,2026
LG_2023_PLY_000885_EPIC,PLY_000885,2,LIVE_EPIC,66,18,10,0,TRUE,2023
LG_2004_PLY_000886_TH,PLY_000886,4,TITLE_HOLDER,82,30,10,10,FALSE,2004
LG_2005_PLY_000886_LN,PLY_000886,1,LIVE_NORMAL,58,12,10,0,TRUE,2005
LG_2002_PLY_000886_AS,PLY_000886,3,ALLSTAR,79,24,10,10,TRUE,2002
LG_1999_PLY_000886_LN,PLY_000886,1,LIVE_NORMAL,55,12,10,0,TRUE,1999
LG_2007_PLY_000886_LN,PLY_000886,1,LIVE_NORMAL,67,12,10,0,TRUE,2007
LG_2010_PLY_000886_AS,PLY_000886,3,ALLSTAR,78,24,10,10,TRUE,2010
LG_1994_PLY_000886_AS,PLY_000886,3,ALLSTAR,74,24,10,10,TRUE,1994
LG_1988_PLY_000887_LN,PLY_000887,1,LIVE_NORMAL,68,12,10,0,TRUE,1988
LG_1989_PLY_000887_LN,PLY_000887,1,LIVE_NORMAL,65,12,10,0,TRUE,1989
LG_1987_PLY_000887_EPIC,PLY_000887,2,LIVE_EPIC,68,18,10,0,TRUE,1987
LG_2008_PLY_000888_LN,PLY_000888,1,LIVE_NORMAL,66,12,10,0,TRUE,2008
LG_2014_PLY_000888_LN,PLY_000888,1,LIVE_NORMAL,63,12,10,0,TRUE,2014
LG_2008_PLY_000888_AS,PLY_000888,3,ALLSTAR,76,24,10,10,TRUE,2008
LG_2006_PLY_000888_LN,PLY_000888,1,LIVE_NORMAL,67,12,10,0,TRUE,2006
LG_2013_PLY_000889_LN,PLY_000889,1,LIVE_NORMAL,59,12,10,0,TRUE,2013
LG_2015_PLY_000889_EPIC,PLY_000889,2,LIVE_EPIC,67,18,10,0,TRUE,2015
LG_2015_PLY_000889_LN,PLY_000889,1,LIVE_NORMAL,56,12,10,0,TRUE,2015
LG_2019_PLY_000889_LN,PLY_000889,1,LIVE_NORMAL,55,12,10,0,TRUE,2019
LG_1996_PLY_000890_EPIC,PLY_000890,2,LIVE_EPIC,67,18,10,0,TRUE,1996
LG_1992_PLY_000890_LN,PLY_000890,1,LIVE_NORMAL,65,12,10,0,TRUE,1992
LG_1996_PLY_000890_LN,PLY_000890,1,LIVE_NORMAL,63,12,10,0,TRUE,1996
LG_1991_PLY_000890_TH,PLY_000890,4,TITLE_HOLDER,86,30,10,10,FALSE,1991
LG_1991_PLY_000890_EPIC,PLY_000890,2,LIVE_EPIC,65,18,10,0,TRUE,1991
LG_2001_PLY_000891_LN,PLY_000891,1,LIVE_NORMAL,61,12,10,0,TRUE,2001
LG_2008_PLY_000891_LN,PLY_000891,1,LIVE_NORMAL,56,12,10,0,TRUE,2008
LG_2002_PLY_000891_LN,PLY_000891,1,LIVE_NORMAL,62,12,10,0,TRUE,2002
LG_2000_PLY_000891_AS,PLY_000891,3,ALLSTAR,75,24,10,10,TRUE,2000
LG_1996_PLY_000891_LN,PLY_000891,1,LIVE_NORMAL,65,12,10,0,TRUE,1996
LG_2003_PLY_000891_EPIC,PLY_000891,2,LIVE_EPIC,75,18,10,0,TRUE,2003
LG_2007_PLY_000891_LN,PLY_000891,1,LIVE_NORMAL,59,12,10,0,TRUE,2007
LG_1994_PLY_000891_AS,PLY_000891,3,ALLSTAR,77,24,10,10,TRUE,1994
LG_2001_PLY_000892_EPIC,PLY_000892,2,LIVE_EPIC,72,18,10,0,TRUE,2001
LG_2003_PLY_000892_LN,PLY_000892,1,LIVE_NORMAL,55,12,10,0,TRUE,2003
LG_1994_PLY_000892_AS,PLY_000892,3,ALLSTAR,77,24,10,10,TRUE,1994
LG_2000_PLY_000892_EPIC,PLY_000892,2,LIVE_EPIC,69,18,10,0,TRUE,2000
LG_1997_PLY_000892_EPIC,PLY_000892,2,LIVE_EPIC,71,18,10,0,TRUE,1997
LG_1999_PLY_000892_AS,PLY_000892,3,ALLSTAR,77,24,10,10,TRUE,1999
LG_1998_PLY_000892_EPIC,PLY_000892,2,LIVE_EPIC,71,18,10,0,TRUE,1998
LG_1998_PLY_000893_EPIC,PLY_000893,2,LIVE_EPIC,74,18,10,0,TRUE,1998
LG_2004_PLY_000893_EPIC,PLY_000893,2,LIVE_EPIC,65,18,10,0,TRUE,2004
LG_2002_PLY_000893_LN,PLY_000893,1,LIVE_NORMAL,56,12,10,0,TRUE,2002
LG_2006_PLY_000894_GG,PLY_000894,7,GOLDEN_GLOVE,87,35,10,10,FALSE,2006
LG_2001_PLY_000894_GG,PLY_000894,7,GOLDEN_GLOVE,90,35,10,10,FALSE,2001
LG_2001_PLY_000894_EPIC,PLY_000894,2,LIVE_EPIC,70,18,10,0,TRUE,2001
LG_2007_PLY_000894_TH,PLY_000894,4,TITLE_HOLDER,80,30,10,10,FALSE,2007
LG_1997_PLY_000895_LN,PLY_000895,1,LIVE_NORMAL,60,12,10,0,TRUE,1997
LG_1998_PLY_000895_EPIC,PLY_000895,2,LIVE_EPIC,71,18,10,0,TRUE,1998
LG_2018_PLY_000896_EPIC,PLY_000896,2,LIVE_EPIC,66,18,10,0,TRUE,2018
LG_2020_PLY_000896_LN,PLY_000896,1,LIVE_NORMAL,67,12,10,0,TRUE,2020
LG_2019_PLY_000896_EPIC,PLY_000896,2,LIVE_EPIC,69,18,10,0,TRUE,2019
LG_2018_PLY_000896_GG,PLY_000896,7,GOLDEN_GLOVE,83,35,10,10,FALSE,2018
LG_2021_PLY_000896_EPIC,PLY_000896,2,LIVE_EPIC,67,18,10,0,TRUE,2021
LG_2019_PLY_000896_LN,PLY_000896,1,LIVE_NORMAL,57,12,10,0,TRUE,2019
LG_2020_PLY_000896_EPIC,PLY_000896,2,LIVE_EPIC,74,18,10,0,TRUE,2020
LG_2019_PLY_000896_SIG,PLY_000896,6,SIGNATURE,90,40,10,10,FALSE,2019
LG_2019_PLY_000896_AS,PLY_000896,3,ALLSTAR,81,24,10,10,TRUE,2019
LG_2018_PLY_000896_AS,PLY_000896,3,ALLSTAR,80,24,10,10,TRUE,2018
LG_2010_PLY_000897_EPIC,PLY_000897,2,LIVE_EPIC,71,18,10,0,TRUE,2010
LG_2005_PLY_000897_AS,PLY_000897,3,ALLSTAR,78,24,10,10,TRUE,2005
LG_2013_PLY_000897_SIG,PLY_000897,6,SIGNATURE,91,40,10,10,FALSE,2013
LG_2011_PLY_000897_AS,PLY_000897,3,ALLSTAR,75,24,10,10,TRUE,2011
LG_2000_PLY_000898_EPIC,PLY_000898,2,LIVE_EPIC,66,18,10,0,TRUE,2000
LG_1998_PLY_000898_AS,PLY_000898,3,ALLSTAR,79,24,10,10,TRUE,1998
LG_2001_PLY_000898_EPIC,PLY_000898,2,LIVE_EPIC,70,18,10,0,TRUE,2001
LG_2003_PLY_000898_EPIC,PLY_000898,2,LIVE_EPIC,71,18,10,0,TRUE,2003
LG_1999_PLY_000898_TH,PLY_000898,4,TITLE_HOLDER,85,30,10,10,FALSE,1999
LG_2001_PLY_000898_AS,PLY_000898,3,ALLSTAR,81,24,10,10,TRUE,2001
LG_2002_PLY_000898_LN,PLY_000898,1,LIVE_NORMAL,58,12,10,0,TRUE,2002
LG_1996_PLY_000898_EPIC,PLY_000898,2,LIVE_EPIC,65,18,10,0,TRUE,1996
LG_2000_PLY_000898_SIG,PLY_000898,6,SIGNATURE,88,40,10,10,FALSE,2000
LG_2005_PLY_000898_LN,PLY_000898,1,LIVE_NORMAL,68,12,10,0,TRUE,2005
LG_2022_PLY_000899_AS,PLY_000899,3,ALLSTAR,79,24,10,10,TRUE,2022
LG_2026_PLY_000899_EPIC,PLY_000899,2,LIVE_EPIC,67,18,10,0,TRUE,2026
LG_2025_PLY_000899_EPIC,PLY_000899,2,LIVE_EPIC,69,18,10,0,TRUE,2025
LG_2026_PLY_000899_LN,PLY_000899,1,LIVE_NORMAL,65,12,10,0,TRUE,2026
LG_2021_PLY_000899_AS,PLY_000899,3,ALLSTAR,80,24,10,10,TRUE,2021
LG_2017_PLY_000900_LN,PLY_000900,1,LIVE_NORMAL,59,12,10,0,TRUE,2017
LG_2016_PLY_000900_LN,PLY_000900,1,LIVE_NORMAL,61,12,10,0,TRUE,2016
LG_2024_PLY_000901_EPIC,PLY_000901,2,LIVE_EPIC,73,18,10,0,TRUE,2024
LG_2022_PLY_000901_LN,PLY_000901,1,LIVE_NORMAL,61,12,10,0,TRUE,2022
LG_2022_PLY_000901_TH,PLY_000901,4,TITLE_HOLDER,84,30,10,10,FALSE,2022
LG_2023_PLY_000901_LN,PLY_000901,1,LIVE_NORMAL,66,12,10,0,TRUE,2023
LG_2025_PLY_000901_LN,PLY_000901,1,LIVE_NORMAL,64,12,10,0,TRUE,2025
LG_2024_PLY_000901_AS,PLY_000901,3,ALLSTAR,76,24,10,10,TRUE,2024
LG_2023_PLY_000901_GG,PLY_000901,7,GOLDEN_GLOVE,90,35,10,10,FALSE,2023
LG_2025_PLY_000901_EPIC,PLY_000901,2,LIVE_EPIC,76,18,10,0,TRUE,2025
LG_2022_PLY_000901_AS,PLY_000901,3,ALLSTAR,74,24,10,10,TRUE,2022
LG_2024_PLY_000901_LN,PLY_000901,1,LIVE_NORMAL,64,12,10,0,TRUE,2024
LG_2010_PLY_000902_AS,PLY_000902,3,ALLSTAR,80,24,10,10,TRUE,2010
LG_2015_PLY_000902_EPIC,PLY_000902,2,LIVE_EPIC,68,18,10,0,TRUE,2015
LG_2009_PLY_000902_LN,PLY_000902,1,LIVE_NORMAL,59,12,10,0,TRUE,2009
LG_2013_PLY_000902_LN,PLY_000902,1,LIVE_NORMAL,55,12,10,0,TRUE,2013
LG_2010_PLY_000903_EPIC,PLY_000903,2,LIVE_EPIC,72,18,10,0,TRUE,2010
LG_2000_PLY_000903_TH,PLY_000903,4,TITLE_HOLDER,86,30,10,10,FALSE,2000
LG_1996_PLY_000904_LN,PLY_000904,1,LIVE_NORMAL,61,12,10,0,TRUE,1996
LG_1997_PLY_000904_TH,PLY_000904,4,TITLE_HOLDER,82,30,10,10,FALSE,1997
LG_1995_PLY_000904_AS,PLY_000904,3,ALLSTAR,79,24,10,10,TRUE,1995
LG_1998_PLY_000904_EPIC,PLY_000904,2,LIVE_EPIC,66,18,10,0,TRUE,1998
LG_1997_PLY_000904_LN,PLY_000904,1,LIVE_NORMAL,63,12,10,0,TRUE,1997
LG_2000_PLY_000904_LN,PLY_000904,1,LIVE_NORMAL,63,12,10,0,TRUE,2000
LG_1991_PLY_000904_LN,PLY_000904,1,LIVE_NORMAL,59,12,10,0,TRUE,1991
LG_1990_PLY_000904_AS,PLY_000904,3,ALLSTAR,81,24,10,10,TRUE,1990
LG_1998_PLY_000904_AS,PLY_000904,3,ALLSTAR,76,24,10,10,TRUE,1998
LG_2021_PLY_000905_LN,PLY_000905,1,LIVE_NORMAL,63,12,10,0,TRUE,2021
LG_2018_PLY_000905_GG,PLY_000905,7,GOLDEN_GLOVE,89,35,10,10,FALSE,2018
LG_2022_PLY_000905_LN,PLY_000905,1,LIVE_NORMAL,65,12,10,0,TRUE,2022
LG_2016_PLY_000905_SIG,PLY_000905,6,SIGNATURE,93,40,10,10,FALSE,2016
LG_2016_PLY_000905_EPIC,PLY_000905,2,LIVE_EPIC,67,18,10,0,TRUE,2016
LG_2019_PLY_000905_LN,PLY_000905,1,LIVE_NORMAL,68,12,10,0,TRUE,2019
LG_2017_PLY_000905_GG,PLY_000905,7,GOLDEN_GLOVE,86,35,10,10,FALSE,2017
LG_2018_PLY_000905_EPIC,PLY_000905,2,LIVE_EPIC,76,18,10,0,TRUE,2018
LG_2024_PLY_000906_TH,PLY_000906,4,TITLE_HOLDER,87,30,10,10,FALSE,2024
LG_2026_PLY_000906_LN,PLY_000906,1,LIVE_NORMAL,62,12,10,0,TRUE,2026
LG_2023_PLY_000906_AS,PLY_000906,3,ALLSTAR,83,24,10,10,TRUE,2023
LG_2024_PLY_000906_SIG,PLY_000906,6,SIGNATURE,89,40,10,10,FALSE,2024
LG_2026_PLY_000906_EPIC,PLY_000906,2,LIVE_EPIC,74,18,10,0,TRUE,2026
LG_2024_PLY_000906_AS,PLY_000906,3,ALLSTAR,74,24,10,10,TRUE,2024
LG_2020_PLY_000907_AS,PLY_000907,3,ALLSTAR,79,24,10,10,TRUE,2020
LG_2016_PLY_000907_LN,PLY_000907,1,LIVE_NORMAL,57,12,10,0,TRUE,2016
LG_2012_PLY_000907_EPIC,PLY_000907,2,LIVE_EPIC,73,18,10,0,TRUE,2012
LG_2008_PLY_000907_LN,PLY_000907,1,LIVE_NORMAL,61,12,10,0,TRUE,2008
LG_2007_PLY_000907_LN,PLY_000907,1,LIVE_NORMAL,68,12,10,0,TRUE,2007
LG_2012_PLY_000907_SIG,PLY_000907,6,SIGNATURE,90,40,10,10,FALSE,2012
LG_2015_PLY_000907_EPIC,PLY_000907,2,LIVE_EPIC,66,18,10,0,TRUE,2015
LG_1989_PLY_000908_LN,PLY_000908,1,LIVE_NORMAL,68,12,10,0,TRUE,1989
LG_1986_PLY_000908_LN,PLY_000908,1,LIVE_NORMAL,67,12,10,0,TRUE,1986
LG_1991_PLY_000908_AS,PLY_000908,3,ALLSTAR,81,24,10,10,TRUE,1991
LG_2007_PLY_000909_EPIC,PLY_000909,2,LIVE_EPIC,68,18,10,0,TRUE,2007
LG_2010_PLY_000909_EPIC,PLY_000909,2,LIVE_EPIC,67,18,10,0,TRUE,2010
LG_2008_PLY_000909_LN,PLY_000909,1,LIVE_NORMAL,59,12,10,0,TRUE,2008
LG_2013_PLY_000909_LN,PLY_000909,1,LIVE_NORMAL,58,12,10,0,TRUE,2013
LG_2013_PLY_000909_AS,PLY_000909,3,ALLSTAR,80,24,10,10,TRUE,2013
LG_2012_PLY_000909_EPIC,PLY_000909,2,LIVE_EPIC,75,18,10,0,TRUE,2012
LG_2011_PLY_000909_LN,PLY_000909,1,LIVE_NORMAL,63,12,10,0,TRUE,2011
LG_2007_PLY_000909_LN,PLY_000909,1,LIVE_NORMAL,60,12,10,0,TRUE,2007
LG_2016_PLY_000910_SIG,PLY_000910,6,SIGNATURE,88,40,10,10,FALSE,2016
LG_2016_PLY_000910_LN,PLY_000910,1,LIVE_NORMAL,67,12,10,0,TRUE,2016
LG_2011_PLY_000910_LN,PLY_000910,1,LIVE_NORMAL,67,12,10,0,TRUE,2011
LG_2014_PLY_000910_EPIC,PLY_000910,2,LIVE_EPIC,66,18,10,0,TRUE,2014
LG_2012_PLY_000910_LN,PLY_000910,1,LIVE_NORMAL,56,12,10,0,TRUE,2012
LG_2017_PLY_000910_EPIC,PLY_000910,2,LIVE_EPIC,68,18,10,0,TRUE,2017
LG_2011_PLY_000910_AS,PLY_000910,3,ALLSTAR,78,24,10,10,TRUE,2011
LG_2010_PLY_000910_LN,PLY_000910,1,LIVE_NORMAL,66,12,10,0,TRUE,2010
LG_2026_PLY_000911_LN,PLY_000911,1,LIVE_NORMAL,64,12,10,0,TRUE,2026
LG_2016_PLY_000911_AS,PLY_000911,3,ALLSTAR,76,24,10,10,TRUE,2016
LG_1995_PLY_000912_EPIC,PLY_000912,2,LIVE_EPIC,69,18,10,0,TRUE,1995
LG_1993_PLY_000912_LN,PLY_000912,1,LIVE_NORMAL,61,12,10,0,TRUE,1993
LG_1998_PLY_000912_LN,PLY_000912,1,LIVE_NORMAL,56,12,10,0,TRUE,1998
LG_1995_PLY_000912_LN,PLY_000912,1,LIVE_NORMAL,60,12,10,0,TRUE,1995
LG_1995_PLY_000912_AS,PLY_000912,3,ALLSTAR,76,24,10,10,TRUE,1995
LG_2021_PLY_000913_SIG,PLY_000913,6,SIGNATURE,94,40,10,10,FALSE,2021
LG_2021_PLY_000913_EPIC,PLY_000913,2,LIVE_EPIC,67,18,10,0,TRUE,2021
LG_2014_PLY_000913_EPIC,PLY_000913,2,LIVE_EPIC,71,18,10,0,TRUE,2014
LG_2021_PLY_000913_LN,PLY_000913,1,LIVE_NORMAL,61,12,10,0,TRUE,2021
LG_2018_PLY_000913_EPIC,PLY_000913,2,LIVE_EPIC,71,18,10,0,TRUE,2018
LG_2017_PLY_000913_LN,PLY_000913,1,LIVE_NORMAL,55,12,10,0,TRUE,2017
LG_2014_PLY_000913_TH,PLY_000913,4,TITLE_HOLDER,86,30,10,10,FALSE,2014
LG_2004_PLY_000914_EPIC,PLY_000914,2,LIVE_EPIC,69,18,10,0,TRUE,2004
LG_2006_PLY_000914_EPIC,PLY_000914,2,LIVE_EPIC,76,18,10,0,TRUE,2006
LG_2005_PLY_000914_EPIC,PLY_000914,2,LIVE_EPIC,74,18,10,0,TRUE,2005
LG_2005_PLY_000914_LN,PLY_000914,1,LIVE_NORMAL,56,12,10,0,TRUE,2005
LG_2004_PLY_000914_AS,PLY_000914,3,ALLSTAR,75,24,10,10,TRUE,2004
LG_2007_PLY_000914_EPIC,PLY_000914,2,LIVE_EPIC,66,18,10,0,TRUE,2007
LG_2006_PLY_000914_TH,PLY_000914,4,TITLE_HOLDER,86,30,10,10,FALSE,2006
LG_2007_PLY_000914_SIG,PLY_000914,6,SIGNATURE,91,40,10,10,FALSE,2007
LG_1995_PLY_000915_AS,PLY_000915,3,ALLSTAR,74,24,10,10,TRUE,1995
LG_2000_PLY_000915_SIG,PLY_000915,6,SIGNATURE,87,40,10,10,FALSE,2000
LG_2001_PLY_000915_AS,PLY_000915,3,ALLSTAR,83,24,10,10,TRUE,2001
LG_1996_PLY_000915_LN,PLY_000915,1,LIVE_NORMAL,62,12,10,0,TRUE,1996
LG_2004_PLY_000915_EPIC,PLY_000915,2,LIVE_EPIC,70,18,10,0,TRUE,2004
LG_2012_PLY_000916_SIG,PLY_000916,6,SIGNATURE,91,40,10,10,FALSE,2012
LG_2012_PLY_000916_AS,PLY_000916,3,ALLSTAR,79,24,10,10,TRUE,2012
LG_2016_PLY_000916_LN,PLY_000916,1,LIVE_NORMAL,57,12,10,0,TRUE,2016
LG_2009_PLY_000916_GG,PLY_000916,7,GOLDEN_GLOVE,90,35,10,10,FALSE,2009
LG_2009_PLY_000916_EPIC,PLY_000916,2,LIVE_EPIC,76,18,10,0,TRUE,2009
LG_2012_PLY_000916_EPIC,PLY_000916,2,LIVE_EPIC,74,18,10,0,TRUE,2012
LG_2012_PLY_000916_TH,PLY_000916,4,TITLE_HOLDER,82,30,10,10,FALSE,2012
LG_2019_PLY_000916_AS,PLY_000916,3,ALLSTAR,77,24,10,10,TRUE,2019
LG_2025_PLY_000917_LN,PLY_000917,1,LIVE_NORMAL,66,12,10,0,TRUE,2025
LG_2024_PLY_000917_EPIC,PLY_000917,2,LIVE_EPIC,65,18,10,0,TRUE,2024
LG_2025_PLY_000917_TH,PLY_000917,4,TITLE_HOLDER,84,30,10,10,FALSE,2025
LG_2023_PLY_000917_LN,PLY_000917,1,LIVE_NORMAL,67,12,10,0,TRUE,2023
LG_2024_PLY_000917_LN,PLY_000917,1,LIVE_NORMAL,58,12,10,0,TRUE,2024
LG_2024_PLY_000917_AS,PLY_000917,3,ALLSTAR,79,24,10,10,TRUE,2024
LG_2024_PLY_000917_TH,PLY_000917,4,TITLE_HOLDER,84,30,10,10,FALSE,2024
LG_2023_PLY_000917_EPIC,PLY_000917,2,LIVE_EPIC,70,18,10,0,TRUE,2023
LG_2022_PLY_000918_AS,PLY_000918,3,ALLSTAR,81,24,10,10,TRUE,2022
LG_2021_PLY_000918_LN,PLY_000918,1,LIVE_NORMAL,63,12,10,0,TRUE,2021
LG_2022_PLY_000918_LN,PLY_000918,1,LIVE_NORMAL,59,12,10,0,TRUE,2022
LG_1996_PLY_000919_EPIC,PLY_000919,2,LIVE_EPIC,71,18,10,0,TRUE,1996
LG_1997_PLY_000919_GG,PLY_000919,7,GOLDEN_GLOVE,85,35,10,10,FALSE,1997
LG_1998_PLY_000919_LN,PLY_000919,1,LIVE_NORMAL,66,12,10,0,TRUE,1998
LG_1997_PLY_000919_LN,PLY_000919,1,LIVE_NORMAL,57,12,10,0,TRUE,1997
LG_1998_PLY_000919_SIG,PLY_000919,6,SIGNATURE,87,40,10,10,FALSE,1998
LG_1998_PLY_000919_AS,PLY_000919,3,ALLSTAR,77,24,10,10,TRUE,1998
LG_1998_PLY_000919_EPIC,PLY_000919,2,LIVE_EPIC,70,18,10,0,TRUE,1998
LG_1996_PLY_000919_LN,PLY_000919,1,LIVE_NORMAL,56,12,10,0,TRUE,1996
LG_2007_PLY_000920_AS,PLY_000920,3,ALLSTAR,80,24,10,10,TRUE,2007
LG_2009_PLY_000920_LN,PLY_000920,1,LIVE_NORMAL,58,12,10,0,TRUE,2009
LG_2013_PLY_000920_LN,PLY_000920,1,LIVE_NORMAL,65,12,10,0,TRUE,2013
LG_2018_PLY_000920_LN,PLY_000920,1,LIVE_NORMAL,64,12,10,0,TRUE,2018
LG_2019_PLY_000920_EPIC,PLY_000920,2,LIVE_EPIC,76,18,10,0,TRUE,2019
LG_2017_PLY_000920_TH,PLY_000920,4,TITLE_HOLDER,84,30,10,10,FALSE,2017
LG_2016_PLY_000920_AS,PLY_000920,3,ALLSTAR,80,24,10,10,TRUE,2016
LG_2006_PLY_000920_TH,PLY_000920,4,TITLE_HOLDER,80,30,10,10,FALSE,2006
LG_2012_PLY_000920_EPIC,PLY_000920,2,LIVE_EPIC,71,18,10,0,TRUE,2012
LG_2010_PLY_000920_TH,PLY_000920,4,TITLE_HOLDER,84,30,10,10,FALSE,2010
LG_2017_PLY_000920_LN,PLY_000920,1,LIVE_NORMAL,61,12,10,0,TRUE,2017
LG_2001_PLY_000921_AS,PLY_000921,3,ALLSTAR,83,24,10,10,TRUE,2001
LG_1998_PLY_000921_LN,PLY_000921,1,LIVE_NORMAL,60,12,10,0,TRUE,1998
LG_2023_PLY_000922_EPIC,PLY_000922,2,LIVE_EPIC,75,18,10,0,TRUE,2023
LG_2013_PLY_000922_TH,PLY_000922,4,TITLE_HOLDER,87,30,10,10,FALSE,2013
LG_2006_PLY_000922_EPIC,PLY_000922,2,LIVE_EPIC,69,18,10,0,TRUE,2006
LG_2017_PLY_000922_EPIC,PLY_000922,2,LIVE_EPIC,70,18,10,0,TRUE,2017
LG_2020_PLY_000922_LN,PLY_000922,1,LIVE_NORMAL,63,12,10,0,TRUE,2020
LG_2015_PLY_000922_AS,PLY_000922,3,ALLSTAR,74,24,10,10,TRUE,2015
LG_2019_PLY_000922_GG,PLY_000922,7,GOLDEN_GLOVE,84,35,10,10,FALSE,2019
LG_2019_PLY_000922_LN,PLY_000922,1,LIVE_NORMAL,60,12,10,0,TRUE,2019
LG_2013_PLY_000922_AS,PLY_000922,3,ALLSTAR,78,24,10,10,TRUE,2013
LG_2006_PLY_000922_AS,PLY_000922,3,ALLSTAR,80,24,10,10,TRUE,2006
LG_2010_PLY_000922_LN,PLY_000922,1,LIVE_NORMAL,55,12,10,0,TRUE,2010
LG_2024_PLY_000923_EPIC,PLY_000923,2,LIVE_EPIC,73,18,10,0,TRUE,2024
LG_2025_PLY_000923_TH,PLY_000923,4,TITLE_HOLDER,83,30,10,10,FALSE,2025
LG_2022_PLY_000923_LN,PLY_000923,1,LIVE_NORMAL,60,12,10,0,TRUE,2022
LG_2025_PLY_000923_EPIC,PLY_000923,2,LIVE_EPIC,69,18,10,0,TRUE,2025
LG_2024_PLY_000923_LN,PLY_000923,1,LIVE_NORMAL,55,12,10,0,TRUE,2024
LG_2026_PLY_000923_LN,PLY_000923,1,LIVE_NORMAL,68,12,10,0,TRUE,2026
LG_2023_PLY_000923_AS,PLY_000923,3,ALLSTAR,74,24,10,10,TRUE,2023
LG_1991_PLY_000924_AS,PLY_000924,3,ALLSTAR,77,24,10,10,TRUE,1991
LG_1992_PLY_000924_LN,PLY_000924,1,LIVE_NORMAL,55,12,10,0,TRUE,1992
LG_1986_PLY_000925_EPIC,PLY_000925,2,LIVE_EPIC,66,18,10,0,TRUE,1986
LG_1987_PLY_000925_LN,PLY_000925,1,LIVE_NORMAL,58,12,10,0,TRUE,1987
LG_1991_PLY_000925_TH,PLY_000925,4,TITLE_HOLDER,81,30,10,10,FALSE,1991
LG_1986_PLY_000925_AS,PLY_000925,3,ALLSTAR,75,24,10,10,TRUE,1986
LG_1986_PLY_000925_LN,PLY_000925,1,LIVE_NORMAL,60,12,10,0,TRUE,1986
LG_1991_PLY_000925_EPIC,PLY_000925,2,LIVE_EPIC,66,18,10,0,TRUE,1991
LG_1988_PLY_000925_AS,PLY_000925,3,ALLSTAR,79,24,10,10,TRUE,1988
LG_1992_PLY_000925_AS,PLY_000925,3,ALLSTAR,80,24,10,10,TRUE,1992
LG_1992_PLY_000925_LN,PLY_000925,1,LIVE_NORMAL,56,12,10,0,TRUE,1992
LG_1991_PLY_000925_AS,PLY_000925,3,ALLSTAR,76,24,10,10,TRUE,1991
LG_2007_PLY_000926_TH,PLY_000926,4,TITLE_HOLDER,83,30,10,10,FALSE,2007
LG_2006_PLY_000926_TH,PLY_000926,4,TITLE_HOLDER,85,30,10,10,FALSE,2006
LG_2005_PLY_000926_EPIC,PLY_000926,2,LIVE_EPIC,74,18,10,0,TRUE,2005
LG_2004_PLY_000926_TH,PLY_000926,4,TITLE_HOLDER,83,30,10,10,FALSE,2004
LG_2003_PLY_000926_LN,PLY_000926,1,LIVE_NORMAL,61,12,10,0,TRUE,2003
LG_2002_PLY_000926_LN,PLY_000926,1,LIVE_NORMAL,58,12,10,0,TRUE,2002
LG_2007_PLY_000927_TH,PLY_000927,4,TITLE_HOLDER,83,30,10,10,FALSE,2007
LG_2014_PLY_000927_LN,PLY_000927,1,LIVE_NORMAL,56,12,10,0,TRUE,2014
LG_2012_PLY_000927_TH,PLY_000927,4,TITLE_HOLDER,80,30,10,10,FALSE,2012
LG_2023_PLY_000927_LN,PLY_000927,1,LIVE_NORMAL,65,12,10,0,TRUE,2023
LG_2024_PLY_000927_LN,PLY_000927,1,LIVE_NORMAL,58,12,10,0,TRUE,2024
LG_2008_PLY_000927_EPIC,PLY_000927,2,LIVE_EPIC,75,18,10,0,TRUE,2008
LG_2018_PLY_000927_EPIC,PLY_000927,2,LIVE_EPIC,67,18,10,0,TRUE,2018
LG_2026_PLY_000927_LN,PLY_000927,1,LIVE_NORMAL,58,12,10,0,TRUE,2026
LG_2002_PLY_000928_EPIC,PLY_000928,2,LIVE_EPIC,75,18,10,0,TRUE,2002
LG_2017_PLY_000928_LN,PLY_000928,1,LIVE_NORMAL,59,12,10,0,TRUE,2017
LG_2006_PLY_000928_TH,PLY_000928,4,TITLE_HOLDER,86,30,10,10,FALSE,2006
LG_2007_PLY_000928_LN,PLY_000928,1,LIVE_NORMAL,68,12,10,0,TRUE,2007
LG_2014_PLY_000929_LN,PLY_000929,1,LIVE_NORMAL,55,12,10,0,TRUE,2014
LG_2015_PLY_000929_TH,PLY_000929,4,TITLE_HOLDER,80,30,10,10,FALSE,2015
LG_2014_PLY_000929_EPIC,PLY_000929,2,LIVE_EPIC,69,18,10,0,TRUE,2014
LG_2017_PLY_000929_LN,PLY_000929,1,LIVE_NORMAL,59,12,10,0,TRUE,2017
LG_2014_PLY_000929_TH,PLY_000929,4,TITLE_HOLDER,86,30,10,10,FALSE,2014
LG_2016_PLY_000929_LN,PLY_000929,1,LIVE_NORMAL,56,12,10,0,TRUE,2016
LG_2015_PLY_000929_LN,PLY_000929,1,LIVE_NORMAL,62,12,10,0,TRUE,2015
LG_2015_PLY_000929_GG,PLY_000929,7,GOLDEN_GLOVE,90,35,10,10,FALSE,2015
LG_2016_PLY_000929_AS,PLY_000929,3,ALLSTAR,74,24,10,10,TRUE,2016
LG_2017_PLY_000929_GG,PLY_000929,7,GOLDEN_GLOVE,84,35,10,10,FALSE,2017
LG_2025_PLY_000930_LN,PLY_000930,1,LIVE_NORMAL,66,12,10,0,TRUE,2025
LG_2025_PLY_000930_SIG,PLY_000930,6,SIGNATURE,87,40,10,10,FALSE,2025
LG_2022_PLY_000930_EPIC,PLY_000930,2,LIVE_EPIC,76,18,10,0,TRUE,2022
LG_2021_PLY_000930_SIG,PLY_000930,6,SIGNATURE,90,40,10,10,FALSE,2021
LG_2023_PLY_000930_LN,PLY_000930,1,LIVE_NORMAL,67,12,10,0,TRUE,2023
LG_2024_PLY_000930_LN,PLY_000930,1,LIVE_NORMAL,56,12,10,0,TRUE,2024
LG_2021_PLY_000930_GG,PLY_000930,7,GOLDEN_GLOVE,85,35,10,10,FALSE,2021
LG_2011_PLY_000931_AS,PLY_000931,3,ALLSTAR,76,24,10,10,TRUE,2011
LG_2010_PLY_000931_AS,PLY_000931,3,ALLSTAR,79,24,10,10,TRUE,2010
LG_2015_PLY_000931_LN,PLY_000931,1,LIVE_NORMAL,61,12,10,0,TRUE,2015
LG_2010_PLY_000931_EPIC,PLY_000931,2,LIVE_EPIC,73,18,10,0,TRUE,2010
LG_2012_PLY_000931_EPIC,PLY_000931,2,LIVE_EPIC,75,18,10,0,TRUE,2012
LG_2011_PLY_000931_LN,PLY_000931,1,LIVE_NORMAL,61,12,10,0,TRUE,2011
LG_2016_PLY_000931_LN,PLY_000931,1,LIVE_NORMAL,61,12,10,0,TRUE,2016
LG_2013_PLY_000931_TH,PLY_000931,4,TITLE_HOLDER,86,30,10,10,FALSE,2013
LG_2014_PLY_000931_LN,PLY_000931,1,LIVE_NORMAL,64,12,10,0,TRUE,2014
LG_2016_PLY_000931_EPIC,PLY_000931,2,LIVE_EPIC,74,18,10,0,TRUE,2016
LG_1990_PLY_000932_LN,PLY_000932,1,LIVE_NORMAL,56,12,10,0,TRUE,1990
LG_1992_PLY_000932_LN,PLY_000932,1,LIVE_NORMAL,62,12,10,0,TRUE,1992
LG_1993_PLY_000932_TH,PLY_000932,4,TITLE_HOLDER,85,30,10,10,FALSE,1993
LG_1996_PLY_000932_EPIC,PLY_000932,2,LIVE_EPIC,65,18,10,0,TRUE,1996
LG_1992_PLY_000932_AS,PLY_000932,3,ALLSTAR,80,24,10,10,TRUE,1992
LG_2019_PLY_000933_LN,PLY_000933,1,LIVE_NORMAL,60,12,10,0,TRUE,2019
LG_2022_PLY_000933_LN,PLY_000933,1,LIVE_NORMAL,65,12,10,0,TRUE,2022
LG_2020_PLY_000933_EPIC,PLY_000933,2,LIVE_EPIC,72,18,10,0,TRUE,2020
LG_2017_PLY_000933_LN,PLY_000933,1,LIVE_NORMAL,66,12,10,0,TRUE,2017
LG_2018_PLY_000933_LN,PLY_000933,1,LIVE_NORMAL,56,12,10,0,TRUE,2018
LG_2013_PLY_000933_TH,PLY_000933,4,TITLE_HOLDER,80,30,10,10,FALSE,2013
LG_2006_PLY_000933_LN,PLY_000933,1,LIVE_NORMAL,64,12,10,0,TRUE,2006
LG_2005_PLY_000933_LN,PLY_000933,1,LIVE_NORMAL,63,12,10,0,TRUE,2005
LG_2016_PLY_000933_EPIC,PLY_000933,2,LIVE_EPIC,75,18,10,0,TRUE,2016
LG_1989_PLY_000934_EPIC,PLY_000934,2,LIVE_EPIC,71,18,10,0,TRUE,1989
LG_1991_PLY_000934_TH,PLY_000934,4,TITLE_HOLDER,84,30,10,10,FALSE,1991
LG_1988_PLY_000934_TH,PLY_000934,4,TITLE_HOLDER,87,30,10,10,FALSE,1988
LG_1990_PLY_000934_EPIC,PLY_000934,2,LIVE_EPIC,67,18,10,0,TRUE,1990
LG_1991_PLY_000934_AS,PLY_000934,3,ALLSTAR,81,24,10,10,TRUE,1991
LG_1992_PLY_000934_LN,PLY_000934,1,LIVE_NORMAL,57,12,10,0,TRUE,1992
LG_1989_PLY_000934_LN,PLY_000934,1,LIVE_NORMAL,56,12,10,0,TRUE,1989
LG_1990_PLY_000934_LN,PLY_000934,1,LIVE_NORMAL,63,12,10,0,TRUE,1990
LG_1989_PLY_000934_TH,PLY_000934,4,TITLE_HOLDER,85,30,10,10,FALSE,1989
LG_2007_PLY_000935_TH,PLY_000935,4,TITLE_HOLDER,84,30,10,10,FALSE,2007
LG_2014_PLY_000935_AS,PLY_000935,3,ALLSTAR,80,24,10,10,TRUE,2014
LG_2010_PLY_000935_LN,PLY_000935,1,LIVE_NORMAL,68,12,10,0,TRUE,2010
LG_2000_PLY_000936_EPIC,PLY_000936,2,LIVE_EPIC,76,18,10,0,TRUE,2000
LG_2005_PLY_000936_LN,PLY_000936,1,LIVE_NORMAL,67,12,10,0,TRUE,2005
LG_1994_PLY_000936_EPIC,PLY_000936,2,LIVE_EPIC,76,18,10,0,TRUE,1994
LG_1998_PLY_000936_LN,PLY_000936,1,LIVE_NORMAL,61,12,10,0,TRUE,1998
LG_2004_PLY_000936_LN,PLY_000936,1,LIVE_NORMAL,64,12,10,0,TRUE,2004
LG_1989_PLY_000936_TH,PLY_000936,4,TITLE_HOLDER,83,30,10,10,FALSE,1989
LG_1988_PLY_000936_LN,PLY_000936,1,LIVE_NORMAL,64,12,10,0,TRUE,1988
LG_2004_PLY_000936_EPIC,PLY_000936,2,LIVE_EPIC,68,18,10,0,TRUE,2004
LG_1991_PLY_000936_AS,PLY_000936,3,ALLSTAR,83,24,10,10,TRUE,1991
LG_1993_PLY_000936_EPIC,PLY_000936,2,LIVE_EPIC,74,18,10,0,TRUE,1993
LG_1999_PLY_000937_TH,PLY_000937,4,TITLE_HOLDER,81,30,10,10,FALSE,1999
LG_2001_PLY_000937_EPIC,PLY_000937,2,LIVE_EPIC,75,18,10,0,TRUE,2001
LG_2000_PLY_000937_LN,PLY_000937,1,LIVE_NORMAL,55,12,10,0,TRUE,2000
LG_2001_PLY_000937_LN,PLY_000937,1,LIVE_NORMAL,67,12,10,0,TRUE,2001
LG_2002_PLY_000937_TH,PLY_000937,4,TITLE_HOLDER,80,30,10,10,FALSE,2002
LG_2002_PLY_000937_SIG,PLY_000937,6,SIGNATURE,89,40,10,10,FALSE,2002
LG_1993_PLY_000937_TH,PLY_000937,4,TITLE_HOLDER,87,30,10,10,FALSE,1993
LG_1998_PLY_000937_EPIC,PLY_000937,2,LIVE_EPIC,69,18,10,0,TRUE,1998
LG_2015_PLY_000938_EPIC,PLY_000938,2,LIVE_EPIC,69,18,10,0,TRUE,2015
LG_2000_PLY_000938_LN,PLY_000938,1,LIVE_NORMAL,58,12,10,0,TRUE,2000
LG_2004_PLY_000938_TH,PLY_000938,4,TITLE_HOLDER,80,30,10,10,FALSE,2004
LG_1999_PLY_000938_EPIC,PLY_000938,2,LIVE_EPIC,70,18,10,0,TRUE,1999
LG_2007_PLY_000938_TH,PLY_000938,4,TITLE_HOLDER,86,30,10,10,FALSE,2007
LG_2000_PLY_000938_AS,PLY_000938,3,ALLSTAR,82,24,10,10,TRUE,2000
LG_2009_PLY_000938_AS,PLY_000938,3,ALLSTAR,75,24,10,10,TRUE,2009
LG_2010_PLY_000939_EPIC,PLY_000939,2,LIVE_EPIC,68,18,10,0,TRUE,2010
LG_2009_PLY_000939_GG,PLY_000939,7,GOLDEN_GLOVE,88,35,10,10,FALSE,2009
LG_2019_PLY_000939_EPIC,PLY_000939,2,LIVE_EPIC,72,18,10,0,TRUE,2019
LG_2018_PLY_000940_EPIC,PLY_000940,2,LIVE_EPIC,68,18,10,0,TRUE,2018
LG_2012_PLY_000940_LN,PLY_000940,1,LIVE_NORMAL,61,12,10,0,TRUE,2012
LG_2011_PLY_000940_LN,PLY_000940,1,LIVE_NORMAL,66,12,10,0,TRUE,2011
LG_2015_PLY_000940_TH,PLY_000940,4,TITLE_HOLDER,80,30,10,10,FALSE,2015
LG_2014_PLY_000940_LN,PLY_000940,1,LIVE_NORMAL,56,12,10,0,TRUE,2014
LG_2010_PLY_000940_LN,PLY_000940,1,LIVE_NORMAL,58,12,10,0,TRUE,2010
LG_2010_PLY_000940_EPIC,PLY_000940,2,LIVE_EPIC,70,18,10,0,TRUE,2010
LG_2017_PLY_000940_EPIC,PLY_000940,2,LIVE_EPIC,73,18,10,0,TRUE,2017
LG_2004_PLY_000941_EPIC,PLY_000941,2,LIVE_EPIC,72,18,10,0,TRUE,2004
LG_2010_PLY_000941_TH,PLY_000941,4,TITLE_HOLDER,80,30,10,10,FALSE,2010
LG_2006_PLY_000941_EPIC,PLY_000941,2,LIVE_EPIC,71,18,10,0,TRUE,2006
LG_2023_PLY_000942_GG,PLY_000942,7,GOLDEN_GLOVE,88,35,10,10,FALSE,2023
LG_2026_PLY_000942_AS,PLY_000942,3,ALLSTAR,82,24,10,10,TRUE,2026
LG_2022_PLY_000942_TH,PLY_000942,4,TITLE_HOLDER,84,30,10,10,FALSE,2022
LG_2023_PLY_000942_AS,PLY_000942,3,ALLSTAR,78,24,10,10,TRUE,2023
LG_2024_PLY_000942_LN,PLY_000942,1,LIVE_NORMAL,66,12,10,0,TRUE,2024
LG_2022_PLY_000942_LN,PLY_000942,1,LIVE_NORMAL,63,12,10,0,TRUE,2022
LG_2026_PLY_000942_TH,PLY_000942,4,TITLE_HOLDER,81,30,10,10,FALSE,2026
LG_2022_PLY_000942_EPIC,PLY_000942,2,LIVE_EPIC,74,18,10,0,TRUE,2022
LG_1996_PLY_000943_LN,PLY_000943,1,LIVE_NORMAL,60,12,10,0,TRUE,1996
LG_2009_PLY_000943_LN,PLY_000943,1,LIVE_NORMAL,55,12,10,0,TRUE,2009
LG_2005_PLY_000943_GG,PLY_000943,7,GOLDEN_GLOVE,90,35,10,10,FALSE,2005
LG_1996_PLY_000943_EPIC,PLY_000943,2,LIVE_EPIC,65,18,10,0,TRUE,1996
LG_2007_PLY_000943_LN,PLY_000943,1,LIVE_NORMAL,64,12,10,0,TRUE,2007
LG_2016_PLY_000944_EPIC,PLY_000944,2,LIVE_EPIC,76,18,10,0,TRUE,2016
LG_2003_PLY_000944_AS,PLY_000944,3,ALLSTAR,77,24,10,10,TRUE,2003
LG_2007_PLY_000944_EPIC,PLY_000944,2,LIVE_EPIC,66,18,10,0,TRUE,2007
LG_2003_PLY_000944_TH,PLY_000944,4,TITLE_HOLDER,85,30,10,10,FALSE,2003
LG_2015_PLY_000944_EPIC,PLY_000944,2,LIVE_EPIC,67,18,10,0,TRUE,2015
LG_2009_PLY_000944_LN,PLY_000944,1,LIVE_NORMAL,62,12,10,0,TRUE,2009
LG_2004_PLY_000944_LN,PLY_000944,1,LIVE_NORMAL,57,12,10,0,TRUE,2004
LG_2002_PLY_000944_LN,PLY_000944,1,LIVE_NORMAL,67,12,10,0,TRUE,2002
LG_2011_PLY_000944_EPIC,PLY_000944,2,LIVE_EPIC,66,18,10,0,TRUE,2011
LG_2010_PLY_000944_LN,PLY_000944,1,LIVE_NORMAL,66,12,10,0,TRUE,2010
LG_1994_PLY_000945_TH,PLY_000945,4,TITLE_HOLDER,84,30,10,10,FALSE,1994
LG_1993_PLY_000945_EPIC,PLY_000945,2,LIVE_EPIC,67,18,10,0,TRUE,1993
LG_1989_PLY_000945_LN,PLY_000945,1,LIVE_NORMAL,60,12,10,0,TRUE,1989
LG_1996_PLY_000945_TH,PLY_000945,4,TITLE_HOLDER,80,30,10,10,FALSE,1996
LG_1988_PLY_000945_TH,PLY_000945,4,TITLE_HOLDER,86,30,10,10,FALSE,1988
LG_1995_PLY_000945_LN,PLY_000945,1,LIVE_NORMAL,56,12,10,0,TRUE,1995
LG_1987_PLY_000945_TH,PLY_000945,4,TITLE_HOLDER,81,30,10,10,FALSE,1987
LG_1986_PLY_000945_LN,PLY_000945,1,LIVE_NORMAL,56,12,10,0,TRUE,1986
LG_2004_PLY_000946_EPIC,PLY_000946,2,LIVE_EPIC,74,18,10,0,TRUE,2004
LG_2000_PLY_000946_EPIC,PLY_000946,2,LIVE_EPIC,65,18,10,0,TRUE,2000
LG_1989_PLY_000946_LN,PLY_000946,1,LIVE_NORMAL,68,12,10,0,TRUE,1989
LG_1999_PLY_000946_TH,PLY_000946,4,TITLE_HOLDER,81,30,10,10,FALSE,1999
LG_1997_PLY_000946_AS,PLY_000946,3,ALLSTAR,83,24,10,10,TRUE,1997
LG_2001_PLY_000946_EPIC,PLY_000946,2,LIVE_EPIC,68,18,10,0,TRUE,2001
LG_1996_PLY_000946_LN,PLY_000946,1,LIVE_NORMAL,68,12,10,0,TRUE,1996
LG_1986_PLY_000946_LN,PLY_000946,1,LIVE_NORMAL,63,12,10,0,TRUE,1986
LG_1996_PLY_000946_TH,PLY_000946,4,TITLE_HOLDER,82,30,10,10,FALSE,1996
LG_2008_PLY_000947_GG,PLY_000947,7,GOLDEN_GLOVE,87,35,10,10,FALSE,2008
LG_2004_PLY_000947_EPIC,PLY_000947,2,LIVE_EPIC,66,18,10,0,TRUE,2004
LG_2005_PLY_000947_SIG,PLY_000947,6,SIGNATURE,93,40,10,10,FALSE,2005
LG_2006_PLY_000947_LN,PLY_000947,1,LIVE_NORMAL,59,12,10,0,TRUE,2006
LG_2020_PLY_000947_AS,PLY_000947,3,ALLSTAR,83,24,10,10,TRUE,2020
LG_2003_PLY_000947_LN,PLY_000947,1,LIVE_NORMAL,63,12,10,0,TRUE,2003
LG_2006_PLY_000947_GG,PLY_000947,7,GOLDEN_GLOVE,83,35,10,10,FALSE,2006
LG_2019_PLY_000947_AS,PLY_000947,3,ALLSTAR,77,24,10,10,TRUE,2019
LG_2019_PLY_000947_LN,PLY_000947,1,LIVE_NORMAL,59,12,10,0,TRUE,2019
LG_2015_PLY_000947_LN,PLY_000947,1,LIVE_NORMAL,58,12,10,0,TRUE,2015
LG_2020_PLY_000947_EPIC,PLY_000947,2,LIVE_EPIC,65,18,10,0,TRUE,2020
LG_2011_PLY_000947_LN,PLY_000947,1,LIVE_NORMAL,67,12,10,0,TRUE,2011
LG_2010_PLY_000948_GG,PLY_000948,7,GOLDEN_GLOVE,85,35,10,10,FALSE,2010
LG_2010_PLY_000948_EPIC,PLY_000948,2,LIVE_EPIC,76,18,10,0,TRUE,2010
LG_2007_PLY_000948_LN,PLY_000948,1,LIVE_NORMAL,63,12,10,0,TRUE,2007
LG_2015_PLY_000948_AS,PLY_000948,3,ALLSTAR,82,24,10,10,TRUE,2015
LG_2009_PLY_000948_AS,PLY_000948,3,ALLSTAR,82,24,10,10,TRUE,2009
LG_2015_PLY_000948_LN,PLY_000948,1,LIVE_NORMAL,56,12,10,0,TRUE,2015
LG_1986_PLY_000949_LN,PLY_000949,1,LIVE_NORMAL,63,12,10,0,TRUE,1986
LG_1991_PLY_000949_LN,PLY_000949,1,LIVE_NORMAL,66,12,10,0,TRUE,1991
LG_1989_PLY_000949_EPIC,PLY_000949,2,LIVE_EPIC,69,18,10,0,TRUE,1989
LG_1987_PLY_000949_LN,PLY_000949,1,LIVE_NORMAL,65,12,10,0,TRUE,1987
LG_2018_PLY_000950_LN,PLY_000950,1,LIVE_NORMAL,59,12,10,0,TRUE,2018
LG_2020_PLY_000950_AS,PLY_000950,3,ALLSTAR,81,24,10,10,TRUE,2020
LG_2007_PLY_000950_LN,PLY_000950,1,LIVE_NORMAL,58,12,10,0,TRUE,2007
LG_2015_PLY_000951_LN,PLY_000951,1,LIVE_NORMAL,63,12,10,0,TRUE,2015
LG_2018_PLY_000951_LN,PLY_000951,1,LIVE_NORMAL,65,12,10,0,TRUE,2018
LG_2021_PLY_000951_SIG,PLY_000951,6,SIGNATURE,94,40,10,10,FALSE,2021
LG_2023_PLY_000951_LN,PLY_000951,1,LIVE_NORMAL,66,12,10,0,TRUE,2023
LG_2013_PLY_000951_LN,PLY_000951,1,LIVE_NORMAL,58,12,10,0,TRUE,2013
LG_2012_PLY_000951_EPIC,PLY_000951,2,LIVE_EPIC,66,18,10,0,TRUE,2012
LG_2013_PLY_000951_EPIC,PLY_000951,2,LIVE_EPIC,75,18,10,0,TRUE,2013
LG_2015_PLY_000951_TH,PLY_000951,4,TITLE_HOLDER,81,30,10,10,FALSE,2015
LG_2012_PLY_000951_TH,PLY_000951,4,TITLE_HOLDER,81,30,10,10,FALSE,2012
LG_2016_PLY_000951_EPIC,PLY_000951,2,LIVE_EPIC,71,18,10,0,TRUE,2016
LG_2018_PLY_000952_EPIC,PLY_000952,2,LIVE_EPIC,65,18,10,0,TRUE,2018
LG_2021_PLY_000952_GG,PLY_000952,7,GOLDEN_GLOVE,87,35,10,10,FALSE,2021
LG_2026_PLY_000952_LN,PLY_000952,1,LIVE_NORMAL,59,12,10,0,TRUE,2026
LG_2023_PLY_000952_TH,PLY_000952,4,TITLE_HOLDER,85,30,10,10,FALSE,2023
LG_2018_PLY_000952_TH,PLY_000952,4,TITLE_HOLDER,81,30,10,10,FALSE,2018
LG_2019_PLY_000953_TH,PLY_000953,4,TITLE_HOLDER,84,30,10,10,FALSE,2019
LG_2021_PLY_000953_GG,PLY_000953,7,GOLDEN_GLOVE,84,35,10,10,FALSE,2021
LG_2016_PLY_000953_LN,PLY_000953,1,LIVE_NORMAL,59,12,10,0,TRUE,2016
LG_2018_PLY_000953_EPIC,PLY_000953,2,LIVE_EPIC,72,18,10,0,TRUE,2018
LG_2017_PLY_000953_SIG,PLY_000953,6,SIGNATURE,87,40,10,10,FALSE,2017
LG_2018_PLY_000954_EPIC,PLY_000954,2,LIVE_EPIC,65,18,10,0,TRUE,2018
LG_2016_PLY_000954_AS,PLY_000954,3,ALLSTAR,77,24,10,10,TRUE,2016
LG_2022_PLY_000954_AS,PLY_000954,3,ALLSTAR,82,24,10,10,TRUE,2022
LG_2019_PLY_000954_EPIC,PLY_000954,2,LIVE_EPIC,68,18,10,0,TRUE,2019
LG_2014_PLY_000955_EPIC,PLY_000955,2,LIVE_EPIC,75,18,10,0,TRUE,2014
LG_2016_PLY_000955_EPIC,PLY_000955,2,LIVE_EPIC,67,18,10,0,TRUE,2016
LG_2015_PLY_000955_EPIC,PLY_000955,2,LIVE_EPIC,73,18,10,0,TRUE,2015
LG_2012_PLY_000955_TH,PLY_000955,4,TITLE_HOLDER,84,30,10,10,FALSE,2012
LG_2012_PLY_000955_LN,PLY_000955,1,LIVE_NORMAL,58,12,10,0,TRUE,2012
LG_2011_PLY_000955_SIG,PLY_000955,6,SIGNATURE,93,40,10,10,FALSE,2011
LG_2018_PLY_000955_EPIC,PLY_000955,2,LIVE_EPIC,74,18,10,0,TRUE,2018
LG_2011_PLY_000955_EPIC,PLY_000955,2,LIVE_EPIC,67,18,10,0,TRUE,2011
LG_2015_PLY_000955_LN,PLY_000955,1,LIVE_NORMAL,67,12,10,0,TRUE,2015
LG_2024_PLY_000956_EPIC,PLY_000956,2,LIVE_EPIC,69,18,10,0,TRUE,2024
LG_2025_PLY_000956_AS,PLY_000956,3,ALLSTAR,76,24,10,10,TRUE,2025
LG_2025_PLY_000956_EPIC,PLY_000956,2,LIVE_EPIC,71,18,10,0,TRUE,2025
LG_2026_PLY_000956_LN,PLY_000956,1,LIVE_NORMAL,61,12,10,0,TRUE,2026
LG_2024_PLY_000956_LN,PLY_000956,1,LIVE_NORMAL,67,12,10,0,TRUE,2024
LG_2023_PLY_000956_EPIC,PLY_000956,2,LIVE_EPIC,76,18,10,0,TRUE,2023
LG_2023_PLY_000956_SIG,PLY_000956,6,SIGNATURE,88,40,10,10,FALSE,2023
LG_2026_PLY_000956_GG,PLY_000956,7,GOLDEN_GLOVE,83,35,10,10,FALSE,2026
LG_2025_PLY_000956_LN,PLY_000956,1,LIVE_NORMAL,62,12,10,0,TRUE,2025
LG_1996_PLY_000957_LN,PLY_000957,1,LIVE_NORMAL,56,12,10,0,TRUE,1996
LG_1998_PLY_000957_TH,PLY_000957,4,TITLE_HOLDER,80,30,10,10,FALSE,1998
LG_2017_PLY_000958_EPIC,PLY_000958,2,LIVE_EPIC,74,18,10,0,TRUE,2017
LG_2019_PLY_000958_AS,PLY_000958,3,ALLSTAR,80,24,10,10,TRUE,2019
LG_2017_PLY_000958_LN,PLY_000958,1,LIVE_NORMAL,64,12,10,0,TRUE,2017
LG_2019_PLY_000958_TH,PLY_000958,4,TITLE_HOLDER,85,30,10,10,FALSE,2019
LG_2020_PLY_000958_AS,PLY_000958,3,ALLSTAR,77,24,10,10,TRUE,2020
LG_2020_PLY_000958_LN,PLY_000958,1,LIVE_NORMAL,65,12,10,0,TRUE,2020
LG_2018_PLY_000958_LN,PLY_000958,1,LIVE_NORMAL,66,12,10,0,TRUE,2018
LG_2021_PLY_000959_AS,PLY_000959,3,ALLSTAR,83,24,10,10,TRUE,2021
LG_2023_PLY_000959_LN,PLY_000959,1,LIVE_NORMAL,60,12,10,0,TRUE,2023
LG_1997_PLY_000960_EPIC,PLY_000960,2,LIVE_EPIC,71,18,10,0,TRUE,1997
LG_1995_PLY_000960_TH,PLY_000960,4,TITLE_HOLDER,87,30,10,10,FALSE,1995
LG_1996_PLY_000960_GG,PLY_000960,7,GOLDEN_GLOVE,88,35,10,10,FALSE,1996
LG_1994_PLY_000960_GG,PLY_000960,7,GOLDEN_GLOVE,89,35,10,10,FALSE,1994
LG_1994_PLY_000960_LN,PLY_000960,1,LIVE_NORMAL,55,12,10,0,TRUE,1994
LG_1995_PLY_000960_AS,PLY_000960,3,ALLSTAR,81,24,10,10,TRUE,1995
LG_1995_PLY_000960_LN,PLY_000960,1,LIVE_NORMAL,64,12,10,0,TRUE,1995
LG_1994_PLY_000960_TH,PLY_000960,4,TITLE_HOLDER,82,30,10,10,FALSE,1994
LG_1994_PLY_000960_EPIC,PLY_000960,2,LIVE_EPIC,69,18,10,0,TRUE,1994
LG_1996_PLY_000960_AS,PLY_000960,3,ALLSTAR,74,24,10,10,TRUE,1996
LG_2021_PLY_000961_LN,PLY_000961,1,LIVE_NORMAL,60,12,10,0,TRUE,2021
LG_2026_PLY_000961_LN,PLY_000961,1,LIVE_NORMAL,66,12,10,0,TRUE,2026
LG_2019_PLY_000961_EPIC,PLY_000961,2,LIVE_EPIC,67,18,10,0,TRUE,2019
LG_2019_PLY_000961_LN,PLY_000961,1,LIVE_NORMAL,57,12,10,0,TRUE,2019
LG_2024_PLY_000961_LN,PLY_000961,1,LIVE_NORMAL,62,12,10,0,TRUE,2024
LG_2021_PLY_000962_AS,PLY_000962,3,ALLSTAR,77,24,10,10,TRUE,2021
LG_2022_PLY_000962_EPIC,PLY_000962,2,LIVE_EPIC,70,18,10,0,TRUE,2022
LG_2019_PLY_000962_EPIC,PLY_000962,2,LIVE_EPIC,69,18,10,0,TRUE,2019
LG_2022_PLY_000962_LN,PLY_000962,1,LIVE_NORMAL,57,12,10,0,TRUE,2022
LG_2023_PLY_000962_LN,PLY_000962,1,LIVE_NORMAL,61,12,10,0,TRUE,2023
LG_2024_PLY_000962_EPIC,PLY_000962,2,LIVE_EPIC,72,18,10,0,TRUE,2024
LG_2020_PLY_000962_TH,PLY_000962,4,TITLE_HOLDER,85,30,10,10,FALSE,2020
LG_2001_PLY_000963_LN,PLY_000963,1,LIVE_NORMAL,65,12,10,0,TRUE,2001
LG_1995_PLY_000963_LN,PLY_000963,1,LIVE_NORMAL,60,12,10,0,TRUE,1995
LG_1994_PLY_000963_TH,PLY_000963,4,TITLE_HOLDER,85,30,10,10,FALSE,1994
LG_1995_PLY_000963_AS,PLY_000963,3,ALLSTAR,76,24,10,10,TRUE,1995
LG_1988_PLY_000963_LN,PLY_000963,1,LIVE_NORMAL,61,12,10,0,TRUE,1988
LG_2000_PLY_000963_LN,PLY_000963,1,LIVE_NORMAL,61,12,10,0,TRUE,2000
LG_1999_PLY_000963_LN,PLY_000963,1,LIVE_NORMAL,65,12,10,0,TRUE,1999
LG_1988_PLY_000963_AS,PLY_000963,3,ALLSTAR,78,24,10,10,TRUE,1988
LG_1998_PLY_000963_TH,PLY_000963,4,TITLE_HOLDER,84,30,10,10,FALSE,1998
LG_1990_PLY_000963_AS,PLY_000963,3,ALLSTAR,80,24,10,10,TRUE,1990
LG_2003_PLY_000963_LN,PLY_000963,1,LIVE_NORMAL,63,12,10,0,TRUE,2003
LG_1995_PLY_000963_EPIC,PLY_000963,2,LIVE_EPIC,66,18,10,0,TRUE,1995
LG_2009_PLY_000964_SIG,PLY_000964,6,SIGNATURE,88,40,10,10,FALSE,2009
LG_2009_PLY_000964_TH,PLY_000964,4,TITLE_HOLDER,87,30,10,10,FALSE,2009
LG_2024_PLY_000965_AS,PLY_000965,3,ALLSTAR,83,24,10,10,TRUE,2024
LG_2025_PLY_000965_LN,PLY_000965,1,LIVE_NORMAL,66,12,10,0,TRUE,2025
LG_2025_PLY_000965_TH,PLY_000965,4,TITLE_HOLDER,80,30,10,10,FALSE,2025
LG_2023_PLY_000965_LN,PLY_000965,1,LIVE_NORMAL,64,12,10,0,TRUE,2023
LG_2026_PLY_000965_AS,PLY_000965,3,ALLSTAR,74,24,10,10,TRUE,2026
LG_1996_PLY_000966_EPIC,PLY_000966,2,LIVE_EPIC,74,18,10,0,TRUE,1996
LG_1998_PLY_000966_LN,PLY_000966,1,LIVE_NORMAL,61,12,10,0,TRUE,1998
LG_2003_PLY_000966_AS,PLY_000966,3,ALLSTAR,76,24,10,10,TRUE,2003
LG_2024_PLY_000967_TH,PLY_000967,4,TITLE_HOLDER,82,30,10,10,FALSE,2024
LG_2026_PLY_000967_LN,PLY_000967,1,LIVE_NORMAL,61,12,10,0,TRUE,2026
LG_2021_PLY_000967_LN,PLY_000967,1,LIVE_NORMAL,68,12,10,0,TRUE,2021
LG_2025_PLY_000967_LN,PLY_000967,1,LIVE_NORMAL,66,12,10,0,TRUE,2025
LG_2024_PLY_000967_EPIC,PLY_000967,2,LIVE_EPIC,66,18,10,0,TRUE,2024
LG_2020_PLY_000967_TH,PLY_000967,4,TITLE_HOLDER,82,30,10,10,FALSE,2020
LG_2018_PLY_000968_EPIC,PLY_000968,2,LIVE_EPIC,70,18,10,0,TRUE,2018
LG_2010_PLY_000968_GG,PLY_000968,7,GOLDEN_GLOVE,86,35,10,10,FALSE,2010
LG_2011_PLY_000968_GG,PLY_000968,7,GOLDEN_GLOVE,88,35,10,10,FALSE,2011
LG_2015_PLY_000968_LN,PLY_000968,1,LIVE_NORMAL,62,12,10,0,TRUE,2015
LG_2025_PLY_000968_SIG,PLY_000968,6,SIGNATURE,87,40,10,10,FALSE,2025
LG_2019_PLY_000968_SIG,PLY_000968,6,SIGNATURE,88,40,10,10,FALSE,2019
LG_2013_PLY_000969_GG,PLY_000969,7,GOLDEN_GLOVE,89,35,10,10,FALSE,2013
LG_2013_PLY_000969_AS,PLY_000969,3,ALLSTAR,78,24,10,10,TRUE,2013
LG_2007_PLY_000969_EPIC,PLY_000969,2,LIVE_EPIC,73,18,10,0,TRUE,2007
LG_2006_PLY_000969_AS,PLY_000969,3,ALLSTAR,78,24,10,10,TRUE,2006
LG_2001_PLY_000969_LN,PLY_000969,1,LIVE_NORMAL,57,12,10,0,TRUE,2001
LG_2008_PLY_000969_LN,PLY_000969,1,LIVE_NORMAL,67,12,10,0,TRUE,2008
LG_2012_PLY_000969_EPIC,PLY_000969,2,LIVE_EPIC,71,18,10,0,TRUE,2012
LG_2002_PLY_000969_LN,PLY_000969,1,LIVE_NORMAL,65,12,10,0,TRUE,2002
LG_1991_PLY_000970_TH,PLY_000970,4,TITLE_HOLDER,86,30,10,10,FALSE,1991
LG_1990_PLY_000970_EPIC,PLY_000970,2,LIVE_EPIC,68,18,10,0,TRUE,1990
LG_1991_PLY_000970_LN,PLY_000970,1,LIVE_NORMAL,59,12,10,0,TRUE,1991
LG_1987_PLY_000970_LN,PLY_000970,1,LIVE_NORMAL,59,12,10,0,TRUE,1987
LG_1992_PLY_000970_LN,PLY_000970,1,LIVE_NORMAL,55,12,10,0,TRUE,1992
LG_1990_PLY_000970_LN,PLY_000970,1,LIVE_NORMAL,58,12,10,0,TRUE,1990
LG_1992_PLY_000970_GG,PLY_000970,7,GOLDEN_GLOVE,84,35,10,10,FALSE,1992
LG_1992_PLY_000970_AS,PLY_000970,3,ALLSTAR,77,24,10,10,TRUE,1992
LG_1992_PLY_000970_EPIC,PLY_000970,2,LIVE_EPIC,71,18,10,0,TRUE,1992
LG_2000_PLY_000971_TH,PLY_000971,4,TITLE_HOLDER,80,30,10,10,FALSE,2000
LG_1999_PLY_000971_AS,PLY_000971,3,ALLSTAR,75,24,10,10,TRUE,1999
LG_2001_PLY_000971_LN,PLY_000971,1,LIVE_NORMAL,60,12,10,0,TRUE,2001
LG_2001_PLY_000971_GG,PLY_000971,7,GOLDEN_GLOVE,90,35,10,10,FALSE,2001
LG_2003_PLY_000971_SIG,PLY_000971,6,SIGNATURE,87,40,10,10,FALSE,2003
LG_2002_PLY_000971_LN,PLY_000971,1,LIVE_NORMAL,56,12,10,0,TRUE,2002
LG_2004_PLY_000972_LN,PLY_000972,1,LIVE_NORMAL,65,12,10,0,TRUE,2004
LG_2004_PLY_000972_EPIC,PLY_000972,2,LIVE_EPIC,65,18,10,0,TRUE,2004
LG_2012_PLY_000973_AS,PLY_000973,3,ALLSTAR,78,24,10,10,TRUE,2012
LG_2009_PLY_000973_LN,PLY_000973,1,LIVE_NORMAL,62,12,10,0,TRUE,2009
LG_2022_PLY_000973_AS,PLY_000973,3,ALLSTAR,83,24,10,10,TRUE,2022
LG_2022_PLY_000973_EPIC,PLY_000973,2,LIVE_EPIC,69,18,10,0,TRUE,2022
LG_2018_PLY_000973_LN,PLY_000973,1,LIVE_NORMAL,58,12,10,0,TRUE,2018
LG_2006_PLY_000973_EPIC,PLY_000973,2,LIVE_EPIC,71,18,10,0,TRUE,2006
LG_2016_PLY_000973_LN,PLY_000973,1,LIVE_NORMAL,56,12,10,0,TRUE,2016
LG_2011_PLY_000973_AS,PLY_000973,3,ALLSTAR,81,24,10,10,TRUE,2011
LG_2015_PLY_000973_EPIC,PLY_000973,2,LIVE_EPIC,75,18,10,0,TRUE,2015
LG_2007_PLY_000973_AS,PLY_000973,3,ALLSTAR,75,24,10,10,TRUE,2007
LG_2021_PLY_000973_LN,PLY_000973,1,LIVE_NORMAL,66,12,10,0,TRUE,2021
LG_2023_PLY_000974_TH,PLY_000974,4,TITLE_HOLDER,86,30,10,10,FALSE,2023
LG_2021_PLY_000974_AS,PLY_000974,3,ALLSTAR,78,24,10,10,TRUE,2021
LG_2026_PLY_000974_EPIC,PLY_000974,2,LIVE_EPIC,73,18,10,0,TRUE,2026
LG_2025_PLY_000974_TH,PLY_000974,4,TITLE_HOLDER,81,30,10,10,FALSE,2025
LG_2025_PLY_000974_EPIC,PLY_000974,2,LIVE_EPIC,74,18,10,0,TRUE,2025
LG_2025_PLY_000974_LN,PLY_000974,1,LIVE_NORMAL,59,12,10,0,TRUE,2025
LG_1997_PLY_000975_TH,PLY_000975,4,TITLE_HOLDER,82,30,10,10,FALSE,1997
LG_1999_PLY_000975_LN,PLY_000975,1,LIVE_NORMAL,56,12,10,0,TRUE,1999
LG_2016_PLY_000976_EPIC,PLY_000976,2,LIVE_EPIC,70,18,10,0,TRUE,2016
LG_2019_PLY_000976_LN,PLY_000976,1,LIVE_NORMAL,56,12,10,0,TRUE,2019
LG_2018_PLY_000976_SIG,PLY_000976,6,SIGNATURE,90,40,10,10,FALSE,2018
LG_2018_PLY_000976_EPIC,PLY_000976,2,LIVE_EPIC,73,18,10,0,TRUE,2018
LG_2025_PLY_000977_EPIC,PLY_000977,2,LIVE_EPIC,74,18,10,0,TRUE,2025
LG_2020_PLY_000977_LN,PLY_000977,1,LIVE_NORMAL,66,12,10,0,TRUE,2020
LG_2022_PLY_000977_LN,PLY_000977,1,LIVE_NORMAL,59,12,10,0,TRUE,2022
LG_2021_PLY_000977_TH,PLY_000977,4,TITLE_HOLDER,87,30,10,10,FALSE,2021
LG_2023_PLY_000977_AS,PLY_000977,3,ALLSTAR,81,24,10,10,TRUE,2023
LG_2025_PLY_000977_AS,PLY_000977,3,ALLSTAR,81,24,10,10,TRUE,2025
LG_2024_PLY_000977_EPIC,PLY_000977,2,LIVE_EPIC,67,18,10,0,TRUE,2024
LG_2026_PLY_000977_LN,PLY_000977,1,LIVE_NORMAL,64,12,10,0,TRUE,2026
LG_2026_PLY_000977_EPIC,PLY_000977,2,LIVE_EPIC,75,18,10,0,TRUE,2026
LG_2004_PLY_000978_EPIC,PLY_000978,2,LIVE_EPIC,76,18,10,0,TRUE,2004
LG_2009_PLY_000978_EPIC,PLY_000978,2,LIVE_EPIC,73,18,10,0,TRUE,2009
LG_2004_PLY_000978_TH,PLY_000978,4,TITLE_HOLDER,85,30,10,10,FALSE,2004
LG_2002_PLY_000978_AS,PLY_000978,3,ALLSTAR,79,24,10,10,TRUE,2002
LG_2001_PLY_000978_EPIC,PLY_000978,2,LIVE_EPIC,66,18,10,0,TRUE,2001
LG_2008_PLY_000978_LN,PLY_000978,1,LIVE_NORMAL,61,12,10,0,TRUE,2008
LG_2000_PLY_000978_LN,PLY_000978,1,LIVE_NORMAL,63,12,10,0,TRUE,2000
LG_2005_PLY_000978_EPIC,PLY_000978,2,LIVE_EPIC,75,18,10,0,TRUE,2005
LG_2008_PLY_000978_EPIC,PLY_000978,2,LIVE_EPIC,65,18,10,0,TRUE,2008
LG_1995_PLY_000979_EPIC,PLY_000979,2,LIVE_EPIC,73,18,10,0,TRUE,1995
LG_1996_PLY_000979_EPIC,PLY_000979,2,LIVE_EPIC,68,18,10,0,TRUE,1996
LG_2023_PLY_000980_AS,PLY_000980,3,ALLSTAR,80,24,10,10,TRUE,2023
LG_2021_PLY_000980_EPIC,PLY_000980,2,LIVE_EPIC,74,18,10,0,TRUE,2021
LG_2026_PLY_000980_AS,PLY_000980,3,ALLSTAR,78,24,10,10,TRUE,2026
LG_1997_PLY_000981_LN,PLY_000981,1,LIVE_NORMAL,57,12,10,0,TRUE,1997
LG_1992_PLY_000981_TH,PLY_000981,4,TITLE_HOLDER,81,30,10,10,FALSE,1992
LG_1998_PLY_000981_LN,PLY_000981,1,LIVE_NORMAL,66,12,10,0,TRUE,1998
LG_1997_PLY_000981_EPIC,PLY_000981,2,LIVE_EPIC,71,18,10,0,TRUE,1997
LG_1996_PLY_000981_AS,PLY_000981,3,ALLSTAR,82,24,10,10,TRUE,1996
LG_1992_PLY_000981_LN,PLY_000981,1,LIVE_NORMAL,64,12,10,0,TRUE,1992
LG_1998_PLY_000981_AS,PLY_000981,3,ALLSTAR,80,24,10,10,TRUE,1998
LG_1998_PLY_000981_EPIC,PLY_000981,2,LIVE_EPIC,67,18,10,0,TRUE,1998
LG_1992_PLY_000982_LN,PLY_000982,1,LIVE_NORMAL,66,12,10,0,TRUE,1992
LG_1993_PLY_000982_EPIC,PLY_000982,2,LIVE_EPIC,69,18,10,0,TRUE,1993
LG_1993_PLY_000982_AS,PLY_000982,3,ALLSTAR,74,24,10,10,TRUE,1993
LG_1994_PLY_000982_LN,PLY_000982,1,LIVE_NORMAL,62,12,10,0,TRUE,1994
LG_1992_PLY_000982_EPIC,PLY_000982,2,LIVE_EPIC,76,18,10,0,TRUE,1992
LG_1991_PLY_000982_TH,PLY_000982,4,TITLE_HOLDER,87,30,10,10,FALSE,1991
LG_1990_PLY_000982_TH,PLY_000982,4,TITLE_HOLDER,87,30,10,10,FALSE,1990
LG_1992_PLY_000982_GG,PLY_000982,7,GOLDEN_GLOVE,90,35,10,10,FALSE,1992
LG_1991_PLY_000982_GG,PLY_000982,7,GOLDEN_GLOVE,89,35,10,10,FALSE,1991
LG_2024_PLY_000983_EPIC,PLY_000983,2,LIVE_EPIC,72,18,10,0,TRUE,2024
LG_2026_PLY_000983_TH,PLY_000983,4,TITLE_HOLDER,82,30,10,10,FALSE,2026
LG_2024_PLY_000983_LN,PLY_000983,1,LIVE_NORMAL,57,12,10,0,TRUE,2024
LG_1990_PLY_000984_LN,PLY_000984,1,LIVE_NORMAL,59,12,10,0,TRUE,1990
LG_1989_PLY_000984_EPIC,PLY_000984,2,LIVE_EPIC,66,18,10,0,TRUE,1989
LG_1989_PLY_000984_TH,PLY_000984,4,TITLE_HOLDER,86,30,10,10,FALSE,1989
LG_1995_PLY_000984_AS,PLY_000984,3,ALLSTAR,78,24,10,10,TRUE,1995
LG_1999_PLY_000984_TH,PLY_000984,4,TITLE_HOLDER,84,30,10,10,FALSE,1999
LG_1996_PLY_000984_LN,PLY_000984,1,LIVE_NORMAL,57,12,10,0,TRUE,1996
LG_1993_PLY_000984_TH,PLY_000984,4,TITLE_HOLDER,82,30,10,10,FALSE,1993
LG_1992_PLY_000984_SIG,PLY_000984,6,SIGNATURE,88,40,10,10,FALSE,1992
LG_2004_PLY_000985_AS,PLY_000985,3,ALLSTAR,82,24,10,10,TRUE,2004
LG_2000_PLY_000985_AS,PLY_000985,3,ALLSTAR,83,24,10,10,TRUE,2000
LG_2004_PLY_000985_LN,PLY_000985,1,LIVE_NORMAL,64,12,10,0,TRUE,2004
LG_1998_PLY_000985_AS,PLY_000985,3,ALLSTAR,78,24,10,10,TRUE,1998
LG_2006_PLY_000985_LN,PLY_000985,1,LIVE_NORMAL,68,12,10,0,TRUE,2006
LG_2002_PLY_000985_AS,PLY_000985,3,ALLSTAR,77,24,10,10,TRUE,2002
LG_2001_PLY_000985_LN,PLY_000985,1,LIVE_NORMAL,56,12,10,0,TRUE,2001
LG_1998_PLY_000985_LN,PLY_000985,1,LIVE_NORMAL,63,12,10,0,TRUE,1998
LG_1993_PLY_000985_AS,PLY_000985,3,ALLSTAR,77,24,10,10,TRUE,1993
LG_1997_PLY_000985_GG,PLY_000985,7,GOLDEN_GLOVE,86,35,10,10,FALSE,1997
LG_2003_PLY_000986_LN,PLY_000986,1,LIVE_NORMAL,67,12,10,0,TRUE,2003
LG_2003_PLY_000986_EPIC,PLY_000986,2,LIVE_EPIC,66,18,10,0,TRUE,2003
LG_1999_PLY_000986_AS,PLY_000986,3,ALLSTAR,83,24,10,10,TRUE,1999
LG_2003_PLY_000986_AS,PLY_000986,3,ALLSTAR,77,24,10,10,TRUE,2003
LG_1999_PLY_000986_LN,PLY_000986,1,LIVE_NORMAL,56,12,10,0,TRUE,1999
LG_2000_PLY_000986_EPIC,PLY_000986,2,LIVE_EPIC,72,18,10,0,TRUE,2000
LG_2000_PLY_000987_EPIC,PLY_000987,2,LIVE_EPIC,68,18,10,0,TRUE,2000
LG_2003_PLY_000987_TH,PLY_000987,4,TITLE_HOLDER,84,30,10,10,FALSE,2003
LG_2002_PLY_000987_SIG,PLY_000987,6,SIGNATURE,90,40,10,10,FALSE,2002
LG_1996_PLY_000987_LN,PLY_000987,1,LIVE_NORMAL,62,12,10,0,TRUE,1996
LG_2021_PLY_000988_AS,PLY_000988,3,ALLSTAR,77,24,10,10,TRUE,2021
LG_2019_PLY_000988_EPIC,PLY_000988,2,LIVE_EPIC,70,18,10,0,TRUE,2019
LG_2020_PLY_000988_TH,PLY_000988,4,TITLE_HOLDER,81,30,10,10,FALSE,2020
LG_2018_PLY_000988_LN,PLY_000988,1,LIVE_NORMAL,68,12,10,0,TRUE,2018
LG_2018_PLY_000988_GG,PLY_000988,7,GOLDEN_GLOVE,86,35,10,10,FALSE,2018
LG_2024_PLY_000988_LN,PLY_000988,1,LIVE_NORMAL,61,12,10,0,TRUE,2024
LG_2015_PLY_000988_AS,PLY_000988,3,ALLSTAR,82,24,10,10,TRUE,2015
LG_2022_PLY_000988_EPIC,PLY_000988,2,LIVE_EPIC,74,18,10,0,TRUE,2022
LG_2021_PLY_000988_EPIC,PLY_000988,2,LIVE_EPIC,70,18,10,0,TRUE,2021
LG_2024_PLY_000988_EPIC,PLY_000988,2,LIVE_EPIC,74,18,10,0,TRUE,2024
LG_2010_PLY_000989_GG,PLY_000989,7,GOLDEN_GLOVE,87,35,10,10,FALSE,2010
LG_2012_PLY_000989_LN,PLY_000989,1,LIVE_NORMAL,58,12,10,0,TRUE,2012
LG_2017_PLY_000990_AS,PLY_000990,3,ALLSTAR,75,24,10,10,TRUE,2017
LG_2015_PLY_000990_EPIC,PLY_000990,2,LIVE_EPIC,76,18,10,0,TRUE,2015
LG_2015_PLY_000990_LN,PLY_000990,1,LIVE_NORMAL,67,12,10,0,TRUE,2015
LG_2013_PLY_000990_LN,PLY_000990,1,LIVE_NORMAL,68,12,10,0,TRUE,2013
LG_2016_PLY_000990_LN,PLY_000990,1,LIVE_NORMAL,64,12,10,0,TRUE,2016
LG_2015_PLY_000990_SIG,PLY_000990,6,SIGNATURE,89,40,10,10,FALSE,2015
LG_2017_PLY_000990_LN,PLY_000990,1,LIVE_NORMAL,56,12,10,0,TRUE,2017
LG_2021_PLY_000990_LN,PLY_000990,1,LIVE_NORMAL,62,12,10,0,TRUE,2021
LG_2017_PLY_000990_SIG,PLY_000990,6,SIGNATURE,90,40,10,10,FALSE,2017
LG_2018_PLY_000990_LN,PLY_000990,1,LIVE_NORMAL,61,12,10,0,TRUE,2018
LG_2023_PLY_000991_AS,PLY_000991,3,ALLSTAR,78,24,10,10,TRUE,2023
LG_2015_PLY_000991_LN,PLY_000991,1,LIVE_NORMAL,68,12,10,0,TRUE,2015
LG_2019_PLY_000991_EPIC,PLY_000991,2,LIVE_EPIC,70,18,10,0,TRUE,2019
LG_2020_PLY_000992_LN,PLY_000992,1,LIVE_NORMAL,66,12,10,0,TRUE,2020
LG_2017_PLY_000992_GG,PLY_000992,7,GOLDEN_GLOVE,90,35,10,10,FALSE,2017
LG_2017_PLY_000992_AS,PLY_000992,3,ALLSTAR,74,24,10,10,TRUE,2017
LG_2017_PLY_000992_EPIC,PLY_000992,2,LIVE_EPIC,69,18,10,0,TRUE,2017
LG_2017_PLY_000992_LN,PLY_000992,1,LIVE_NORMAL,57,12,10,0,TRUE,2017
LG_2025_PLY_000992_EPIC,PLY_000992,2,LIVE_EPIC,73,18,10,0,TRUE,2025
LG_2024_PLY_000992_AS,PLY_000992,3,ALLSTAR,79,24,10,10,TRUE,2024
LG_2015_PLY_000992_LN,PLY_000992,1,LIVE_NORMAL,59,12,10,0,TRUE,2015
LG_2026_PLY_000992_LN,PLY_000992,1,LIVE_NORMAL,64,12,10,0,TRUE,2026
LG_2006_PLY_000993_LN,PLY_000993,1,LIVE_NORMAL,59,12,10,0,TRUE,2006
LG_2011_PLY_000993_EPIC,PLY_000993,2,LIVE_EPIC,76,18,10,0,TRUE,2011
LG_2004_PLY_000993_AS,PLY_000993,3,ALLSTAR,82,24,10,10,TRUE,2004
LG_2011_PLY_000993_LN,PLY_000993,1,LIVE_NORMAL,62,12,10,0,TRUE,2011
LG_2002_PLY_000993_LN,PLY_000993,1,LIVE_NORMAL,62,12,10,0,TRUE,2002
LG_2001_PLY_000993_AS,PLY_000993,3,ALLSTAR,79,24,10,10,TRUE,2001
LG_2009_PLY_000993_LN,PLY_000993,1,LIVE_NORMAL,63,12,10,0,TRUE,2009
LG_2010_PLY_000993_LN,PLY_000993,1,LIVE_NORMAL,66,12,10,0,TRUE,2010
LG_2009_PLY_000994_LN,PLY_000994,1,LIVE_NORMAL,60,12,10,0,TRUE,2009
LG_1998_PLY_000994_LN,PLY_000994,1,LIVE_NORMAL,63,12,10,0,TRUE,1998
LG_2023_PLY_000995_LN,PLY_000995,1,LIVE_NORMAL,57,12,10,0,TRUE,2023
LG_2020_PLY_000995_EPIC,PLY_000995,2,LIVE_EPIC,73,18,10,0,TRUE,2020
LG_2026_PLY_000995_EPIC,PLY_000995,2,LIVE_EPIC,73,18,10,0,TRUE,2026
LG_2022_PLY_000995_EPIC,PLY_000995,2,LIVE_EPIC,73,18,10,0,TRUE,2022
LG_2026_PLY_000995_LN,PLY_000995,1,LIVE_NORMAL,68,12,10,0,TRUE,2026
LG_2025_PLY_000995_EPIC,PLY_000995,2,LIVE_EPIC,71,18,10,0,TRUE,2025
LG_2022_PLY_000995_LN,PLY_000995,1,LIVE_NORMAL,65,12,10,0,TRUE,2022
LG_2024_PLY_000995_EPIC,PLY_000995,2,LIVE_EPIC,75,18,10,0,TRUE,2024
LG_2016_PLY_000996_AS,PLY_000996,3,ALLSTAR,83,24,10,10,TRUE,2016
LG_2022_PLY_000996_SIG,PLY_000996,6,SIGNATURE,94,40,10,10,FALSE,2022
LG_2010_PLY_000996_EPIC,PLY_000996,2,LIVE_EPIC,76,18,10,0,TRUE,2010
LG_2016_PLY_000996_TH,PLY_000996,4,TITLE_HOLDER,86,30,10,10,FALSE,2016
LG_2012_PLY_000996_AS,PLY_000996,3,ALLSTAR,78,24,10,10,TRUE,2012
LG_2014_PLY_000996_AS,PLY_000996,3,ALLSTAR,83,24,10,10,TRUE,2014
LG_2021_PLY_000996_LN,PLY_000996,1,LIVE_NORMAL,62,12,10,0,TRUE,2021
LG_2011_PLY_000996_AS,PLY_000996,3,ALLSTAR,83,24,10,10,TRUE,2011
LG_2024_PLY_000996_LN,PLY_000996,1,LIVE_NORMAL,62,12,10,0,TRUE,2024
LG_2025_PLY_000996_AS,PLY_000996,3,ALLSTAR,77,24,10,10,TRUE,2025
LG_2022_PLY_000996_LN,PLY_000996,1,LIVE_NORMAL,66,12,10,0,TRUE,2022
LG_2004_PLY_000997_LN,PLY_000997,1,LIVE_NORMAL,63,12,10,0,TRUE,2004
LG_2002_PLY_000997_LN,PLY_000997,1,LIVE_NORMAL,56,12,10,0,TRUE,2002
LG_2000_PLY_000997_AS,PLY_000997,3,ALLSTAR,74,24,10,10,TRUE,2000
LG_2003_PLY_000997_AS,PLY_000997,3,ALLSTAR,75,24,10,10,TRUE,2003
LG_2000_PLY_000997_EPIC,PLY_000997,2,LIVE_EPIC,67,18,10,0,TRUE,2000
LG_2001_PLY_000997_AS,PLY_000997,3,ALLSTAR,79,24,10,10,TRUE,2001
LG_2003_PLY_000997_LN,PLY_000997,1,LIVE_NORMAL,63,12,10,0,TRUE,2003
LG_2001_PLY_000997_LN,PLY_000997,1,LIVE_NORMAL,62,12,10,0,TRUE,2001
LG_2025_PLY_000998_AS,PLY_000998,3,ALLSTAR,83,24,10,10,TRUE,2025
LG_2023_PLY_000998_LN,PLY_000998,1,LIVE_NORMAL,60,12,10,0,TRUE,2023
LG_2025_PLY_000998_LN,PLY_000998,1,LIVE_NORMAL,56,12,10,0,TRUE,2025
LG_2025_PLY_000998_GG,PLY_000998,7,GOLDEN_GLOVE,85,35,10,10,FALSE,2025
LG_2024_PLY_000998_GG,PLY_000998,7,GOLDEN_GLOVE,89,35,10,10,FALSE,2024
LG_2023_PLY_000998_EPIC,PLY_000998,2,LIVE_EPIC,75,18,10,0,TRUE,2023
LG_2024_PLY_000998_EPIC,PLY_000998,2,LIVE_EPIC,67,18,10,0,TRUE,2024
LG_2025_PLY_000998_EPIC,PLY_000998,2,LIVE_EPIC,70,18,10,0,TRUE,2025
LG_2024_PLY_000998_TH,PLY_000998,4,TITLE_HOLDER,81,30,10,10,FALSE,2024
LG_2023_PLY_000998_GG,PLY_000998,7,GOLDEN_GLOVE,85,35,10,10,FALSE,2023
LG_2025_PLY_000999_EPIC,PLY_000999,2,LIVE_EPIC,70,18,10,0,TRUE,2025
LG_2021_PLY_000999_LN,PLY_000999,1,LIVE_NORMAL,62,12,10,0,TRUE,2021
LG_2023_PLY_000999_LN,PLY_000999,1,LIVE_NORMAL,55,12,10,0,TRUE,2023
LG_2024_PLY_000999_LN,PLY_000999,1,LIVE_NORMAL,55,12,10,0,TRUE,2024
LG_2018_PLY_001000_LN,PLY_001000,1,LIVE_NORMAL,56,12,10,0,TRUE,2018
LG_2026_PLY_001000_LN,PLY_001000,1,LIVE_NORMAL,66,12,10,0,TRUE,2026
LG_2024_PLY_001000_AS,PLY_001000,3,ALLSTAR,80,24,10,10,TRUE,2024
LG_2025_PLY_001000_EPIC,PLY_001000,2,LIVE_EPIC,68,18,10,0,TRUE,2025
LG_2025_PLY_001000_AS,PLY_001000,3,ALLSTAR,78,24,10,10,TRUE,2025
LG_2018_PLY_001000_SIG,PLY_001000,6,SIGNATURE,92,40,10,10,FALSE,2018
LG_2022_PLY_001000_LN,PLY_001000,1,LIVE_NORMAL,60,12,10,0,TRUE,2022
LG_2024_PLY_001001_AS,PLY_001001,3,ALLSTAR,76,24,10,10,TRUE,2024
LG_2025_PLY_001001_EPIC,PLY_001001,2,LIVE_EPIC,66,18,10,0,TRUE,2025
LG_2026_PLY_001001_TH,PLY_001001,4,TITLE_HOLDER,87,30,10,10,FALSE,2026
LG_2024_PLY_001001_EPIC,PLY_001001,2,LIVE_EPIC,70,18,10,0,TRUE,2024
LG_2010_PLY_001002_AS,PLY_001002,3,ALLSTAR,82,24,10,10,TRUE,2010
LG_2012_PLY_001002_AS,PLY_001002,3,ALLSTAR,81,24,10,10,TRUE,2012
LG_2011_PLY_001002_LN,PLY_001002,1,LIVE_NORMAL,62,12,10,0,TRUE,2011
LG_2009_PLY_001002_EPIC,PLY_001002,2,LIVE_EPIC,65,18,10,0,TRUE,2009
LG_2025_PLY_001002_GG,PLY_001002,7,GOLDEN_GLOVE,86,35,10,10,FALSE,2025
LG_2023_PLY_001002_AS,PLY_001002,3,ALLSTAR,80,24,10,10,TRUE,2023
LG_2017_PLY_001002_LN,PLY_001002,1,LIVE_NORMAL,61,12,10,0,TRUE,2017
LG_2010_PLY_001003_SIG,PLY_001003,6,SIGNATURE,92,40,10,10,FALSE,2010
LG_2009_PLY_001003_EPIC,PLY_001003,2,LIVE_EPIC,72,18,10,0,TRUE,2009
LG_2006_PLY_001003_GG,PLY_001003,7,GOLDEN_GLOVE,85,35,10,10,FALSE,2006
LG_2005_PLY_001003_GG,PLY_001003,7,GOLDEN_GLOVE,88,35,10,10,FALSE,2005
LG_2015_PLY_001003_AS,PLY_001003,3,ALLSTAR,76,24,10,10,TRUE,2015
LG_2014_PLY_001003_AS,PLY_001003,3,ALLSTAR,81,24,10,10,TRUE,2014
LG_2002_PLY_001003_EPIC,PLY_001003,2,LIVE_EPIC,69,18,10,0,TRUE,2002
LG_2019_PLY_001004_EPIC,PLY_001004,2,LIVE_EPIC,75,18,10,0,TRUE,2019
LG_2019_PLY_001004_SIG,PLY_001004,6,SIGNATURE,94,40,10,10,FALSE,2019
LG_2018_PLY_001004_LN,PLY_001004,1,LIVE_NORMAL,63,12,10,0,TRUE,2018
LG_2009_PLY_001004_TH,PLY_001004,4,TITLE_HOLDER,86,30,10,10,FALSE,2009
LG_2020_PLY_001004_LN,PLY_001004,1,LIVE_NORMAL,66,12,10,0,TRUE,2020
LG_2016_PLY_001004_EPIC,PLY_001004,2,LIVE_EPIC,68,18,10,0,TRUE,2016
LG_2009_PLY_001004_LN,PLY_001004,1,LIVE_NORMAL,64,12,10,0,TRUE,2009
LG_2013_PLY_001004_EPIC,PLY_001004,2,LIVE_EPIC,65,18,10,0,TRUE,2013
LG_2026_PLY_001005_TH,PLY_001005,4,TITLE_HOLDER,86,30,10,10,FALSE,2026
LG_2016_PLY_001005_LN,PLY_001005,1,LIVE_NORMAL,64,12,10,0,TRUE,2016
LG_2022_PLY_001005_GG,PLY_001005,7,GOLDEN_GLOVE,87,35,10,10,FALSE,2022
LG_2015_PLY_001005_TH,PLY_001005,4,TITLE_HOLDER,81,30,10,10,FALSE,2015
LG_2014_PLY_001005_GG,PLY_001005,7,GOLDEN_GLOVE,88,35,10,10,FALSE,2014
LG_2025_PLY_001005_AS,PLY_001005,3,ALLSTAR,82,24,10,10,TRUE,2025
LG_2019_PLY_001005_SIG,PLY_001005,6,SIGNATURE,87,40,10,10,FALSE,2019
LG_2022_PLY_001005_EPIC,PLY_001005,2,LIVE_EPIC,66,18,10,0,TRUE,2022
LG_2013_PLY_001005_LN,PLY_001005,1,LIVE_NORMAL,68,12,10,0,TRUE,2013
LG_2017_PLY_001006_LN,PLY_001006,1,LIVE_NORMAL,68,12,10,0,TRUE,2017
LG_2020_PLY_001006_EPIC,PLY_001006,2,LIVE_EPIC,76,18,10,0,TRUE,2020
LG_2021_PLY_001006_AS,PLY_001006,3,ALLSTAR,77,24,10,10,TRUE,2021
LG_2019_PLY_001006_GG,PLY_001006,7,GOLDEN_GLOVE,86,35,10,10,FALSE,2019
LG_2023_PLY_001006_TH,PLY_001006,4,TITLE_HOLDER,87,30,10,10,FALSE,2023
LG_2026_PLY_001006_LN,PLY_001006,1,LIVE_NORMAL,61,12,10,0,TRUE,2026
LG_2020_PLY_001006_LN,PLY_001006,1,LIVE_NORMAL,60,12,10,0,TRUE,2020
LG_2021_PLY_001006_LN,PLY_001006,1,LIVE_NORMAL,68,12,10,0,TRUE,2021
LG_2026_PLY_001007_AS,PLY_001007,3,ALLSTAR,78,24,10,10,TRUE,2026
LG_2025_PLY_001007_AS,PLY_001007,3,ALLSTAR,74,24,10,10,TRUE,2025
LG_2023_PLY_001007_EPIC,PLY_001007,2,LIVE_EPIC,70,18,10,0,TRUE,2023
LG_2026_PLY_001007_LN,PLY_001007,1,LIVE_NORMAL,61,12,10,0,TRUE,2026
LG_2024_PLY_001007_AS,PLY_001007,3,ALLSTAR,82,24,10,10,TRUE,2024
LG_2025_PLY_001007_EPIC,PLY_001007,2,LIVE_EPIC,73,18,10,0,TRUE,2025
LG_2023_PLY_001007_LN,PLY_001007,1,LIVE_NORMAL,60,12,10,0,TRUE,2023
LG_2021_PLY_001008_LN,PLY_001008,1,LIVE_NORMAL,68,12,10,0,TRUE,2021
LG_2023_PLY_001008_EPIC,PLY_001008,2,LIVE_EPIC,66,18,10,0,TRUE,2023
LG_2022_PLY_001008_LN,PLY_001008,1,LIVE_NORMAL,63,12,10,0,TRUE,2022
LG_2023_PLY_001008_LN,PLY_001008,1,LIVE_NORMAL,57,12,10,0,TRUE,2023
LG_2024_PLY_001008_EPIC,PLY_001008,2,LIVE_EPIC,71,18,10,0,TRUE,2024
LG_2017_PLY_001009_LN,PLY_001009,1,LIVE_NORMAL,63,12,10,0,TRUE,2017
LG_2013_PLY_001009_EPIC,PLY_001009,2,LIVE_EPIC,68,18,10,0,TRUE,2013
LG_2017_PLY_001009_SIG,PLY_001009,6,SIGNATURE,89,40,10,10,FALSE,2017
LG_2011_PLY_001009_LN,PLY_001009,1,LIVE_NORMAL,61,12,10,0,TRUE,2011
LG_2022_PLY_001010_TH,PLY_001010,4,TITLE_HOLDER,81,30,10,10,FALSE,2022
LG_2020_PLY_001010_LN,PLY_001010,1,LIVE_NORMAL,59,12,10,0,TRUE,2020
LG_2011_PLY_001010_LN,PLY_001010,1,LIVE_NORMAL,60,12,10,0,TRUE,2011
LG_2022_PLY_001010_EPIC,PLY_001010,2,LIVE_EPIC,67,18,10,0,TRUE,2022
LG_2017_PLY_001010_LN,PLY_001010,1,LIVE_NORMAL,59,12,10,0,TRUE,2017
LG_2017_PLY_001010_EPIC,PLY_001010,2,LIVE_EPIC,72,18,10,0,TRUE,2017
LG_2023_PLY_001011_LN,PLY_001011,1,LIVE_NORMAL,63,12,10,0,TRUE,2023
LG_2025_PLY_001011_EPIC,PLY_001011,2,LIVE_EPIC,74,18,10,0,TRUE,2025
LG_2026_PLY_001011_EPIC,PLY_001011,2,LIVE_EPIC,66,18,10,0,TRUE,2026
LG_2026_PLY_001011_LN,PLY_001011,1,LIVE_NORMAL,57,12,10,0,TRUE,2026
LG_2024_PLY_001011_GG,PLY_001011,7,GOLDEN_GLOVE,86,35,10,10,FALSE,2024
LG_2023_PLY_001011_EPIC,PLY_001011,2,LIVE_EPIC,69,18,10,0,TRUE,2023
LG_2014_PLY_001012_EPIC,PLY_001012,2,LIVE_EPIC,66,18,10,0,TRUE,2014
LG_2019_PLY_001012_LN,PLY_001012,1,LIVE_NORMAL,67,12,10,0,TRUE,2019
LG_2019_PLY_001012_GG,PLY_001012,7,GOLDEN_GLOVE,89,35,10,10,FALSE,2019
LG_2014_PLY_001012_LN,PLY_001012,1,LIVE_NORMAL,66,12,10,0,TRUE,2014
LG_2016_PLY_001012_AS,PLY_001012,3,ALLSTAR,83,24,10,10,TRUE,2016
LG_2018_PLY_001012_LN,PLY_001012,1,LIVE_NORMAL,60,12,10,0,TRUE,2018
LG_2015_PLY_001012_EPIC,PLY_001012,2,LIVE_EPIC,76,18,10,0,TRUE,2015
LG_2016_PLY_001013_LN,PLY_001013,1,LIVE_NORMAL,61,12,10,0,TRUE,2016
LG_2013_PLY_001013_LN,PLY_001013,1,LIVE_NORMAL,58,12,10,0,TRUE,2013
LG_2014_PLY_001013_LN,PLY_001013,1,LIVE_NORMAL,61,12,10,0,TRUE,2014
LG_1998_PLY_001014_EPIC,PLY_001014,2,LIVE_EPIC,73,18,10,0,TRUE,1998
LG_1997_PLY_001014_LN,PLY_001014,1,LIVE_NORMAL,67,12,10,0,TRUE,1997
LG_2000_PLY_001014_EPIC,PLY_001014,2,LIVE_EPIC,71,18,10,0,TRUE,2000
LG_1999_PLY_001014_LN,PLY_001014,1,LIVE_NORMAL,58,12,10,0,TRUE,1999
LG_2000_PLY_001014_AS,PLY_001014,3,ALLSTAR,78,24,10,10,TRUE,2000
LG_1999_PLY_001014_EPIC,PLY_001014,2,LIVE_EPIC,76,18,10,0,TRUE,1999
LG_1999_PLY_001014_SIG,PLY_001014,6,SIGNATURE,92,40,10,10,FALSE,1999
LG_2000_PLY_001014_LN,PLY_001014,1,LIVE_NORMAL,68,12,10,0,TRUE,2000
LG_1998_PLY_001014_LN,PLY_001014,1,LIVE_NORMAL,66,12,10,0,TRUE,1998
LG_2022_PLY_001015_EPIC,PLY_001015,2,LIVE_EPIC,74,18,10,0,TRUE,2022
LG_2026_PLY_001015_LN,PLY_001015,1,LIVE_NORMAL,67,12,10,0,TRUE,2026
LG_2024_PLY_001015_EPIC,PLY_001015,2,LIVE_EPIC,72,18,10,0,TRUE,2024
LG_2025_PLY_001015_AS,PLY_001015,3,ALLSTAR,77,24,10,10,TRUE,2025
LG_2025_PLY_001015_LN,PLY_001015,1,LIVE_NORMAL,64,12,10,0,TRUE,2025
LG_2026_PLY_001015_EPIC,PLY_001015,2,LIVE_EPIC,75,18,10,0,TRUE,2026
LG_2023_PLY_001015_LN,PLY_001015,1,LIVE_NORMAL,67,12,10,0,TRUE,2023
LG_1992_PLY_001016_TH,PLY_001016,4,TITLE_HOLDER,83,30,10,10,FALSE,1992
LG_1990_PLY_001016_LN,PLY_001016,1,LIVE_NORMAL,65,12,10,0,TRUE,1990
LG_1988_PLY_001016_LN,PLY_001016,1,LIVE_NORMAL,64,12,10,0,TRUE,1988
LG_2007_PLY_001017_AS,PLY_001017,3,ALLSTAR,82,24,10,10,TRUE,2007
LG_2003_PLY_001017_LN,PLY_001017,1,LIVE_NORMAL,56,12,10,0,TRUE,2003
LG_2009_PLY_001017_LN,PLY_001017,1,LIVE_NORMAL,59,12,10,0,TRUE,2009
LG_2013_PLY_001017_AS,PLY_001017,3,ALLSTAR,75,24,10,10,TRUE,2013
LG_2014_PLY_001017_LN,PLY_001017,1,LIVE_NORMAL,64,12,10,0,TRUE,2014
LG_2006_PLY_001017_TH,PLY_001017,4,TITLE_HOLDER,81,30,10,10,FALSE,2006
LG_2010_PLY_001017_TH,PLY_001017,4,TITLE_HOLDER,85,30,10,10,FALSE,2010
LG_2011_PLY_001017_EPIC,PLY_001017,2,LIVE_EPIC,71,18,10,0,TRUE,2011
LG_2022_PLY_001018_LN,PLY_001018,1,LIVE_NORMAL,55,12,10,0,TRUE,2022
LG_2012_PLY_001018_LN,PLY_001018,1,LIVE_NORMAL,61,12,10,0,TRUE,2012
LG_2020_PLY_001018_TH,PLY_001018,4,TITLE_HOLDER,81,30,10,10,FALSE,2020
LG_2020_PLY_001018_AS,PLY_001018,3,ALLSTAR,74,24,10,10,TRUE,2020
LG_2023_PLY_001018_EPIC,PLY_001018,2,LIVE_EPIC,75,18,10,0,TRUE,2023
LG_2015_PLY_001018_EPIC,PLY_001018,2,LIVE_EPIC,73,18,10,0,TRUE,2015
LG_2015_PLY_001018_TH,PLY_001018,4,TITLE_HOLDER,81,30,10,10,FALSE,2015
LG_2008_PLY_001019_LN,PLY_001019,1,LIVE_NORMAL,57,12,10,0,TRUE,2008
LG_2011_PLY_001019_LN,PLY_001019,1,LIVE_NORMAL,64,12,10,0,TRUE,2011
LG_2008_PLY_001019_EPIC,PLY_001019,2,LIVE_EPIC,72,18,10,0,TRUE,2008
LG_2000_PLY_001020_TH,PLY_001020,4,TITLE_HOLDER,87,30,10,10,FALSE,2000
LG_2000_PLY_001020_LN,PLY_001020,1,LIVE_NORMAL,64,12,10,0,TRUE,2000
LG_2007_PLY_001020_AS,PLY_001020,3,ALLSTAR,75,24,10,10,TRUE,2007
LG_2004_PLY_001020_EPIC,PLY_001020,2,LIVE_EPIC,73,18,10,0,TRUE,2004
LG_2001_PLY_001020_EPIC,PLY_001020,2,LIVE_EPIC,69,18,10,0,TRUE,2001
LG_2014_PLY_001021_LN,PLY_001021,1,LIVE_NORMAL,59,12,10,0,TRUE,2014
LG_2014_PLY_001021_AS,PLY_001021,3,ALLSTAR,77,24,10,10,TRUE,2014
LG_2017_PLY_001021_LN,PLY_001021,1,LIVE_NORMAL,61,12,10,0,TRUE,2017
LG_2014_PLY_001021_EPIC,PLY_001021,2,LIVE_EPIC,72,18,10,0,TRUE,2014
LG_2016_PLY_001021_GG,PLY_001021,7,GOLDEN_GLOVE,89,35,10,10,FALSE,2016
LG_2016_PLY_001021_EPIC,PLY_001021,2,LIVE_EPIC,73,18,10,0,TRUE,2016
LG_1993_PLY_001022_LN,PLY_001022,1,LIVE_NORMAL,55,12,10,0,TRUE,1993
LG_1995_PLY_001022_EPIC,PLY_001022,2,LIVE_EPIC,66,18,10,0,TRUE,1995
LG_1997_PLY_001022_TH,PLY_001022,4,TITLE_HOLDER,86,30,10,10,FALSE,1997
LG_1991_PLY_001022_LN,PLY_001022,1,LIVE_NORMAL,60,12,10,0,TRUE,1991
LG_1990_PLY_001022_EPIC,PLY_001022,2,LIVE_EPIC,75,18,10,0,TRUE,1990
LG_2010_PLY_001023_LN,PLY_001023,1,LIVE_NORMAL,56,12,10,0,TRUE,2010
LG_2019_PLY_001023_EPIC,PLY_001023,2,LIVE_EPIC,76,18,10,0,TRUE,2019
LG_2015_PLY_001023_TH,PLY_001023,4,TITLE_HOLDER,85,30,10,10,FALSE,2015
LG_2012_PLY_001023_EPIC,PLY_001023,2,LIVE_EPIC,72,18,10,0,TRUE,2012
LG_2012_PLY_001023_SIG,PLY_001023,6,SIGNATURE,89,40,10,10,FALSE,2012
LG_2020_PLY_001023_LN,PLY_001023,1,LIVE_NORMAL,57,12,10,0,TRUE,2020
LG_2023_PLY_001023_LN,PLY_001023,1,LIVE_NORMAL,66,12,10,0,TRUE,2023
LG_2014_PLY_001023_EPIC,PLY_001023,2,LIVE_EPIC,70,18,10,0,TRUE,2014
LG_2019_PLY_001023_LN,PLY_001023,1,LIVE_NORMAL,60,12,10,0,TRUE,2019
LG_2024_PLY_001024_AS,PLY_001024,3,ALLSTAR,80,24,10,10,TRUE,2024
LG_2026_PLY_001024_LN,PLY_001024,1,LIVE_NORMAL,68,12,10,0,TRUE,2026
LG_2026_PLY_001024_AS,PLY_001024,3,ALLSTAR,79,24,10,10,TRUE,2026
LG_2024_PLY_001024_LN,PLY_001024,1,LIVE_NORMAL,59,12,10,0,TRUE,2024
LG_2020_PLY_001024_EPIC,PLY_001024,2,LIVE_EPIC,71,18,10,0,TRUE,2020
LG_2017_PLY_001024_LN,PLY_001024,1,LIVE_NORMAL,57,12,10,0,TRUE,2017
LG_2025_PLY_001024_TH,PLY_001024,4,TITLE_HOLDER,82,30,10,10,FALSE,2025
LG_2016_PLY_001024_EPIC,PLY_001024,2,LIVE_EPIC,76,18,10,0,TRUE,2016
LG_2026_PLY_001024_EPIC,PLY_001024,2,LIVE_EPIC,65,18,10,0,TRUE,2026
LG_1996_PLY_001025_AS,PLY_001025,3,ALLSTAR,80,24,10,10,TRUE,1996
LG_1995_PLY_001025_LN,PLY_001025,1,LIVE_NORMAL,56,12,10,0,TRUE,1995
LG_1993_PLY_001025_LN,PLY_001025,1,LIVE_NORMAL,66,12,10,0,TRUE,1993
LG_1997_PLY_001025_EPIC,PLY_001025,2,LIVE_EPIC,70,18,10,0,TRUE,1997
LG_1989_PLY_001026_LN,PLY_001026,1,LIVE_NORMAL,67,12,10,0,TRUE,1989
LG_1989_PLY_001026_EPIC,PLY_001026,2,LIVE_EPIC,65,18,10,0,TRUE,1989
LG_1994_PLY_001026_EPIC,PLY_001026,2,LIVE_EPIC,76,18,10,0,TRUE,1994
LG_1996_PLY_001026_EPIC,PLY_001026,2,LIVE_EPIC,71,18,10,0,TRUE,1996
LG_1993_PLY_001026_AS,PLY_001026,3,ALLSTAR,80,24,10,10,TRUE,1993
LG_1992_PLY_001026_GG,PLY_001026,7,GOLDEN_GLOVE,84,35,10,10,FALSE,1992
LG_1990_PLY_001026_AS,PLY_001026,3,ALLSTAR,76,24,10,10,TRUE,1990
LG_2011_PLY_001027_EPIC,PLY_001027,2,LIVE_EPIC,72,18,10,0,TRUE,2011
LG_2002_PLY_001027_EPIC,PLY_001027,2,LIVE_EPIC,69,18,10,0,TRUE,2002
LG_2012_PLY_001027_SIG,PLY_001027,6,SIGNATURE,92,40,10,10,FALSE,2012
LG_2012_PLY_001027_LN,PLY_001027,1,LIVE_NORMAL,62,12,10,0,TRUE,2012
LG_2010_PLY_001027_LN,PLY_001027,1,LIVE_NORMAL,66,12,10,0,TRUE,2010
LG_2012_PLY_001027_EPIC,PLY_001027,2,LIVE_EPIC,71,18,10,0,TRUE,2012
LG_2015_PLY_001027_EPIC,PLY_001027,2,LIVE_EPIC,71,18,10,0,TRUE,2015
LG_2013_PLY_001027_LN,PLY_001027,1,LIVE_NORMAL,68,12,10,0,TRUE,2013
LG_2015_PLY_001027_LN,PLY_001027,1,LIVE_NORMAL,60,12,10,0,TRUE,2015
LG_2012_PLY_001027_GG,PLY_001027,7,GOLDEN_GLOVE,84,35,10,10,FALSE,2012
LG_2012_PLY_001028_LN,PLY_001028,1,LIVE_NORMAL,60,12,10,0,TRUE,2012
LG_2010_PLY_001028_LN,PLY_001028,1,LIVE_NORMAL,55,12,10,0,TRUE,2010
LG_2012_PLY_001028_EPIC,PLY_001028,2,LIVE_EPIC,69,18,10,0,TRUE,2012
LG_1995_PLY_001029_EPIC,PLY_001029,2,LIVE_EPIC,75,18,10,0,TRUE,1995
LG_1999_PLY_001029_AS,PLY_001029,3,ALLSTAR,77,24,10,10,TRUE,1999
LG_1993_PLY_001029_EPIC,PLY_001029,2,LIVE_EPIC,70,18,10,0,TRUE,1993
LG_2005_PLY_001029_LN,PLY_001029,1,LIVE_NORMAL,64,12,10,0,TRUE,2005
LG_2021_PLY_001030_LN,PLY_001030,1,LIVE_NORMAL,55,12,10,0,TRUE,2021
LG_2024_PLY_001030_LN,PLY_001030,1,LIVE_NORMAL,68,12,10,0,TRUE,2024
LG_2024_PLY_001030_AS,PLY_001030,3,ALLSTAR,74,24,10,10,TRUE,2024
LG_2025_PLY_001031_LN,PLY_001031,1,LIVE_NORMAL,61,12,10,0,TRUE,2025
LG_2023_PLY_001031_AS,PLY_001031,3,ALLSTAR,78,24,10,10,TRUE,2023
LG_2026_PLY_001031_TH,PLY_001031,4,TITLE_HOLDER,82,30,10,10,FALSE,2026
LG_2022_PLY_001031_EPIC,PLY_001031,2,LIVE_EPIC,65,18,10,0,TRUE,2022
LG_2024_PLY_001031_EPIC,PLY_001031,2,LIVE_EPIC,65,18,10,0,TRUE,2024
LG_2024_PLY_001031_LN,PLY_001031,1,LIVE_NORMAL,62,12,10,0,TRUE,2024
LG_2026_PLY_001031_AS,PLY_001031,3,ALLSTAR,74,24,10,10,TRUE,2026
LG_2021_PLY_001031_LN,PLY_001031,1,LIVE_NORMAL,56,12,10,0,TRUE,2021
LG_2001_PLY_001032_SIG,PLY_001032,6,SIGNATURE,93,40,10,10,FALSE,2001
LG_1997_PLY_001032_AS,PLY_001032,3,ALLSTAR,82,24,10,10,TRUE,1997
LG_2002_PLY_001032_LN,PLY_001032,1,LIVE_NORMAL,57,12,10,0,TRUE,2002
LG_1997_PLY_001032_GG,PLY_001032,7,GOLDEN_GLOVE,87,35,10,10,FALSE,1997
LG_1998_PLY_001032_LN,PLY_001032,1,LIVE_NORMAL,55,12,10,0,TRUE,1998
LG_1999_PLY_001032_EPIC,PLY_001032,2,LIVE_EPIC,76,18,10,0,TRUE,1999
LG_1991_PLY_001033_EPIC,PLY_001033,2,LIVE_EPIC,69,18,10,0,TRUE,1991
LG_1992_PLY_001033_EPIC,PLY_001033,2,LIVE_EPIC,65,18,10,0,TRUE,1992
LG_1989_PLY_001033_EPIC,PLY_001033,2,LIVE_EPIC,74,18,10,0,TRUE,1989
LG_1990_PLY_001033_LN,PLY_001033,1,LIVE_NORMAL,55,12,10,0,TRUE,1990
LG_1991_PLY_001033_GG,PLY_001033,7,GOLDEN_GLOVE,87,35,10,10,FALSE,1991
LG_1990_PLY_001033_EPIC,PLY_001033,2,LIVE_EPIC,70,18,10,0,TRUE,1990
LG_1994_PLY_001033_LN,PLY_001033,1,LIVE_NORMAL,63,12,10,0,TRUE,1994
LG_1993_PLY_001033_EPIC,PLY_001033,2,LIVE_EPIC,69,18,10,0,TRUE,1993
LG_1994_PLY_001033_TH,PLY_001033,4,TITLE_HOLDER,85,30,10,10,FALSE,1994
LG_2007_PLY_001034_SIG,PLY_001034,6,SIGNATURE,89,40,10,10,FALSE,2007
LG_2008_PLY_001034_EPIC,PLY_001034,2,LIVE_EPIC,71,18,10,0,TRUE,2008
LG_2005_PLY_001034_LN,PLY_001034,1,LIVE_NORMAL,68,12,10,0,TRUE,2005
LG_2006_PLY_001034_LN,PLY_001034,1,LIVE_NORMAL,62,12,10,0,TRUE,2006
LG_2006_PLY_001034_EPIC,PLY_001034,2,LIVE_EPIC,76,18,10,0,TRUE,2006
LG_2008_PLY_001034_LN,PLY_001034,1,LIVE_NORMAL,68,12,10,0,TRUE,2008
LG_1997_PLY_001035_LN,PLY_001035,1,LIVE_NORMAL,61,12,10,0,TRUE,1997
LG_1990_PLY_001035_EPIC,PLY_001035,2,LIVE_EPIC,74,18,10,0,TRUE,1990
LG_1997_PLY_001035_EPIC,PLY_001035,2,LIVE_EPIC,75,18,10,0,TRUE,1997
LG_1997_PLY_001035_TH,PLY_001035,4,TITLE_HOLDER,84,30,10,10,FALSE,1997
LG_2014_PLY_001036_LN,PLY_001036,1,LIVE_NORMAL,55,12,10,0,TRUE,2014
LG_2012_PLY_001036_AS,PLY_001036,3,ALLSTAR,81,24,10,10,TRUE,2012
LG_2015_PLY_001036_AS,PLY_001036,3,ALLSTAR,78,24,10,10,TRUE,2015
LG_2018_PLY_001036_GG,PLY_001036,7,GOLDEN_GLOVE,89,35,10,10,FALSE,2018
LG_2015_PLY_001036_EPIC,PLY_001036,2,LIVE_EPIC,73,18,10,0,TRUE,2015
LG_2013_PLY_001036_LN,PLY_001036,1,LIVE_NORMAL,68,12,10,0,TRUE,2013
LG_2018_PLY_001036_EPIC,PLY_001036,2,LIVE_EPIC,73,18,10,0,TRUE,2018
LG_2015_PLY_001036_LN,PLY_001036,1,LIVE_NORMAL,66,12,10,0,TRUE,2015
LG_2021_PLY_001037_LN,PLY_001037,1,LIVE_NORMAL,56,12,10,0,TRUE,2021
LG_2020_PLY_001037_LN,PLY_001037,1,LIVE_NORMAL,58,12,10,0,TRUE,2020
LG_2026_PLY_001037_EPIC,PLY_001037,2,LIVE_EPIC,65,18,10,0,TRUE,2026
LG_2019_PLY_001037_EPIC,PLY_001037,2,LIVE_EPIC,72,18,10,0,TRUE,2019
LG_2024_PLY_001037_LN,PLY_001037,1,LIVE_NORMAL,68,12,10,0,TRUE,2024
LG_2025_PLY_001037_TH,PLY_001037,4,TITLE_HOLDER,83,30,10,10,FALSE,2025
LG_2018_PLY_001037_EPIC,PLY_001037,2,LIVE_EPIC,72,18,10,0,TRUE,2018
LG_2019_PLY_001037_LN,PLY_001037,1,LIVE_NORMAL,65,12,10,0,TRUE,2019
LG_2010_PLY_001038_AS,PLY_001038,3,ALLSTAR,80,24,10,10,TRUE,2010
LG_2009_PLY_001038_LN,PLY_001038,1,LIVE_NORMAL,56,12,10,0,TRUE,2009
LG_2009_PLY_001038_TH,PLY_001038,4,TITLE_HOLDER,82,30,10,10,FALSE,2009
LG_2007_PLY_001038_EPIC,PLY_001038,2,LIVE_EPIC,73,18,10,0,TRUE,2007
LG_2007_PLY_001038_LN,PLY_001038,1,LIVE_NORMAL,62,12,10,0,TRUE,2007
LG_1994_PLY_001039_EPIC,PLY_001039,2,LIVE_EPIC,68,18,10,0,TRUE,1994
LG_1997_PLY_001039_LN,PLY_001039,1,LIVE_NORMAL,61,12,10,0,TRUE,1997
LG_1999_PLY_001039_AS,PLY_001039,3,ALLSTAR,83,24,10,10,TRUE,1999
LG_1997_PLY_001039_AS,PLY_001039,3,ALLSTAR,75,24,10,10,TRUE,1997
LG_1994_PLY_001039_LN,PLY_001039,1,LIVE_NORMAL,62,12,10,0,TRUE,1994
LG_1996_PLY_001039_EPIC,PLY_001039,2,LIVE_EPIC,70,18,10,0,TRUE,1996
LG_1994_PLY_001039_SIG,PLY_001039,6,SIGNATURE,91,40,10,10,FALSE,1994
LG_2006_PLY_001040_LN,PLY_001040,1,LIVE_NORMAL,55,12,10,0,TRUE,2006
LG_2005_PLY_001040_EPIC,PLY_001040,2,LIVE_EPIC,68,18,10,0,TRUE,2005
LG_2011_PLY_001040_AS,PLY_001040,3,ALLSTAR,81,24,10,10,TRUE,2011
LG_2018_PLY_001040_EPIC,PLY_001040,2,LIVE_EPIC,71,18,10,0,TRUE,2018
LG_2008_PLY_001040_EPIC,PLY_001040,2,LIVE_EPIC,74,18,10,0,TRUE,2008
LG_2009_PLY_001040_LN,PLY_001040,1,LIVE_NORMAL,68,12,10,0,TRUE,2009
LG_2019_PLY_001041_EPIC,PLY_001041,2,LIVE_EPIC,71,18,10,0,TRUE,2019
LG_2022_PLY_001041_TH,PLY_001041,4,TITLE_HOLDER,81,30,10,10,FALSE,2022
LG_2021_PLY_001041_LN,PLY_001041,1,LIVE_NORMAL,61,12,10,0,TRUE,2021
LG_2016_PLY_001042_EPIC,PLY_001042,2,LIVE_EPIC,71,18,10,0,TRUE,2016
LG_2019_PLY_001042_EPIC,PLY_001042,2,LIVE_EPIC,66,18,10,0,TRUE,2019
LG_2022_PLY_001042_EPIC,PLY_001042,2,LIVE_EPIC,72,18,10,0,TRUE,2022
LG_2019_PLY_001042_AS,PLY_001042,3,ALLSTAR,78,24,10,10,TRUE,2019
LG_1992_PLY_001043_LN,PLY_001043,1,LIVE_NORMAL,63,12,10,0,TRUE,1992
LG_1992_PLY_001043_AS,PLY_001043,3,ALLSTAR,76,24,10,10,TRUE,1992
LG_1992_PLY_001043_SIG,PLY_001043,6,SIGNATURE,94,40,10,10,FALSE,1992
LG_2021_PLY_001044_LN,PLY_001044,1,LIVE_NORMAL,57,12,10,0,TRUE,2021
LG_2017_PLY_001044_SIG,PLY_001044,6,SIGNATURE,90,40,10,10,FALSE,2017
LG_2023_PLY_001044_GG,PLY_001044,7,GOLDEN_GLOVE,89,35,10,10,FALSE,2023
LG_2020_PLY_001044_LN,PLY_001044,1,LIVE_NORMAL,58,12,10,0,TRUE,2020
LG_2021_PLY_001044_EPIC,PLY_001044,2,LIVE_EPIC,75,18,10,0,TRUE,2021
LG_2018_PLY_001044_TH,PLY_001044,4,TITLE_HOLDER,86,30,10,10,FALSE,2018
LG_2022_PLY_001044_LN,PLY_001044,1,LIVE_NORMAL,58,12,10,0,TRUE,2022
LG_2022_PLY_001044_EPIC,PLY_001044,2,LIVE_EPIC,70,18,10,0,TRUE,2022
LG_2013_PLY_001045_EPIC,PLY_001045,2,LIVE_EPIC,73,18,10,0,TRUE,2013
LG_2009_PLY_001045_GG,PLY_001045,7,GOLDEN_GLOVE,84,35,10,10,FALSE,2009
LG_2005_PLY_001045_LN,PLY_001045,1,LIVE_NORMAL,65,12,10,0,TRUE,2005
LG_2007_PLY_001045_EPIC,PLY_001045,2,LIVE_EPIC,65,18,10,0,TRUE,2007
LG_2018_PLY_001045_EPIC,PLY_001045,2,LIVE_EPIC,74,18,10,0,TRUE,2018
LG_2008_PLY_001045_LN,PLY_001045,1,LIVE_NORMAL,67,12,10,0,TRUE,2008
LG_2009_PLY_001045_AS,PLY_001045,3,ALLSTAR,76,24,10,10,TRUE,2009
LG_2018_PLY_001045_AS,PLY_001045,3,ALLSTAR,75,24,10,10,TRUE,2018
LG_2004_PLY_001045_AS,PLY_001045,3,ALLSTAR,74,24,10,10,TRUE,2004
LG_2004_PLY_001045_EPIC,PLY_001045,2,LIVE_EPIC,69,18,10,0,TRUE,2004
LG_2011_PLY_001045_AS,PLY_001045,3,ALLSTAR,76,24,10,10,TRUE,2011
LG_2001_PLY_001046_LN,PLY_001046,1,LIVE_NORMAL,63,12,10,0,TRUE,2001
LG_2002_PLY_001046_LN,PLY_001046,1,LIVE_NORMAL,55,12,10,0,TRUE,2002
LG_1998_PLY_001046_TH,PLY_001046,4,TITLE_HOLDER,84,30,10,10,FALSE,1998
LG_2000_PLY_001046_EPIC,PLY_001046,2,LIVE_EPIC,65,18,10,0,TRUE,2000
LG_2005_PLY_001046_EPIC,PLY_001046,2,LIVE_EPIC,73,18,10,0,TRUE,2005
LG_2008_PLY_001046_TH,PLY_001046,4,TITLE_HOLDER,82,30,10,10,FALSE,2008
LG_2006_PLY_001046_EPIC,PLY_001046,2,LIVE_EPIC,68,18,10,0,TRUE,2006
LG_1997_PLY_001046_AS,PLY_001046,3,ALLSTAR,76,24,10,10,TRUE,1997
LG_1995_PLY_001046_EPIC,PLY_001046,2,LIVE_EPIC,74,18,10,0,TRUE,1995
LG_2011_PLY_001046_LN,PLY_001046,1,LIVE_NORMAL,67,12,10,0,TRUE,2011
LG_1999_PLY_001046_AS,PLY_001046,3,ALLSTAR,81,24,10,10,TRUE,1999
LG_2019_PLY_001047_TH,PLY_001047,4,TITLE_HOLDER,87,30,10,10,FALSE,2019
LG_2014_PLY_001047_GG,PLY_001047,7,GOLDEN_GLOVE,89,35,10,10,FALSE,2014
LG_2010_PLY_001047_EPIC,PLY_001047,2,LIVE_EPIC,73,18,10,0,TRUE,2010
LG_2015_PLY_001047_LN,PLY_001047,1,LIVE_NORMAL,64,12,10,0,TRUE,2015
LG_2020_PLY_001047_EPIC,PLY_001047,2,LIVE_EPIC,71,18,10,0,TRUE,2020
LG_2018_PLY_001047_EPIC,PLY_001047,2,LIVE_EPIC,67,18,10,0,TRUE,2018
LG_2016_PLY_001047_GG,PLY_001047,7,GOLDEN_GLOVE,83,35,10,10,FALSE,2016
LG_2018_PLY_001047_TH,PLY_001047,4,TITLE_HOLDER,85,30,10,10,FALSE,2018
LG_2014_PLY_001047_LN,PLY_001047,1,LIVE_NORMAL,57,12,10,0,TRUE,2014
LG_2015_PLY_001047_AS,PLY_001047,3,ALLSTAR,82,24,10,10,TRUE,2015
LG_2013_PLY_001047_AS,PLY_001047,3,ALLSTAR,76,24,10,10,TRUE,2013
LG_1994_PLY_001048_EPIC,PLY_001048,2,LIVE_EPIC,74,18,10,0,TRUE,1994
LG_1987_PLY_001048_LN,PLY_001048,1,LIVE_NORMAL,67,12,10,0,TRUE,1987
LG_1992_PLY_001048_LN,PLY_001048,1,LIVE_NORMAL,65,12,10,0,TRUE,1992
LG_1990_PLY_001048_AS,PLY_001048,3,ALLSTAR,82,24,10,10,TRUE,1990
LG_1991_PLY_001048_LN,PLY_001048,1,LIVE_NORMAL,68,12,10,0,TRUE,1991
LG_1992_PLY_001048_GG,PLY_001048,7,GOLDEN_GLOVE,87,35,10,10,FALSE,1992
LG_1990_PLY_001048_LN,PLY_001048,1,LIVE_NORMAL,55,12,10,0,TRUE,1990
LG_1989_PLY_001048_AS,PLY_001048,3,ALLSTAR,81,24,10,10,TRUE,1989
LG_2015_PLY_001049_LN,PLY_001049,1,LIVE_NORMAL,56,12,10,0,TRUE,2015
LG_2024_PLY_001049_LN,PLY_001049,1,LIVE_NORMAL,66,12,10,0,TRUE,2024
LG_2020_PLY_001049_LN,PLY_001049,1,LIVE_NORMAL,57,12,10,0,TRUE,2020
LG_2015_PLY_001049_TH,PLY_001049,4,TITLE_HOLDER,81,30,10,10,FALSE,2015
LG_2026_PLY_001049_EPIC,PLY_001049,2,LIVE_EPIC,65,18,10,0,TRUE,2026
LG_2023_PLY_001049_LN,PLY_001049,1,LIVE_NORMAL,60,12,10,0,TRUE,2023
LG_2018_PLY_001049_LN,PLY_001049,1,LIVE_NORMAL,67,12,10,0,TRUE,2018
LG_2026_PLY_001049_AS,PLY_001049,3,ALLSTAR,78,24,10,10,TRUE,2026
LG_2020_PLY_001049_EPIC,PLY_001049,2,LIVE_EPIC,73,18,10,0,TRUE,2020
LG_2016_PLY_001050_TH,PLY_001050,4,TITLE_HOLDER,84,30,10,10,FALSE,2016
LG_2014_PLY_001050_AS,PLY_001050,3,ALLSTAR,83,24,10,10,TRUE,2014
LG_2013_PLY_001050_LN,PLY_001050,1,LIVE_NORMAL,60,12,10,0,TRUE,2013
LG_2013_PLY_001050_EPIC,PLY_001050,2,LIVE_EPIC,72,18,10,0,TRUE,2013
LG_2017_PLY_001050_TH,PLY_001050,4,TITLE_HOLDER,83,30,10,10,FALSE,2017
LG_1999_PLY_001051_LN,PLY_001051,1,LIVE_NORMAL,63,12,10,0,TRUE,1999
LG_1998_PLY_001051_LN,PLY_001051,1,LIVE_NORMAL,65,12,10,0,TRUE,1998
LG_1997_PLY_001052_AS,PLY_001052,3,ALLSTAR,81,24,10,10,TRUE,1997
LG_1995_PLY_001052_LN,PLY_001052,1,LIVE_NORMAL,61,12,10,0,TRUE,1995
LG_1996_PLY_001052_TH,PLY_001052,4,TITLE_HOLDER,85,30,10,10,FALSE,1996
LG_1996_PLY_001052_EPIC,PLY_001052,2,LIVE_EPIC,70,18,10,0,TRUE,1996
LG_1998_PLY_001052_TH,PLY_001052,4,TITLE_HOLDER,84,30,10,10,FALSE,1998
LG_1998_PLY_001052_AS,PLY_001052,3,ALLSTAR,78,24,10,10,TRUE,1998
LG_2018_PLY_001053_LN,PLY_001053,1,LIVE_NORMAL,59,12,10,0,TRUE,2018
LG_2016_PLY_001053_EPIC,PLY_001053,2,LIVE_EPIC,73,18,10,0,TRUE,2016
LG_2021_PLY_001053_EPIC,PLY_001053,2,LIVE_EPIC,70,18,10,0,TRUE,2021
LG_2018_PLY_001053_EPIC,PLY_001053,2,LIVE_EPIC,75,18,10,0,TRUE,2018
LG_2022_PLY_001053_AS,PLY_001053,3,ALLSTAR,83,24,10,10,TRUE,2022
LG_2016_PLY_001053_AS,PLY_001053,3,ALLSTAR,82,24,10,10,TRUE,2016
LG_2017_PLY_001053_TH,PLY_001053,4,TITLE_HOLDER,85,30,10,10,FALSE,2017
LG_2018_PLY_001053_GG,PLY_001053,7,GOLDEN_GLOVE,90,35,10,10,FALSE,2018
LG_2024_PLY_001054_TH,PLY_001054,4,TITLE_HOLDER,81,30,10,10,FALSE,2024
LG_2026_PLY_001054_EPIC,PLY_001054,2,LIVE_EPIC,69,18,10,0,TRUE,2026
LG_2024_PLY_001054_LN,PLY_001054,1,LIVE_NORMAL,59,12,10,0,TRUE,2024
LG_2025_PLY_001054_AS,PLY_001054,3,ALLSTAR,83,24,10,10,TRUE,2025
LG_2023_PLY_001054_LN,PLY_001054,1,LIVE_NORMAL,67,12,10,0,TRUE,2023
LG_2023_PLY_001054_EPIC,PLY_001054,2,LIVE_EPIC,72,18,10,0,TRUE,2023
LG_2026_PLY_001054_LN,PLY_001054,1,LIVE_NORMAL,65,12,10,0,TRUE,2026
LG_2026_PLY_001055_LN,PLY_001055,1,LIVE_NORMAL,61,12,10,0,TRUE,2026
LG_2025_PLY_001055_LN,PLY_001055,1,LIVE_NORMAL,59,12,10,0,TRUE,2025
LG_2024_PLY_001055_SIG,PLY_001055,6,SIGNATURE,88,40,10,10,FALSE,2024
LG_2001_PLY_001056_TH,PLY_001056,4,TITLE_HOLDER,86,30,10,10,FALSE,2001
LG_2000_PLY_001056_AS,PLY_001056,3,ALLSTAR,77,24,10,10,TRUE,2000
LG_2002_PLY_001056_GG,PLY_001056,7,GOLDEN_GLOVE,89,35,10,10,FALSE,2002
LG_1999_PLY_001056_TH,PLY_001056,4,TITLE_HOLDER,81,30,10,10,FALSE,1999
LG_2008_PLY_001056_LN,PLY_001056,1,LIVE_NORMAL,67,12,10,0,TRUE,2008
LG_1998_PLY_001057_LN,PLY_001057,1,LIVE_NORMAL,56,12,10,0,TRUE,1998
LG_2000_PLY_001057_AS,PLY_001057,3,ALLSTAR,81,24,10,10,TRUE,2000
LG_1993_PLY_001057_LN,PLY_001057,1,LIVE_NORMAL,55,12,10,0,TRUE,1993
LG_2000_PLY_001057_LN,PLY_001057,1,LIVE_NORMAL,61,12,10,0,TRUE,2000
LG_1999_PLY_001057_LN,PLY_001057,1,LIVE_NORMAL,64,12,10,0,TRUE,1999
LG_1996_PLY_001057_EPIC,PLY_001057,2,LIVE_EPIC,73,18,10,0,TRUE,1996
LG_1992_PLY_001057_EPIC,PLY_001057,2,LIVE_EPIC,65,18,10,0,TRUE,1992
LG_2021_PLY_001058_EPIC,PLY_001058,2,LIVE_EPIC,75,18,10,0,TRUE,2021
LG_2025_PLY_001058_TH,PLY_001058,4,TITLE_HOLDER,83,30,10,10,FALSE,2025
LG_2024_PLY_001058_EPIC,PLY_001058,2,LIVE_EPIC,66,18,10,0,TRUE,2024
LG_2022_PLY_001058_LN,PLY_001058,1,LIVE_NORMAL,58,12,10,0,TRUE,2022
LG_2026_PLY_001058_AS,PLY_001058,3,ALLSTAR,80,24,10,10,TRUE,2026
LG_2026_PLY_001059_EPIC,PLY_001059,2,LIVE_EPIC,65,18,10,0,TRUE,2026
LG_2024_PLY_001059_EPIC,PLY_001059,2,LIVE_EPIC,70,18,10,0,TRUE,2024
LG_2026_PLY_001059_TH,PLY_001059,4,TITLE_HOLDER,83,30,10,10,FALSE,2026
LG_2025_PLY_001059_LN,PLY_001059,1,LIVE_NORMAL,62,12,10,0,TRUE,2025
LG_2023_PLY_001059_TH,PLY_001059,4,TITLE_HOLDER,85,30,10,10,FALSE,2023
LG_2024_PLY_001059_AS,PLY_001059,3,ALLSTAR,83,24,10,10,TRUE,2024
LG_2023_PLY_001059_EPIC,PLY_001059,2,LIVE_EPIC,73,18,10,0,TRUE,2023
LG_1993_PLY_001060_EPIC,PLY_001060,2,LIVE_EPIC,66,18,10,0,TRUE,1993
LG_1993_PLY_001060_LN,PLY_001060,1,LIVE_NORMAL,58,12,10,0,TRUE,1993
LG_1989_PLY_001060_AS,PLY_001060,3,ALLSTAR,76,24,10,10,TRUE,1989
LG_1992_PLY_001060_EPIC,PLY_001060,2,LIVE_EPIC,70,18,10,0,TRUE,1992
LG_1991_PLY_001060_LN,PLY_001060,1,LIVE_NORMAL,60,12,10,0,TRUE,1991
LG_1988_PLY_001060_EPIC,PLY_001060,2,LIVE_EPIC,70,18,10,0,TRUE,1988
LG_1998_PLY_001061_EPIC,PLY_001061,2,LIVE_EPIC,65,18,10,0,TRUE,1998
LG_1997_PLY_001061_LN,PLY_001061,1,LIVE_NORMAL,66,12,10,0,TRUE,1997
LG_2009_PLY_001061_LN,PLY_001061,1,LIVE_NORMAL,63,12,10,0,TRUE,2009
LG_2006_PLY_001061_LN,PLY_001061,1,LIVE_NORMAL,65,12,10,0,TRUE,2006
LG_1998_PLY_001061_SIG,PLY_001061,6,SIGNATURE,88,40,10,10,FALSE,1998
LG_2002_PLY_001061_AS,PLY_001061,3,ALLSTAR,74,24,10,10,TRUE,2002
LG_1999_PLY_001061_TH,PLY_001061,4,TITLE_HOLDER,82,30,10,10,FALSE,1999
LG_1995_PLY_001061_LN,PLY_001061,1,LIVE_NORMAL,66,12,10,0,TRUE,1995
LG_2008_PLY_001061_AS,PLY_001061,3,ALLSTAR,83,24,10,10,TRUE,2008
LG_2008_PLY_001062_AS,PLY_001062,3,ALLSTAR,83,24,10,10,TRUE,2008
LG_2011_PLY_001062_AS,PLY_001062,3,ALLSTAR,76,24,10,10,TRUE,2011
LG_2008_PLY_001062_EPIC,PLY_001062,2,LIVE_EPIC,68,18,10,0,TRUE,2008
LG_2011_PLY_001062_EPIC,PLY_001062,2,LIVE_EPIC,68,18,10,0,TRUE,2011
LG_2010_PLY_001062_GG,PLY_001062,7,GOLDEN_GLOVE,90,35,10,10,FALSE,2010
LG_2009_PLY_001062_GG,PLY_001062,7,GOLDEN_GLOVE,83,35,10,10,FALSE,2009
LG_2011_PLY_001062_GG,PLY_001062,7,GOLDEN_GLOVE,88,35,10,10,FALSE,2011
LG_2008_PLY_001062_TH,PLY_001062,4,TITLE_HOLDER,87,30,10,10,FALSE,2008
LG_2011_PLY_001062_LN,PLY_001062,1,LIVE_NORMAL,55,12,10,0,TRUE,2011
LG_2006_PLY_001063_LN,PLY_001063,1,LIVE_NORMAL,63,12,10,0,TRUE,2006
LG_2001_PLY_001063_LN,PLY_001063,1,LIVE_NORMAL,64,12,10,0,TRUE,2001
LG_2005_PLY_001063_EPIC,PLY_001063,2,LIVE_EPIC,70,18,10,0,TRUE,2005
LG_2004_PLY_001063_LN,PLY_001063,1,LIVE_NORMAL,63,12,10,0,TRUE,2004
LG_2005_PLY_001063_LN,PLY_001063,1,LIVE_NORMAL,62,12,10,0,TRUE,2005
LG_2006_PLY_001063_EPIC,PLY_001063,2,LIVE_EPIC,67,18,10,0,TRUE,2006
LG_2004_PLY_001064_LN,PLY_001064,1,LIVE_NORMAL,63,12,10,0,TRUE,2004
LG_2009_PLY_001064_EPIC,PLY_001064,2,LIVE_EPIC,67,18,10,0,TRUE,2009
LG_2003_PLY_001064_LN,PLY_001064,1,LIVE_NORMAL,55,12,10,0,TRUE,2003
LG_1999_PLY_001064_EPIC,PLY_001064,2,LIVE_EPIC,66,18,10,0,TRUE,1999
LG_2005_PLY_001064_EPIC,PLY_001064,2,LIVE_EPIC,76,18,10,0,TRUE,2005
LG_2009_PLY_001064_LN,PLY_001064,1,LIVE_NORMAL,64,12,10,0,TRUE,2009
LG_2007_PLY_001064_LN,PLY_001064,1,LIVE_NORMAL,64,12,10,0,TRUE,2007
LG_1998_PLY_001064_EPIC,PLY_001064,2,LIVE_EPIC,68,18,10,0,TRUE,1998
LG_2000_PLY_001065_TH,PLY_001065,4,TITLE_HOLDER,80,30,10,10,FALSE,2000
LG_2002_PLY_001065_EPIC,PLY_001065,2,LIVE_EPIC,69,18,10,0,TRUE,2002
LG_2020_PLY_001066_EPIC,PLY_001066,2,LIVE_EPIC,73,18,10,0,TRUE,2020
LG_2020_PLY_001066_LN,PLY_001066,1,LIVE_NORMAL,65,12,10,0,TRUE,2020
LG_2022_PLY_001066_LN,PLY_001066,1,LIVE_NORMAL,63,12,10,0,TRUE,2022
LG_2018_PLY_001066_EPIC,PLY_001066,2,LIVE_EPIC,65,18,10,0,TRUE,2018
LG_2011_PLY_001067_EPIC,PLY_001067,2,LIVE_EPIC,70,18,10,0,TRUE,2011
LG_2012_PLY_001067_EPIC,PLY_001067,2,LIVE_EPIC,67,18,10,0,TRUE,2012
LG_2008_PLY_001067_LN,PLY_001067,1,LIVE_NORMAL,59,12,10,0,TRUE,2008
LG_2009_PLY_001067_EPIC,PLY_001067,2,LIVE_EPIC,71,18,10,0,TRUE,2009
LG_2014_PLY_001067_EPIC,PLY_001067,2,LIVE_EPIC,74,18,10,0,TRUE,2014
LG_2015_PLY_001067_LN,PLY_001067,1,LIVE_NORMAL,62,12,10,0,TRUE,2015
LG_1991_PLY_001068_AS,PLY_001068,3,ALLSTAR,78,24,10,10,TRUE,1991
LG_2006_PLY_001068_GG,PLY_001068,7,GOLDEN_GLOVE,86,35,10,10,FALSE,2006
LG_1995_PLY_001068_LN,PLY_001068,1,LIVE_NORMAL,59,12,10,0,TRUE,1995
LG_2002_PLY_001068_AS,PLY_001068,3,ALLSTAR,82,24,10,10,TRUE,2002
LG_2005_PLY_001068_AS,PLY_001068,3,ALLSTAR,75,24,10,10,TRUE,2005
LG_2006_PLY_001068_EPIC,PLY_001068,2,LIVE_EPIC,71,18,10,0,TRUE,2006
LG_1991_PLY_001069_LN,PLY_001069,1,LIVE_NORMAL,67,12,10,0,TRUE,1991
LG_1989_PLY_001069_TH,PLY_001069,4,TITLE_HOLDER,81,30,10,10,FALSE,1989
LG_1987_PLY_001069_LN,PLY_001069,1,LIVE_NORMAL,60,12,10,0,TRUE,1987
LG_1988_PLY_001069_EPIC,PLY_001069,2,LIVE_EPIC,76,18,10,0,TRUE,1988
LG_1987_PLY_001069_EPIC,PLY_001069,2,LIVE_EPIC,75,18,10,0,TRUE,1987
LG_1989_PLY_001069_AS,PLY_001069,3,ALLSTAR,78,24,10,10,TRUE,1989
LG_1991_PLY_001069_EPIC,PLY_001069,2,LIVE_EPIC,71,18,10,0,TRUE,1991
LG_1989_PLY_001069_LN,PLY_001069,1,LIVE_NORMAL,68,12,10,0,TRUE,1989
LG_2000_PLY_001070_LN,PLY_001070,1,LIVE_NORMAL,62,12,10,0,TRUE,2000
LG_2011_PLY_001070_LN,PLY_001070,1,LIVE_NORMAL,62,12,10,0,TRUE,2011
LG_2013_PLY_001070_LN,PLY_001070,1,LIVE_NORMAL,56,12,10,0,TRUE,2013
LG_2010_PLY_001070_EPIC,PLY_001070,2,LIVE_EPIC,74,18,10,0,TRUE,2010
LG_2011_PLY_001070_EPIC,PLY_001070,2,LIVE_EPIC,70,18,10,0,TRUE,2011
LG_2015_PLY_001070_AS,PLY_001070,3,ALLSTAR,80,24,10,10,TRUE,2015
LG_2006_PLY_001071_LN,PLY_001071,1,LIVE_NORMAL,61,12,10,0,TRUE,2006
LG_2011_PLY_001071_GG,PLY_001071,7,GOLDEN_GLOVE,84,35,10,10,FALSE,2011
LG_2004_PLY_001071_LN,PLY_001071,1,LIVE_NORMAL,68,12,10,0,TRUE,2004
LG_2003_PLY_001071_EPIC,PLY_001071,2,LIVE_EPIC,75,18,10,0,TRUE,2003
LG_2009_PLY_001071_LN,PLY_001071,1,LIVE_NORMAL,55,12,10,0,TRUE,2009
LG_2004_PLY_001071_AS,PLY_001071,3,ALLSTAR,76,24,10,10,TRUE,2004
LG_2005_PLY_001071_EPIC,PLY_001071,2,LIVE_EPIC,66,18,10,0,TRUE,2005
LG_2007_PLY_001071_TH,PLY_001071,4,TITLE_HOLDER,81,30,10,10,FALSE,2007
LG_2008_PLY_001071_LN,PLY_001071,1,LIVE_NORMAL,57,12,10,0,TRUE,2008
LG_2003_PLY_001072_AS,PLY_001072,3,ALLSTAR,77,24,10,10,TRUE,2003
LG_2009_PLY_001072_SIG,PLY_001072,6,SIGNATURE,90,40,10,10,FALSE,2009
LG_2006_PLY_001072_TH,PLY_001072,4,TITLE_HOLDER,87,30,10,10,FALSE,2006
LG_1996_PLY_001072_EPIC,PLY_001072,2,LIVE_EPIC,65,18,10,0,TRUE,1996
LG_2004_PLY_001072_SIG,PLY_001072,6,SIGNATURE,90,40,10,10,FALSE,2004
LG_2011_PLY_001072_EPIC,PLY_001072,2,LIVE_EPIC,65,18,10,0,TRUE,2011
LG_1999_PLY_001072_LN,PLY_001072,1,LIVE_NORMAL,65,12,10,0,TRUE,1999
LG_2013_PLY_001072_LN,PLY_001072,1,LIVE_NORMAL,64,12,10,0,TRUE,2013
LG_2007_PLY_001073_EPIC,PLY_001073,2,LIVE_EPIC,73,18,10,0,TRUE,2007
LG_2007_PLY_001073_GG,PLY_001073,7,GOLDEN_GLOVE,89,35,10,10,FALSE,2007
LG_2009_PLY_001073_EPIC,PLY_001073,2,LIVE_EPIC,65,18,10,0,TRUE,2009
LG_2002_PLY_001073_AS,PLY_001073,3,ALLSTAR,76,24,10,10,TRUE,2002
LG_2007_PLY_001073_AS,PLY_001073,3,ALLSTAR,74,24,10,10,TRUE,2007
LG_2001_PLY_001073_LN,PLY_001073,1,LIVE_NORMAL,65,12,10,0,TRUE,2001
LG_1992_PLY_001074_EPIC,PLY_001074,2,LIVE_EPIC,67,18,10,0,TRUE,1992
LG_2010_PLY_001074_EPIC,PLY_001074,2,LIVE_EPIC,70,18,10,0,TRUE,2010
LG_2002_PLY_001074_LN,PLY_001074,1,LIVE_NORMAL,64,12,10,0,TRUE,2002
LG_1997_PLY_001074_TH,PLY_001074,4,TITLE_HOLDER,86,30,10,10,FALSE,1997
LG_2009_PLY_001074_TH,PLY_001074,4,TITLE_HOLDER,81,30,10,10,FALSE,2009
LG_2009_PLY_001074_LN,PLY_001074,1,LIVE_NORMAL,58,12,10,0,TRUE,2009
LG_2003_PLY_001074_LN,PLY_001074,1,LIVE_NORMAL,59,12,10,0,TRUE,2003
LG_2010_PLY_001074_LN,PLY_001074,1,LIVE_NORMAL,55,12,10,0,TRUE,2010
LG_1991_PLY_001074_LN,PLY_001074,1,LIVE_NORMAL,68,12,10,0,TRUE,1991
LG_1999_PLY_001074_LN,PLY_001074,1,LIVE_NORMAL,57,12,10,0,TRUE,1999
LG_2002_PLY_001075_SIG,PLY_001075,6,SIGNATURE,93,40,10,10,FALSE,2002
LG_2001_PLY_001075_AS,PLY_001075,3,ALLSTAR,83,24,10,10,TRUE,2001
LG_2004_PLY_001075_AS,PLY_001075,3,ALLSTAR,83,24,10,10,TRUE,2004
LG_2000_PLY_001075_EPIC,PLY_001075,2,LIVE_EPIC,69,18,10,0,TRUE,2000
LG_2014_PLY_001075_EPIC,PLY_001075,2,LIVE_EPIC,73,18,10,0,TRUE,2014
LG_2009_PLY_001075_TH,PLY_001075,4,TITLE_HOLDER,87,30,10,10,FALSE,2009
LG_1999_PLY_001075_LN,PLY_001075,1,LIVE_NORMAL,66,12,10,0,TRUE,1999
LG_2013_PLY_001076_AS,PLY_001076,3,ALLSTAR,75,24,10,10,TRUE,2013
LG_2013_PLY_001076_LN,PLY_001076,1,LIVE_NORMAL,57,12,10,0,TRUE,2013
LG_2014_PLY_001076_EPIC,PLY_001076,2,LIVE_EPIC,68,18,10,0,TRUE,2014
LG_2021_PLY_001076_EPIC,PLY_001076,2,LIVE_EPIC,71,18,10,0,TRUE,2021
LG_2023_PLY_001076_LN,PLY_001076,1,LIVE_NORMAL,68,12,10,0,TRUE,2023
LG_2015_PLY_001076_TH,PLY_001076,4,TITLE_HOLDER,82,30,10,10,FALSE,2015
LG_2014_PLY_001076_AS,PLY_001076,3,ALLSTAR,76,24,10,10,TRUE,2014
LG_2011_PLY_001076_TH,PLY_001076,4,TITLE_HOLDER,80,30,10,10,FALSE,2011
LG_2014_PLY_001077_LN,PLY_001077,1,LIVE_NORMAL,66,12,10,0,TRUE,2014
LG_2020_PLY_001077_TH,PLY_001077,4,TITLE_HOLDER,82,30,10,10,FALSE,2020
LG_2016_PLY_001077_TH,PLY_001077,4,TITLE_HOLDER,84,30,10,10,FALSE,2016
LG_2018_PLY_001077_AS,PLY_001077,3,ALLSTAR,79,24,10,10,TRUE,2018
LG_2025_PLY_001077_LN,PLY_001077,1,LIVE_NORMAL,65,12,10,0,TRUE,2025
LG_2014_PLY_001077_TH,PLY_001077,4,TITLE_HOLDER,85,30,10,10,FALSE,2014
LG_2026_PLY_001077_LN,PLY_001077,1,LIVE_NORMAL,61,12,10,0,TRUE,2026
LG_2012_PLY_001077_LN,PLY_001077,1,LIVE_NORMAL,59,12,10,0,TRUE,2012
LG_1995_PLY_001078_LN,PLY_001078,1,LIVE_NORMAL,59,12,10,0,TRUE,1995
LG_1995_PLY_001078_TH,PLY_001078,4,TITLE_HOLDER,87,30,10,10,FALSE,1995
LG_1997_PLY_001078_AS,PLY_001078,3,ALLSTAR,83,24,10,10,TRUE,1997
LG_1987_PLY_001078_LN,PLY_001078,1,LIVE_NORMAL,56,12,10,0,TRUE,1987
LG_1986_PLY_001079_TH,PLY_001079,4,TITLE_HOLDER,80,30,10,10,FALSE,1986
LG_1986_PLY_001079_EPIC,PLY_001079,2,LIVE_EPIC,68,18,10,0,TRUE,1986
LG_1993_PLY_001079_LN,PLY_001079,1,LIVE_NORMAL,59,12,10,0,TRUE,1993
LG_1993_PLY_001079_GG,PLY_001079,7,GOLDEN_GLOVE,85,35,10,10,FALSE,1993
LG_1996_PLY_001079_LN,PLY_001079,1,LIVE_NORMAL,57,12,10,0,TRUE,1996
LG_1997_PLY_001079_LN,PLY_001079,1,LIVE_NORMAL,56,12,10,0,TRUE,1997
LG_1992_PLY_001079_EPIC,PLY_001079,2,LIVE_EPIC,76,18,10,0,TRUE,1992
LG_1990_PLY_001079_AS,PLY_001079,3,ALLSTAR,83,24,10,10,TRUE,1990
LG_1992_PLY_001079_AS,PLY_001079,3,ALLSTAR,77,24,10,10,TRUE,1992
LG_1986_PLY_001079_SIG,PLY_001079,6,SIGNATURE,87,40,10,10,FALSE,1986
LG_1991_PLY_001079_AS,PLY_001079,3,ALLSTAR,83,24,10,10,TRUE,1991
LG_2011_PLY_001080_EPIC,PLY_001080,2,LIVE_EPIC,65,18,10,0,TRUE,2011
LG_2013_PLY_001080_SIG,PLY_001080,6,SIGNATURE,90,40,10,10,FALSE,2013
LG_2013_PLY_001080_EPIC,PLY_001080,2,LIVE_EPIC,69,18,10,0,TRUE,2013
LG_2011_PLY_001080_LN,PLY_001080,1,LIVE_NORMAL,65,12,10,0,TRUE,2011
LG_2013_PLY_001080_LN,PLY_001080,1,LIVE_NORMAL,58,12,10,0,TRUE,2013
LG_2013_PLY_001080_AS,PLY_001080,3,ALLSTAR,77,24,10,10,TRUE,2013
LG_2010_PLY_001080_LN,PLY_001080,1,LIVE_NORMAL,57,12,10,0,TRUE,2010
LG_2010_PLY_001080_SIG,PLY_001080,6,SIGNATURE,90,40,10,10,FALSE,2010
LG_2010_PLY_001080_TH,PLY_001080,4,TITLE_HOLDER,84,30,10,10,FALSE,2010
LG_2017_PLY_001081_EPIC,PLY_001081,2,LIVE_EPIC,76,18,10,0,TRUE,2017
LG_2016_PLY_001081_EPIC,PLY_001081,2,LIVE_EPIC,66,18,10,0,TRUE,2016
LG_2014_PLY_001081_LN,PLY_001081,1,LIVE_NORMAL,68,12,10,0,TRUE,2014
LG_2020_PLY_001081_TH,PLY_001081,4,TITLE_HOLDER,85,30,10,10,FALSE,2020
LG_2014_PLY_001081_EPIC,PLY_001081,2,LIVE_EPIC,65,18,10,0,TRUE,2014
LG_2018_PLY_001081_AS,PLY_001081,3,ALLSTAR,78,24,10,10,TRUE,2018
LG_2021_PLY_001081_AS,PLY_001081,3,ALLSTAR,83,24,10,10,TRUE,2021
LG_2022_PLY_001081_EPIC,PLY_001081,2,LIVE_EPIC,71,18,10,0,TRUE,2022
LG_2006_PLY_001082_LN,PLY_001082,1,LIVE_NORMAL,68,12,10,0,TRUE,2006
LG_2007_PLY_001082_TH,PLY_001082,4,TITLE_HOLDER,85,30,10,10,FALSE,2007
LG_2007_PLY_001082_LN,PLY_001082,1,LIVE_NORMAL,65,12,10,0,TRUE,2007
LG_2004_PLY_001082_TH,PLY_001082,4,TITLE_HOLDER,80,30,10,10,FALSE,2004
LG_2025_PLY_001083_LN,PLY_001083,1,LIVE_NORMAL,68,12,10,0,TRUE,2025
LG_2021_PLY_001083_EPIC,PLY_001083,2,LIVE_EPIC,68,18,10,0,TRUE,2021
LG_2021_PLY_001083_LN,PLY_001083,1,LIVE_NORMAL,64,12,10,0,TRUE,2021
LG_2026_PLY_001083_LN,PLY_001083,1,LIVE_NORMAL,62,12,10,0,TRUE,2026
LG_2021_PLY_001083_AS,PLY_001083,3,ALLSTAR,81,24,10,10,TRUE,2021
LG_2026_PLY_001083_EPIC,PLY_001083,2,LIVE_EPIC,66,18,10,0,TRUE,2026
LG_2023_PLY_001083_TH,PLY_001083,4,TITLE_HOLDER,81,30,10,10,FALSE,2023
LG_2023_PLY_001084_EPIC,PLY_001084,2,LIVE_EPIC,68,18,10,0,TRUE,2023
LG_2016_PLY_001084_LN,PLY_001084,1,LIVE_NORMAL,61,12,10,0,TRUE,2016
LG_2024_PLY_001084_AS,PLY_001084,3,ALLSTAR,80,24,10,10,TRUE,2024
LG_2017_PLY_001084_AS,PLY_001084,3,ALLSTAR,83,24,10,10,TRUE,2017
LG_2015_PLY_001084_AS,PLY_001084,3,ALLSTAR,80,24,10,10,TRUE,2015
LG_2018_PLY_001085_EPIC,PLY_001085,2,LIVE_EPIC,76,18,10,0,TRUE,2018
LG_2024_PLY_001085_EPIC,PLY_001085,2,LIVE_EPIC,73,18,10,0,TRUE,2024
LG_2022_PLY_001085_AS,PLY_001085,3,ALLSTAR,80,24,10,10,TRUE,2022
LG_2021_PLY_001085_EPIC,PLY_001085,2,LIVE_EPIC,76,18,10,0,TRUE,2021
LG_2024_PLY_001085_AS,PLY_001085,3,ALLSTAR,80,24,10,10,TRUE,2024
LG_2023_PLY_001085_SIG,PLY_001085,6,SIGNATURE,90,40,10,10,FALSE,2023
LG_2020_PLY_001085_LN,PLY_001085,1,LIVE_NORMAL,66,12,10,0,TRUE,2020
LG_1996_PLY_001086_LN,PLY_001086,1,LIVE_NORMAL,60,12,10,0,TRUE,1996
LG_1993_PLY_001086_LN,PLY_001086,1,LIVE_NORMAL,66,12,10,0,TRUE,1993
LG_1999_PLY_001086_LN,PLY_001086,1,LIVE_NORMAL,65,12,10,0,TRUE,1999
LG_2001_PLY_001086_SIG,PLY_001086,6,SIGNATURE,92,40,10,10,FALSE,2001
LG_2001_PLY_001086_EPIC,PLY_001086,2,LIVE_EPIC,76,18,10,0,TRUE,2001
LG_1995_PLY_001086_EPIC,PLY_001086,2,LIVE_EPIC,65,18,10,0,TRUE,1995
LG_1992_PLY_001086_TH,PLY_001086,4,TITLE_HOLDER,83,30,10,10,FALSE,1992
LG_1992_PLY_001086_EPIC,PLY_001086,2,LIVE_EPIC,74,18,10,0,TRUE,1992
LG_2001_PLY_001086_LN,PLY_001086,1,LIVE_NORMAL,58,12,10,0,TRUE,2001
LG_2020_PLY_001087_EPIC,PLY_001087,2,LIVE_EPIC,71,18,10,0,TRUE,2020
LG_2024_PLY_001087_EPIC,PLY_001087,2,LIVE_EPIC,72,18,10,0,TRUE,2024
LG_2023_PLY_001087_SIG,PLY_001087,6,SIGNATURE,90,40,10,10,FALSE,2023
LG_2012_PLY_001088_LN,PLY_001088,1,LIVE_NORMAL,64,12,10,0,TRUE,2012
LG_2009_PLY_001088_LN,PLY_001088,1,LIVE_NORMAL,55,12,10,0,TRUE,2009
LG_2011_PLY_001088_EPIC,PLY_001088,2,LIVE_EPIC,67,18,10,0,TRUE,2011
LG_2011_PLY_001088_SIG,PLY_001088,6,SIGNATURE,94,40,10,10,FALSE,2011
LG_2012_PLY_001088_EPIC,PLY_001088,2,LIVE_EPIC,73,18,10,0,TRUE,2012
LG_2010_PLY_001088_LN,PLY_001088,1,LIVE_NORMAL,60,12,10,0,TRUE,2010
LG_2002_PLY_001089_AS,PLY_001089,3,ALLSTAR,79,24,10,10,TRUE,2002
LG_2000_PLY_001089_LN,PLY_001089,1,LIVE_NORMAL,67,12,10,0,TRUE,2000
LG_1999_PLY_001089_LN,PLY_001089,1,LIVE_NORMAL,64,12,10,0,TRUE,1999
LG_2001_PLY_001089_AS,PLY_001089,3,ALLSTAR,79,24,10,10,TRUE,2001
LG_2009_PLY_001090_LN,PLY_001090,1,LIVE_NORMAL,63,12,10,0,TRUE,2009
LG_1993_PLY_001090_TH,PLY_001090,4,TITLE_HOLDER,82,30,10,10,FALSE,1993
LG_2004_PLY_001090_LN,PLY_001090,1,LIVE_NORMAL,63,12,10,0,TRUE,2004
LG_2004_PLY_001091_EPIC,PLY_001091,2,LIVE_EPIC,73,18,10,0,TRUE,2004
LG_2003_PLY_001091_LN,PLY_001091,1,LIVE_NORMAL,65,12,10,0,TRUE,2003
LG_2005_PLY_001091_EPIC,PLY_001091,2,LIVE_EPIC,68,18,10,0,TRUE,2005
LG_2008_PLY_001091_EPIC,PLY_001091,2,LIVE_EPIC,65,18,10,0,TRUE,2008
LG_2006_PLY_001091_LN,PLY_001091,1,LIVE_NORMAL,67,12,10,0,TRUE,2006
LG_2006_PLY_001091_TH,PLY_001091,4,TITLE_HOLDER,81,30,10,10,FALSE,2006
LG_2008_PLY_001091_AS,PLY_001091,3,ALLSTAR,77,24,10,10,TRUE,2008
LG_2003_PLY_001091_EPIC,PLY_001091,2,LIVE_EPIC,65,18,10,0,TRUE,2003
LG_1995_PLY_001092_EPIC,PLY_001092,2,LIVE_EPIC,74,18,10,0,TRUE,1995
LG_1997_PLY_001092_TH,PLY_001092,4,TITLE_HOLDER,82,30,10,10,FALSE,1997
LG_1999_PLY_001092_EPIC,PLY_001092,2,LIVE_EPIC,67,18,10,0,TRUE,1999
LG_2001_PLY_001092_AS,PLY_001092,3,ALLSTAR,81,24,10,10,TRUE,2001
LG_2000_PLY_001092_TH,PLY_001092,4,TITLE_HOLDER,81,30,10,10,FALSE,2000
LG_1998_PLY_001092_LN,PLY_001092,1,LIVE_NORMAL,67,12,10,0,TRUE,1998
LG_1990_PLY_001092_EPIC,PLY_001092,2,LIVE_EPIC,67,18,10,0,TRUE,1990
LG_1997_PLY_001092_LN,PLY_001092,1,LIVE_NORMAL,67,12,10,0,TRUE,1997
LG_2020_PLY_001093_EPIC,PLY_001093,2,LIVE_EPIC,72,18,10,0,TRUE,2020
LG_2019_PLY_001093_LN,PLY_001093,1,LIVE_NORMAL,68,12,10,0,TRUE,2019
LG_2012_PLY_001094_AS,PLY_001094,3,ALLSTAR,83,24,10,10,TRUE,2012
LG_2015_PLY_001094_EPIC,PLY_001094,2,LIVE_EPIC,75,18,10,0,TRUE,2015
LG_1988_PLY_001095_LN,PLY_001095,1,LIVE_NORMAL,61,12,10,0,TRUE,1988
LG_1986_PLY_001095_GG,PLY_001095,7,GOLDEN_GLOVE,87,35,10,10,FALSE,1986
LG_1986_PLY_001095_EPIC,PLY_001095,2,LIVE_EPIC,65,18,10,0,TRUE,1986
LG_1989_PLY_001095_TH,PLY_001095,4,TITLE_HOLDER,81,30,10,10,FALSE,1989
LG_1990_PLY_001095_EPIC,PLY_001095,2,LIVE_EPIC,71,18,10,0,TRUE,1990
LG_1986_PLY_001095_LN,PLY_001095,1,LIVE_NORMAL,59,12,10,0,TRUE,1986
LG_1989_PLY_001095_LN,PLY_001095,1,LIVE_NORMAL,62,12,10,0,TRUE,1989
LG_1987_PLY_001095_AS,PLY_001095,3,ALLSTAR,74,24,10,10,TRUE,1987
LG_2007_PLY_001096_EPIC,PLY_001096,2,LIVE_EPIC,73,18,10,0,TRUE,2007
LG_2008_PLY_001096_TH,PLY_001096,4,TITLE_HOLDER,86,30,10,10,FALSE,2008
LG_2006_PLY_001096_LN,PLY_001096,1,LIVE_NORMAL,59,12,10,0,TRUE,2006
LG_2003_PLY_001096_LN,PLY_001096,1,LIVE_NORMAL,59,12,10,0,TRUE,2003
LG_2000_PLY_001096_TH,PLY_001096,4,TITLE_HOLDER,87,30,10,10,FALSE,2000
LG_2006_PLY_001096_AS,PLY_001096,3,ALLSTAR,78,24,10,10,TRUE,2006
LG_2001_PLY_001096_AS,PLY_001096,3,ALLSTAR,77,24,10,10,TRUE,2001
LG_1998_PLY_001096_EPIC,PLY_001096,2,LIVE_EPIC,68,18,10,0,TRUE,1998
LG_1999_PLY_001096_LN,PLY_001096,1,LIVE_NORMAL,64,12,10,0,TRUE,1999
LG_2000_PLY_001096_LN,PLY_001096,1,LIVE_NORMAL,55,12,10,0,TRUE,2000
LG_2002_PLY_001096_LN,PLY_001096,1,LIVE_NORMAL,62,12,10,0,TRUE,2002
LG_2024_PLY_001097_EPIC,PLY_001097,2,LIVE_EPIC,72,18,10,0,TRUE,2024
LG_2026_PLY_001097_AS,PLY_001097,3,ALLSTAR,82,24,10,10,TRUE,2026
LG_2026_PLY_001097_LN,PLY_001097,1,LIVE_NORMAL,68,12,10,0,TRUE,2026
LG_2023_PLY_001097_LN,PLY_001097,1,LIVE_NORMAL,66,12,10,0,TRUE,2023
LG_2024_PLY_001097_LN,PLY_001097,1,LIVE_NORMAL,55,12,10,0,TRUE,2024
LG_2024_PLY_001097_AS,PLY_001097,3,ALLSTAR,79,24,10,10,TRUE,2024
LG_2026_PLY_001097_TH,PLY_001097,4,TITLE_HOLDER,80,30,10,10,FALSE,2026
LG_2025_PLY_001097_TH,PLY_001097,4,TITLE_HOLDER,86,30,10,10,FALSE,2025
LG_2001_PLY_001098_EPIC,PLY_001098,2,LIVE_EPIC,71,18,10,0,TRUE,2001
LG_2007_PLY_001098_EPIC,PLY_001098,2,LIVE_EPIC,75,18,10,0,TRUE,2007
LG_2000_PLY_001098_EPIC,PLY_001098,2,LIVE_EPIC,73,18,10,0,TRUE,2000
LG_2002_PLY_001098_TH,PLY_001098,4,TITLE_HOLDER,84,30,10,10,FALSE,2002
LG_2002_PLY_001098_AS,PLY_001098,3,ALLSTAR,79,24,10,10,TRUE,2002
LG_2006_PLY_001098_LN,PLY_001098,1,LIVE_NORMAL,60,12,10,0,TRUE,2006
LG_2007_PLY_001099_EPIC,PLY_001099,2,LIVE_EPIC,71,18,10,0,TRUE,2007
LG_2012_PLY_001099_LN,PLY_001099,1,LIVE_NORMAL,64,12,10,0,TRUE,2012
LG_2008_PLY_001099_AS,PLY_001099,3,ALLSTAR,81,24,10,10,TRUE,2008
LG_2012_PLY_001099_EPIC,PLY_001099,2,LIVE_EPIC,65,18,10,0,TRUE,2012
LG_2002_PLY_001099_EPIC,PLY_001099,2,LIVE_EPIC,71,18,10,0,TRUE,2002
LG_2011_PLY_001099_AS,PLY_001099,3,ALLSTAR,77,24,10,10,TRUE,2011
LG_2016_PLY_001099_GG,PLY_001099,7,GOLDEN_GLOVE,90,35,10,10,FALSE,2016
LG_2015_PLY_001099_GG,PLY_001099,7,GOLDEN_GLOVE,83,35,10,10,FALSE,2015
LG_2016_PLY_001099_TH,PLY_001099,4,TITLE_HOLDER,84,30,10,10,FALSE,2016
LG_1986_PLY_001100_EPIC,PLY_001100,2,LIVE_EPIC,68,18,10,0,TRUE,1986
LG_1995_PLY_001100_TH,PLY_001100,4,TITLE_HOLDER,83,30,10,10,FALSE,1995
LG_1997_PLY_001100_LN,PLY_001100,1,LIVE_NORMAL,57,12,10,0,TRUE,1997
LG_2003_PLY_001100_TH,PLY_001100,4,TITLE_HOLDER,86,30,10,10,FALSE,2003
LG_1994_PLY_001100_EPIC,PLY_001100,2,LIVE_EPIC,72,18,10,0,TRUE,1994
LG_1988_PLY_001100_AS,PLY_001100,3,ALLSTAR,74,24,10,10,TRUE,1988
LG_1995_PLY_001100_AS,PLY_001100,3,ALLSTAR,78,24,10,10,TRUE,1995
LG_1987_PLY_001100_EPIC,PLY_001100,2,LIVE_EPIC,74,18,10,0,TRUE,1987
LG_1991_PLY_001100_EPIC,PLY_001100,2,LIVE_EPIC,74,18,10,0,TRUE,1991
LG_2001_PLY_001100_LN,PLY_001100,1,LIVE_NORMAL,62,12,10,0,TRUE,2001
LG_2004_PLY_001100_SIG,PLY_001100,6,SIGNATURE,92,40,10,10,FALSE,2004
LG_2017_PLY_001101_LN,PLY_001101,1,LIVE_NORMAL,66,12,10,0,TRUE,2017
LG_2006_PLY_001101_AS,PLY_001101,3,ALLSTAR,78,24,10,10,TRUE,2006
LG_2016_PLY_001101_LN,PLY_001101,1,LIVE_NORMAL,62,12,10,0,TRUE,2016
LG_2005_PLY_001101_LN,PLY_001101,1,LIVE_NORMAL,60,12,10,0,TRUE,2005
LG_2007_PLY_001101_LN,PLY_001101,1,LIVE_NORMAL,66,12,10,0,TRUE,2007
LG_2012_PLY_001101_LN,PLY_001101,1,LIVE_NORMAL,59,12,10,0,TRUE,2012
LG_2005_PLY_001101_GG,PLY_001101,7,GOLDEN_GLOVE,87,35,10,10,FALSE,2005
LG_2025_PLY_001102_EPIC,PLY_001102,2,LIVE_EPIC,72,18,10,0,TRUE,2025
LG_2015_PLY_001102_GG,PLY_001102,7,GOLDEN_GLOVE,84,35,10,10,FALSE,2015
LG_2025_PLY_001102_LN,PLY_001102,1,LIVE_NORMAL,66,12,10,0,TRUE,2025
LG_2026_PLY_001103_LN,PLY_001103,1,LIVE_NORMAL,59,12,10,0,TRUE,2026
LG_2023_PLY_001103_TH,PLY_001103,4,TITLE_HOLDER,82,30,10,10,FALSE,2023
LG_2023_PLY_001103_LN,PLY_001103,1,LIVE_NORMAL,61,12,10,0,TRUE,2023
LG_2022_PLY_001103_LN,PLY_001103,1,LIVE_NORMAL,68,12,10,0,TRUE,2022
LG_2025_PLY_001103_TH,PLY_001103,4,TITLE_HOLDER,86,30,10,10,FALSE,2025
LG_2025_PLY_001103_EPIC,PLY_001103,2,LIVE_EPIC,73,18,10,0,TRUE,2025
LG_2015_PLY_001104_LN,PLY_001104,1,LIVE_NORMAL,55,12,10,0,TRUE,2015
LG_2012_PLY_001104_EPIC,PLY_001104,2,LIVE_EPIC,72,18,10,0,TRUE,2012
LG_2013_PLY_001104_TH,PLY_001104,4,TITLE_HOLDER,83,30,10,10,FALSE,2013
LG_2013_PLY_001104_LN,PLY_001104,1,LIVE_NORMAL,55,12,10,0,TRUE,2013
LG_2010_PLY_001104_EPIC,PLY_001104,2,LIVE_EPIC,67,18,10,0,TRUE,2010
LG_2010_PLY_001104_TH,PLY_001104,4,TITLE_HOLDER,83,30,10,10,FALSE,2010
LG_2014_PLY_001104_LN,PLY_001104,1,LIVE_NORMAL,61,12,10,0,TRUE,2014
LG_2014_PLY_001105_AS,PLY_001105,3,ALLSTAR,75,24,10,10,TRUE,2014
LG_2018_PLY_001105_LN,PLY_001105,1,LIVE_NORMAL,67,12,10,0,TRUE,2018
LG_2013_PLY_001105_LN,PLY_001105,1,LIVE_NORMAL,61,12,10,0,TRUE,2013
LG_2010_PLY_001105_AS,PLY_001105,3,ALLSTAR,79,24,10,10,TRUE,2010
LG_2003_PLY_001106_GG,PLY_001106,7,GOLDEN_GLOVE,83,35,10,10,FALSE,2003
LG_2002_PLY_001106_LN,PLY_001106,1,LIVE_NORMAL,62,12,10,0,TRUE,2002
LG_2001_PLY_001106_GG,PLY_001106,7,GOLDEN_GLOVE,89,35,10,10,FALSE,2001
LG_1987_PLY_001106_EPIC,PLY_001106,2,LIVE_EPIC,70,18,10,0,TRUE,1987
LG_1988_PLY_001106_LN,PLY_001106,1,LIVE_NORMAL,67,12,10,0,TRUE,1988
LG_1987_PLY_001106_LN,PLY_001106,1,LIVE_NORMAL,65,12,10,0,TRUE,1987
LG_1991_PLY_001106_LN,PLY_001106,1,LIVE_NORMAL,58,12,10,0,TRUE,1991
LG_1996_PLY_001106_TH,PLY_001106,4,TITLE_HOLDER,81,30,10,10,FALSE,1996
LG_1999_PLY_001106_EPIC,PLY_001106,2,LIVE_EPIC,71,18,10,0,TRUE,1999
LG_1994_PLY_001106_GG,PLY_001106,7,GOLDEN_GLOVE,90,35,10,10,FALSE,1994
LG_2019_PLY_001107_SIG,PLY_001107,6,SIGNATURE,91,40,10,10,FALSE,2019
LG_2016_PLY_001107_LN,PLY_001107,1,LIVE_NORMAL,58,12,10,0,TRUE,2016
LG_2013_PLY_001107_LN,PLY_001107,1,LIVE_NORMAL,62,12,10,0,TRUE,2013
LG_2015_PLY_001107_AS,PLY_001107,3,ALLSTAR,83,24,10,10,TRUE,2015
LG_2021_PLY_001108_LN,PLY_001108,1,LIVE_NORMAL,62,12,10,0,TRUE,2021
LG_2020_PLY_001108_EPIC,PLY_001108,2,LIVE_EPIC,66,18,10,0,TRUE,2020
LG_2015_PLY_001108_EPIC,PLY_001108,2,LIVE_EPIC,75,18,10,0,TRUE,2015
LG_2015_PLY_001108_LN,PLY_001108,1,LIVE_NORMAL,55,12,10,0,TRUE,2015
LG_2017_PLY_001108_EPIC,PLY_001108,2,LIVE_EPIC,70,18,10,0,TRUE,2017
LG_2003_PLY_001109_LN,PLY_001109,1,LIVE_NORMAL,64,12,10,0,TRUE,2003
LG_2001_PLY_001109_EPIC,PLY_001109,2,LIVE_EPIC,74,18,10,0,TRUE,2001
LG_2001_PLY_001109_AS,PLY_001109,3,ALLSTAR,74,24,10,10,TRUE,2001
LG_2001_PLY_001109_LN,PLY_001109,1,LIVE_NORMAL,67,12,10,0,TRUE,2001
LG_2004_PLY_001109_SIG,PLY_001109,6,SIGNATURE,89,40,10,10,FALSE,2004
LG_2005_PLY_001109_EPIC,PLY_001109,2,LIVE_EPIC,74,18,10,0,TRUE,2005
LG_2023_PLY_001110_TH,PLY_001110,4,TITLE_HOLDER,85,30,10,10,FALSE,2023
LG_2015_PLY_001110_EPIC,PLY_001110,2,LIVE_EPIC,65,18,10,0,TRUE,2015
LG_2020_PLY_001110_EPIC,PLY_001110,2,LIVE_EPIC,72,18,10,0,TRUE,2020
LG_2023_PLY_001110_LN,PLY_001110,1,LIVE_NORMAL,62,12,10,0,TRUE,2023
LG_2013_PLY_001110_LN,PLY_001110,1,LIVE_NORMAL,57,12,10,0,TRUE,2013
LG_2010_PLY_001110_LN,PLY_001110,1,LIVE_NORMAL,55,12,10,0,TRUE,2010
LG_2021_PLY_001110_AS,PLY_001110,3,ALLSTAR,74,24,10,10,TRUE,2021
LG_2011_PLY_001110_AS,PLY_001110,3,ALLSTAR,76,24,10,10,TRUE,2011
LG_2023_PLY_001111_EPIC,PLY_001111,2,LIVE_EPIC,75,18,10,0,TRUE,2023
LG_2019_PLY_001111_AS,PLY_001111,3,ALLSTAR,78,24,10,10,TRUE,2019
LG_2021_PLY_001111_AS,PLY_001111,3,ALLSTAR,80,24,10,10,TRUE,2021
LG_2012_PLY_001112_EPIC,PLY_001112,2,LIVE_EPIC,73,18,10,0,TRUE,2012
LG_2016_PLY_001112_AS,PLY_001112,3,ALLSTAR,75,24,10,10,TRUE,2016
LG_2008_PLY_001112_AS,PLY_001112,3,ALLSTAR,78,24,10,10,TRUE,2008
LG_2011_PLY_001112_GG,PLY_001112,7,GOLDEN_GLOVE,83,35,10,10,FALSE,2011
LG_2011_PLY_001112_EPIC,PLY_001112,2,LIVE_EPIC,70,18,10,0,TRUE,2011
LG_2014_PLY_001112_EPIC,PLY_001112,2,LIVE_EPIC,71,18,10,0,TRUE,2014
LG_2008_PLY_001112_LN,PLY_001112,1,LIVE_NORMAL,63,12,10,0,TRUE,2008
LG_2017_PLY_001112_TH,PLY_001112,4,TITLE_HOLDER,86,30,10,10,FALSE,2017
LG_2011_PLY_001112_LN,PLY_001112,1,LIVE_NORMAL,57,12,10,0,TRUE,2011
LG_2022_PLY_001113_EPIC,PLY_001113,2,LIVE_EPIC,68,18,10,0,TRUE,2022
LG_2023_PLY_001113_SIG,PLY_001113,6,SIGNATURE,93,40,10,10,FALSE,2023
LG_2022_PLY_001113_LN,PLY_001113,1,LIVE_NORMAL,65,12,10,0,TRUE,2022
LG_2024_PLY_001113_LN,PLY_001113,1,LIVE_NORMAL,55,12,10,0,TRUE,2024
LG_2026_PLY_001113_EPIC,PLY_001113,2,LIVE_EPIC,76,18,10,0,TRUE,2026
LG_2025_PLY_001113_EPIC,PLY_001113,2,LIVE_EPIC,71,18,10,0,TRUE,2025
LG_2021_PLY_001113_EPIC,PLY_001113,2,LIVE_EPIC,73,18,10,0,TRUE,2021
LG_2023_PLY_001113_EPIC,PLY_001113,2,LIVE_EPIC,74,18,10,0,TRUE,2023
LG_2023_PLY_001113_AS,PLY_001113,3,ALLSTAR,76,24,10,10,TRUE,2023
LG_2008_PLY_001114_EPIC,PLY_001114,2,LIVE_EPIC,69,18,10,0,TRUE,2008
LG_2009_PLY_001114_LN,PLY_001114,1,LIVE_NORMAL,55,12,10,0,TRUE,2009
LG_2008_PLY_001114_AS,PLY_001114,3,ALLSTAR,76,24,10,10,TRUE,2008
LG_2009_PLY_001114_SIG,PLY_001114,6,SIGNATURE,91,40,10,10,FALSE,2009
LG_2011_PLY_001114_LN,PLY_001114,1,LIVE_NORMAL,62,12,10,0,TRUE,2011
LG_2011_PLY_001114_SIG,PLY_001114,6,SIGNATURE,94,40,10,10,FALSE,2011
LG_2006_PLY_001115_LN,PLY_001115,1,LIVE_NORMAL,68,12,10,0,TRUE,2006
LG_2012_PLY_001115_LN,PLY_001115,1,LIVE_NORMAL,57,12,10,0,TRUE,2012
LG_2005_PLY_001115_EPIC,PLY_001115,2,LIVE_EPIC,73,18,10,0,TRUE,2005
LG_2002_PLY_001115_AS,PLY_001115,3,ALLSTAR,80,24,10,10,TRUE,2002
LG_2006_PLY_001115_EPIC,PLY_001115,2,LIVE_EPIC,75,18,10,0,TRUE,2006
LG_2003_PLY_001115_AS,PLY_001115,3,ALLSTAR,81,24,10,10,TRUE,2003
LG_2004_PLY_001115_EPIC,PLY_001115,2,LIVE_EPIC,70,18,10,0,TRUE,2004
LG_2000_PLY_001115_EPIC,PLY_001115,2,LIVE_EPIC,67,18,10,0,TRUE,2000
LG_2007_PLY_001115_LN,PLY_001115,1,LIVE_NORMAL,62,12,10,0,TRUE,2007
LG_2023_PLY_001116_LN,PLY_001116,1,LIVE_NORMAL,67,12,10,0,TRUE,2023
LG_2026_PLY_001116_LN,PLY_001116,1,LIVE_NORMAL,68,12,10,0,TRUE,2026
LG_2023_PLY_001116_EPIC,PLY_001116,2,LIVE_EPIC,72,18,10,0,TRUE,2023
LG_2016_PLY_001117_LN,PLY_001117,1,LIVE_NORMAL,64,12,10,0,TRUE,2016
LG_2013_PLY_001117_EPIC,PLY_001117,2,LIVE_EPIC,72,18,10,0,TRUE,2013
LG_2022_PLY_001117_LN,PLY_001117,1,LIVE_NORMAL,61,12,10,0,TRUE,2022
LG_2016_PLY_001117_EPIC,PLY_001117,2,LIVE_EPIC,68,18,10,0,TRUE,2016
LG_2020_PLY_001117_TH,PLY_001117,4,TITLE_HOLDER,80,30,10,10,FALSE,2020
LG_2023_PLY_001117_LN,PLY_001117,1,LIVE_NORMAL,56,12,10,0,TRUE,2023
LG_2020_PLY_001117_EPIC,PLY_001117,2,LIVE_EPIC,72,18,10,0,TRUE,2020
LG_1995_PLY_001118_GG,PLY_001118,7,GOLDEN_GLOVE,86,35,10,10,FALSE,1995
LG_1998_PLY_001118_EPIC,PLY_001118,2,LIVE_EPIC,75,18,10,0,TRUE,1998
LG_1994_PLY_001118_SIG,PLY_001118,6,SIGNATURE,93,40,10,10,FALSE,1994
LG_1995_PLY_001118_EPIC,PLY_001118,2,LIVE_EPIC,71,18,10,0,TRUE,1995
LG_1995_PLY_001118_SIG,PLY_001118,6,SIGNATURE,87,40,10,10,FALSE,1995
LG_1996_PLY_001118_EPIC,PLY_001118,2,LIVE_EPIC,75,18,10,0,TRUE,1996
LG_1998_PLY_001118_LN,PLY_001118,1,LIVE_NORMAL,55,12,10,0,TRUE,1998
LG_1995_PLY_001118_AS,PLY_001118,3,ALLSTAR,74,24,10,10,TRUE,1995
LG_1995_PLY_001118_LN,PLY_001118,1,LIVE_NORMAL,55,12,10,0,TRUE,1995
LG_1992_PLY_001119_TH,PLY_001119,4,TITLE_HOLDER,83,30,10,10,FALSE,1992
LG_1995_PLY_001119_GG,PLY_001119,7,GOLDEN_GLOVE,86,35,10,10,FALSE,1995
LG_1991_PLY_001119_EPIC,PLY_001119,2,LIVE_EPIC,73,18,10,0,TRUE,1991
LG_1988_PLY_001119_LN,PLY_001119,1,LIVE_NORMAL,62,12,10,0,TRUE,1988
LG_2012_PLY_001120_GG,PLY_001120,7,GOLDEN_GLOVE,88,35,10,10,FALSE,2012
LG_2013_PLY_001120_LN,PLY_001120,1,LIVE_NORMAL,68,12,10,0,TRUE,2013
LG_2021_PLY_001120_AS,PLY_001120,3,ALLSTAR,80,24,10,10,TRUE,2021
LG_2012_PLY_001120_LN,PLY_001120,1,LIVE_NORMAL,60,12,10,0,TRUE,2012
LG_2019_PLY_001120_EPIC,PLY_001120,2,LIVE_EPIC,71,18,10,0,TRUE,2019
LG_2020_PLY_001120_LN,PLY_001120,1,LIVE_NORMAL,66,12,10,0,TRUE,2020
LG_2021_PLY_001120_EPIC,PLY_001120,2,LIVE_EPIC,72,18,10,0,TRUE,2021
LG_2022_PLY_001120_SIG,PLY_001120,6,SIGNATURE,87,40,10,10,FALSE,2022
LG_2019_PLY_001120_LN,PLY_001120,1,LIVE_NORMAL,66,12,10,0,TRUE,2019
LG_2026_PLY_001120_LN,PLY_001120,1,LIVE_NORMAL,66,12,10,0,TRUE,2026
LG_2020_PLY_001120_TH,PLY_001120,4,TITLE_HOLDER,80,30,10,10,FALSE,2020
LG_2021_PLY_001120_LN,PLY_001120,1,LIVE_NORMAL,57,12,10,0,TRUE,2021
LG_2001_PLY_001121_GG,PLY_001121,7,GOLDEN_GLOVE,90,35,10,10,FALSE,2001
LG_2003_PLY_001121_LN,PLY_001121,1,LIVE_NORMAL,59,12,10,0,TRUE,2003
LG_2009_PLY_001121_LN,PLY_001121,1,LIVE_NORMAL,55,12,10,0,TRUE,2009
LG_2001_PLY_001121_LN,PLY_001121,1,LIVE_NORMAL,68,12,10,0,TRUE,2001
LG_2009_PLY_001121_TH,PLY_001121,4,TITLE_HOLDER,84,30,10,10,FALSE,2009
LG_1998_PLY_001122_LN,PLY_001122,1,LIVE_NORMAL,62,12,10,0,TRUE,1998
LG_1995_PLY_001122_LN,PLY_001122,1,LIVE_NORMAL,56,12,10,0,TRUE,1995
LG_1999_PLY_001122_SIG,PLY_001122,6,SIGNATURE,87,40,10,10,FALSE,1999
LG_2024_PLY_001123_TH,PLY_001123,4,TITLE_HOLDER,86,30,10,10,FALSE,2024
LG_2024_PLY_001123_LN,PLY_001123,1,LIVE_NORMAL,66,12,10,0,TRUE,2024
LG_2017_PLY_001123_TH,PLY_001123,4,TITLE_HOLDER,84,30,10,10,FALSE,2017
LG_2012_PLY_001123_LN,PLY_001123,1,LIVE_NORMAL,61,12,10,0,TRUE,2012
LG_2017_PLY_001123_LN,PLY_001123,1,LIVE_NORMAL,62,12,10,0,TRUE,2017
LG_2015_PLY_001123_LN,PLY_001123,1,LIVE_NORMAL,56,12,10,0,TRUE,2015
LG_2022_PLY_001123_EPIC,PLY_001123,2,LIVE_EPIC,74,18,10,0,TRUE,2022
LG_2009_PLY_001123_LN,PLY_001123,1,LIVE_NORMAL,63,12,10,0,TRUE,2009
LG_2018_PLY_001123_EPIC,PLY_001123,2,LIVE_EPIC,68,18,10,0,TRUE,2018
LG_2000_PLY_001124_EPIC,PLY_001124,2,LIVE_EPIC,67,18,10,0,TRUE,2000
LG_2009_PLY_001124_EPIC,PLY_001124,2,LIVE_EPIC,70,18,10,0,TRUE,2009
LG_2011_PLY_001124_AS,PLY_001124,3,ALLSTAR,78,24,10,10,TRUE,2011
LG_2003_PLY_001124_LN,PLY_001124,1,LIVE_NORMAL,66,12,10,0,TRUE,2003
LG_2008_PLY_001124_AS,PLY_001124,3,ALLSTAR,81,24,10,10,TRUE,2008
LG_2003_PLY_001124_EPIC,PLY_001124,2,LIVE_EPIC,75,18,10,0,TRUE,2003
LG_1997_PLY_001124_LN,PLY_001124,1,LIVE_NORMAL,67,12,10,0,TRUE,1997
LG_2016_PLY_001125_LN,PLY_001125,1,LIVE_NORMAL,60,12,10,0,TRUE,2016
LG_2015_PLY_001125_AS,PLY_001125,3,ALLSTAR,75,24,10,10,TRUE,2015
LG_2014_PLY_001125_GG,PLY_001125,7,GOLDEN_GLOVE,84,35,10,10,FALSE,2014
LG_2014_PLY_001125_SIG,PLY_001125,6,SIGNATURE,93,40,10,10,FALSE,2014
LG_2019_PLY_001125_EPIC,PLY_001125,2,LIVE_EPIC,75,18,10,0,TRUE,2019
LG_2023_PLY_001125_GG,PLY_001125,7,GOLDEN_GLOVE,87,35,10,10,FALSE,2023
LG_2014_PLY_001125_EPIC,PLY_001125,2,LIVE_EPIC,65,18,10,0,TRUE,2014
LG_1997_PLY_001126_EPIC,PLY_001126,2,LIVE_EPIC,71,18,10,0,TRUE,1997
LG_1992_PLY_001126_LN,PLY_001126,1,LIVE_NORMAL,68,12,10,0,TRUE,1992
LG_1998_PLY_001126_SIG,PLY_001126,6,SIGNATURE,89,40,10,10,FALSE,1998
LG_2001_PLY_001126_LN,PLY_001126,1,LIVE_NORMAL,55,12,10,0,TRUE,2001
LG_1990_PLY_001126_SIG,PLY_001126,6,SIGNATURE,88,40,10,10,FALSE,1990
LG_1994_PLY_001126_EPIC,PLY_001126,2,LIVE_EPIC,74,18,10,0,TRUE,1994
LG_1993_PLY_001126_TH,PLY_001126,4,TITLE_HOLDER,80,30,10,10,FALSE,1993
LG_1997_PLY_001126_LN,PLY_001126,1,LIVE_NORMAL,63,12,10,0,TRUE,1997
LG_1996_PLY_001127_LN,PLY_001127,1,LIVE_NORMAL,59,12,10,0,TRUE,1996
LG_1996_PLY_001127_AS,PLY_001127,3,ALLSTAR,76,24,10,10,TRUE,1996
LG_1998_PLY_001127_EPIC,PLY_001127,2,LIVE_EPIC,75,18,10,0,TRUE,1998
LG_1997_PLY_001127_AS,PLY_001127,3,ALLSTAR,80,24,10,10,TRUE,1997
LG_1996_PLY_001127_TH,PLY_001127,4,TITLE_HOLDER,87,30,10,10,FALSE,1996
LG_1997_PLY_001127_LN,PLY_001127,1,LIVE_NORMAL,68,12,10,0,TRUE,1997
LG_1999_PLY_001127_LN,PLY_001127,1,LIVE_NORMAL,61,12,10,0,TRUE,1999
LG_1999_PLY_001127_EPIC,PLY_001127,2,LIVE_EPIC,73,18,10,0,TRUE,1999
LG_1997_PLY_001127_EPIC,PLY_001127,2,LIVE_EPIC,71,18,10,0,TRUE,1997
LG_1996_PLY_001128_AS,PLY_001128,3,ALLSTAR,81,24,10,10,TRUE,1996
LG_2004_PLY_001128_LN,PLY_001128,1,LIVE_NORMAL,60,12,10,0,TRUE,2004
LG_1996_PLY_001128_LN,PLY_001128,1,LIVE_NORMAL,62,12,10,0,TRUE,1996
LG_1997_PLY_001128_TH,PLY_001128,4,TITLE_HOLDER,85,30,10,10,FALSE,1997
LG_2005_PLY_001128_EPIC,PLY_001128,2,LIVE_EPIC,68,18,10,0,TRUE,2005
LG_2003_PLY_001128_EPIC,PLY_001128,2,LIVE_EPIC,74,18,10,0,TRUE,2003
LG_2003_PLY_001128_AS,PLY_001128,3,ALLSTAR,82,24,10,10,TRUE,2003
LG_1995_PLY_001128_AS,PLY_001128,3,ALLSTAR,75,24,10,10,TRUE,1995
LG_2018_PLY_001129_TH,PLY_001129,4,TITLE_HOLDER,83,30,10,10,FALSE,2018
LG_2021_PLY_001129_LN,PLY_001129,1,LIVE_NORMAL,56,12,10,0,TRUE,2021
LG_2005_PLY_001129_AS,PLY_001129,3,ALLSTAR,77,24,10,10,TRUE,2005
LG_2005_PLY_001129_SIG,PLY_001129,6,SIGNATURE,88,40,10,10,FALSE,2005
LG_2019_PLY_001129_EPIC,PLY_001129,2,LIVE_EPIC,65,18,10,0,TRUE,2019
LG_2020_PLY_001129_SIG,PLY_001129,6,SIGNATURE,92,40,10,10,FALSE,2020
LG_2013_PLY_001129_LN,PLY_001129,1,LIVE_NORMAL,55,12,10,0,TRUE,2013
LG_2024_PLY_001129_EPIC,PLY_001129,2,LIVE_EPIC,67,18,10,0,TRUE,2024
LG_2006_PLY_001129_LN,PLY_001129,1,LIVE_NORMAL,57,12,10,0,TRUE,2006
LG_1990_PLY_001130_EPIC,PLY_001130,2,LIVE_EPIC,70,18,10,0,TRUE,1990
LG_1991_PLY_001130_LN,PLY_001130,1,LIVE_NORMAL,61,12,10,0,TRUE,1991
LG_1990_PLY_001130_LN,PLY_001130,1,LIVE_NORMAL,61,12,10,0,TRUE,1990
LG_1998_PLY_001130_AS,PLY_001130,3,ALLSTAR,81,24,10,10,TRUE,1998
LG_1992_PLY_001130_TH,PLY_001130,4,TITLE_HOLDER,80,30,10,10,FALSE,1992
LG_2000_PLY_001130_AS,PLY_001130,3,ALLSTAR,77,24,10,10,TRUE,2000
LG_1994_PLY_001130_LN,PLY_001130,1,LIVE_NORMAL,63,12,10,0,TRUE,1994
LG_1999_PLY_001130_EPIC,PLY_001130,2,LIVE_EPIC,75,18,10,0,TRUE,1999
LG_2005_PLY_001130_LN,PLY_001130,1,LIVE_NORMAL,64,12,10,0,TRUE,2005
LG_1996_PLY_001130_EPIC,PLY_001130,2,LIVE_EPIC,66,18,10,0,TRUE,1996
LG_1998_PLY_001130_LN,PLY_001130,1,LIVE_NORMAL,65,12,10,0,TRUE,1998
LG_2001_PLY_001131_LN,PLY_001131,1,LIVE_NORMAL,62,12,10,0,TRUE,2001
LG_2002_PLY_001131_SIG,PLY_001131,6,SIGNATURE,89,40,10,10,FALSE,2002
LG_2005_PLY_001131_EPIC,PLY_001131,2,LIVE_EPIC,68,18,10,0,TRUE,2005
LG_2003_PLY_001131_AS,PLY_001131,3,ALLSTAR,79,24,10,10,TRUE,2003
LG_2004_PLY_001131_EPIC,PLY_001131,2,LIVE_EPIC,72,18,10,0,TRUE,2004
LG_2002_PLY_001131_AS,PLY_001131,3,ALLSTAR,82,24,10,10,TRUE,2002
LG_2005_PLY_001131_LN,PLY_001131,1,LIVE_NORMAL,60,12,10,0,TRUE,2005
LG_2002_PLY_001131_LN,PLY_001131,1,LIVE_NORMAL,66,12,10,0,TRUE,2002
LG_2003_PLY_001131_LN,PLY_001131,1,LIVE_NORMAL,65,12,10,0,TRUE,2003
LG_1986_PLY_001132_LN,PLY_001132,1,LIVE_NORMAL,59,12,10,0,TRUE,1986
LG_1994_PLY_001132_AS,PLY_001132,3,ALLSTAR,76,24,10,10,TRUE,1994
LG_1993_PLY_001132_LN,PLY_001132,1,LIVE_NORMAL,55,12,10,0,TRUE,1993
LG_1986_PLY_001132_TH,PLY_001132,4,TITLE_HOLDER,87,30,10,10,FALSE,1986
LG_1989_PLY_001132_LN,PLY_001132,1,LIVE_NORMAL,60,12,10,0,TRUE,1989
LG_1989_PLY_001132_EPIC,PLY_001132,2,LIVE_EPIC,66,18,10,0,TRUE,1989
LG_1996_PLY_001132_EPIC,PLY_001132,2,LIVE_EPIC,70,18,10,0,TRUE,1996
LG_1999_PLY_001132_AS,PLY_001132,3,ALLSTAR,81,24,10,10,TRUE,1999
LG_1991_PLY_001132_LN,PLY_001132,1,LIVE_NORMAL,55,12,10,0,TRUE,1991
LG_1993_PLY_001132_TH,PLY_001132,4,TITLE_HOLDER,80,30,10,10,FALSE,1993
LG_2008_PLY_001133_TH,PLY_001133,4,TITLE_HOLDER,84,30,10,10,FALSE,2008
LG_2009_PLY_001133_TH,PLY_001133,4,TITLE_HOLDER,83,30,10,10,FALSE,2009
LG_2017_PLY_001133_TH,PLY_001133,4,TITLE_HOLDER,81,30,10,10,FALSE,2017
LG_2011_PLY_001133_TH,PLY_001133,4,TITLE_HOLDER,80,30,10,10,FALSE,2011
LG_2010_PLY_001133_TH,PLY_001133,4,TITLE_HOLDER,80,30,10,10,FALSE,2010
LG_1999_PLY_001133_GG,PLY_001133,7,GOLDEN_GLOVE,86,35,10,10,FALSE,1999
LG_2016_PLY_001133_TH,PLY_001133,4,TITLE_HOLDER,84,30,10,10,FALSE,2016
LG_1995_PLY_001134_EPIC,PLY_001134,2,LIVE_EPIC,70,18,10,0,TRUE,1995
LG_1991_PLY_001134_LN,PLY_001134,1,LIVE_NORMAL,63,12,10,0,TRUE,1991
LG_1995_PLY_001134_LN,PLY_001134,1,LIVE_NORMAL,61,12,10,0,TRUE,1995
LG_1993_PLY_001134_LN,PLY_001134,1,LIVE_NORMAL,66,12,10,0,TRUE,1993
LG_1997_PLY_001134_LN,PLY_001134,1,LIVE_NORMAL,57,12,10,0,TRUE,1997
LG_1990_PLY_001135_TH,PLY_001135,4,TITLE_HOLDER,83,30,10,10,FALSE,1990
LG_2000_PLY_001136_AS,PLY_001136,3,ALLSTAR,75,24,10,10,TRUE,2000
LG_1998_PLY_001136_TH,PLY_001136,4,TITLE_HOLDER,83,30,10,10,FALSE,1998
LG_2003_PLY_001136_EPIC,PLY_001136,2,LIVE_EPIC,72,18,10,0,TRUE,2003
LG_2021_PLY_001137_EPIC,PLY_001137,2,LIVE_EPIC,76,18,10,0,TRUE,2021
LG_2024_PLY_001137_EPIC,PLY_001137,2,LIVE_EPIC,75,18,10,0,TRUE,2024
LG_2020_PLY_001137_AS,PLY_001137,3,ALLSTAR,80,24,10,10,TRUE,2020
LG_2019_PLY_001137_LN,PLY_001137,1,LIVE_NORMAL,63,12,10,0,TRUE,2019
LG_2016_PLY_001137_EPIC,PLY_001137,2,LIVE_EPIC,66,18,10,0,TRUE,2016
LG_2026_PLY_001137_EPIC,PLY_001137,2,LIVE_EPIC,71,18,10,0,TRUE,2026
LG_2023_PLY_001137_LN,PLY_001137,1,LIVE_NORMAL,63,12,10,0,TRUE,2023
LG_2020_PLY_001137_LN,PLY_001137,1,LIVE_NORMAL,66,12,10,0,TRUE,2020
LG_2021_PLY_001137_AS,PLY_001137,3,ALLSTAR,82,24,10,10,TRUE,2021
LG_2022_PLY_001137_EPIC,PLY_001137,2,LIVE_EPIC,74,18,10,0,TRUE,2022
LG_2018_PLY_001137_LN,PLY_001137,1,LIVE_NORMAL,62,12,10,0,TRUE,2018
LG_2001_PLY_001138_EPIC,PLY_001138,2,LIVE_EPIC,75,18,10,0,TRUE,2001
LG_1994_PLY_001138_EPIC,PLY_001138,2,LIVE_EPIC,73,18,10,0,TRUE,1994
LG_1998_PLY_001138_EPIC,PLY_001138,2,LIVE_EPIC,68,18,10,0,TRUE,1998
LG_2003_PLY_001138_EPIC,PLY_001138,2,LIVE_EPIC,67,18,10,0,TRUE,2003
LG_1995_PLY_001138_TH,PLY_001138,4,TITLE_HOLDER,82,30,10,10,FALSE,1995
LG_1998_PLY_001139_LN,PLY_001139,1,LIVE_NORMAL,60,12,10,0,TRUE,1998
LG_1999_PLY_001139_AS,PLY_001139,3,ALLSTAR,75,24,10,10,TRUE,1999
LG_2004_PLY_001139_SIG,PLY_001139,6,SIGNATURE,94,40,10,10,FALSE,2004
LG_2018_PLY_001140_LN,PLY_001140,1,LIVE_NORMAL,56,12,10,0,TRUE,2018
LG_2021_PLY_001140_TH,PLY_001140,4,TITLE_HOLDER,87,30,10,10,FALSE,2021
LG_2024_PLY_001140_AS,PLY_001140,3,ALLSTAR,81,24,10,10,TRUE,2024
LG_2025_PLY_001140_LN,PLY_001140,1,LIVE_NORMAL,66,12,10,0,TRUE,2025
LG_2020_PLY_001140_TH,PLY_001140,4,TITLE_HOLDER,87,30,10,10,FALSE,2020
LG_2026_PLY_001140_LN,PLY_001140,1,LIVE_NORMAL,66,12,10,0,TRUE,2026
LG_2025_PLY_001140_TH,PLY_001140,4,TITLE_HOLDER,85,30,10,10,FALSE,2025
LG_2023_PLY_001140_EPIC,PLY_001140,2,LIVE_EPIC,68,18,10,0,TRUE,2023
LG_2023_PLY_001140_AS,PLY_001140,3,ALLSTAR,80,24,10,10,TRUE,2023
LG_2003_PLY_001141_EPIC,PLY_001141,2,LIVE_EPIC,76,18,10,0,TRUE,2003
LG_2002_PLY_001141_LN,PLY_001141,1,LIVE_NORMAL,68,12,10,0,TRUE,2002
LG_2002_PLY_001141_AS,PLY_001141,3,ALLSTAR,77,24,10,10,TRUE,2002
LG_1990_PLY_001141_AS,PLY_001141,3,ALLSTAR,75,24,10,10,TRUE,1990
LG_1994_PLY_001141_LN,PLY_001141,1,LIVE_NORMAL,63,12,10,0,TRUE,1994
LG_2001_PLY_001141_LN,PLY_001141,1,LIVE_NORMAL,65,12,10,0,TRUE,2001
LG_2025_PLY_001142_AS,PLY_001142,3,ALLSTAR,77,24,10,10,TRUE,2025
LG_2026_PLY_001142_AS,PLY_001142,3,ALLSTAR,83,24,10,10,TRUE,2026
LG_2022_PLY_001142_LN,PLY_001142,1,LIVE_NORMAL,63,12,10,0,TRUE,2022
LG_2025_PLY_001142_LN,PLY_001142,1,LIVE_NORMAL,58,12,10,0,TRUE,2025
LG_2026_PLY_001142_TH,PLY_001142,4,TITLE_HOLDER,84,30,10,10,FALSE,2026
LG_2022_PLY_001142_AS,PLY_001142,3,ALLSTAR,75,24,10,10,TRUE,2022
LG_2023_PLY_001142_TH,PLY_001142,4,TITLE_HOLDER,86,30,10,10,FALSE,2023
LG_2010_PLY_001143_EPIC,PLY_001143,2,LIVE_EPIC,76,18,10,0,TRUE,2010
LG_2009_PLY_001143_EPIC,PLY_001143,2,LIVE_EPIC,67,18,10,0,TRUE,2009
LG_2004_PLY_001143_LN,PLY_001143,1,LIVE_NORMAL,61,12,10,0,TRUE,2004
LG_2003_PLY_001143_EPIC,PLY_001143,2,LIVE_EPIC,73,18,10,0,TRUE,2003
LG_2006_PLY_001143_EPIC,PLY_001143,2,LIVE_EPIC,75,18,10,0,TRUE,2006
LG_2003_PLY_001143_AS,PLY_001143,3,ALLSTAR,79,24,10,10,TRUE,2003
LG_2000_PLY_001143_LN,PLY_001143,1,LIVE_NORMAL,55,12,10,0,TRUE,2000
LG_2008_PLY_001143_TH,PLY_001143,4,TITLE_HOLDER,82,30,10,10,FALSE,2008
LG_2003_PLY_001143_LN,PLY_001143,1,LIVE_NORMAL,60,12,10,0,TRUE,2003
LG_2001_PLY_001143_LN,PLY_001143,1,LIVE_NORMAL,64,12,10,0,TRUE,2001
LG_2002_PLY_001144_AS,PLY_001144,3,ALLSTAR,79,24,10,10,TRUE,2002
LG_2001_PLY_001144_AS,PLY_001144,3,ALLSTAR,76,24,10,10,TRUE,2001
LG_2010_PLY_001144_TH,PLY_001144,4,TITLE_HOLDER,84,30,10,10,FALSE,2010
LG_1996_PLY_001145_AS,PLY_001145,3,ALLSTAR,80,24,10,10,TRUE,1996
LG_2003_PLY_001145_GG,PLY_001145,7,GOLDEN_GLOVE,84,35,10,10,FALSE,2003
LG_1990_PLY_001145_LN,PLY_001145,1,LIVE_NORMAL,61,12,10,0,TRUE,1990
LG_2003_PLY_001145_AS,PLY_001145,3,ALLSTAR,82,24,10,10,TRUE,2003
LG_2001_PLY_001145_EPIC,PLY_001145,2,LIVE_EPIC,69,18,10,0,TRUE,2001
LG_2002_PLY_001145_EPIC,PLY_001145,2,LIVE_EPIC,69,18,10,0,TRUE,2002
LG_1994_PLY_001145_LN,PLY_001145,1,LIVE_NORMAL,62,12,10,0,TRUE,1994
LG_1998_PLY_001145_LN,PLY_001145,1,LIVE_NORMAL,58,12,10,0,TRUE,1998
LG_2000_PLY_001145_LN,PLY_001145,1,LIVE_NORMAL,55,12,10,0,TRUE,2000
LG_2011_PLY_001146_TH,PLY_001146,4,TITLE_HOLDER,83,30,10,10,FALSE,2011
LG_2001_PLY_001146_EPIC,PLY_001146,2,LIVE_EPIC,70,18,10,0,TRUE,2001
LG_1999_PLY_001146_LN,PLY_001146,1,LIVE_NORMAL,66,12,10,0,TRUE,1999
LG_2008_PLY_001146_LN,PLY_001146,1,LIVE_NORMAL,65,12,10,0,TRUE,2008
LG_2010_PLY_001146_AS,PLY_001146,3,ALLSTAR,80,24,10,10,TRUE,2010
LG_2012_PLY_001146_LN,PLY_001146,1,LIVE_NORMAL,68,12,10,0,TRUE,2012
LG_1998_PLY_001146_LN,PLY_001146,1,LIVE_NORMAL,61,12,10,0,TRUE,1998
LG_2009_PLY_001146_GG,PLY_001146,7,GOLDEN_GLOVE,90,35,10,10,FALSE,2009
LG_1997_PLY_001147_TH,PLY_001147,4,TITLE_HOLDER,86,30,10,10,FALSE,1997
LG_1989_PLY_001147_EPIC,PLY_001147,2,LIVE_EPIC,65,18,10,0,TRUE,1989
LG_2012_PLY_001148_AS,PLY_001148,3,ALLSTAR,81,24,10,10,TRUE,2012
LG_2021_PLY_001148_LN,PLY_001148,1,LIVE_NORMAL,68,12,10,0,TRUE,2021
LG_2015_PLY_001148_EPIC,PLY_001148,2,LIVE_EPIC,71,18,10,0,TRUE,2015
LG_2024_PLY_001148_LN,PLY_001148,1,LIVE_NORMAL,68,12,10,0,TRUE,2024
LG_2019_PLY_001148_LN,PLY_001148,1,LIVE_NORMAL,55,12,10,0,TRUE,2019
LG_2026_PLY_001148_EPIC,PLY_001148,2,LIVE_EPIC,65,18,10,0,TRUE,2026
LG_2020_PLY_001148_TH,PLY_001148,4,TITLE_HOLDER,86,30,10,10,FALSE,2020
LG_2023_PLY_001148_EPIC,PLY_001148,2,LIVE_EPIC,76,18,10,0,TRUE,2023
LG_2026_PLY_001148_TH,PLY_001148,4,TITLE_HOLDER,82,30,10,10,FALSE,2026
LG_2025_PLY_001148_GG,PLY_001148,7,GOLDEN_GLOVE,88,35,10,10,FALSE,2025
LG_2026_PLY_001149_EPIC,PLY_001149,2,LIVE_EPIC,67,18,10,0,TRUE,2026
LG_2025_PLY_001149_LN,PLY_001149,1,LIVE_NORMAL,65,12,10,0,TRUE,2025
LG_2020_PLY_001149_SIG,PLY_001149,6,SIGNATURE,91,40,10,10,FALSE,2020
LG_2017_PLY_001149_EPIC,PLY_001149,2,LIVE_EPIC,66,18,10,0,TRUE,2017
LG_2021_PLY_001149_LN,PLY_001149,1,LIVE_NORMAL,67,12,10,0,TRUE,2021
LG_2020_PLY_001149_GG,PLY_001149,7,GOLDEN_GLOVE,89,35,10,10,FALSE,2020
LG_2024_PLY_001149_EPIC,PLY_001149,2,LIVE_EPIC,68,18,10,0,TRUE,2024
LG_2014_PLY_001149_LN,PLY_001149,1,LIVE_NORMAL,56,12,10,0,TRUE,2014
LG_2018_PLY_001149_AS,PLY_001149,3,ALLSTAR,83,24,10,10,TRUE,2018
LG_2005_PLY_001150_LN,PLY_001150,1,LIVE_NORMAL,68,12,10,0,TRUE,2005
LG_2007_PLY_001150_SIG,PLY_001150,6,SIGNATURE,90,40,10,10,FALSE,2007
LG_2013_PLY_001150_EPIC,PLY_001150,2,LIVE_EPIC,76,18,10,0,TRUE,2013
LG_2007_PLY_001150_LN,PLY_001150,1,LIVE_NORMAL,60,12,10,0,TRUE,2007
LG_2013_PLY_001150_LN,PLY_001150,1,LIVE_NORMAL,63,12,10,0,TRUE,2013
LG_2010_PLY_001150_AS,PLY_001150,3,ALLSTAR,77,24,10,10,TRUE,2010
LG_2016_PLY_001150_TH,PLY_001150,4,TITLE_HOLDER,86,30,10,10,FALSE,2016
LG_2004_PLY_001150_EPIC,PLY_001150,2,LIVE_EPIC,73,18,10,0,TRUE,2004
LG_2011_PLY_001151_AS,PLY_001151,3,ALLSTAR,76,24,10,10,TRUE,2011
LG_2010_PLY_001151_EPIC,PLY_001151,2,LIVE_EPIC,73,18,10,0,TRUE,2010
LG_2011_PLY_001151_GG,PLY_001151,7,GOLDEN_GLOVE,90,35,10,10,FALSE,2011
LG_2012_PLY_001151_EPIC,PLY_001151,2,LIVE_EPIC,68,18,10,0,TRUE,2012
LG_2010_PLY_001151_AS,PLY_001151,3,ALLSTAR,80,24,10,10,TRUE,2010
LG_2010_PLY_001151_TH,PLY_001151,4,TITLE_HOLDER,84,30,10,10,FALSE,2010
LG_2014_PLY_001152_GG,PLY_001152,7,GOLDEN_GLOVE,84,35,10,10,FALSE,2014
LG_2011_PLY_001152_LN,PLY_001152,1,LIVE_NORMAL,65,12,10,0,TRUE,2011
LG_2015_PLY_001152_TH,PLY_001152,4,TITLE_HOLDER,83,30,10,10,FALSE,2015
LG_2009_PLY_001152_AS,PLY_001152,3,ALLSTAR,81,24,10,10,TRUE,2009
LG_2008_PLY_001152_TH,PLY_001152,4,TITLE_HOLDER,86,30,10,10,FALSE,2008
LG_2022_PLY_001153_EPIC,PLY_001153,2,LIVE_EPIC,69,18,10,0,TRUE,2022
LG_2020_PLY_001153_LN,PLY_001153,1,LIVE_NORMAL,64,12,10,0,TRUE,2020
LG_2019_PLY_001153_EPIC,PLY_001153,2,LIVE_EPIC,70,18,10,0,TRUE,2019
LG_2026_PLY_001153_EPIC,PLY_001153,2,LIVE_EPIC,66,18,10,0,TRUE,2026
LG_2021_PLY_001153_EPIC,PLY_001153,2,LIVE_EPIC,68,18,10,0,TRUE,2021
LG_2002_PLY_001154_EPIC,PLY_001154,2,LIVE_EPIC,69,18,10,0,TRUE,2002
LG_2005_PLY_001154_LN,PLY_001154,1,LIVE_NORMAL,56,12,10,0,TRUE,2005
LG_2010_PLY_001154_AS,PLY_001154,3,ALLSTAR,80,24,10,10,TRUE,2010
LG_2005_PLY_001154_EPIC,PLY_001154,2,LIVE_EPIC,75,18,10,0,TRUE,2005
LG_2013_PLY_001154_LN,PLY_001154,1,LIVE_NORMAL,59,12,10,0,TRUE,2013
LG_1998_PLY_001155_EPIC,PLY_001155,2,LIVE_EPIC,69,18,10,0,TRUE,1998
LG_2005_PLY_001155_LN,PLY_001155,1,LIVE_NORMAL,67,12,10,0,TRUE,2005
LG_2003_PLY_001155_EPIC,PLY_001155,2,LIVE_EPIC,66,18,10,0,TRUE,2003
LG_2021_PLY_001156_EPIC,PLY_001156,2,LIVE_EPIC,67,18,10,0,TRUE,2021
LG_2026_PLY_001156_TH,PLY_001156,4,TITLE_HOLDER,80,30,10,10,FALSE,2026
LG_2023_PLY_001156_LN,PLY_001156,1,LIVE_NORMAL,55,12,10,0,TRUE,2023
LG_2012_PLY_001156_LN,PLY_001156,1,LIVE_NORMAL,57,12,10,0,TRUE,2012
LG_2013_PLY_001156_EPIC,PLY_001156,2,LIVE_EPIC,69,18,10,0,TRUE,2013
LG_2021_PLY_001156_AS,PLY_001156,3,ALLSTAR,77,24,10,10,TRUE,2021
LG_2010_PLY_001156_SIG,PLY_001156,6,SIGNATURE,89,40,10,10,FALSE,2010
LG_2019_PLY_001156_SIG,PLY_001156,6,SIGNATURE,93,40,10,10,FALSE,2019
LG_2024_PLY_001156_LN,PLY_001156,1,LIVE_NORMAL,57,12,10,0,TRUE,2024
LG_2022_PLY_001156_LN,PLY_001156,1,LIVE_NORMAL,60,12,10,0,TRUE,2022
LG_2012_PLY_001157_LN,PLY_001157,1,LIVE_NORMAL,58,12,10,0,TRUE,2012
LG_2006_PLY_001157_LN,PLY_001157,1,LIVE_NORMAL,62,12,10,0,TRUE,2006
LG_2011_PLY_001157_EPIC,PLY_001157,2,LIVE_EPIC,67,18,10,0,TRUE,2011
LG_2007_PLY_001157_LN,PLY_001157,1,LIVE_NORMAL,58,12,10,0,TRUE,2007
LG_2007_PLY_001157_GG,PLY_001157,7,GOLDEN_GLOVE,85,35,10,10,FALSE,2007
LG_1993_PLY_001158_LN,PLY_001158,1,LIVE_NORMAL,61,12,10,0,TRUE,1993
LG_2005_PLY_001158_EPIC,PLY_001158,2,LIVE_EPIC,68,18,10,0,TRUE,2005
LG_2005_PLY_001158_LN,PLY_001158,1,LIVE_NORMAL,68,12,10,0,TRUE,2005
LG_2019_PLY_001159_LN,PLY_001159,1,LIVE_NORMAL,65,12,10,0,TRUE,2019
LG_2026_PLY_001159_AS,PLY_001159,3,ALLSTAR,75,24,10,10,TRUE,2026
LG_2025_PLY_001159_SIG,PLY_001159,6,SIGNATURE,87,40,10,10,FALSE,2025
LG_2023_PLY_001159_AS,PLY_001159,3,ALLSTAR,79,24,10,10,TRUE,2023
LG_2021_PLY_001159_LN,PLY_001159,1,LIVE_NORMAL,56,12,10,0,TRUE,2021
LG_2024_PLY_001160_AS,PLY_001160,3,ALLSTAR,79,24,10,10,TRUE,2024
LG_2024_PLY_001160_SIG,PLY_001160,6,SIGNATURE,94,40,10,10,FALSE,2024
LG_2021_PLY_001160_LN,PLY_001160,1,LIVE_NORMAL,68,12,10,0,TRUE,2021
LG_2022_PLY_001160_LN,PLY_001160,1,LIVE_NORMAL,62,12,10,0,TRUE,2022
LG_2005_PLY_001161_GG,PLY_001161,7,GOLDEN_GLOVE,85,35,10,10,FALSE,2005
LG_2005_PLY_001161_LN,PLY_001161,1,LIVE_NORMAL,61,12,10,0,TRUE,2005
LG_2004_PLY_001161_LN,PLY_001161,1,LIVE_NORMAL,66,12,10,0,TRUE,2004
LG_2005_PLY_001161_EPIC,PLY_001161,2,LIVE_EPIC,66,18,10,0,TRUE,2005
LG_2015_PLY_001161_LN,PLY_001161,1,LIVE_NORMAL,59,12,10,0,TRUE,2015
LG_2000_PLY_001161_LN,PLY_001161,1,LIVE_NORMAL,58,12,10,0,TRUE,2000
LG_2004_PLY_001161_AS,PLY_001161,3,ALLSTAR,74,24,10,10,TRUE,2004
LG_2006_PLY_001161_LN,PLY_001161,1,LIVE_NORMAL,61,12,10,0,TRUE,2006
LG_2005_PLY_001161_AS,PLY_001161,3,ALLSTAR,80,24,10,10,TRUE,2005
LG_1999_PLY_001161_AS,PLY_001161,3,ALLSTAR,83,24,10,10,TRUE,1999
LG_2004_PLY_001161_TH,PLY_001161,4,TITLE_HOLDER,81,30,10,10,FALSE,2004
LG_2017_PLY_001162_LN,PLY_001162,1,LIVE_NORMAL,56,12,10,0,TRUE,2017
LG_2014_PLY_001162_EPIC,PLY_001162,2,LIVE_EPIC,66,18,10,0,TRUE,2014
LG_2009_PLY_001162_LN,PLY_001162,1,LIVE_NORMAL,57,12,10,0,TRUE,2009
LG_2004_PLY_001162_EPIC,PLY_001162,2,LIVE_EPIC,75,18,10,0,TRUE,2004
LG_2004_PLY_001162_LN,PLY_001162,1,LIVE_NORMAL,62,12,10,0,TRUE,2004
LG_2014_PLY_001162_LN,PLY_001162,1,LIVE_NORMAL,64,12,10,0,TRUE,2014
LG_2015_PLY_001162_EPIC,PLY_001162,2,LIVE_EPIC,73,18,10,0,TRUE,2015
LG_2016_PLY_001162_EPIC,PLY_001162,2,LIVE_EPIC,75,18,10,0,TRUE,2016
LG_2004_PLY_001162_TH,PLY_001162,4,TITLE_HOLDER,82,30,10,10,FALSE,2004
LG_2026_PLY_001163_AS,PLY_001163,3,ALLSTAR,83,24,10,10,TRUE,2026
LG_2024_PLY_001163_LN,PLY_001163,1,LIVE_NORMAL,65,12,10,0,TRUE,2024
LG_1987_PLY_001164_LN,PLY_001164,1,LIVE_NORMAL,58,12,10,0,TRUE,1987
LG_1991_PLY_001164_EPIC,PLY_001164,2,LIVE_EPIC,73,18,10,0,TRUE,1991
LG_2018_PLY_001165_EPIC,PLY_001165,2,LIVE_EPIC,68,18,10,0,TRUE,2018
LG_2017_PLY_001165_GG,PLY_001165,7,GOLDEN_GLOVE,87,35,10,10,FALSE,2017
LG_2009_PLY_001165_TH,PLY_001165,4,TITLE_HOLDER,81,30,10,10,FALSE,2009
LG_2009_PLY_001165_EPIC,PLY_001165,2,LIVE_EPIC,70,18,10,0,TRUE,2009
LG_2013_PLY_001165_LN,PLY_001165,1,LIVE_NORMAL,56,12,10,0,TRUE,2013
LG_2000_PLY_001166_SIG,PLY_001166,6,SIGNATURE,90,40,10,10,FALSE,2000
LG_2003_PLY_001166_EPIC,PLY_001166,2,LIVE_EPIC,68,18,10,0,TRUE,2003
LG_1998_PLY_001166_LN,PLY_001166,1,LIVE_NORMAL,64,12,10,0,TRUE,1998
LG_2000_PLY_001166_LN,PLY_001166,1,LIVE_NORMAL,66,12,10,0,TRUE,2000
LG_2003_PLY_001166_LN,PLY_001166,1,LIVE_NORMAL,59,12,10,0,TRUE,2003
LG_1999_PLY_001166_TH,PLY_001166,4,TITLE_HOLDER,81,30,10,10,FALSE,1999
LG_1999_PLY_001166_LN,PLY_001166,1,LIVE_NORMAL,57,12,10,0,TRUE,1999
LG_2001_PLY_001166_TH,PLY_001166,4,TITLE_HOLDER,85,30,10,10,FALSE,2001
LG_2002_PLY_001166_LN,PLY_001166,1,LIVE_NORMAL,57,12,10,0,TRUE,2002
LG_2026_PLY_001167_LN,PLY_001167,1,LIVE_NORMAL,58,12,10,0,TRUE,2026
LG_2024_PLY_001167_AS,PLY_001167,3,ALLSTAR,83,24,10,10,TRUE,2024
LG_2015_PLY_001167_TH,PLY_001167,4,TITLE_HOLDER,81,30,10,10,FALSE,2015
LG_2018_PLY_001167_AS,PLY_001167,3,ALLSTAR,75,24,10,10,TRUE,2018
LG_2012_PLY_001167_TH,PLY_001167,4,TITLE_HOLDER,82,30,10,10,FALSE,2012
LG_2024_PLY_001167_EPIC,PLY_001167,2,LIVE_EPIC,71,18,10,0,TRUE,2024
LG_2022_PLY_001167_GG,PLY_001167,7,GOLDEN_GLOVE,83,35,10,10,FALSE,2022
LG_2012_PLY_001167_EPIC,PLY_001167,2,LIVE_EPIC,71,18,10,0,TRUE,2012
LG_2017_PLY_001167_LN,PLY_001167,1,LIVE_NORMAL,64,12,10,0,TRUE,2017
LG_2016_PLY_001167_AS,PLY_001167,3,ALLSTAR,83,24,10,10,TRUE,2016
LG_2025_PLY_001167_LN,PLY_001167,1,LIVE_NORMAL,56,12,10,0,TRUE,2025
LG_2014_PLY_001167_EPIC,PLY_001167,2,LIVE_EPIC,67,18,10,0,TRUE,2014
LG_1990_PLY_001168_TH,PLY_001168,4,TITLE_HOLDER,81,30,10,10,FALSE,1990
LG_2002_PLY_001168_GG,PLY_001168,7,GOLDEN_GLOVE,87,35,10,10,FALSE,2002
LG_1996_PLY_001168_SIG,PLY_001168,6,SIGNATURE,93,40,10,10,FALSE,1996
LG_1999_PLY_001168_GG,PLY_001168,7,GOLDEN_GLOVE,88,35,10,10,FALSE,1999
LG_1989_PLY_001168_GG,PLY_001168,7,GOLDEN_GLOVE,87,35,10,10,FALSE,1989
LG_2000_PLY_001168_AS,PLY_001168,3,ALLSTAR,75,24,10,10,TRUE,2000
LG_2001_PLY_001168_EPIC,PLY_001168,2,LIVE_EPIC,69,18,10,0,TRUE,2001
LG_1988_PLY_001168_AS,PLY_001168,3,ALLSTAR,78,24,10,10,TRUE,1988
LG_1993_PLY_001169_EPIC,PLY_001169,2,LIVE_EPIC,69,18,10,0,TRUE,1993
LG_1993_PLY_001169_TH,PLY_001169,4,TITLE_HOLDER,82,30,10,10,FALSE,1993
LG_1996_PLY_001169_LN,PLY_001169,1,LIVE_NORMAL,65,12,10,0,TRUE,1996
LG_1995_PLY_001169_TH,PLY_001169,4,TITLE_HOLDER,86,30,10,10,FALSE,1995
LG_1995_PLY_001169_EPIC,PLY_001169,2,LIVE_EPIC,69,18,10,0,TRUE,1995
LG_1997_PLY_001169_AS,PLY_001169,3,ALLSTAR,79,24,10,10,TRUE,1997
LG_1995_PLY_001169_GG,PLY_001169,7,GOLDEN_GLOVE,89,35,10,10,FALSE,1995
LG_1993_PLY_001169_LN,PLY_001169,1,LIVE_NORMAL,60,12,10,0,TRUE,1993
LG_1993_PLY_001170_LN,PLY_001170,1,LIVE_NORMAL,60,12,10,0,TRUE,1993
LG_1991_PLY_001170_LN,PLY_001170,1,LIVE_NORMAL,63,12,10,0,TRUE,1991
LG_2008_PLY_001171_EPIC,PLY_001171,2,LIVE_EPIC,73,18,10,0,TRUE,2008
LG_2012_PLY_001171_GG,PLY_001171,7,GOLDEN_GLOVE,84,35,10,10,FALSE,2012
LG_2005_PLY_001171_EPIC,PLY_001171,2,LIVE_EPIC,72,18,10,0,TRUE,2005
LG_2013_PLY_001172_EPIC,PLY_001172,2,LIVE_EPIC,66,18,10,0,TRUE,2013
LG_2004_PLY_001172_LN,PLY_001172,1,LIVE_NORMAL,68,12,10,0,TRUE,2004
LG_2003_PLY_001172_GG,PLY_001172,7,GOLDEN_GLOVE,90,35,10,10,FALSE,2003
LG_2013_PLY_001172_LN,PLY_001172,1,LIVE_NORMAL,56,12,10,0,TRUE,2013
LG_2010_PLY_001173_EPIC,PLY_001173,2,LIVE_EPIC,65,18,10,0,TRUE,2010
LG_2013_PLY_001173_LN,PLY_001173,1,LIVE_NORMAL,58,12,10,0,TRUE,2013
LG_2015_PLY_001173_SIG,PLY_001173,6,SIGNATURE,92,40,10,10,FALSE,2015
LG_2009_PLY_001173_LN,PLY_001173,1,LIVE_NORMAL,64,12,10,0,TRUE,2009
LG_2008_PLY_001173_AS,PLY_001173,3,ALLSTAR,76,24,10,10,TRUE,2008
LG_2009_PLY_001173_GG,PLY_001173,7,GOLDEN_GLOVE,87,35,10,10,FALSE,2009
LG_2016_PLY_001173_AS,PLY_001173,3,ALLSTAR,76,24,10,10,TRUE,2016
LG_2011_PLY_001173_LN,PLY_001173,1,LIVE_NORMAL,63,12,10,0,TRUE,2011
LG_1999_PLY_001174_LN,PLY_001174,1,LIVE_NORMAL,63,12,10,0,TRUE,1999
LG_1998_PLY_001174_AS,PLY_001174,3,ALLSTAR,75,24,10,10,TRUE,1998
LG_2004_PLY_001174_LN,PLY_001174,1,LIVE_NORMAL,63,12,10,0,TRUE,2004
LG_2006_PLY_001174_EPIC,PLY_001174,2,LIVE_EPIC,73,18,10,0,TRUE,2006
LG_2007_PLY_001175_LN,PLY_001175,1,LIVE_NORMAL,64,12,10,0,TRUE,2007
LG_2011_PLY_001175_LN,PLY_001175,1,LIVE_NORMAL,67,12,10,0,TRUE,2011
LG_2009_PLY_001175_LN,PLY_001175,1,LIVE_NORMAL,58,12,10,0,TRUE,2009
LG_2011_PLY_001175_EPIC,PLY_001175,2,LIVE_EPIC,69,18,10,0,TRUE,2011
LG_1994_PLY_001176_EPIC,PLY_001176,2,LIVE_EPIC,70,18,10,0,TRUE,1994
LG_1996_PLY_001176_AS,PLY_001176,3,ALLSTAR,81,24,10,10,TRUE,1996
LG_1996_PLY_001176_EPIC,PLY_001176,2,LIVE_EPIC,66,18,10,0,TRUE,1996
LG_2021_PLY_001177_TH,PLY_001177,4,TITLE_HOLDER,86,30,10,10,FALSE,2021
LG_2025_PLY_001177_GG,PLY_001177,7,GOLDEN_GLOVE,83,35,10,10,FALSE,2025
LG_2026_PLY_001177_SIG,PLY_001177,6,SIGNATURE,94,40,10,10,FALSE,2026
LG_2013_PLY_001178_EPIC,PLY_001178,2,LIVE_EPIC,65,18,10,0,TRUE,2013
LG_2012_PLY_001178_EPIC,PLY_001178,2,LIVE_EPIC,72,18,10,0,TRUE,2012
LG_2014_PLY_001178_LN,PLY_001178,1,LIVE_NORMAL,55,12,10,0,TRUE,2014
LG_2017_PLY_001178_LN,PLY_001178,1,LIVE_NORMAL,58,12,10,0,TRUE,2017
LG_2010_PLY_001178_AS,PLY_001178,3,ALLSTAR,75,24,10,10,TRUE,2010
LG_2016_PLY_001178_AS,PLY_001178,3,ALLSTAR,83,24,10,10,TRUE,2016
LG_2010_PLY_001178_TH,PLY_001178,4,TITLE_HOLDER,85,30,10,10,FALSE,2010
LG_1990_PLY_001179_TH,PLY_001179,4,TITLE_HOLDER,80,30,10,10,FALSE,1990
LG_1989_PLY_001179_GG,PLY_001179,7,GOLDEN_GLOVE,88,35,10,10,FALSE,1989
LG_1988_PLY_001179_EPIC,PLY_001179,2,LIVE_EPIC,74,18,10,0,TRUE,1988
LG_1993_PLY_001179_LN,PLY_001179,1,LIVE_NORMAL,67,12,10,0,TRUE,1993
LG_1991_PLY_001179_EPIC,PLY_001179,2,LIVE_EPIC,68,18,10,0,TRUE,1991
LG_1992_PLY_001179_LN,PLY_001179,1,LIVE_NORMAL,58,12,10,0,TRUE,1992
LG_1991_PLY_001179_LN,PLY_001179,1,LIVE_NORMAL,68,12,10,0,TRUE,1991
LG_2002_PLY_001180_EPIC,PLY_001180,2,LIVE_EPIC,65,18,10,0,TRUE,2002
LG_1997_PLY_001180_LN,PLY_001180,1,LIVE_NORMAL,66,12,10,0,TRUE,1997
LG_1993_PLY_001180_SIG,PLY_001180,6,SIGNATURE,89,40,10,10,FALSE,1993
LG_1993_PLY_001180_EPIC,PLY_001180,2,LIVE_EPIC,66,18,10,0,TRUE,1993
LG_1993_PLY_001180_GG,PLY_001180,7,GOLDEN_GLOVE,88,35,10,10,FALSE,1993
LG_2000_PLY_001180_TH,PLY_001180,4,TITLE_HOLDER,84,30,10,10,FALSE,2000
LG_1995_PLY_001180_GG,PLY_001180,7,GOLDEN_GLOVE,90,35,10,10,FALSE,1995
LG_2002_PLY_001180_LN,PLY_001180,1,LIVE_NORMAL,59,12,10,0,TRUE,2002
LG_1994_PLY_001180_LN,PLY_001180,1,LIVE_NORMAL,58,12,10,0,TRUE,1994
LG_1998_PLY_001180_EPIC,PLY_001180,2,LIVE_EPIC,73,18,10,0,TRUE,1998
LG_1996_PLY_001180_TH,PLY_001180,4,TITLE_HOLDER,83,30,10,10,FALSE,1996
LG_2003_PLY_001181_AS,PLY_001181,3,ALLSTAR,74,24,10,10,TRUE,2003
LG_1996_PLY_001181_EPIC,PLY_001181,2,LIVE_EPIC,65,18,10,0,TRUE,1996
LG_1996_PLY_001181_LN,PLY_001181,1,LIVE_NORMAL,63,12,10,0,TRUE,1996
LG_1989_PLY_001181_LN,PLY_001181,1,LIVE_NORMAL,58,12,10,0,TRUE,1989
LG_1993_PLY_001181_LN,PLY_001181,1,LIVE_NORMAL,55,12,10,0,TRUE,1993
LG_1990_PLY_001181_EPIC,PLY_001181,2,LIVE_EPIC,75,18,10,0,TRUE,1990
LG_1998_PLY_001181_EPIC,PLY_001181,2,LIVE_EPIC,76,18,10,0,TRUE,1998
LG_1992_PLY_001181_LN,PLY_001181,1,LIVE_NORMAL,66,12,10,0,TRUE,1992
LG_1997_PLY_001181_TH,PLY_001181,4,TITLE_HOLDER,87,30,10,10,FALSE,1997
LG_2000_PLY_001181_EPIC,PLY_001181,2,LIVE_EPIC,74,18,10,0,TRUE,2000
LG_1993_PLY_001182_TH,PLY_001182,4,TITLE_HOLDER,87,30,10,10,FALSE,1993
LG_1992_PLY_001182_LN,PLY_001182,1,LIVE_NORMAL,56,12,10,0,TRUE,1992
LG_2014_PLY_001183_EPIC,PLY_001183,2,LIVE_EPIC,74,18,10,0,TRUE,2014
LG_2006_PLY_001183_GG,PLY_001183,7,GOLDEN_GLOVE,83,35,10,10,FALSE,2006
LG_2015_PLY_001183_TH,PLY_001183,4,TITLE_HOLDER,83,30,10,10,FALSE,2015
LG_2018_PLY_001183_GG,PLY_001183,7,GOLDEN_GLOVE,83,35,10,10,FALSE,2018
LG_2008_PLY_001183_LN,PLY_001183,1,LIVE_NORMAL,58,12,10,0,TRUE,2008
LG_2010_PLY_001183_LN,PLY_001183,1,LIVE_NORMAL,58,12,10,0,TRUE,2010
LG_2024_PLY_001184_TH,PLY_001184,4,TITLE_HOLDER,85,30,10,10,FALSE,2024
LG_2024_PLY_001184_EPIC,PLY_001184,2,LIVE_EPIC,76,18,10,0,TRUE,2024
LG_2020_PLY_001184_AS,PLY_001184,3,ALLSTAR,80,24,10,10,TRUE,2020
LG_2014_PLY_001184_AS,PLY_001184,3,ALLSTAR,75,24,10,10,TRUE,2014
LG_2023_PLY_001184_AS,PLY_001184,3,ALLSTAR,79,24,10,10,TRUE,2023
LG_2016_PLY_001184_LN,PLY_001184,1,LIVE_NORMAL,62,12,10,0,TRUE,2016
LG_2022_PLY_001184_TH,PLY_001184,4,TITLE_HOLDER,85,30,10,10,FALSE,2022
LG_2014_PLY_001184_TH,PLY_001184,4,TITLE_HOLDER,80,30,10,10,FALSE,2014
LG_2019_PLY_001184_EPIC,PLY_001184,2,LIVE_EPIC,67,18,10,0,TRUE,2019
LG_2018_PLY_001184_LN,PLY_001184,1,LIVE_NORMAL,59,12,10,0,TRUE,2018
LG_2006_PLY_001185_EPIC,PLY_001185,2,LIVE_EPIC,69,18,10,0,TRUE,2006
LG_2001_PLY_001185_TH,PLY_001185,4,TITLE_HOLDER,82,30,10,10,FALSE,2001
LG_2000_PLY_001185_SIG,PLY_001185,6,SIGNATURE,94,40,10,10,FALSE,2000
LG_1999_PLY_001185_LN,PLY_001185,1,LIVE_NORMAL,66,12,10,0,TRUE,1999
LG_2004_PLY_001185_AS,PLY_001185,3,ALLSTAR,76,24,10,10,TRUE,2004
LG_2009_PLY_001185_LN,PLY_001185,1,LIVE_NORMAL,67,12,10,0,TRUE,2009
LG_1995_PLY_001186_EPIC,PLY_001186,2,LIVE_EPIC,67,18,10,0,TRUE,1995
LG_1997_PLY_001186_GG,PLY_001186,7,GOLDEN_GLOVE,89,35,10,10,FALSE,1997
LG_1994_PLY_001186_SIG,PLY_001186,6,SIGNATURE,89,40,10,10,FALSE,1994
LG_1997_PLY_001186_EPIC,PLY_001186,2,LIVE_EPIC,76,18,10,0,TRUE,1997
LG_1994_PLY_001186_LN,PLY_001186,1,LIVE_NORMAL,58,12,10,0,TRUE,1994
LG_1995_PLY_001186_LN,PLY_001186,1,LIVE_NORMAL,63,12,10,0,TRUE,1995
LG_1998_PLY_001186_LN,PLY_001186,1,LIVE_NORMAL,60,12,10,0,TRUE,1998
LG_1994_PLY_001186_TH,PLY_001186,4,TITLE_HOLDER,85,30,10,10,FALSE,1994
LG_1996_PLY_001186_EPIC,PLY_001186,2,LIVE_EPIC,74,18,10,0,TRUE,1996
LG_1995_PLY_001186_GG,PLY_001186,7,GOLDEN_GLOVE,89,35,10,10,FALSE,1995
LG_1997_PLY_001187_LN,PLY_001187,1,LIVE_NORMAL,55,12,10,0,TRUE,1997
LG_1998_PLY_001187_LN,PLY_001187,1,LIVE_NORMAL,65,12,10,0,TRUE,1998
LG_1995_PLY_001187_LN,PLY_001187,1,LIVE_NORMAL,63,12,10,0,TRUE,1995
LG_1996_PLY_001187_TH,PLY_001187,4,TITLE_HOLDER,81,30,10,10,FALSE,1996
LG_1997_PLY_001187_AS,PLY_001187,3,ALLSTAR,77,24,10,10,TRUE,1997
LG_1998_PLY_001187_AS,PLY_001187,3,ALLSTAR,82,24,10,10,TRUE,1998
LG_1997_PLY_001187_EPIC,PLY_001187,2,LIVE_EPIC,66,18,10,0,TRUE,1997
LG_2013_PLY_001188_EPIC,PLY_001188,2,LIVE_EPIC,67,18,10,0,TRUE,2013
LG_2011_PLY_001188_EPIC,PLY_001188,2,LIVE_EPIC,76,18,10,0,TRUE,2011
LG_2009_PLY_001188_LN,PLY_001188,1,LIVE_NORMAL,59,12,10,0,TRUE,2009
LG_2017_PLY_001188_AS,PLY_001188,3,ALLSTAR,79,24,10,10,TRUE,2017
LG_2014_PLY_001188_EPIC,PLY_001188,2,LIVE_EPIC,72,18,10,0,TRUE,2014
LG_2019_PLY_001188_LN,PLY_001188,1,LIVE_NORMAL,57,12,10,0,TRUE,2019
LG_2014_PLY_001188_AS,PLY_001188,3,ALLSTAR,76,24,10,10,TRUE,2014
LG_2017_PLY_001188_LN,PLY_001188,1,LIVE_NORMAL,55,12,10,0,TRUE,2017
LG_2012_PLY_001188_LN,PLY_001188,1,LIVE_NORMAL,61,12,10,0,TRUE,2012
LG_2008_PLY_001188_GG,PLY_001188,7,GOLDEN_GLOVE,87,35,10,10,FALSE,2008
LG_2015_PLY_001188_AS,PLY_001188,3,ALLSTAR,75,24,10,10,TRUE,2015
LG_2003_PLY_001189_EPIC,PLY_001189,2,LIVE_EPIC,70,18,10,0,TRUE,2003
LG_2004_PLY_001189_LN,PLY_001189,1,LIVE_NORMAL,66,12,10,0,TRUE,2004
LG_2001_PLY_001189_EPIC,PLY_001189,2,LIVE_EPIC,71,18,10,0,TRUE,2001
LG_2001_PLY_001189_LN,PLY_001189,1,LIVE_NORMAL,68,12,10,0,TRUE,2001
LG_2001_PLY_001189_TH,PLY_001189,4,TITLE_HOLDER,86,30,10,10,FALSE,2001
LG_2010_PLY_001190_EPIC,PLY_001190,2,LIVE_EPIC,69,18,10,0,TRUE,2010
LG_2008_PLY_001190_LN,PLY_001190,1,LIVE_NORMAL,60,12,10,0,TRUE,2008
LG_2003_PLY_001190_LN,PLY_001190,1,LIVE_NORMAL,59,12,10,0,TRUE,2003
LG_2007_PLY_001190_TH,PLY_001190,4,TITLE_HOLDER,81,30,10,10,FALSE,2007
LG_2006_PLY_001190_AS,PLY_001190,3,ALLSTAR,78,24,10,10,TRUE,2006
LG_2000_PLY_001191_TH,PLY_001191,4,TITLE_HOLDER,83,30,10,10,FALSE,2000
LG_1993_PLY_001191_GG,PLY_001191,7,GOLDEN_GLOVE,87,35,10,10,FALSE,1993
LG_2000_PLY_001191_LN,PLY_001191,1,LIVE_NORMAL,60,12,10,0,TRUE,2000
LG_1999_PLY_001191_LN,PLY_001191,1,LIVE_NORMAL,57,12,10,0,TRUE,1999
LG_1991_PLY_001191_AS,PLY_001191,3,ALLSTAR,79,24,10,10,TRUE,1991
LG_2001_PLY_001191_EPIC,PLY_001191,2,LIVE_EPIC,66,18,10,0,TRUE,2001
LG_2015_PLY_001192_TH,PLY_001192,4,TITLE_HOLDER,82,30,10,10,FALSE,2015
LG_2016_PLY_001192_EPIC,PLY_001192,2,LIVE_EPIC,65,18,10,0,TRUE,2016
LG_2013_PLY_001192_AS,PLY_001192,3,ALLSTAR,75,24,10,10,TRUE,2013
LG_2009_PLY_001192_LN,PLY_001192,1,LIVE_NORMAL,57,12,10,0,TRUE,2009
LG_2022_PLY_001192_LN,PLY_001192,1,LIVE_NORMAL,67,12,10,0,TRUE,2022
LG_2022_PLY_001192_EPIC,PLY_001192,2,LIVE_EPIC,74,18,10,0,TRUE,2022
LG_2023_PLY_001192_LN,PLY_001192,1,LIVE_NORMAL,60,12,10,0,TRUE,2023
LG_2011_PLY_001192_SIG,PLY_001192,6,SIGNATURE,92,40,10,10,FALSE,2011
LG_2013_PLY_001192_EPIC,PLY_001192,2,LIVE_EPIC,74,18,10,0,TRUE,2013
LG_2011_PLY_001192_AS,PLY_001192,3,ALLSTAR,74,24,10,10,TRUE,2011
LG_2016_PLY_001192_AS,PLY_001192,3,ALLSTAR,74,24,10,10,TRUE,2016
LG_2021_PLY_001193_LN,PLY_001193,1,LIVE_NORMAL,55,12,10,0,TRUE,2021
LG_2018_PLY_001193_TH,PLY_001193,4,TITLE_HOLDER,82,30,10,10,FALSE,2018
LG_2025_PLY_001193_GG,PLY_001193,7,GOLDEN_GLOVE,89,35,10,10,FALSE,2025
LG_2022_PLY_001193_SIG,PLY_001193,6,SIGNATURE,94,40,10,10,FALSE,2022
LG_2026_PLY_001193_AS,PLY_001193,3,ALLSTAR,81,24,10,10,TRUE,2026
LG_2026_PLY_001193_GG,PLY_001193,7,GOLDEN_GLOVE,87,35,10,10,FALSE,2026
LG_2022_PLY_001193_EPIC,PLY_001193,2,LIVE_EPIC,70,18,10,0,TRUE,2022
LG_2018_PLY_001193_AS,PLY_001193,3,ALLSTAR,83,24,10,10,TRUE,2018
LG_1990_PLY_001194_SIG,PLY_001194,6,SIGNATURE,93,40,10,10,FALSE,1990
LG_1996_PLY_001194_LN,PLY_001194,1,LIVE_NORMAL,64,12,10,0,TRUE,1996
LG_1992_PLY_001194_EPIC,PLY_001194,2,LIVE_EPIC,70,18,10,0,TRUE,1992
LG_1993_PLY_001194_AS,PLY_001194,3,ALLSTAR,74,24,10,10,TRUE,1993
LG_1995_PLY_001194_EPIC,PLY_001194,2,LIVE_EPIC,65,18,10,0,TRUE,1995
LG_1992_PLY_001194_TH,PLY_001194,4,TITLE_HOLDER,81,30,10,10,FALSE,1992
LG_1995_PLY_001194_LN,PLY_001194,1,LIVE_NORMAL,65,12,10,0,TRUE,1995
LG_1996_PLY_001194_GG,PLY_001194,7,GOLDEN_GLOVE,85,35,10,10,FALSE,1996
LG_1992_PLY_001194_LN,PLY_001194,1,LIVE_NORMAL,58,12,10,0,TRUE,1992
LG_1991_PLY_001194_EPIC,PLY_001194,2,LIVE_EPIC,74,18,10,0,TRUE,1991
LG_1991_PLY_001194_LN,PLY_001194,1,LIVE_NORMAL,57,12,10,0,TRUE,1991
LG_2022_PLY_001195_LN,PLY_001195,1,LIVE_NORMAL,66,12,10,0,TRUE,2022
LG_2023_PLY_001195_EPIC,PLY_001195,2,LIVE_EPIC,72,18,10,0,TRUE,2023
LG_2021_PLY_001195_AS,PLY_001195,3,ALLSTAR,75,24,10,10,TRUE,2021
LG_2023_PLY_001195_TH,PLY_001195,4,TITLE_HOLDER,87,30,10,10,FALSE,2023
LG_2022_PLY_001195_TH,PLY_001195,4,TITLE_HOLDER,83,30,10,10,FALSE,2022
LG_2023_PLY_001195_LN,PLY_001195,1,LIVE_NORMAL,67,12,10,0,TRUE,2023
LG_2019_PLY_001195_EPIC,PLY_001195,2,LIVE_EPIC,66,18,10,0,TRUE,2019
LG_2022_PLY_001195_EPIC,PLY_001195,2,LIVE_EPIC,75,18,10,0,TRUE,2022
LG_2023_PLY_001196_SIG,PLY_001196,6,SIGNATURE,92,40,10,10,FALSE,2023
LG_2022_PLY_001196_LN,PLY_001196,1,LIVE_NORMAL,62,12,10,0,TRUE,2022
LG_2024_PLY_001196_EPIC,PLY_001196,2,LIVE_EPIC,70,18,10,0,TRUE,2024
LG_2022_PLY_001196_SIG,PLY_001196,6,SIGNATURE,88,40,10,10,FALSE,2022
LG_2022_PLY_001196_EPIC,PLY_001196,2,LIVE_EPIC,68,18,10,0,TRUE,2022
LG_2011_PLY_001197_LN,PLY_001197,1,LIVE_NORMAL,62,12,10,0,TRUE,2011
LG_2009_PLY_001197_EPIC,PLY_001197,2,LIVE_EPIC,72,18,10,0,TRUE,2009
LG_2007_PLY_001197_EPIC,PLY_001197,2,LIVE_EPIC,68,18,10,0,TRUE,2007
LG_2012_PLY_001197_AS,PLY_001197,3,ALLSTAR,76,24,10,10,TRUE,2012
LG_2014_PLY_001197_GG,PLY_001197,7,GOLDEN_GLOVE,83,35,10,10,FALSE,2014
LG_2008_PLY_001197_LN,PLY_001197,1,LIVE_NORMAL,66,12,10,0,TRUE,2008
LG_2005_PLY_001197_SIG,PLY_001197,6,SIGNATURE,92,40,10,10,FALSE,2005
LG_2017_PLY_001198_LN,PLY_001198,1,LIVE_NORMAL,58,12,10,0,TRUE,2017
LG_2024_PLY_001198_EPIC,PLY_001198,2,LIVE_EPIC,66,18,10,0,TRUE,2024
LG_2006_PLY_001198_TH,PLY_001198,4,TITLE_HOLDER,81,30,10,10,FALSE,2006
LG_2007_PLY_001198_LN,PLY_001198,1,LIVE_NORMAL,64,12,10,0,TRUE,2007
LG_2021_PLY_001198_LN,PLY_001198,1,LIVE_NORMAL,67,12,10,0,TRUE,2021
LG_2024_PLY_001199_LN,PLY_001199,1,LIVE_NORMAL,66,12,10,0,TRUE,2024
LG_2020_PLY_001199_EPIC,PLY_001199,2,LIVE_EPIC,67,18,10,0,TRUE,2020
LG_2019_PLY_001199_LN,PLY_001199,1,LIVE_NORMAL,61,12,10,0,TRUE,2019
LG_2025_PLY_001199_TH,PLY_001199,4,TITLE_HOLDER,86,30,10,10,FALSE,2025
LG_2025_PLY_001199_LN,PLY_001199,1,LIVE_NORMAL,63,12,10,0,TRUE,2025
LG_2001_PLY_001200_AS,PLY_001200,3,ALLSTAR,76,24,10,10,TRUE,2001
LG_2001_PLY_001200_GG,PLY_001200,7,GOLDEN_GLOVE,83,35,10,10,FALSE,2001
LG_2003_PLY_001200_EPIC,PLY_001200,2,LIVE_EPIC,75,18,10,0,TRUE,2003
LG_1999_PLY_001200_EPIC,PLY_001200,2,LIVE_EPIC,76,18,10,0,TRUE,1999
LG_2004_PLY_001200_AS,PLY_001200,3,ALLSTAR,74,24,10,10,TRUE,2004
LG_2004_PLY_001201_LN,PLY_001201,1,LIVE_NORMAL,65,12,10,0,TRUE,2004
LG_2006_PLY_001201_EPIC,PLY_001201,2,LIVE_EPIC,73,18,10,0,TRUE,2006
LG_2010_PLY_001201_TH,PLY_001201,4,TITLE_HOLDER,86,30,10,10,FALSE,2010
LG_2011_PLY_001201_EPIC,PLY_001201,2,LIVE_EPIC,68,18,10,0,TRUE,2011
LG_2007_PLY_001201_EPIC,PLY_001201,2,LIVE_EPIC,75,18,10,0,TRUE,2007
LG_2016_PLY_001202_GG,PLY_001202,7,GOLDEN_GLOVE,84,35,10,10,FALSE,2016
LG_2014_PLY_001202_GG,PLY_001202,7,GOLDEN_GLOVE,87,35,10,10,FALSE,2014
LG_2016_PLY_001202_AS,PLY_001202,3,ALLSTAR,81,24,10,10,TRUE,2016
LG_2014_PLY_001202_EPIC,PLY_001202,2,LIVE_EPIC,65,18,10,0,TRUE,2014
LG_2012_PLY_001202_AS,PLY_001202,3,ALLSTAR,74,24,10,10,TRUE,2012
LG_2010_PLY_001203_TH,PLY_001203,4,TITLE_HOLDER,83,30,10,10,FALSE,2010
LG_2014_PLY_001203_TH,PLY_001203,4,TITLE_HOLDER,85,30,10,10,FALSE,2014
LG_2013_PLY_001203_EPIC,PLY_001203,2,LIVE_EPIC,73,18,10,0,TRUE,2013
LG_2014_PLY_001203_EPIC,PLY_001203,2,LIVE_EPIC,68,18,10,0,TRUE,2014
LG_2002_PLY_001204_AS,PLY_001204,3,ALLSTAR,76,24,10,10,TRUE,2002
LG_1999_PLY_001204_GG,PLY_001204,7,GOLDEN_GLOVE,84,35,10,10,FALSE,1999
LG_2004_PLY_001204_EPIC,PLY_001204,2,LIVE_EPIC,67,18,10,0,TRUE,2004
LG_1999_PLY_001204_EPIC,PLY_001204,2,LIVE_EPIC,75,18,10,0,TRUE,1999
LG_1999_PLY_001204_AS,PLY_001204,3,ALLSTAR,75,24,10,10,TRUE,1999
LG_2008_PLY_001204_LN,PLY_001204,1,LIVE_NORMAL,61,12,10,0,TRUE,2008
LG_2001_PLY_001204_LN,PLY_001204,1,LIVE_NORMAL,57,12,10,0,TRUE,2001
LG_2005_PLY_001204_LN,PLY_001204,1,LIVE_NORMAL,66,12,10,0,TRUE,2005
LG_2007_PLY_001204_LN,PLY_001204,1,LIVE_NORMAL,60,12,10,0,TRUE,2007
LG_2010_PLY_001204_LN,PLY_001204,1,LIVE_NORMAL,64,12,10,0,TRUE,2010
LG_2018_PLY_001205_LN,PLY_001205,1,LIVE_NORMAL,62,12,10,0,TRUE,2018
LG_2022_PLY_001205_EPIC,PLY_001205,2,LIVE_EPIC,75,18,10,0,TRUE,2022
LG_2005_PLY_001206_EPIC,PLY_001206,2,LIVE_EPIC,74,18,10,0,TRUE,2005
LG_2015_PLY_001206_TH,PLY_001206,4,TITLE_HOLDER,82,30,10,10,FALSE,2015
LG_2019_PLY_001206_GG,PLY_001206,7,GOLDEN_GLOVE,90,35,10,10,FALSE,2019
LG_2007_PLY_001206_LN,PLY_001206,1,LIVE_NORMAL,57,12,10,0,TRUE,2007
LG_2011_PLY_001206_GG,PLY_001206,7,GOLDEN_GLOVE,88,35,10,10,FALSE,2011
LG_2011_PLY_001206_TH,PLY_001206,4,TITLE_HOLDER,86,30,10,10,FALSE,2011
LG_1996_PLY_001207_LN,PLY_001207,1,LIVE_NORMAL,57,12,10,0,TRUE,1996
LG_2005_PLY_001207_EPIC,PLY_001207,2,LIVE_EPIC,68,18,10,0,TRUE,2005
LG_2008_PLY_001207_EPIC,PLY_001207,2,LIVE_EPIC,68,18,10,0,TRUE,2008
LG_2006_PLY_001207_EPIC,PLY_001207,2,LIVE_EPIC,73,18,10,0,TRUE,2006
LG_1999_PLY_001207_EPIC,PLY_001207,2,LIVE_EPIC,75,18,10,0,TRUE,1999
LG_2000_PLY_001207_EPIC,PLY_001207,2,LIVE_EPIC,72,18,10,0,TRUE,2000
LG_2007_PLY_001207_AS,PLY_001207,3,ALLSTAR,77,24,10,10,TRUE,2007
LG_2005_PLY_001207_LN,PLY_001207,1,LIVE_NORMAL,66,12,10,0,TRUE,2005
LG_2002_PLY_001207_LN,PLY_001207,1,LIVE_NORMAL,65,12,10,0,TRUE,2002
LG_2025_PLY_001208_EPIC,PLY_001208,2,LIVE_EPIC,76,18,10,0,TRUE,2025
LG_2022_PLY_001208_LN,PLY_001208,1,LIVE_NORMAL,64,12,10,0,TRUE,2022
LG_2026_PLY_001208_LN,PLY_001208,1,LIVE_NORMAL,63,12,10,0,TRUE,2026
LG_2020_PLY_001208_LN,PLY_001208,1,LIVE_NORMAL,55,12,10,0,TRUE,2020
LG_2019_PLY_001208_LN,PLY_001208,1,LIVE_NORMAL,55,12,10,0,TRUE,2019
LG_2011_PLY_001209_TH,PLY_001209,4,TITLE_HOLDER,87,30,10,10,FALSE,2011
LG_2015_PLY_001209_AS,PLY_001209,3,ALLSTAR,78,24,10,10,TRUE,2015
LG_2013_PLY_001209_EPIC,PLY_001209,2,LIVE_EPIC,67,18,10,0,TRUE,2013
LG_2011_PLY_001209_EPIC,PLY_001209,2,LIVE_EPIC,65,18,10,0,TRUE,2011
LG_2014_PLY_001209_EPIC,PLY_001209,2,LIVE_EPIC,76,18,10,0,TRUE,2014
LG_2013_PLY_001209_LN,PLY_001209,1,LIVE_NORMAL,59,12,10,0,TRUE,2013
LG_2015_PLY_001209_LN,PLY_001209,1,LIVE_NORMAL,67,12,10,0,TRUE,2015
LG_2012_PLY_001209_EPIC,PLY_001209,2,LIVE_EPIC,70,18,10,0,TRUE,2012
LG_2005_PLY_001210_TH,PLY_001210,4,TITLE_HOLDER,81,30,10,10,FALSE,2005
LG_1998_PLY_001210_TH,PLY_001210,4,TITLE_HOLDER,80,30,10,10,FALSE,1998
LG_2012_PLY_001211_EPIC,PLY_001211,2,LIVE_EPIC,75,18,10,0,TRUE,2012
LG_2012_PLY_001211_AS,PLY_001211,3,ALLSTAR,79,24,10,10,TRUE,2012
LG_2022_PLY_001212_EPIC,PLY_001212,2,LIVE_EPIC,70,18,10,0,TRUE,2022
LG_2022_PLY_001212_LN,PLY_001212,1,LIVE_NORMAL,65,12,10,0,TRUE,2022
LG_2020_PLY_001212_AS,PLY_001212,3,ALLSTAR,74,24,10,10,TRUE,2020
LG_2018_PLY_001212_LN,PLY_001212,1,LIVE_NORMAL,67,12,10,0,TRUE,2018
LG_2018_PLY_001212_EPIC,PLY_001212,2,LIVE_EPIC,67,18,10,0,TRUE,2018
LG_2016_PLY_001212_SIG,PLY_001212,6,SIGNATURE,87,40,10,10,FALSE,2016
LG_2015_PLY_001213_AS,PLY_001213,3,ALLSTAR,78,24,10,10,TRUE,2015
LG_2015_PLY_001213_SIG,PLY_001213,6,SIGNATURE,91,40,10,10,FALSE,2015
LG_2022_PLY_001213_EPIC,PLY_001213,2,LIVE_EPIC,69,18,10,0,TRUE,2022
LG_2018_PLY_001213_EPIC,PLY_001213,2,LIVE_EPIC,68,18,10,0,TRUE,2018
LG_2013_PLY_001213_LN,PLY_001213,1,LIVE_NORMAL,58,12,10,0,TRUE,2013
LG_2016_PLY_001213_EPIC,PLY_001213,2,LIVE_EPIC,71,18,10,0,TRUE,2016
LG_2018_PLY_001213_LN,PLY_001213,1,LIVE_NORMAL,66,12,10,0,TRUE,2018
LG_2010_PLY_001213_EPIC,PLY_001213,2,LIVE_EPIC,68,18,10,0,TRUE,2010
LG_2003_PLY_001214_TH,PLY_001214,4,TITLE_HOLDER,86,30,10,10,FALSE,2003
LG_2002_PLY_001214_AS,PLY_001214,3,ALLSTAR,76,24,10,10,TRUE,2002
LG_2021_PLY_001214_EPIC,PLY_001214,2,LIVE_EPIC,69,18,10,0,TRUE,2021
LG_2017_PLY_001214_LN,PLY_001214,1,LIVE_NORMAL,59,12,10,0,TRUE,2017
LG_2016_PLY_001215_TH,PLY_001215,4,TITLE_HOLDER,82,30,10,10,FALSE,2016
LG_2015_PLY_001215_SIG,PLY_001215,6,SIGNATURE,93,40,10,10,FALSE,2015
LG_2016_PLY_001215_LN,PLY_001215,1,LIVE_NORMAL,57,12,10,0,TRUE,2016
LG_2017_PLY_001215_EPIC,PLY_001215,2,LIVE_EPIC,69,18,10,0,TRUE,2017
LG_2017_PLY_001215_LN,PLY_001215,1,LIVE_NORMAL,58,12,10,0,TRUE,2017
LG_2019_PLY_001216_AS,PLY_001216,3,ALLSTAR,75,24,10,10,TRUE,2019
LG_2024_PLY_001216_TH,PLY_001216,4,TITLE_HOLDER,85,30,10,10,FALSE,2024
LG_2021_PLY_001216_EPIC,PLY_001216,2,LIVE_EPIC,73,18,10,0,TRUE,2021
LG_2023_PLY_001216_TH,PLY_001216,4,TITLE_HOLDER,86,30,10,10,FALSE,2023
LG_2026_PLY_001216_EPIC,PLY_001216,2,LIVE_EPIC,66,18,10,0,TRUE,2026
LG_2020_PLY_001216_EPIC,PLY_001216,2,LIVE_EPIC,75,18,10,0,TRUE,2020
LG_2019_PLY_001216_LN,PLY_001216,1,LIVE_NORMAL,57,12,10,0,TRUE,2019
LG_2022_PLY_001216_LN,PLY_001216,1,LIVE_NORMAL,55,12,10,0,TRUE,2022
LG_2023_PLY_001217_TH,PLY_001217,4,TITLE_HOLDER,87,30,10,10,FALSE,2023
LG_2024_PLY_001217_LN,PLY_001217,1,LIVE_NORMAL,67,12,10,0,TRUE,2024
LG_2025_PLY_001217_EPIC,PLY_001217,2,LIVE_EPIC,65,18,10,0,TRUE,2025
LG_2022_PLY_001217_EPIC,PLY_001217,2,LIVE_EPIC,72,18,10,0,TRUE,2022
LG_2024_PLY_001217_AS,PLY_001217,3,ALLSTAR,76,24,10,10,TRUE,2024
LG_2015_PLY_001218_EPIC,PLY_001218,2,LIVE_EPIC,70,18,10,0,TRUE,2015
LG_2024_PLY_001218_LN,PLY_001218,1,LIVE_NORMAL,63,12,10,0,TRUE,2024
LG_2011_PLY_001218_LN,PLY_001218,1,LIVE_NORMAL,57,12,10,0,TRUE,2011
LG_2023_PLY_001219_LN,PLY_001219,1,LIVE_NORMAL,62,12,10,0,TRUE,2023
LG_2022_PLY_001219_AS,PLY_001219,3,ALLSTAR,74,24,10,10,TRUE,2022
LG_2022_PLY_001219_LN,PLY_001219,1,LIVE_NORMAL,64,12,10,0,TRUE,2022
LG_2025_PLY_001219_LN,PLY_001219,1,LIVE_NORMAL,66,12,10,0,TRUE,2025
LG_1987_PLY_001220_LN,PLY_001220,1,LIVE_NORMAL,58,12,10,0,TRUE,1987
LG_1988_PLY_001220_TH,PLY_001220,4,TITLE_HOLDER,82,30,10,10,FALSE,1988
LG_1990_PLY_001220_LN,PLY_001220,1,LIVE_NORMAL,68,12,10,0,TRUE,1990
LG_2018_PLY_001221_TH,PLY_001221,4,TITLE_HOLDER,87,30,10,10,FALSE,2018
LG_2017_PLY_001221_LN,PLY_001221,1,LIVE_NORMAL,61,12,10,0,TRUE,2017
LG_2020_PLY_001221_GG,PLY_001221,7,GOLDEN_GLOVE,89,35,10,10,FALSE,2020
LG_2018_PLY_001221_LN,PLY_001221,1,LIVE_NORMAL,56,12,10,0,TRUE,2018
LG_2017_PLY_001221_TH,PLY_001221,4,TITLE_HOLDER,87,30,10,10,FALSE,2017
LG_2020_PLY_001221_AS,PLY_001221,3,ALLSTAR,83,24,10,10,TRUE,2020
LG_2020_PLY_001221_LN,PLY_001221,1,LIVE_NORMAL,66,12,10,0,TRUE,2020
LG_2020_PLY_001221_EPIC,PLY_001221,2,LIVE_EPIC,74,18,10,0,TRUE,2020
LG_2007_PLY_001222_AS,PLY_001222,3,ALLSTAR,83,24,10,10,TRUE,2007
LG_2007_PLY_001222_EPIC,PLY_001222,2,LIVE_EPIC,73,18,10,0,TRUE,2007
LG_2012_PLY_001222_LN,PLY_001222,1,LIVE_NORMAL,57,12,10,0,TRUE,2012
LG_2006_PLY_001222_AS,PLY_001222,3,ALLSTAR,74,24,10,10,TRUE,2006
LG_2013_PLY_001222_TH,PLY_001222,4,TITLE_HOLDER,86,30,10,10,FALSE,2013
LG_2008_PLY_001223_LN,PLY_001223,1,LIVE_NORMAL,66,12,10,0,TRUE,2008
LG_2001_PLY_001223_EPIC,PLY_001223,2,LIVE_EPIC,75,18,10,0,TRUE,2001
LG_1999_PLY_001223_LN,PLY_001223,1,LIVE_NORMAL,59,12,10,0,TRUE,1999
LG_2002_PLY_001223_AS,PLY_001223,3,ALLSTAR,76,24,10,10,TRUE,2002
LG_1996_PLY_001223_TH,PLY_001223,4,TITLE_HOLDER,87,30,10,10,FALSE,1996
LG_2000_PLY_001223_LN,PLY_001223,1,LIVE_NORMAL,66,12,10,0,TRUE,2000
LG_2009_PLY_001224_EPIC,PLY_001224,2,LIVE_EPIC,75,18,10,0,TRUE,2009
LG_2003_PLY_001224_LN,PLY_001224,1,LIVE_NORMAL,68,12,10,0,TRUE,2003
LG_2008_PLY_001225_AS,PLY_001225,3,ALLSTAR,77,24,10,10,TRUE,2008
LG_2010_PLY_001225_TH,PLY_001225,4,TITLE_HOLDER,82,30,10,10,FALSE,2010
LG_2013_PLY_001225_LN,PLY_001225,1,LIVE_NORMAL,59,12,10,0,TRUE,2013
LG_2014_PLY_001225_SIG,PLY_001225,6,SIGNATURE,91,40,10,10,FALSE,2014
LG_2012_PLY_001225_LN,PLY_001225,1,LIVE_NORMAL,60,12,10,0,TRUE,2012
LG_2011_PLY_001225_GG,PLY_001225,7,GOLDEN_GLOVE,87,35,10,10,FALSE,2011
LG_2013_PLY_001225_EPIC,PLY_001225,2,LIVE_EPIC,71,18,10,0,TRUE,2013
LG_2009_PLY_001225_EPIC,PLY_001225,2,LIVE_EPIC,73,18,10,0,TRUE,2009
LG_1997_PLY_001226_AS,PLY_001226,3,ALLSTAR,77,24,10,10,TRUE,1997
LG_1999_PLY_001226_LN,PLY_001226,1,LIVE_NORMAL,64,12,10,0,TRUE,1999
LG_1997_PLY_001226_GG,PLY_001226,7,GOLDEN_GLOVE,89,35,10,10,FALSE,1997
LG_1998_PLY_001226_TH,PLY_001226,4,TITLE_HOLDER,82,30,10,10,FALSE,1998
LG_1995_PLY_001226_EPIC,PLY_001226,2,LIVE_EPIC,65,18,10,0,TRUE,1995
LG_1995_PLY_001226_SIG,PLY_001226,6,SIGNATURE,93,40,10,10,FALSE,1995
LG_1999_PLY_001226_EPIC,PLY_001226,2,LIVE_EPIC,66,18,10,0,TRUE,1999
LG_1998_PLY_001226_LN,PLY_001226,1,LIVE_NORMAL,65,12,10,0,TRUE,1998
LG_1999_PLY_001226_TH,PLY_001226,4,TITLE_HOLDER,82,30,10,10,FALSE,1999
LG_1996_PLY_001226_LN,PLY_001226,1,LIVE_NORMAL,66,12,10,0,TRUE,1996
LG_2021_PLY_001227_AS,PLY_001227,3,ALLSTAR,77,24,10,10,TRUE,2021
LG_2022_PLY_001227_LN,PLY_001227,1,LIVE_NORMAL,68,12,10,0,TRUE,2022
LG_2020_PLY_001227_LN,PLY_001227,1,LIVE_NORMAL,62,12,10,0,TRUE,2020
LG_2022_PLY_001227_GG,PLY_001227,7,GOLDEN_GLOVE,87,35,10,10,FALSE,2022
LG_2020_PLY_001227_EPIC,PLY_001227,2,LIVE_EPIC,73,18,10,0,TRUE,2020
LG_2014_PLY_001228_LN,PLY_001228,1,LIVE_NORMAL,55,12,10,0,TRUE,2014
LG_2011_PLY_001228_LN,PLY_001228,1,LIVE_NORMAL,68,12,10,0,TRUE,2011
LG_2011_PLY_001228_AS,PLY_001228,3,ALLSTAR,77,24,10,10,TRUE,2011
LG_2012_PLY_001228_LN,PLY_001228,1,LIVE_NORMAL,61,12,10,0,TRUE,2012
LG_2011_PLY_001228_GG,PLY_001228,7,GOLDEN_GLOVE,83,35,10,10,FALSE,2011
LG_1996_PLY_001229_LN,PLY_001229,1,LIVE_NORMAL,59,12,10,0,TRUE,1996
LG_2005_PLY_001229_LN,PLY_001229,1,LIVE_NORMAL,55,12,10,0,TRUE,2005
LG_2007_PLY_001229_EPIC,PLY_001229,2,LIVE_EPIC,74,18,10,0,TRUE,2007
LG_2002_PLY_001229_SIG,PLY_001229,6,SIGNATURE,93,40,10,10,FALSE,2002
LG_2025_PLY_004032_TH,PLY_004032,4,TITLE_HOLDER,83,30,10,10,FALSE,2025
LG_2025_PLY_004034_GG,PLY_004034,7,GOLDEN_GLOVE,90,35,10,10,FALSE,2025
