card_id,player_id,grade_id,grade_name,base_ovr,salary_cost,max_enhance,max_awaken,is_droppable,year
KIWOOM_2011_PLY_003630_AS,PLY_003630,3,ALLSTAR,80,24,10,10,TRUE,2011
KIWOOM_2005_PLY_003630_LN,PLY_003630,1,LIVE_NORMAL,55,12,10,0,TRUE,2005
KIWOOM_2009_PLY_003630_TH,PLY_003630,4,TITLE_HOLDER,86,30,10,10,FALSE,2009
KIWOOM_2005_PLY_003630_AS,PLY_003630,3,ALLSTAR,82,24,10,10,TRUE,2005
KIWOOM_2013_PLY_003630_GG,PLY_003630,7,GOLDEN_GLOVE,87,35,10,10,FALSE,2013
KIWOOM_2014_PLY_003630_LN,PLY_003630,1,LIVE_NORMAL,55,12,10,0,TRUE,2014
KIWOOM_2012_PLY_003630_EPIC,PLY_003630,2,LIVE_EPIC,65,18,10,0,TRUE,2012
KIWOOM_2008_PLY_003630_EPIC,PLY_003630,2,LIVE_EPIC,67,18,10,0,TRUE,2008
KIWOOM_2022_PLY_003631_EPIC,PLY_003631,2,LIVE_EPIC,67,18,10,0,TRUE,2022
KIWOOM_2026_PLY_003631_EPIC,PLY_003631,2,LIVE_EPIC,68,18,10,0,TRUE,2026
KIWOOM_2024_PLY_003631_EPIC,PLY_003631,2,LIVE_EPIC,67,18,10,0,TRUE,2024
KIWOOM_2023_PLY_003631_GG,PLY_003631,7,GOLDEN_GLOVE,86,35,10,10,FALSE,2023
KIWOOM_2025_PLY_003631_LN,PLY_003631,1,LIVE_NORMAL,67,12,10,0,TRUE,2025
KIWOOM_2023_PLY_003631_EPIC,PLY_003631,2,LIVE_EPIC,72,18,10,0,TRUE,2023
KIWOOM_2026_PLY_003631_LN,PLY_003631,1,LIVE_NORMAL,62,12,10,0,TRUE,2026
KIWOOM_2020_PLY_003631_EPIC,PLY_003631,2,LIVE_EPIC,67,18,10,0,TRUE,2020
KIWOOM_2009_PLY_003632_EPIC,PLY_003632,2,LIVE_EPIC,69,18,10,0,TRUE,2009
KIWOOM_2012_PLY_003632_EPIC,PLY_003632,2,LIVE_EPIC,73,18,10,0,TRUE,2012
KIWOOM_2012_PLY_003632_LN,PLY_003632,1,LIVE_NORMAL,60,12,10,0,TRUE,2012
KIWOOM_2013_PLY_003632_LN,PLY_003632,1,LIVE_NORMAL,56,12,10,0,TRUE,2013
KIWOOM_2004_PLY_003633_EPIC,PLY_003633,2,LIVE_EPIC,73,18,10,0,TRUE,2004
KIWOOM_2009_PLY_003633_LN,PLY_003633,1,LIVE_NORMAL,59,12,10,0,TRUE,2009
KIWOOM_2010_PLY_003633_GG,PLY_003633,7,GOLDEN_GLOVE,84,35,10,10,FALSE,2010
KIWOOM_2004_PLY_003633_SIG,PLY_003633,6,SIGNATURE,92,40,10,10,FALSE,2004
KIWOOM_2005_PLY_003633_AS,PLY_003633,3,ALLSTAR,76,24,10,10,TRUE,2005
KIWOOM_2009_PLY_003633_EPIC,PLY_003633,2,LIVE_EPIC,73,18,10,0,TRUE,2009
KIWOOM_2003_PLY_003633_AS,PLY_003633,3,ALLSTAR,77,24,10,10,TRUE,2003
KIWOOM_2003_PLY_003633_EPIC,PLY_003633,2,LIVE_EPIC,70,18,10,0,TRUE,2003
KIWOOM_2006_PLY_003633_EPIC,PLY_003633,2,LIVE_EPIC,71,18,10,0,TRUE,2006
KIWOOM_2024_PLY_003634_LN,PLY_003634,1,LIVE_NORMAL,67,12,10,0,TRUE,2024
KIWOOM_2021_PLY_003634_LN,PLY_003634,1,LIVE_NORMAL,58,12,10,0,TRUE,2021
KIWOOM_2022_PLY_003635_EPIC,PLY_003635,2,LIVE_EPIC,70,18,10,0,TRUE,2022
KIWOOM_2025_PLY_003635_EPIC,PLY_003635,2,LIVE_EPIC,70,18,10,0,TRUE,2025
KIWOOM_2007_PLY_003636_LN,PLY_003636,1,LIVE_NORMAL,57,12,10,0,TRUE,2007
KIWOOM_2010_PLY_003636_LN,PLY_003636,1,LIVE_NORMAL,55,12,10,0,TRUE,2010
KIWOOM_2003_PLY_003636_LN,PLY_003636,1,LIVE_NORMAL,56,12,10,0,TRUE,2003
KIWOOM_2006_PLY_003636_LN,PLY_003636,1,LIVE_NORMAL,64,12,10,0,TRUE,2006
KIWOOM_2004_PLY_003636_EPIC,PLY_003636,2,LIVE_EPIC,65,18,10,0,TRUE,2004
KIWOOM_2002_PLY_003636_EPIC,PLY_003636,2,LIVE_EPIC,71,18,10,0,TRUE,2002
KIWOOM_1991_PLY_003637_LN,PLY_003637,1,LIVE_NORMAL,60,12,10,0,TRUE,1991
KIWOOM_1995_PLY_003637_AS,PLY_003637,3,ALLSTAR,75,24,10,10,TRUE,1995
KIWOOM_1994_PLY_003637_EPIC,PLY_003637,2,LIVE_EPIC,66,18,10,0,TRUE,1994
KIWOOM_1986_PLY_003637_AS,PLY_003637,3,ALLSTAR,80,24,10,10,TRUE,1986
KIWOOM_1988_PLY_003637_EPIC,PLY_003637,2,LIVE_EPIC,69,18,10,0,TRUE,1988
KIWOOM_1993_PLY_003637_LN,PLY_003637,1,LIVE_NORMAL,55,12,10,0,TRUE,1993
KIWOOM_1996_PLY_003637_LN,PLY_003637,1,LIVE_NORMAL,57,12,10,0,TRUE,1996
KIWOOM_1999_PLY_003638_AS,PLY_003638,3,ALLSTAR,83,24,10,10,TRUE,1999
KIWOOM_1996_PLY_003638_GG,PLY_003638,7,GOLDEN_GLOVE,86,35,10,10,FALSE,1996
KIWOOM_1996_PLY_003638_AS,PLY_003638,3,ALLSTAR,82,24,10,10,TRUE,1996
KIWOOM_1991_PLY_003638_EPIC,PLY_003638,2,LIVE_EPIC,66,18,10,0,TRUE,1991
KIWOOM_1992_PLY_003638_LN,PLY_003638,1,LIVE_NORMAL,62,12,10,0,TRUE,1992
KIWOOM_1996_PLY_003638_LN,PLY_003638,1,LIVE_NORMAL,55,12,10,0,TRUE,1996
KIWOOM_2025_PLY_003639_LN,PLY_003639,1,LIVE_NORMAL,55,12,10,0,TRUE,2025
KIWOOM_2023_PLY_003639_LN,PLY_003639,1,LIVE_NORMAL,67,12,10,0,TRUE,2023
KIWOOM_2020_PLY_003639_LN,PLY_003639,1,LIVE_NORMAL,56,12,10,0,TRUE,2020
KIWOOM_2018_PLY_003639_LN,PLY_003639,1,LIVE_NORMAL,58,12,10,0,TRUE,2018
KIWOOM_2019_PLY_003639_AS,PLY_003639,3,ALLSTAR,82,24,10,10,TRUE,2019
KIWOOM_2024_PLY_003639_TH,PLY_003639,4,TITLE_HOLDER,81,30,10,10,FALSE,2024
KIWOOM_2022_PLY_003639_TH,PLY_003639,4,TITLE_HOLDER,86,30,10,10,FALSE,2022
KIWOOM_2019_PLY_003639_EPIC,PLY_003639,2,LIVE_EPIC,68,18,10,0,TRUE,2019
KIWOOM_2022_PLY_003639_EPIC,PLY_003639,2,LIVE_EPIC,70,18,10,0,TRUE,2022
KIWOOM_1999_PLY_003640_EPIC,PLY_003640,2,LIVE_EPIC,70,18,10,0,TRUE,1999
KIWOOM_1995_PLY_003640_AS,PLY_003640,3,ALLSTAR,80,24,10,10,TRUE,1995
KIWOOM_1992_PLY_003640_AS,PLY_003640,3,ALLSTAR,83,24,10,10,TRUE,1992
KIWOOM_1993_PLY_003640_LN,PLY_003640,1,LIVE_NORMAL,60,12,10,0,TRUE,1993
KIWOOM_1994_PLY_003640_EPIC,PLY_003640,2,LIVE_EPIC,70,18,10,0,TRUE,1994
KIWOOM_1995_PLY_003640_LN,PLY_003640,1,LIVE_NORMAL,61,12,10,0,TRUE,1995
KIWOOM_2023_PLY_003641_AS,PLY_003641,3,ALLSTAR,78,24,10,10,TRUE,2023
KIWOOM_2026_PLY_003641_TH,PLY_003641,4,TITLE_HOLDER,85,30,10,10,FALSE,2026
KIWOOM_2006_PLY_003642_TH,PLY_003642,4,TITLE_HOLDER,81,30,10,10,FALSE,2006
KIWOOM_2007_PLY_003642_AS,PLY_003642,3,ALLSTAR,78,24,10,10,TRUE,2007
KIWOOM_2016_PLY_003642_GG,PLY_003642,7,GOLDEN_GLOVE,84,35,10,10,FALSE,2016
KIWOOM_2011_PLY_003642_GG,PLY_003642,7,GOLDEN_GLOVE,83,35,10,10,FALSE,2011
KIWOOM_2015_PLY_003642_GG,PLY_003642,7,GOLDEN_GLOVE,87,35,10,10,FALSE,2015
KIWOOM_2006_PLY_003642_AS,PLY_003642,3,ALLSTAR,75,24,10,10,TRUE,2006
KIWOOM_2008_PLY_003642_AS,PLY_003642,3,ALLSTAR,75,24,10,10,TRUE,2008
KIWOOM_2006_PLY_003643_EPIC,PLY_003643,2,LIVE_EPIC,72,18,10,0,TRUE,2006
KIWOOM_2009_PLY_003643_GG,PLY_003643,7,GOLDEN_GLOVE,86,35,10,10,FALSE,2009
KIWOOM_2003_PLY_003643_EPIC,PLY_003643,2,LIVE_EPIC,75,18,10,0,TRUE,2003
KIWOOM_2009_PLY_003643_LN,PLY_003643,1,LIVE_NORMAL,58,12,10,0,TRUE,2009
KIWOOM_2003_PLY_003643_SIG,PLY_003643,6,SIGNATURE,87,40,10,10,FALSE,2003
KIWOOM_2005_PLY_003643_EPIC,PLY_003643,2,LIVE_EPIC,68,18,10,0,TRUE,2005
KIWOOM_1995_PLY_003643_TH,PLY_003643,4,TITLE_HOLDER,80,30,10,10,FALSE,1995
KIWOOM_2008_PLY_003643_LN,PLY_003643,1,LIVE_NORMAL,68,12,10,0,TRUE,2008
KIWOOM_2001_PLY_003644_LN,PLY_003644,1,LIVE_NORMAL,63,12,10,0,TRUE,2001
KIWOOM_2011_PLY_003644_AS,PLY_003644,3,ALLSTAR,82,24,10,10,TRUE,2011
KIWOOM_2007_PLY_003645_LN,PLY_003645,1,LIVE_NORMAL,59,12,10,0,TRUE,2007
KIWOOM_2004_PLY_003645_AS,PLY_003645,3,ALLSTAR,79,24,10,10,TRUE,2004
KIWOOM_2005_PLY_003645_LN,PLY_003645,1,LIVE_NORMAL,55,12,10,0,TRUE,2005
KIWOOM_2004_PLY_003645_LN,PLY_003645,1,LIVE_NORMAL,64,12,10,0,TRUE,2004
KIWOOM_2004_PLY_003645_EPIC,PLY_003645,2,LIVE_EPIC,66,18,10,0,TRUE,2004
KIWOOM_2005_PLY_003645_AS,PLY_003645,3,ALLSTAR,79,24,10,10,TRUE,2005
KIWOOM_2003_PLY_003645_EPIC,PLY_003645,2,LIVE_EPIC,65,18,10,0,TRUE,2003
KIWOOM_1993_PLY_003646_AS,PLY_003646,3,ALLSTAR,78,24,10,10,TRUE,1993
KIWOOM_2008_PLY_003646_AS,PLY_003646,3,ALLSTAR,83,24,10,10,TRUE,2008
KIWOOM_1998_PLY_003646_EPIC,PLY_003646,2,LIVE_EPIC,71,18,10,0,TRUE,1998
KIWOOM_2003_PLY_003647_LN,PLY_003647,1,LIVE_NORMAL,60,12,10,0,TRUE,2003
KIWOOM_2010_PLY_003647_EPIC,PLY_003647,2,LIVE_EPIC,70,18,10,0,TRUE,2010
KIWOOM_1996_PLY_003647_TH,PLY_003647,4,TITLE_HOLDER,87,30,10,10,FALSE,1996
KIWOOM_2005_PLY_003647_TH,PLY_003647,4,TITLE_HOLDER,83,30,10,10,FALSE,2005
KIWOOM_2006_PLY_003648_AS,PLY_003648,3,ALLSTAR,80,24,10,10,TRUE,2006
KIWOOM_2009_PLY_003648_EPIC,PLY_003648,2,LIVE_EPIC,73,18,10,0,TRUE,2009
KIWOOM_2000_PLY_003648_LN,PLY_003648,1,LIVE_NORMAL,58,12,10,0,TRUE,2000
KIWOOM_2005_PLY_003648_EPIC,PLY_003648,2,LIVE_EPIC,67,18,10,0,TRUE,2005
KIWOOM_2003_PLY_003648_LN,PLY_003648,1,LIVE_NORMAL,55,12,10,0,TRUE,2003
KIWOOM_2000_PLY_003648_EPIC,PLY_003648,2,LIVE_EPIC,75,18,10,0,TRUE,2000
KIWOOM_2007_PLY_003648_EPIC,PLY_003648,2,LIVE_EPIC,67,18,10,0,TRUE,2007
KIWOOM_2007_PLY_003648_LN,PLY_003648,1,LIVE_NORMAL,57,12,10,0,TRUE,2007
KIWOOM_2005_PLY_003649_TH,PLY_003649,4,TITLE_HOLDER,81,30,10,10,FALSE,2005
KIWOOM_2004_PLY_003649_AS,PLY_003649,3,ALLSTAR,83,24,10,10,TRUE,2004
KIWOOM_2016_PLY_003650_LN,PLY_003650,1,LIVE_NORMAL,64,12,10,0,TRUE,2016
KIWOOM_2017_PLY_003650_GG,PLY_003650,7,GOLDEN_GLOVE,87,35,10,10,FALSE,2017
KIWOOM_2014_PLY_003650_SIG,PLY_003650,6,SIGNATURE,89,40,10,10,FALSE,2014
KIWOOM_2013_PLY_003650_LN,PLY_003650,1,LIVE_NORMAL,67,12,10,0,TRUE,2013
KIWOOM_2018_PLY_003650_TH,PLY_003650,4,TITLE_HOLDER,87,30,10,10,FALSE,2018
KIWOOM_2010_PLY_003650_AS,PLY_003650,3,ALLSTAR,77,24,10,10,TRUE,2010
KIWOOM_2022_PLY_003651_LN,PLY_003651,1,LIVE_NORMAL,65,12,10,0,TRUE,2022
KIWOOM_2024_PLY_003651_EPIC,PLY_003651,2,LIVE_EPIC,73,18,10,0,TRUE,2024
KIWOOM_2026_PLY_003651_AS,PLY_003651,3,ALLSTAR,76,24,10,10,TRUE,2026
KIWOOM_2002_PLY_003652_EPIC,PLY_003652,2,LIVE_EPIC,67,18,10,0,TRUE,2002
KIWOOM_2011_PLY_003652_EPIC,PLY_003652,2,LIVE_EPIC,74,18,10,0,TRUE,2011
KIWOOM_2012_PLY_003652_LN,PLY_003652,1,LIVE_NORMAL,61,12,10,0,TRUE,2012
KIWOOM_2002_PLY_003652_AS,PLY_003652,3,ALLSTAR,83,24,10,10,TRUE,2002
KIWOOM_1998_PLY_003652_LN,PLY_003652,1,LIVE_NORMAL,57,12,10,0,TRUE,1998
KIWOOM_2013_PLY_003652_AS,PLY_003652,3,ALLSTAR,76,24,10,10,TRUE,2013
KIWOOM_2004_PLY_003652_TH,PLY_003652,4,TITLE_HOLDER,81,30,10,10,FALSE,2004
KIWOOM_2000_PLY_003652_LN,PLY_003652,1,LIVE_NORMAL,56,12,10,0,TRUE,2000
KIWOOM_2008_PLY_003652_EPIC,PLY_003652,2,LIVE_EPIC,76,18,10,0,TRUE,2008
KIWOOM_2013_PLY_003652_LN,PLY_003652,1,LIVE_NORMAL,67,12,10,0,TRUE,2013
KIWOOM_2000_PLY_003652_EPIC,PLY_003652,2,LIVE_EPIC,65,18,10,0,TRUE,2000
KIWOOM_2023_PLY_003653_EPIC,PLY_003653,2,LIVE_EPIC,69,18,10,0,TRUE,2023
KIWOOM_2014_PLY_003653_AS,PLY_003653,3,ALLSTAR,75,24,10,10,TRUE,2014
KIWOOM_2024_PLY_003653_LN,PLY_003653,1,LIVE_NORMAL,64,12,10,0,TRUE,2024
KIWOOM_2022_PLY_003653_LN,PLY_003653,1,LIVE_NORMAL,59,12,10,0,TRUE,2022
KIWOOM_2024_PLY_003653_AS,PLY_003653,3,ALLSTAR,74,24,10,10,TRUE,2024
KIWOOM_2026_PLY_003653_LN,PLY_003653,1,LIVE_NORMAL,63,12,10,0,TRUE,2026
KIWOOM_2024_PLY_003653_EPIC,PLY_003653,2,LIVE_EPIC,66,18,10,0,TRUE,2024
KIWOOM_2014_PLY_003653_GG,PLY_003653,7,GOLDEN_GLOVE,88,35,10,10,FALSE,2014
KIWOOM_2006_PLY_003654_TH,PLY_003654,4,TITLE_HOLDER,82,30,10,10,FALSE,2006
KIWOOM_2007_PLY_003654_LN,PLY_003654,1,LIVE_NORMAL,62,12,10,0,TRUE,2007
KIWOOM_2011_PLY_003654_EPIC,PLY_003654,2,LIVE_EPIC,70,18,10,0,TRUE,2011
KIWOOM_2010_PLY_003654_LN,PLY_003654,1,LIVE_NORMAL,62,12,10,0,TRUE,2010
KIWOOM_2003_PLY_003654_EPIC,PLY_003654,2,LIVE_EPIC,65,18,10,0,TRUE,2003
KIWOOM_2011_PLY_003654_AS,PLY_003654,3,ALLSTAR,77,24,10,10,TRUE,2011
KIWOOM_2006_PLY_003654_LN,PLY_003654,1,LIVE_NORMAL,63,12,10,0,TRUE,2006
KIWOOM_2026_PLY_003655_LN,PLY_003655,1,LIVE_NORMAL,66,12,10,0,TRUE,2026
KIWOOM_2023_PLY_003655_LN,PLY_003655,1,LIVE_NORMAL,56,12,10,0,TRUE,2023
KIWOOM_2024_PLY_003655_GG,PLY_003655,7,GOLDEN_GLOVE,87,35,10,10,FALSE,2024
KIWOOM_2024_PLY_003655_EPIC,PLY_003655,2,LIVE_EPIC,72,18,10,0,TRUE,2024
KIWOOM_2026_PLY_003655_TH,PLY_003655,4,TITLE_HOLDER,87,30,10,10,FALSE,2026
KIWOOM_2020_PLY_003656_AS,PLY_003656,3,ALLSTAR,76,24,10,10,TRUE,2020
KIWOOM_2019_PLY_003656_TH,PLY_003656,4,TITLE_HOLDER,85,30,10,10,FALSE,2019
KIWOOM_2018_PLY_003656_GG,PLY_003656,7,GOLDEN_GLOVE,85,35,10,10,FALSE,2018
KIWOOM_2012_PLY_003656_LN,PLY_003656,1,LIVE_NORMAL,65,12,10,0,TRUE,2012
KIWOOM_2016_PLY_003656_AS,PLY_003656,3,ALLSTAR,79,24,10,10,TRUE,2016
KIWOOM_2019_PLY_003656_LN,PLY_003656,1,LIVE_NORMAL,64,12,10,0,TRUE,2019
KIWOOM_2013_PLY_003656_TH,PLY_003656,4,TITLE_HOLDER,85,30,10,10,FALSE,2013
KIWOOM_2016_PLY_003657_TH,PLY_003657,4,TITLE_HOLDER,83,30,10,10,FALSE,2016
KIWOOM_2016_PLY_003657_LN,PLY_003657,1,LIVE_NORMAL,55,12,10,0,TRUE,2016
KIWOOM_2015_PLY_003657_EPIC,PLY_003657,2,LIVE_EPIC,70,18,10,0,TRUE,2015
KIWOOM_2017_PLY_003657_LN,PLY_003657,1,LIVE_NORMAL,60,12,10,0,TRUE,2017
KIWOOM_2019_PLY_003657_EPIC,PLY_003657,2,LIVE_EPIC,65,18,10,0,TRUE,2019
KIWOOM_2018_PLY_003657_LN,PLY_003657,1,LIVE_NORMAL,67,12,10,0,TRUE,2018
KIWOOM_2015_PLY_003657_TH,PLY_003657,4,TITLE_HOLDER,86,30,10,10,FALSE,2015
KIWOOM_2016_PLY_003657_AS,PLY_003657,3,ALLSTAR,80,24,10,10,TRUE,2016
KIWOOM_2017_PLY_003657_EPIC,PLY_003657,2,LIVE_EPIC,71,18,10,0,TRUE,2017
KIWOOM_1991_PLY_003658_EPIC,PLY_003658,2,LIVE_EPIC,70,18,10,0,TRUE,1991
KIWOOM_1991_PLY_003658_LN,PLY_003658,1,LIVE_NORMAL,59,12,10,0,TRUE,1991
KIWOOM_1988_PLY_003658_AS,PLY_003658,3,ALLSTAR,83,24,10,10,TRUE,1988
KIWOOM_1988_PLY_003658_EPIC,PLY_003658,2,LIVE_EPIC,66,18,10,0,TRUE,1988
KIWOOM_1990_PLY_003658_SIG,PLY_003658,6,SIGNATURE,93,40,10,10,FALSE,1990
KIWOOM_1988_PLY_003658_LN,PLY_003658,1,LIVE_NORMAL,62,12,10,0,TRUE,1988
KIWOOM_2003_PLY_003659_LN,PLY_003659,1,LIVE_NORMAL,65,12,10,0,TRUE,2003
KIWOOM_2006_PLY_003659_LN,PLY_003659,1,LIVE_NORMAL,60,12,10,0,TRUE,2006
KIWOOM_2004_PLY_003659_EPIC,PLY_003659,2,LIVE_EPIC,68,18,10,0,TRUE,2004
KIWOOM_2000_PLY_003659_EPIC,PLY_003659,2,LIVE_EPIC,66,18,10,0,TRUE,2000
KIWOOM_2020_PLY_003660_EPIC,PLY_003660,2,LIVE_EPIC,66,18,10,0,TRUE,2020
KIWOOM_2016_PLY_003660_EPIC,PLY_003660,2,LIVE_EPIC,66,18,10,0,TRUE,2016
KIWOOM_2013_PLY_003661_EPIC,PLY_003661,2,LIVE_EPIC,71,18,10,0,TRUE,2013
KIWOOM_2010_PLY_003661_EPIC,PLY_003661,2,LIVE_EPIC,69,18,10,0,TRUE,2010
KIWOOM_2011_PLY_003661_AS,PLY_003661,3,ALLSTAR,75,24,10,10,TRUE,2011
KIWOOM_1998_PLY_003661_LN,PLY_003661,1,LIVE_NORMAL,62,12,10,0,TRUE,1998
KIWOOM_2009_PLY_003661_EPIC,PLY_003661,2,LIVE_EPIC,69,18,10,0,TRUE,2009
KIWOOM_2009_PLY_003661_LN,PLY_003661,1,LIVE_NORMAL,67,12,10,0,TRUE,2009
KIWOOM_2000_PLY_003661_LN,PLY_003661,1,LIVE_NORMAL,63,12,10,0,TRUE,2000
KIWOOM_2010_PLY_003661_LN,PLY_003661,1,LIVE_NORMAL,61,12,10,0,TRUE,2010
KIWOOM_2008_PLY_003661_EPIC,PLY_003661,2,LIVE_EPIC,76,18,10,0,TRUE,2008
KIWOOM_1992_PLY_003662_AS,PLY_003662,3,ALLSTAR,75,24,10,10,TRUE,1992
KIWOOM_2001_PLY_003662_LN,PLY_003662,1,LIVE_NORMAL,62,12,10,0,TRUE,2001
KIWOOM_1994_PLY_003662_EPIC,PLY_003662,2,LIVE_EPIC,74,18,10,0,TRUE,1994
KIWOOM_1992_PLY_003662_LN,PLY_003662,1,LIVE_NORMAL,66,12,10,0,TRUE,1992
KIWOOM_1993_PLY_003662_AS,PLY_003662,3,ALLSTAR,76,24,10,10,TRUE,1993
KIWOOM_2006_PLY_003662_LN,PLY_003662,1,LIVE_NORMAL,59,12,10,0,TRUE,2006
KIWOOM_2006_PLY_003663_LN,PLY_003663,1,LIVE_NORMAL,66,12,10,0,TRUE,2006
KIWOOM_2007_PLY_003663_GG,PLY_003663,7,GOLDEN_GLOVE,83,35,10,10,FALSE,2007
KIWOOM_2009_PLY_003663_TH,PLY_003663,4,TITLE_HOLDER,84,30,10,10,FALSE,2009
KIWOOM_2007_PLY_003663_TH,PLY_003663,4,TITLE_HOLDER,84,30,10,10,FALSE,2007
KIWOOM_2008_PLY_003663_TH,PLY_003663,4,TITLE_HOLDER,87,30,10,10,FALSE,2008
KIWOOM_2007_PLY_003663_AS,PLY_003663,3,ALLSTAR,77,24,10,10,TRUE,2007
KIWOOM_2022_PLY_003664_LN,PLY_003664,1,LIVE_NORMAL,63,12,10,0,TRUE,2022
KIWOOM_2020_PLY_003664_EPIC,PLY_003664,2,LIVE_EPIC,73,18,10,0,TRUE,2020
KIWOOM_2019_PLY_003664_TH,PLY_003664,4,TITLE_HOLDER,83,30,10,10,FALSE,2019
KIWOOM_2018_PLY_003664_AS,PLY_003664,3,ALLSTAR,76,24,10,10,TRUE,2018
KIWOOM_2025_PLY_003664_EPIC,PLY_003664,2,LIVE_EPIC,72,18,10,0,TRUE,2025
KIWOOM_2013_PLY_003665_LN,PLY_003665,1,LIVE_NORMAL,67,12,10,0,TRUE,2013
KIWOOM_2014_PLY_003665_AS,PLY_003665,3,ALLSTAR,78,24,10,10,TRUE,2014
KIWOOM_2017_PLY_003665_AS,PLY_003665,3,ALLSTAR,78,24,10,10,TRUE,2017
KIWOOM_2020_PLY_003665_LN,PLY_003665,1,LIVE_NORMAL,67,12,10,0,TRUE,2020
KIWOOM_2023_PLY_003666_AS,PLY_003666,3,ALLSTAR,80,24,10,10,TRUE,2023
KIWOOM_2019_PLY_003666_LN,PLY_003666,1,LIVE_NORMAL,66,12,10,0,TRUE,2019
KIWOOM_2024_PLY_003666_TH,PLY_003666,4,TITLE_HOLDER,80,30,10,10,FALSE,2024
KIWOOM_2018_PLY_003666_LN,PLY_003666,1,LIVE_NORMAL,57,12,10,0,TRUE,2018
KIWOOM_2023_PLY_003666_LN,PLY_003666,1,LIVE_NORMAL,56,12,10,0,TRUE,2023
KIWOOM_2018_PLY_003666_EPIC,PLY_003666,2,LIVE_EPIC,70,18,10,0,TRUE,2018
KIWOOM_2017_PLY_003666_AS,PLY_003666,3,ALLSTAR,82,24,10,10,TRUE,2017
KIWOOM_2003_PLY_003667_AS,PLY_003667,3,ALLSTAR,76,24,10,10,TRUE,2003
KIWOOM_1994_PLY_003667_AS,PLY_003667,3,ALLSTAR,77,24,10,10,TRUE,1994
KIWOOM_1996_PLY_003667_EPIC,PLY_003667,2,LIVE_EPIC,72,18,10,0,TRUE,1996
KIWOOM_2011_PLY_003667_EPIC,PLY_003667,2,LIVE_EPIC,70,18,10,0,TRUE,2011
KIWOOM_2004_PLY_003667_AS,PLY_003667,3,ALLSTAR,74,24,10,10,TRUE,2004
KIWOOM_1999_PLY_003667_SIG,PLY_003667,6,SIGNATURE,89,40,10,10,FALSE,1999
KIWOOM_2014_PLY_003667_GG,PLY_003667,7,GOLDEN_GLOVE,84,35,10,10,FALSE,2014
KIWOOM_2006_PLY_003667_LN,PLY_003667,1,LIVE_NORMAL,66,12,10,0,TRUE,2006
KIWOOM_2011_PLY_003667_LN,PLY_003667,1,LIVE_NORMAL,59,12,10,0,TRUE,2011
KIWOOM_2013_PLY_003667_GG,PLY_003667,7,GOLDEN_GLOVE,87,35,10,10,FALSE,2013
KIWOOM_1995_PLY_003667_AS,PLY_003667,3,ALLSTAR,78,24,10,10,TRUE,1995
KIWOOM_2002_PLY_003668_AS,PLY_003668,3,ALLSTAR,77,24,10,10,TRUE,2002
KIWOOM_2006_PLY_003668_AS,PLY_003668,3,ALLSTAR,79,24,10,10,TRUE,2006
KIWOOM_2000_PLY_003668_TH,PLY_003668,4,TITLE_HOLDER,82,30,10,10,FALSE,2000
KIWOOM_2012_PLY_003669_LN,PLY_003669,1,LIVE_NORMAL,68,12,10,0,TRUE,2012
KIWOOM_2004_PLY_003669_LN,PLY_003669,1,LIVE_NORMAL,56,12,10,0,TRUE,2004
KIWOOM_2007_PLY_003669_AS,PLY_003669,3,ALLSTAR,80,24,10,10,TRUE,2007
KIWOOM_2002_PLY_003669_LN,PLY_003669,1,LIVE_NORMAL,58,12,10,0,TRUE,2002
KIWOOM_1993_PLY_003670_AS,PLY_003670,3,ALLSTAR,78,24,10,10,TRUE,1993
KIWOOM_2008_PLY_003670_EPIC,PLY_003670,2,LIVE_EPIC,74,18,10,0,TRUE,2008
KIWOOM_2010_PLY_003670_TH,PLY_003670,4,TITLE_HOLDER,83,30,10,10,FALSE,2010
KIWOOM_2005_PLY_003670_GG,PLY_003670,7,GOLDEN_GLOVE,88,35,10,10,FALSE,2005
KIWOOM_1993_PLY_003670_SIG,PLY_003670,6,SIGNATURE,87,40,10,10,FALSE,1993
KIWOOM_1997_PLY_003670_LN,PLY_003670,1,LIVE_NORMAL,59,12,10,0,TRUE,1997
KIWOOM_1998_PLY_003670_LN,PLY_003670,1,LIVE_NORMAL,68,12,10,0,TRUE,1998
KIWOOM_2002_PLY_003671_LN,PLY_003671,1,LIVE_NORMAL,59,12,10,0,TRUE,2002
KIWOOM_1997_PLY_003671_LN,PLY_003671,1,LIVE_NORMAL,66,12,10,0,TRUE,1997
KIWOOM_2009_PLY_003671_LN,PLY_003671,1,LIVE_NORMAL,64,12,10,0,TRUE,2009
KIWOOM_1998_PLY_003671_EPIC,PLY_003671,2,LIVE_EPIC,68,18,10,0,TRUE,1998
KIWOOM_1999_PLY_003671_GG,PLY_003671,7,GOLDEN_GLOVE,86,35,10,10,FALSE,1999
KIWOOM_1999_PLY_003671_AS,PLY_003671,3,ALLSTAR,77,24,10,10,TRUE,1999
KIWOOM_2011_PLY_003671_EPIC,PLY_003671,2,LIVE_EPIC,72,18,10,0,TRUE,2011
KIWOOM_2010_PLY_003671_EPIC,PLY_003671,2,LIVE_EPIC,65,18,10,0,TRUE,2010
KIWOOM_1999_PLY_003671_LN,PLY_003671,1,LIVE_NORMAL,67,12,10,0,TRUE,1999
KIWOOM_2009_PLY_003671_EPIC,PLY_003671,2,LIVE_EPIC,74,18,10,0,TRUE,2009
KIWOOM_2025_PLY_003672_GG,PLY_003672,7,GOLDEN_GLOVE,89,35,10,10,FALSE,2025
KIWOOM_2009_PLY_003672_EPIC,PLY_003672,2,LIVE_EPIC,76,18,10,0,TRUE,2009
KIWOOM_2013_PLY_003672_LN,PLY_003672,1,LIVE_NORMAL,59,12,10,0,TRUE,2013
KIWOOM_2023_PLY_003672_AS,PLY_003672,3,ALLSTAR,76,24,10,10,TRUE,2023
KIWOOM_1996_PLY_003673_EPIC,PLY_003673,2,LIVE_EPIC,66,18,10,0,TRUE,1996
KIWOOM_2007_PLY_003673_LN,PLY_003673,1,LIVE_NORMAL,68,12,10,0,TRUE,2007
KIWOOM_2008_PLY_003673_LN,PLY_003673,1,LIVE_NORMAL,63,12,10,0,TRUE,2008
KIWOOM_1998_PLY_003673_AS,PLY_003673,3,ALLSTAR,75,24,10,10,TRUE,1998
KIWOOM_1992_PLY_003673_LN,PLY_003673,1,LIVE_NORMAL,67,12,10,0,TRUE,1992
KIWOOM_1995_PLY_003673_LN,PLY_003673,1,LIVE_NORMAL,65,12,10,0,TRUE,1995
KIWOOM_1994_PLY_003673_LN,PLY_003673,1,LIVE_NORMAL,60,12,10,0,TRUE,1994
KIWOOM_1996_PLY_003673_SIG,PLY_003673,6,SIGNATURE,91,40,10,10,FALSE,1996
KIWOOM_2026_PLY_003674_TH,PLY_003674,4,TITLE_HOLDER,86,30,10,10,FALSE,2026
KIWOOM_2022_PLY_003674_EPIC,PLY_003674,2,LIVE_EPIC,70,18,10,0,TRUE,2022
KIWOOM_2018_PLY_003674_TH,PLY_003674,4,TITLE_HOLDER,80,30,10,10,FALSE,2018
KIWOOM_2021_PLY_003674_LN,PLY_003674,1,LIVE_NORMAL,66,12,10,0,TRUE,2021
KIWOOM_2022_PLY_003674_LN,PLY_003674,1,LIVE_NORMAL,63,12,10,0,TRUE,2022
KIWOOM_2021_PLY_003674_EPIC,PLY_003674,2,LIVE_EPIC,74,18,10,0,TRUE,2021
KIWOOM_2022_PLY_003674_GG,PLY_003674,7,GOLDEN_GLOVE,83,35,10,10,FALSE,2022
KIWOOM_2019_PLY_003675_EPIC,PLY_003675,2,LIVE_EPIC,68,18,10,0,TRUE,2019
KIWOOM_2021_PLY_003675_AS,PLY_003675,3,ALLSTAR,75,24,10,10,TRUE,2021
KIWOOM_2025_PLY_003675_LN,PLY_003675,1,LIVE_NORMAL,57,12,10,0,TRUE,2025
KIWOOM_2020_PLY_003675_LN,PLY_003675,1,LIVE_NORMAL,68,12,10,0,TRUE,2020
KIWOOM_2018_PLY_003675_GG,PLY_003675,7,GOLDEN_GLOVE,83,35,10,10,FALSE,2018
KIWOOM_2020_PLY_003675_EPIC,PLY_003675,2,LIVE_EPIC,65,18,10,0,TRUE,2020
KIWOOM_2026_PLY_003675_AS,PLY_003675,3,ALLSTAR,80,24,10,10,TRUE,2026
KIWOOM_2022_PLY_003675_LN,PLY_003675,1,LIVE_NORMAL,62,12,10,0,TRUE,2022
KIWOOM_2024_PLY_003675_EPIC,PLY_003675,2,LIVE_EPIC,68,18,10,0,TRUE,2024
KIWOOM_2022_PLY_003675_TH,PLY_003675,4,TITLE_HOLDER,81,30,10,10,FALSE,2022
KIWOOM_2021_PLY_003675_LN,PLY_003675,1,LIVE_NORMAL,59,12,10,0,TRUE,2021
KIWOOM_2019_PLY_003675_LN,PLY_003675,1,LIVE_NORMAL,58,12,10,0,TRUE,2019
KIWOOM_2024_PLY_003676_LN,PLY_003676,1,LIVE_NORMAL,64,12,10,0,TRUE,2024
KIWOOM_2023_PLY_003676_AS,PLY_003676,3,ALLSTAR,82,24,10,10,TRUE,2023
KIWOOM_2016_PLY_003676_EPIC,PLY_003676,2,LIVE_EPIC,72,18,10,0,TRUE,2016
KIWOOM_2015_PLY_003676_AS,PLY_003676,3,ALLSTAR,74,24,10,10,TRUE,2015
KIWOOM_2018_PLY_003676_GG,PLY_003676,7,GOLDEN_GLOVE,83,35,10,10,FALSE,2018
KIWOOM_2025_PLY_003676_LN,PLY_003676,1,LIVE_NORMAL,63,12,10,0,TRUE,2025
KIWOOM_2017_PLY_003676_LN,PLY_003676,1,LIVE_NORMAL,58,12,10,0,TRUE,2017
KIWOOM_2017_PLY_003676_EPIC,PLY_003676,2,LIVE_EPIC,72,18,10,0,TRUE,2017
KIWOOM_2023_PLY_003676_LN,PLY_003676,1,LIVE_NORMAL,66,12,10,0,TRUE,2023
KIWOOM_2024_PLY_003677_LN,PLY_003677,1,LIVE_NORMAL,67,12,10,0,TRUE,2024
KIWOOM_2024_PLY_003677_AS,PLY_003677,3,ALLSTAR,79,24,10,10,TRUE,2024
KIWOOM_2026_PLY_003677_EPIC,PLY_003677,2,LIVE_EPIC,69,18,10,0,TRUE,2026
KIWOOM_1992_PLY_003678_EPIC,PLY_003678,2,LIVE_EPIC,69,18,10,0,TRUE,1992
KIWOOM_2008_PLY_003678_AS,PLY_003678,3,ALLSTAR,79,24,10,10,TRUE,2008
KIWOOM_2026_PLY_003679_LN,PLY_003679,1,LIVE_NORMAL,63,12,10,0,TRUE,2026
KIWOOM_2026_PLY_003679_AS,PLY_003679,3,ALLSTAR,74,24,10,10,TRUE,2026
KIWOOM_2021_PLY_003679_LN,PLY_003679,1,LIVE_NORMAL,66,12,10,0,TRUE,2021
KIWOOM_2022_PLY_003679_SIG,PLY_003679,6,SIGNATURE,91,40,10,10,FALSE,2022
KIWOOM_2002_PLY_003680_TH,PLY_003680,4,TITLE_HOLDER,85,30,10,10,FALSE,2002
KIWOOM_1999_PLY_003680_TH,PLY_003680,4,TITLE_HOLDER,86,30,10,10,FALSE,1999
KIWOOM_2001_PLY_003680_AS,PLY_003680,3,ALLSTAR,80,24,10,10,TRUE,2001
KIWOOM_1997_PLY_003680_AS,PLY_003680,3,ALLSTAR,82,24,10,10,TRUE,1997
KIWOOM_2000_PLY_003680_LN,PLY_003680,1,LIVE_NORMAL,58,12,10,0,TRUE,2000
KIWOOM_1998_PLY_003680_AS,PLY_003680,3,ALLSTAR,80,24,10,10,TRUE,1998
KIWOOM_1997_PLY_003680_LN,PLY_003680,1,LIVE_NORMAL,64,12,10,0,TRUE,1997
KIWOOM_2000_PLY_003680_GG,PLY_003680,7,GOLDEN_GLOVE,83,35,10,10,FALSE,2000
KIWOOM_2002_PLY_003680_SIG,PLY_003680,6,SIGNATURE,87,40,10,10,FALSE,2002
KIWOOM_2003_PLY_003681_LN,PLY_003681,1,LIVE_NORMAL,67,12,10,0,TRUE,2003
KIWOOM_2002_PLY_003681_EPIC,PLY_003681,2,LIVE_EPIC,72,18,10,0,TRUE,2002
KIWOOM_2004_PLY_003681_LN,PLY_003681,1,LIVE_NORMAL,63,12,10,0,TRUE,2004
KIWOOM_2002_PLY_003681_LN,PLY_003681,1,LIVE_NORMAL,55,12,10,0,TRUE,2002
KIWOOM_2015_PLY_003682_AS,PLY_003682,3,ALLSTAR,74,24,10,10,TRUE,2015
KIWOOM_2013_PLY_003682_EPIC,PLY_003682,2,LIVE_EPIC,68,18,10,0,TRUE,2013
KIWOOM_2013_PLY_003682_SIG,PLY_003682,6,SIGNATURE,87,40,10,10,FALSE,2013
KIWOOM_2016_PLY_003682_TH,PLY_003682,4,TITLE_HOLDER,87,30,10,10,FALSE,2016
KIWOOM_2017_PLY_003682_LN,PLY_003682,1,LIVE_NORMAL,63,12,10,0,TRUE,2017
KIWOOM_2013_PLY_003682_LN,PLY_003682,1,LIVE_NORMAL,63,12,10,0,TRUE,2013
KIWOOM_2016_PLY_003682_LN,PLY_003682,1,LIVE_NORMAL,68,12,10,0,TRUE,2016
KIWOOM_2014_PLY_003682_EPIC,PLY_003682,2,LIVE_EPIC,71,18,10,0,TRUE,2014
KIWOOM_2023_PLY_003683_AS,PLY_003683,3,ALLSTAR,78,24,10,10,TRUE,2023
KIWOOM_2021_PLY_003683_AS,PLY_003683,3,ALLSTAR,80,24,10,10,TRUE,2021
KIWOOM_2026_PLY_003683_AS,PLY_003683,3,ALLSTAR,81,24,10,10,TRUE,2026
KIWOOM_2024_PLY_003683_LN,PLY_003683,1,LIVE_NORMAL,66,12,10,0,TRUE,2024
KIWOOM_2023_PLY_003683_LN,PLY_003683,1,LIVE_NORMAL,63,12,10,0,TRUE,2023
KIWOOM_2025_PLY_003683_EPIC,PLY_003683,2,LIVE_EPIC,66,18,10,0,TRUE,2025
KIWOOM_2021_PLY_003684_LN,PLY_003684,1,LIVE_NORMAL,55,12,10,0,TRUE,2021
KIWOOM_2013_PLY_003684_EPIC,PLY_003684,2,LIVE_EPIC,76,18,10,0,TRUE,2013
KIWOOM_2021_PLY_003684_AS,PLY_003684,3,ALLSTAR,78,24,10,10,TRUE,2021
KIWOOM_2022_PLY_003684_GG,PLY_003684,7,GOLDEN_GLOVE,84,35,10,10,FALSE,2022
KIWOOM_2019_PLY_003684_TH,PLY_003684,4,TITLE_HOLDER,86,30,10,10,FALSE,2019
KIWOOM_2020_PLY_003684_AS,PLY_003684,3,ALLSTAR,77,24,10,10,TRUE,2020
KIWOOM_2020_PLY_003684_LN,PLY_003684,1,LIVE_NORMAL,66,12,10,0,TRUE,2020
KIWOOM_2021_PLY_003684_GG,PLY_003684,7,GOLDEN_GLOVE,84,35,10,10,FALSE,2021
KIWOOM_2023_PLY_003684_EPIC,PLY_003684,2,LIVE_EPIC,70,18,10,0,TRUE,2023
KIWOOM_2023_PLY_003684_LN,PLY_003684,1,LIVE_NORMAL,60,12,10,0,TRUE,2023
KIWOOM_2017_PLY_003685_EPIC,PLY_003685,2,LIVE_EPIC,74,18,10,0,TRUE,2017
KIWOOM_2015_PLY_003685_EPIC,PLY_003685,2,LIVE_EPIC,71,18,10,0,TRUE,2015
KIWOOM_2015_PLY_003685_LN,PLY_003685,1,LIVE_NORMAL,60,12,10,0,TRUE,2015
KIWOOM_2016_PLY_003685_AS,PLY_003685,3,ALLSTAR,81,24,10,10,TRUE,2016
KIWOOM_2018_PLY_003685_EPIC,PLY_003685,2,LIVE_EPIC,72,18,10,0,TRUE,2018
KIWOOM_2018_PLY_003685_LN,PLY_003685,1,LIVE_NORMAL,56,12,10,0,TRUE,2018
KIWOOM_2019_PLY_003685_EPIC,PLY_003685,2,LIVE_EPIC,68,18,10,0,TRUE,2019
KIWOOM_2014_PLY_003685_LN,PLY_003685,1,LIVE_NORMAL,61,12,10,0,TRUE,2014
KIWOOM_2024_PLY_003686_EPIC,PLY_003686,2,LIVE_EPIC,73,18,10,0,TRUE,2024
KIWOOM_2026_PLY_003686_SIG,PLY_003686,6,SIGNATURE,87,40,10,10,FALSE,2026
KIWOOM_2023_PLY_003686_SIG,PLY_003686,6,SIGNATURE,93,40,10,10,FALSE,2023
KIWOOM_2017_PLY_003686_EPIC,PLY_003686,2,LIVE_EPIC,76,18,10,0,TRUE,2017
KIWOOM_2007_PLY_003687_LN,PLY_003687,1,LIVE_NORMAL,64,12,10,0,TRUE,2007
KIWOOM_1998_PLY_003687_GG,PLY_003687,7,GOLDEN_GLOVE,84,35,10,10,FALSE,1998
KIWOOM_2000_PLY_003687_LN,PLY_003687,1,LIVE_NORMAL,66,12,10,0,TRUE,2000
KIWOOM_2011_PLY_003687_EPIC,PLY_003687,2,LIVE_EPIC,70,18,10,0,TRUE,2011
KIWOOM_2004_PLY_003687_EPIC,PLY_003687,2,LIVE_EPIC,65,18,10,0,TRUE,2004
KIWOOM_2014_PLY_003687_LN,PLY_003687,1,LIVE_NORMAL,59,12,10,0,TRUE,2014
KIWOOM_2001_PLY_003688_LN,PLY_003688,1,LIVE_NORMAL,62,12,10,0,TRUE,2001
KIWOOM_2003_PLY_003688_LN,PLY_003688,1,LIVE_NORMAL,56,12,10,0,TRUE,2003
KIWOOM_2002_PLY_003688_LN,PLY_003688,1,LIVE_NORMAL,65,12,10,0,TRUE,2002
KIWOOM_1993_PLY_003688_EPIC,PLY_003688,2,LIVE_EPIC,68,18,10,0,TRUE,1993
KIWOOM_2000_PLY_003688_LN,PLY_003688,1,LIVE_NORMAL,55,12,10,0,TRUE,2000
KIWOOM_1995_PLY_003688_LN,PLY_003688,1,LIVE_NORMAL,57,12,10,0,TRUE,1995
KIWOOM_1996_PLY_003688_LN,PLY_003688,1,LIVE_NORMAL,66,12,10,0,TRUE,1996
KIWOOM_2008_PLY_003689_EPIC,PLY_003689,2,LIVE_EPIC,74,18,10,0,TRUE,2008
KIWOOM_2006_PLY_003689_LN,PLY_003689,1,LIVE_NORMAL,67,12,10,0,TRUE,2006
KIWOOM_2007_PLY_003689_LN,PLY_003689,1,LIVE_NORMAL,66,12,10,0,TRUE,2007
KIWOOM_2009_PLY_003689_LN,PLY_003689,1,LIVE_NORMAL,57,12,10,0,TRUE,2009
KIWOOM_2005_PLY_003689_SIG,PLY_003689,6,SIGNATURE,88,40,10,10,FALSE,2005
KIWOOM_2007_PLY_003689_EPIC,PLY_003689,2,LIVE_EPIC,71,18,10,0,TRUE,2007
KIWOOM_2009_PLY_003689_EPIC,PLY_003689,2,LIVE_EPIC,70,18,10,0,TRUE,2009
KIWOOM_2005_PLY_003689_EPIC,PLY_003689,2,LIVE_EPIC,71,18,10,0,TRUE,2005
KIWOOM_2019_PLY_003690_LN,PLY_003690,1,LIVE_NORMAL,58,12,10,0,TRUE,2019
KIWOOM_2024_PLY_003690_AS,PLY_003690,3,ALLSTAR,83,24,10,10,TRUE,2024
KIWOOM_2024_PLY_003690_EPIC,PLY_003690,2,LIVE_EPIC,71,18,10,0,TRUE,2024
KIWOOM_2022_PLY_003690_AS,PLY_003690,3,ALLSTAR,83,24,10,10,TRUE,2022
KIWOOM_2020_PLY_003690_TH,PLY_003690,4,TITLE_HOLDER,84,30,10,10,FALSE,2020
KIWOOM_2021_PLY_003690_EPIC,PLY_003690,2,LIVE_EPIC,76,18,10,0,TRUE,2021
KIWOOM_2022_PLY_003690_LN,PLY_003690,1,LIVE_NORMAL,60,12,10,0,TRUE,2022
KIWOOM_2020_PLY_003690_LN,PLY_003690,1,LIVE_NORMAL,66,12,10,0,TRUE,2020
KIWOOM_2025_PLY_003690_EPIC,PLY_003690,2,LIVE_EPIC,76,18,10,0,TRUE,2025
KIWOOM_2015_PLY_003691_AS,PLY_003691,3,ALLSTAR,82,24,10,10,TRUE,2015
KIWOOM_2017_PLY_003691_EPIC,PLY_003691,2,LIVE_EPIC,72,18,10,0,TRUE,2017
KIWOOM_1993_PLY_003692_LN,PLY_003692,1,LIVE_NORMAL,64,12,10,0,TRUE,1993
KIWOOM_1992_PLY_003692_LN,PLY_003692,1,LIVE_NORMAL,55,12,10,0,TRUE,1992
KIWOOM_1996_PLY_003692_EPIC,PLY_003692,2,LIVE_EPIC,67,18,10,0,TRUE,1996
KIWOOM_2024_PLY_003693_LN,PLY_003693,1,LIVE_NORMAL,55,12,10,0,TRUE,2024
KIWOOM_2015_PLY_003693_LN,PLY_003693,1,LIVE_NORMAL,63,12,10,0,TRUE,2015
KIWOOM_2019_PLY_003693_LN,PLY_003693,1,LIVE_NORMAL,58,12,10,0,TRUE,2019
KIWOOM_2016_PLY_003694_LN,PLY_003694,1,LIVE_NORMAL,60,12,10,0,TRUE,2016
KIWOOM_2017_PLY_003694_EPIC,PLY_003694,2,LIVE_EPIC,69,18,10,0,TRUE,2017
KIWOOM_2020_PLY_003694_LN,PLY_003694,1,LIVE_NORMAL,55,12,10,0,TRUE,2020
KIWOOM_2020_PLY_003694_EPIC,PLY_003694,2,LIVE_EPIC,72,18,10,0,TRUE,2020
KIWOOM_2016_PLY_003694_AS,PLY_003694,3,ALLSTAR,83,24,10,10,TRUE,2016
KIWOOM_2024_PLY_003694_LN,PLY_003694,1,LIVE_NORMAL,61,12,10,0,TRUE,2024
KIWOOM_2025_PLY_003694_TH,PLY_003694,4,TITLE_HOLDER,81,30,10,10,FALSE,2025
KIWOOM_2016_PLY_003694_GG,PLY_003694,7,GOLDEN_GLOVE,89,35,10,10,FALSE,2016
KIWOOM_1998_PLY_003695_LN,PLY_003695,1,LIVE_NORMAL,57,12,10,0,TRUE,1998
KIWOOM_1999_PLY_003695_LN,PLY_003695,1,LIVE_NORMAL,66,12,10,0,TRUE,1999
KIWOOM_1995_PLY_003695_LN,PLY_003695,1,LIVE_NORMAL,58,12,10,0,TRUE,1995
KIWOOM_2000_PLY_003695_TH,PLY_003695,4,TITLE_HOLDER,81,30,10,10,FALSE,2000
KIWOOM_1995_PLY_003695_EPIC,PLY_003695,2,LIVE_EPIC,72,18,10,0,TRUE,1995
KIWOOM_1995_PLY_003696_EPIC,PLY_003696,2,LIVE_EPIC,69,18,10,0,TRUE,1995
KIWOOM_2002_PLY_003696_LN,PLY_003696,1,LIVE_NORMAL,65,12,10,0,TRUE,2002
KIWOOM_1998_PLY_003696_LN,PLY_003696,1,LIVE_NORMAL,66,12,10,0,TRUE,1998
KIWOOM_2013_PLY_003696_EPIC,PLY_003696,2,LIVE_EPIC,71,18,10,0,TRUE,2013
KIWOOM_2005_PLY_003697_LN,PLY_003697,1,LIVE_NORMAL,64,12,10,0,TRUE,2005
KIWOOM_1995_PLY_003697_EPIC,PLY_003697,2,LIVE_EPIC,75,18,10,0,TRUE,1995
KIWOOM_2003_PLY_003697_EPIC,PLY_003697,2,LIVE_EPIC,76,18,10,0,TRUE,2003
KIWOOM_2002_PLY_003697_LN,PLY_003697,1,LIVE_NORMAL,60,12,10,0,TRUE,2002
KIWOOM_2002_PLY_003697_TH,PLY_003697,4,TITLE_HOLDER,85,30,10,10,FALSE,2002
KIWOOM_2005_PLY_003697_AS,PLY_003697,3,ALLSTAR,74,24,10,10,TRUE,2005
KIWOOM_1999_PLY_003697_LN,PLY_003697,1,LIVE_NORMAL,61,12,10,0,TRUE,1999
KIWOOM_2004_PLY_003697_EPIC,PLY_003697,2,LIVE_EPIC,69,18,10,0,TRUE,2004
KIWOOM_2000_PLY_003697_AS,PLY_003697,3,ALLSTAR,74,24,10,10,TRUE,2000
KIWOOM_2021_PLY_003698_LN,PLY_003698,1,LIVE_NORMAL,60,12,10,0,TRUE,2021
KIWOOM_2024_PLY_003698_LN,PLY_003698,1,LIVE_NORMAL,66,12,10,0,TRUE,2024
KIWOOM_2023_PLY_003698_LN,PLY_003698,1,LIVE_NORMAL,64,12,10,0,TRUE,2023
KIWOOM_2023_PLY_003698_EPIC,PLY_003698,2,LIVE_EPIC,69,18,10,0,TRUE,2023
KIWOOM_2021_PLY_003698_AS,PLY_003698,3,ALLSTAR,74,24,10,10,TRUE,2021
KIWOOM_2025_PLY_003698_LN,PLY_003698,1,LIVE_NORMAL,55,12,10,0,TRUE,2025
KIWOOM_2022_PLY_003698_TH,PLY_003698,4,TITLE_HOLDER,85,30,10,10,FALSE,2022
KIWOOM_1994_PLY_003699_EPIC,PLY_003699,2,LIVE_EPIC,67,18,10,0,TRUE,1994
KIWOOM_1990_PLY_003699_EPIC,PLY_003699,2,LIVE_EPIC,76,18,10,0,TRUE,1990
KIWOOM_2002_PLY_003700_EPIC,PLY_003700,2,LIVE_EPIC,66,18,10,0,TRUE,2002
KIWOOM_1994_PLY_003700_GG,PLY_003700,7,GOLDEN_GLOVE,86,35,10,10,FALSE,1994
KIWOOM_1999_PLY_003700_AS,PLY_003700,3,ALLSTAR,80,24,10,10,TRUE,1999
KIWOOM_1996_PLY_003700_LN,PLY_003700,1,LIVE_NORMAL,55,12,10,0,TRUE,1996
KIWOOM_1999_PLY_003700_LN,PLY_003700,1,LIVE_NORMAL,67,12,10,0,TRUE,1999
KIWOOM_2003_PLY_003700_EPIC,PLY_003700,2,LIVE_EPIC,73,18,10,0,TRUE,2003
KIWOOM_2006_PLY_003700_TH,PLY_003700,4,TITLE_HOLDER,82,30,10,10,FALSE,2006
KIWOOM_2006_PLY_003700_EPIC,PLY_003700,2,LIVE_EPIC,68,18,10,0,TRUE,2006
KIWOOM_2008_PLY_003701_GG,PLY_003701,7,GOLDEN_GLOVE,90,35,10,10,FALSE,2008
KIWOOM_2010_PLY_003701_EPIC,PLY_003701,2,LIVE_EPIC,75,18,10,0,TRUE,2010
KIWOOM_2002_PLY_003701_LN,PLY_003701,1,LIVE_NORMAL,65,12,10,0,TRUE,2002
KIWOOM_2007_PLY_003701_EPIC,PLY_003701,2,LIVE_EPIC,76,18,10,0,TRUE,2007
KIWOOM_2004_PLY_003701_AS,PLY_003701,3,ALLSTAR,74,24,10,10,TRUE,2004
KIWOOM_2004_PLY_003701_TH,PLY_003701,4,TITLE_HOLDER,81,30,10,10,FALSE,2004
KIWOOM_2010_PLY_003701_AS,PLY_003701,3,ALLSTAR,74,24,10,10,TRUE,2010
KIWOOM_2006_PLY_003701_AS,PLY_003701,3,ALLSTAR,83,24,10,10,TRUE,2006
KIWOOM_2016_PLY_003702_EPIC,PLY_003702,2,LIVE_EPIC,75,18,10,0,TRUE,2016
KIWOOM_2019_PLY_003702_TH,PLY_003702,4,TITLE_HOLDER,80,30,10,10,FALSE,2019
KIWOOM_2018_PLY_003702_AS,PLY_003702,3,ALLSTAR,79,24,10,10,TRUE,2018
KIWOOM_2021_PLY_003702_LN,PLY_003702,1,LIVE_NORMAL,62,12,10,0,TRUE,2021
KIWOOM_1997_PLY_003703_TH,PLY_003703,4,TITLE_HOLDER,80,30,10,10,FALSE,1997
KIWOOM_2000_PLY_003703_EPIC,PLY_003703,2,LIVE_EPIC,72,18,10,0,TRUE,2000
KIWOOM_1996_PLY_003703_LN,PLY_003703,1,LIVE_NORMAL,61,12,10,0,TRUE,1996
KIWOOM_2001_PLY_003703_SIG,PLY_003703,6,SIGNATURE,91,40,10,10,FALSE,2001
KIWOOM_1999_PLY_003703_LN,PLY_003703,1,LIVE_NORMAL,68,12,10,0,TRUE,1999
KIWOOM_2001_PLY_003703_LN,PLY_003703,1,LIVE_NORMAL,64,12,10,0,TRUE,2001
KIWOOM_1998_PLY_003703_EPIC,PLY_003703,2,LIVE_EPIC,66,18,10,0,TRUE,1998
KIWOOM_2000_PLY_003703_AS,PLY_003703,3,ALLSTAR,81,24,10,10,TRUE,2000
KIWOOM_2001_PLY_003703_EPIC,PLY_003703,2,LIVE_EPIC,73,18,10,0,TRUE,2001
KIWOOM_1996_PLY_003703_EPIC,PLY_003703,2,LIVE_EPIC,76,18,10,0,TRUE,1996
KIWOOM_1997_PLY_003703_SIG,PLY_003703,6,SIGNATURE,93,40,10,10,FALSE,1997
KIWOOM_2000_PLY_003704_EPIC,PLY_003704,2,LIVE_EPIC,65,18,10,0,TRUE,2000
KIWOOM_1996_PLY_003704_SIG,PLY_003704,6,SIGNATURE,94,40,10,10,FALSE,1996
KIWOOM_1996_PLY_003705_EPIC,PLY_003705,2,LIVE_EPIC,74,18,10,0,TRUE,1996
KIWOOM_1998_PLY_003705_LN,PLY_003705,1,LIVE_NORMAL,63,12,10,0,TRUE,1998
KIWOOM_2023_PLY_003706_AS,PLY_003706,3,ALLSTAR,82,24,10,10,TRUE,2023
KIWOOM_2026_PLY_003706_AS,PLY_003706,3,ALLSTAR,75,24,10,10,TRUE,2026
KIWOOM_2023_PLY_003706_LN,PLY_003706,1,LIVE_NORMAL,63,12,10,0,TRUE,2023
KIWOOM_2024_PLY_003706_LN,PLY_003706,1,LIVE_NORMAL,56,12,10,0,TRUE,2024
KIWOOM_2023_PLY_003706_EPIC,PLY_003706,2,LIVE_EPIC,74,18,10,0,TRUE,2023
KIWOOM_2025_PLY_003706_AS,PLY_003706,3,ALLSTAR,76,24,10,10,TRUE,2025
KIWOOM_2026_PLY_003706_SIG,PLY_003706,6,SIGNATURE,88,40,10,10,FALSE,2026
KIWOOM_1989_PLY_003707_EPIC,PLY_003707,2,LIVE_EPIC,66,18,10,0,TRUE,1989
KIWOOM_1988_PLY_003707_TH,PLY_003707,4,TITLE_HOLDER,84,30,10,10,FALSE,1988
KIWOOM_2021_PLY_003708_SIG,PLY_003708,6,SIGNATURE,91,40,10,10,FALSE,2021
KIWOOM_2021_PLY_003708_GG,PLY_003708,7,GOLDEN_GLOVE,89,35,10,10,FALSE,2021
KIWOOM_2023_PLY_003708_EPIC,PLY_003708,2,LIVE_EPIC,67,18,10,0,TRUE,2023
KIWOOM_2026_PLY_003708_TH,PLY_003708,4,TITLE_HOLDER,84,30,10,10,FALSE,2026
KIWOOM_2010_PLY_003709_LN,PLY_003709,1,LIVE_NORMAL,56,12,10,0,TRUE,2010
KIWOOM_2015_PLY_003709_EPIC,PLY_003709,2,LIVE_EPIC,75,18,10,0,TRUE,2015
KIWOOM_2023_PLY_003709_AS,PLY_003709,3,ALLSTAR,76,24,10,10,TRUE,2023
KIWOOM_2020_PLY_003709_AS,PLY_003709,3,ALLSTAR,80,24,10,10,TRUE,2020
KIWOOM_2019_PLY_003709_LN,PLY_003709,1,LIVE_NORMAL,64,12,10,0,TRUE,2019
KIWOOM_2023_PLY_003709_EPIC,PLY_003709,2,LIVE_EPIC,75,18,10,0,TRUE,2023
KIWOOM_2018_PLY_003709_GG,PLY_003709,7,GOLDEN_GLOVE,90,35,10,10,FALSE,2018
KIWOOM_2017_PLY_003709_LN,PLY_003709,1,LIVE_NORMAL,61,12,10,0,TRUE,2017
KIWOOM_2025_PLY_003710_LN,PLY_003710,1,LIVE_NORMAL,56,12,10,0,TRUE,2025
KIWOOM_2024_PLY_003710_AS,PLY_003710,3,ALLSTAR,74,24,10,10,TRUE,2024
KIWOOM_2024_PLY_003710_EPIC,PLY_003710,2,LIVE_EPIC,76,18,10,0,TRUE,2024
KIWOOM_2026_PLY_003710_LN,PLY_003710,1,LIVE_NORMAL,66,12,10,0,TRUE,2026
KIWOOM_1992_PLY_003711_LN,PLY_003711,1,LIVE_NORMAL,66,12,10,0,TRUE,1992
KIWOOM_2002_PLY_003712_LN,PLY_003712,1,LIVE_NORMAL,66,12,10,0,TRUE,2002
KIWOOM_1997_PLY_003712_LN,PLY_003712,1,LIVE_NORMAL,68,12,10,0,TRUE,1997
KIWOOM_1998_PLY_003712_LN,PLY_003712,1,LIVE_NORMAL,66,12,10,0,TRUE,1998
KIWOOM_1999_PLY_003712_LN,PLY_003712,1,LIVE_NORMAL,64,12,10,0,TRUE,1999
KIWOOM_1999_PLY_003712_EPIC,PLY_003712,2,LIVE_EPIC,75,18,10,0,TRUE,1999
KIWOOM_2003_PLY_003712_LN,PLY_003712,1,LIVE_NORMAL,62,12,10,0,TRUE,2003
KIWOOM_2004_PLY_003713_GG,PLY_003713,7,GOLDEN_GLOVE,85,35,10,10,FALSE,2004
KIWOOM_2002_PLY_003713_SIG,PLY_003713,6,SIGNATURE,93,40,10,10,FALSE,2002
KIWOOM_2006_PLY_003713_TH,PLY_003713,4,TITLE_HOLDER,85,30,10,10,FALSE,2006
KIWOOM_1992_PLY_003714_EPIC,PLY_003714,2,LIVE_EPIC,76,18,10,0,TRUE,1992
KIWOOM_1990_PLY_003714_AS,PLY_003714,3,ALLSTAR,80,24,10,10,TRUE,1990
KIWOOM_1990_PLY_003714_LN,PLY_003714,1,LIVE_NORMAL,60,12,10,0,TRUE,1990
KIWOOM_1992_PLY_003714_AS,PLY_003714,3,ALLSTAR,76,24,10,10,TRUE,1992
KIWOOM_1992_PLY_003714_TH,PLY_003714,4,TITLE_HOLDER,82,30,10,10,FALSE,1992
KIWOOM_2000_PLY_003715_LN,PLY_003715,1,LIVE_NORMAL,58,12,10,0,TRUE,2000
KIWOOM_1996_PLY_003715_LN,PLY_003715,1,LIVE_NORMAL,64,12,10,0,TRUE,1996
KIWOOM_2006_PLY_003715_SIG,PLY_003715,6,SIGNATURE,94,40,10,10,FALSE,2006
KIWOOM_1999_PLY_003715_EPIC,PLY_003715,2,LIVE_EPIC,71,18,10,0,TRUE,1999
KIWOOM_2008_PLY_003715_EPIC,PLY_003715,2,LIVE_EPIC,75,18,10,0,TRUE,2008
KIWOOM_2003_PLY_003715_LN,PLY_003715,1,LIVE_NORMAL,66,12,10,0,TRUE,2003
KIWOOM_1999_PLY_003715_LN,PLY_003715,1,LIVE_NORMAL,62,12,10,0,TRUE,1999
KIWOOM_1996_PLY_003715_EPIC,PLY_003715,2,LIVE_EPIC,66,18,10,0,TRUE,1996
KIWOOM_1998_PLY_003715_AS,PLY_003715,3,ALLSTAR,78,24,10,10,TRUE,1998
KIWOOM_2024_PLY_003716_LN,PLY_003716,1,LIVE_NORMAL,66,12,10,0,TRUE,2024
KIWOOM_2023_PLY_003716_EPIC,PLY_003716,2,LIVE_EPIC,67,18,10,0,TRUE,2023
KIWOOM_2025_PLY_003716_EPIC,PLY_003716,2,LIVE_EPIC,70,18,10,0,TRUE,2025
KIWOOM_2026_PLY_003716_AS,PLY_003716,3,ALLSTAR,75,24,10,10,TRUE,2026
KIWOOM_2025_PLY_003716_TH,PLY_003716,4,TITLE_HOLDER,86,30,10,10,FALSE,2025
KIWOOM_2025_PLY_003716_AS,PLY_003716,3,ALLSTAR,77,24,10,10,TRUE,2025
KIWOOM_1988_PLY_003717_EPIC,PLY_003717,2,LIVE_EPIC,74,18,10,0,TRUE,1988
KIWOOM_1993_PLY_003717_TH,PLY_003717,4,TITLE_HOLDER,81,30,10,10,FALSE,1993
KIWOOM_1989_PLY_003717_GG,PLY_003717,7,GOLDEN_GLOVE,89,35,10,10,FALSE,1989
KIWOOM_1987_PLY_003717_AS,PLY_003717,3,ALLSTAR,78,24,10,10,TRUE,1987
KIWOOM_1995_PLY_003717_AS,PLY_003717,3,ALLSTAR,76,24,10,10,TRUE,1995
KIWOOM_1994_PLY_003717_LN,PLY_003717,1,LIVE_NORMAL,65,12,10,0,TRUE,1994
KIWOOM_1994_PLY_003717_EPIC,PLY_003717,2,LIVE_EPIC,74,18,10,0,TRUE,1994
KIWOOM_2011_PLY_003718_EPIC,PLY_003718,2,LIVE_EPIC,71,18,10,0,TRUE,2011
KIWOOM_2015_PLY_003718_EPIC,PLY_003718,2,LIVE_EPIC,67,18,10,0,TRUE,2015
KIWOOM_2002_PLY_003718_AS,PLY_003718,3,ALLSTAR,76,24,10,10,TRUE,2002
KIWOOM_2010_PLY_003718_LN,PLY_003718,1,LIVE_NORMAL,57,12,10,0,TRUE,2010
KIWOOM_2014_PLY_003718_SIG,PLY_003718,6,SIGNATURE,87,40,10,10,FALSE,2014
KIWOOM_2005_PLY_003718_TH,PLY_003718,4,TITLE_HOLDER,87,30,10,10,FALSE,2005
KIWOOM_2003_PLY_003718_LN,PLY_003718,1,LIVE_NORMAL,58,12,10,0,TRUE,2003
KIWOOM_2005_PLY_003718_LN,PLY_003718,1,LIVE_NORMAL,60,12,10,0,TRUE,2005
KIWOOM_2007_PLY_003718_TH,PLY_003718,4,TITLE_HOLDER,84,30,10,10,FALSE,2007
KIWOOM_2021_PLY_003719_LN,PLY_003719,1,LIVE_NORMAL,64,12,10,0,TRUE,2021
KIWOOM_2023_PLY_003719_EPIC,PLY_003719,2,LIVE_EPIC,75,18,10,0,TRUE,2023
KIWOOM_2022_PLY_003719_LN,PLY_003719,1,LIVE_NORMAL,55,12,10,0,TRUE,2022
KIWOOM_1994_PLY_003720_EPIC,PLY_003720,2,LIVE_EPIC,73,18,10,0,TRUE,1994
KIWOOM_1991_PLY_003720_LN,PLY_003720,1,LIVE_NORMAL,68,12,10,0,TRUE,1991
KIWOOM_1988_PLY_003720_LN,PLY_003720,1,LIVE_NORMAL,57,12,10,0,TRUE,1988
KIWOOM_2002_PLY_003720_LN,PLY_003720,1,LIVE_NORMAL,55,12,10,0,TRUE,2002
KIWOOM_2004_PLY_003720_LN,PLY_003720,1,LIVE_NORMAL,61,12,10,0,TRUE,2004
KIWOOM_1994_PLY_003720_TH,PLY_003720,4,TITLE_HOLDER,83,30,10,10,FALSE,1994
KIWOOM_2000_PLY_003720_TH,PLY_003720,4,TITLE_HOLDER,80,30,10,10,FALSE,2000
KIWOOM_2002_PLY_003720_EPIC,PLY_003720,2,LIVE_EPIC,75,18,10,0,TRUE,2002
KIWOOM_1994_PLY_003720_LN,PLY_003720,1,LIVE_NORMAL,60,12,10,0,TRUE,1994
KIWOOM_1993_PLY_003720_GG,PLY_003720,7,GOLDEN_GLOVE,88,35,10,10,FALSE,1993
KIWOOM_1999_PLY_003720_EPIC,PLY_003720,2,LIVE_EPIC,74,18,10,0,TRUE,1999
KIWOOM_2003_PLY_003721_GG,PLY_003721,7,GOLDEN_GLOVE,87,35,10,10,FALSE,2003
KIWOOM_2008_PLY_003721_EPIC,PLY_003721,2,LIVE_EPIC,71,18,10,0,TRUE,2008
KIWOOM_2003_PLY_003722_LN,PLY_003722,1,LIVE_NORMAL,67,12,10,0,TRUE,2003
KIWOOM_2004_PLY_003722_LN,PLY_003722,1,LIVE_NORMAL,61,12,10,0,TRUE,2004
KIWOOM_2011_PLY_003722_LN,PLY_003722,1,LIVE_NORMAL,58,12,10,0,TRUE,2011
KIWOOM_2015_PLY_003722_EPIC,PLY_003722,2,LIVE_EPIC,74,18,10,0,TRUE,2015
KIWOOM_2019_PLY_003723_LN,PLY_003723,1,LIVE_NORMAL,67,12,10,0,TRUE,2019
KIWOOM_2023_PLY_003723_AS,PLY_003723,3,ALLSTAR,82,24,10,10,TRUE,2023
KIWOOM_2020_PLY_003723_TH,PLY_003723,4,TITLE_HOLDER,80,30,10,10,FALSE,2020
KIWOOM_2018_PLY_003723_AS,PLY_003723,3,ALLSTAR,79,24,10,10,TRUE,2018
KIWOOM_2020_PLY_003723_LN,PLY_003723,1,LIVE_NORMAL,57,12,10,0,TRUE,2020
KIWOOM_2026_PLY_003723_EPIC,PLY_003723,2,LIVE_EPIC,67,18,10,0,TRUE,2026
KIWOOM_2026_PLY_003723_TH,PLY_003723,4,TITLE_HOLDER,85,30,10,10,FALSE,2026
KIWOOM_2024_PLY_003723_LN,PLY_003723,1,LIVE_NORMAL,63,12,10,0,TRUE,2024
KIWOOM_2018_PLY_003723_LN,PLY_003723,1,LIVE_NORMAL,55,12,10,0,TRUE,2018
KIWOOM_2009_PLY_003724_LN,PLY_003724,1,LIVE_NORMAL,59,12,10,0,TRUE,2009
KIWOOM_1998_PLY_003724_LN,PLY_003724,1,LIVE_NORMAL,63,12,10,0,TRUE,1998
KIWOOM_2005_PLY_003724_EPIC,PLY_003724,2,LIVE_EPIC,68,18,10,0,TRUE,2005
KIWOOM_1996_PLY_003724_LN,PLY_003724,1,LIVE_NORMAL,56,12,10,0,TRUE,1996
KIWOOM_1999_PLY_003724_LN,PLY_003724,1,LIVE_NORMAL,68,12,10,0,TRUE,1999
KIWOOM_1988_PLY_003725_TH,PLY_003725,4,TITLE_HOLDER,84,30,10,10,FALSE,1988
KIWOOM_1992_PLY_003725_LN,PLY_003725,1,LIVE_NORMAL,67,12,10,0,TRUE,1992
KIWOOM_1993_PLY_003725_LN,PLY_003725,1,LIVE_NORMAL,63,12,10,0,TRUE,1993
KIWOOM_2000_PLY_003725_AS,PLY_003725,3,ALLSTAR,78,24,10,10,TRUE,2000
KIWOOM_1997_PLY_003725_LN,PLY_003725,1,LIVE_NORMAL,57,12,10,0,TRUE,1997
KIWOOM_2012_PLY_003726_TH,PLY_003726,4,TITLE_HOLDER,87,30,10,10,FALSE,2012
KIWOOM_2005_PLY_003726_EPIC,PLY_003726,2,LIVE_EPIC,68,18,10,0,TRUE,2005
KIWOOM_2011_PLY_003726_TH,PLY_003726,4,TITLE_HOLDER,85,30,10,10,FALSE,2011
KIWOOM_1999_PLY_003727_AS,PLY_003727,3,ALLSTAR,83,24,10,10,TRUE,1999
KIWOOM_2001_PLY_003727_EPIC,PLY_003727,2,LIVE_EPIC,70,18,10,0,TRUE,2001
KIWOOM_2001_PLY_003727_SIG,PLY_003727,6,SIGNATURE,91,40,10,10,FALSE,2001
KIWOOM_2000_PLY_003727_SIG,PLY_003727,6,SIGNATURE,88,40,10,10,FALSE,2000
KIWOOM_1998_PLY_003727_LN,PLY_003727,1,LIVE_NORMAL,56,12,10,0,TRUE,1998
KIWOOM_1997_PLY_003727_EPIC,PLY_003727,2,LIVE_EPIC,66,18,10,0,TRUE,1997
KIWOOM_2016_PLY_003728_AS,PLY_003728,3,ALLSTAR,81,24,10,10,TRUE,2016
KIWOOM_2012_PLY_003728_EPIC,PLY_003728,2,LIVE_EPIC,66,18,10,0,TRUE,2012
KIWOOM_2011_PLY_003728_TH,PLY_003728,4,TITLE_HOLDER,82,30,10,10,FALSE,2011
KIWOOM_2011_PLY_003728_AS,PLY_003728,3,ALLSTAR,83,24,10,10,TRUE,2011
KIWOOM_2013_PLY_003728_SIG,PLY_003728,6,SIGNATURE,88,40,10,10,FALSE,2013
KIWOOM_2013_PLY_003728_EPIC,PLY_003728,2,LIVE_EPIC,73,18,10,0,TRUE,2013
KIWOOM_2009_PLY_003728_EPIC,PLY_003728,2,LIVE_EPIC,72,18,10,0,TRUE,2009
KIWOOM_2008_PLY_003729_GG,PLY_003729,7,GOLDEN_GLOVE,83,35,10,10,FALSE,2008
KIWOOM_2004_PLY_003729_TH,PLY_003729,4,TITLE_HOLDER,87,30,10,10,FALSE,2004
KIWOOM_2009_PLY_003729_LN,PLY_003729,1,LIVE_NORMAL,65,12,10,0,TRUE,2009
KIWOOM_2006_PLY_003729_GG,PLY_003729,7,GOLDEN_GLOVE,85,35,10,10,FALSE,2006
KIWOOM_2004_PLY_003729_EPIC,PLY_003729,2,LIVE_EPIC,68,18,10,0,TRUE,2004
KIWOOM_2002_PLY_003729_LN,PLY_003729,1,LIVE_NORMAL,58,12,10,0,TRUE,2002
KIWOOM_2008_PLY_003729_LN,PLY_003729,1,LIVE_NORMAL,66,12,10,0,TRUE,2008
KIWOOM_2012_PLY_003730_EPIC,PLY_003730,2,LIVE_EPIC,76,18,10,0,TRUE,2012
KIWOOM_2010_PLY_003730_TH,PLY_003730,4,TITLE_HOLDER,80,30,10,10,FALSE,2010
KIWOOM_2013_PLY_003730_EPIC,PLY_003730,2,LIVE_EPIC,71,18,10,0,TRUE,2013
KIWOOM_2011_PLY_003730_SIG,PLY_003730,6,SIGNATURE,87,40,10,10,FALSE,2011
KIWOOM_2016_PLY_003730_LN,PLY_003730,1,LIVE_NORMAL,60,12,10,0,TRUE,2016
KIWOOM_2015_PLY_003730_LN,PLY_003730,1,LIVE_NORMAL,63,12,10,0,TRUE,2015
KIWOOM_2010_PLY_003730_LN,PLY_003730,1,LIVE_NORMAL,66,12,10,0,TRUE,2010
KIWOOM_1995_PLY_003731_EPIC,PLY_003731,2,LIVE_EPIC,74,18,10,0,TRUE,1995
KIWOOM_2003_PLY_003731_LN,PLY_003731,1,LIVE_NORMAL,66,12,10,0,TRUE,2003
KIWOOM_1996_PLY_003731_SIG,PLY_003731,6,SIGNATURE,93,40,10,10,FALSE,1996
KIWOOM_2002_PLY_003731_TH,PLY_003731,4,TITLE_HOLDER,81,30,10,10,FALSE,2002
KIWOOM_2005_PLY_003731_EPIC,PLY_003731,2,LIVE_EPIC,74,18,10,0,TRUE,2005
KIWOOM_2003_PLY_003731_EPIC,PLY_003731,2,LIVE_EPIC,76,18,10,0,TRUE,2003
KIWOOM_2025_PLY_003732_EPIC,PLY_003732,2,LIVE_EPIC,68,18,10,0,TRUE,2025
KIWOOM_2026_PLY_003732_LN,PLY_003732,1,LIVE_NORMAL,61,12,10,0,TRUE,2026
KIWOOM_2024_PLY_003732_TH,PLY_003732,4,TITLE_HOLDER,85,30,10,10,FALSE,2024
KIWOOM_2023_PLY_003732_SIG,PLY_003732,6,SIGNATURE,93,40,10,10,FALSE,2023
KIWOOM_2026_PLY_003732_GG,PLY_003732,7,GOLDEN_GLOVE,84,35,10,10,FALSE,2026
KIWOOM_2023_PLY_003732_AS,PLY_003732,3,ALLSTAR,82,24,10,10,TRUE,2023
KIWOOM_2022_PLY_003732_LN,PLY_003732,1,LIVE_NORMAL,57,12,10,0,TRUE,2022
KIWOOM_2023_PLY_003732_LN,PLY_003732,1,LIVE_NORMAL,58,12,10,0,TRUE,2023
KIWOOM_2025_PLY_003732_LN,PLY_003732,1,LIVE_NORMAL,56,12,10,0,TRUE,2025
KIWOOM_2008_PLY_003733_LN,PLY_003733,1,LIVE_NORMAL,57,12,10,0,TRUE,2008
KIWOOM_2011_PLY_003733_TH,PLY_003733,4,TITLE_HOLDER,84,30,10,10,FALSE,2011
KIWOOM_2010_PLY_003733_LN,PLY_003733,1,LIVE_NORMAL,65,12,10,0,TRUE,2010
KIWOOM_2009_PLY_003733_TH,PLY_003733,4,TITLE_HOLDER,87,30,10,10,FALSE,2009
KIWOOM_2009_PLY_003733_EPIC,PLY_003733,2,LIVE_EPIC,65,18,10,0,TRUE,2009
KIWOOM_2011_PLY_003733_LN,PLY_003733,1,LIVE_NORMAL,67,12,10,0,TRUE,2011
KIWOOM_2008_PLY_003733_EPIC,PLY_003733,2,LIVE_EPIC,76,18,10,0,TRUE,2008
KIWOOM_2011_PLY_003733_EPIC,PLY_003733,2,LIVE_EPIC,69,18,10,0,TRUE,2011
KIWOOM_1996_PLY_003734_LN,PLY_003734,1,LIVE_NORMAL,65,12,10,0,TRUE,1996
KIWOOM_1997_PLY_003734_EPIC,PLY_003734,2,LIVE_EPIC,69,18,10,0,TRUE,1997
KIWOOM_1997_PLY_003734_LN,PLY_003734,1,LIVE_NORMAL,58,12,10,0,TRUE,1997
KIWOOM_1995_PLY_003734_EPIC,PLY_003734,2,LIVE_EPIC,66,18,10,0,TRUE,1995
KIWOOM_2009_PLY_003735_LN,PLY_003735,1,LIVE_NORMAL,64,12,10,0,TRUE,2009
KIWOOM_2013_PLY_003735_EPIC,PLY_003735,2,LIVE_EPIC,72,18,10,0,TRUE,2013
KIWOOM_2020_PLY_003736_EPIC,PLY_003736,2,LIVE_EPIC,76,18,10,0,TRUE,2020
KIWOOM_2018_PLY_003736_SIG,PLY_003736,6,SIGNATURE,94,40,10,10,FALSE,2018
KIWOOM_2010_PLY_003736_AS,PLY_003736,3,ALLSTAR,81,24,10,10,TRUE,2010
KIWOOM_2011_PLY_003736_TH,PLY_003736,4,TITLE_HOLDER,85,30,10,10,FALSE,2011
KIWOOM_2022_PLY_003736_LN,PLY_003736,1,LIVE_NORMAL,63,12,10,0,TRUE,2022
KIWOOM_2007_PLY_003736_EPIC,PLY_003736,2,LIVE_EPIC,74,18,10,0,TRUE,2007
KIWOOM_2011_PLY_003736_LN,PLY_003736,1,LIVE_NORMAL,63,12,10,0,TRUE,2011
KIWOOM_2018_PLY_003736_EPIC,PLY_003736,2,LIVE_EPIC,69,18,10,0,TRUE,2018
KIWOOM_2006_PLY_003737_EPIC,PLY_003737,2,LIVE_EPIC,65,18,10,0,TRUE,2006
KIWOOM_2013_PLY_003737_LN,PLY_003737,1,LIVE_NORMAL,60,12,10,0,TRUE,2013
KIWOOM_2002_PLY_003737_EPIC,PLY_003737,2,LIVE_EPIC,76,18,10,0,TRUE,2002
KIWOOM_2011_PLY_003737_LN,PLY_003737,1,LIVE_NORMAL,66,12,10,0,TRUE,2011
KIWOOM_2018_PLY_003738_EPIC,PLY_003738,2,LIVE_EPIC,76,18,10,0,TRUE,2018
KIWOOM_2012_PLY_003738_LN,PLY_003738,1,LIVE_NORMAL,67,12,10,0,TRUE,2012
KIWOOM_2007_PLY_003738_EPIC,PLY_003738,2,LIVE_EPIC,70,18,10,0,TRUE,2007
KIWOOM_2015_PLY_003738_LN,PLY_003738,1,LIVE_NORMAL,68,12,10,0,TRUE,2015
KIWOOM_2013_PLY_003738_SIG,PLY_003738,6,SIGNATURE,88,40,10,10,FALSE,2013
KIWOOM_2013_PLY_003738_LN,PLY_003738,1,LIVE_NORMAL,64,12,10,0,TRUE,2013
KIWOOM_2013_PLY_003738_AS,PLY_003738,3,ALLSTAR,82,24,10,10,TRUE,2013
KIWOOM_2014_PLY_003738_LN,PLY_003738,1,LIVE_NORMAL,62,12,10,0,TRUE,2014
KIWOOM_2014_PLY_003739_LN,PLY_003739,1,LIVE_NORMAL,67,12,10,0,TRUE,2014
KIWOOM_2017_PLY_003739_LN,PLY_003739,1,LIVE_NORMAL,60,12,10,0,TRUE,2017
KIWOOM_2016_PLY_003739_AS,PLY_003739,3,ALLSTAR,82,24,10,10,TRUE,2016
KIWOOM_2014_PLY_003739_TH,PLY_003739,4,TITLE_HOLDER,82,30,10,10,FALSE,2014
KIWOOM_2012_PLY_003739_LN,PLY_003739,1,LIVE_NORMAL,57,12,10,0,TRUE,2012
KIWOOM_2016_PLY_003739_LN,PLY_003739,1,LIVE_NORMAL,67,12,10,0,TRUE,2016
KIWOOM_2013_PLY_003740_LN,PLY_003740,1,LIVE_NORMAL,66,12,10,0,TRUE,2013
KIWOOM_2022_PLY_003740_EPIC,PLY_003740,2,LIVE_EPIC,75,18,10,0,TRUE,2022
KIWOOM_1991_PLY_003741_EPIC,PLY_003741,2,LIVE_EPIC,65,18,10,0,TRUE,1991
KIWOOM_1990_PLY_003741_AS,PLY_003741,3,ALLSTAR,74,24,10,10,TRUE,1990
KIWOOM_1991_PLY_003741_AS,PLY_003741,3,ALLSTAR,80,24,10,10,TRUE,1991
KIWOOM_1992_PLY_003741_LN,PLY_003741,1,LIVE_NORMAL,59,12,10,0,TRUE,1992
KIWOOM_1989_PLY_003741_LN,PLY_003741,1,LIVE_NORMAL,57,12,10,0,TRUE,1989
KIWOOM_1999_PLY_003742_LN,PLY_003742,1,LIVE_NORMAL,63,12,10,0,TRUE,1999
KIWOOM_2001_PLY_003742_LN,PLY_003742,1,LIVE_NORMAL,62,12,10,0,TRUE,2001
KIWOOM_2000_PLY_003743_EPIC,PLY_003743,2,LIVE_EPIC,67,18,10,0,TRUE,2000
KIWOOM_1998_PLY_003743_TH,PLY_003743,4,TITLE_HOLDER,82,30,10,10,FALSE,1998
KIWOOM_2001_PLY_003743_TH,PLY_003743,4,TITLE_HOLDER,85,30,10,10,FALSE,2001
KIWOOM_1998_PLY_003744_EPIC,PLY_003744,2,LIVE_EPIC,69,18,10,0,TRUE,1998
KIWOOM_2005_PLY_003744_LN,PLY_003744,1,LIVE_NORMAL,62,12,10,0,TRUE,2005
KIWOOM_2006_PLY_003744_EPIC,PLY_003744,2,LIVE_EPIC,71,18,10,0,TRUE,2006
KIWOOM_1997_PLY_003744_LN,PLY_003744,1,LIVE_NORMAL,63,12,10,0,TRUE,1997
KIWOOM_1996_PLY_003744_LN,PLY_003744,1,LIVE_NORMAL,63,12,10,0,TRUE,1996
KIWOOM_2006_PLY_003744_AS,PLY_003744,3,ALLSTAR,80,24,10,10,TRUE,2006
KIWOOM_2000_PLY_003744_LN,PLY_003744,1,LIVE_NORMAL,58,12,10,0,TRUE,2000
KIWOOM_2005_PLY_003744_EPIC,PLY_003744,2,LIVE_EPIC,74,18,10,0,TRUE,2005
KIWOOM_1994_PLY_003745_LN,PLY_003745,1,LIVE_NORMAL,55,12,10,0,TRUE,1994
KIWOOM_1997_PLY_003745_LN,PLY_003745,1,LIVE_NORMAL,64,12,10,0,TRUE,1997
KIWOOM_1996_PLY_003745_GG,PLY_003745,7,GOLDEN_GLOVE,86,35,10,10,FALSE,1996
KIWOOM_1996_PLY_003745_AS,PLY_003745,3,ALLSTAR,78,24,10,10,TRUE,1996
KIWOOM_1995_PLY_003745_EPIC,PLY_003745,2,LIVE_EPIC,71,18,10,0,TRUE,1995
KIWOOM_1997_PLY_003745_TH,PLY_003745,4,TITLE_HOLDER,87,30,10,10,FALSE,1997
KIWOOM_1996_PLY_003745_LN,PLY_003745,1,LIVE_NORMAL,65,12,10,0,TRUE,1996
KIWOOM_1993_PLY_003745_AS,PLY_003745,3,ALLSTAR,77,24,10,10,TRUE,1993
KIWOOM_1994_PLY_003745_AS,PLY_003745,3,ALLSTAR,78,24,10,10,TRUE,1994
KIWOOM_2010_PLY_003746_TH,PLY_003746,4,TITLE_HOLDER,83,30,10,10,FALSE,2010
KIWOOM_2003_PLY_003746_AS,PLY_003746,3,ALLSTAR,80,24,10,10,TRUE,2003
KIWOOM_2005_PLY_003746_LN,PLY_003746,1,LIVE_NORMAL,64,12,10,0,TRUE,2005
KIWOOM_2013_PLY_003746_LN,PLY_003746,1,LIVE_NORMAL,65,12,10,0,TRUE,2013
KIWOOM_2008_PLY_003746_LN,PLY_003746,1,LIVE_NORMAL,55,12,10,0,TRUE,2008
KIWOOM_2013_PLY_003746_EPIC,PLY_003746,2,LIVE_EPIC,69,18,10,0,TRUE,2013
KIWOOM_2012_PLY_003746_LN,PLY_003746,1,LIVE_NORMAL,60,12,10,0,TRUE,2012
KIWOOM_2003_PLY_003746_TH,PLY_003746,4,TITLE_HOLDER,82,30,10,10,FALSE,2003
KIWOOM_2007_PLY_003746_AS,PLY_003746,3,ALLSTAR,78,24,10,10,TRUE,2007
KIWOOM_2004_PLY_003746_TH,PLY_003746,4,TITLE_HOLDER,83,30,10,10,FALSE,2004
KIWOOM_2006_PLY_003747_TH,PLY_003747,4,TITLE_HOLDER,87,30,10,10,FALSE,2006
KIWOOM_2003_PLY_003747_LN,PLY_003747,1,LIVE_NORMAL,67,12,10,0,TRUE,2003
KIWOOM_2005_PLY_003748_LN,PLY_003748,1,LIVE_NORMAL,59,12,10,0,TRUE,2005
KIWOOM_2012_PLY_003748_SIG,PLY_003748,6,SIGNATURE,87,40,10,10,FALSE,2012
KIWOOM_2013_PLY_003748_LN,PLY_003748,1,LIVE_NORMAL,66,12,10,0,TRUE,2013
KIWOOM_2012_PLY_003748_EPIC,PLY_003748,2,LIVE_EPIC,70,18,10,0,TRUE,2012
KIWOOM_2006_PLY_003748_LN,PLY_003748,1,LIVE_NORMAL,56,12,10,0,TRUE,2006
KIWOOM_2004_PLY_003748_LN,PLY_003748,1,LIVE_NORMAL,60,12,10,0,TRUE,2004
KIWOOM_2007_PLY_003748_TH,PLY_003748,4,TITLE_HOLDER,83,30,10,10,FALSE,2007
KIWOOM_2006_PLY_003748_AS,PLY_003748,3,ALLSTAR,81,24,10,10,TRUE,2006
KIWOOM_2016_PLY_003749_EPIC,PLY_003749,2,LIVE_EPIC,68,18,10,0,TRUE,2016
KIWOOM_2014_PLY_003749_TH,PLY_003749,4,TITLE_HOLDER,86,30,10,10,FALSE,2014
KIWOOM_2013_PLY_003749_EPIC,PLY_003749,2,LIVE_EPIC,73,18,10,0,TRUE,2013
KIWOOM_2013_PLY_003749_LN,PLY_003749,1,LIVE_NORMAL,65,12,10,0,TRUE,2013
KIWOOM_2016_PLY_003749_GG,PLY_003749,7,GOLDEN_GLOVE,86,35,10,10,FALSE,2016
KIWOOM_2015_PLY_003749_LN,PLY_003749,1,LIVE_NORMAL,58,12,10,0,TRUE,2015
KIWOOM_2008_PLY_003750_AS,PLY_003750,3,ALLSTAR,75,24,10,10,TRUE,2008
KIWOOM_1998_PLY_003750_EPIC,PLY_003750,2,LIVE_EPIC,72,18,10,0,TRUE,1998
KIWOOM_2003_PLY_003750_LN,PLY_003750,1,LIVE_NORMAL,58,12,10,0,TRUE,2003
KIWOOM_1996_PLY_003750_EPIC,PLY_003750,2,LIVE_EPIC,68,18,10,0,TRUE,1996
KIWOOM_2001_PLY_003750_GG,PLY_003750,7,GOLDEN_GLOVE,89,35,10,10,FALSE,2001
KIWOOM_2004_PLY_003750_AS,PLY_003750,3,ALLSTAR,76,24,10,10,TRUE,2004
KIWOOM_2006_PLY_003750_SIG,PLY_003750,6,SIGNATURE,90,40,10,10,FALSE,2006
KIWOOM_2002_PLY_003750_AS,PLY_003750,3,ALLSTAR,79,24,10,10,TRUE,2002
KIWOOM_2006_PLY_003750_TH,PLY_003750,4,TITLE_HOLDER,86,30,10,10,FALSE,2006
KIWOOM_2004_PLY_003750_EPIC,PLY_003750,2,LIVE_EPIC,72,18,10,0,TRUE,2004
KIWOOM_2004_PLY_003751_LN,PLY_003751,1,LIVE_NORMAL,65,12,10,0,TRUE,2004
KIWOOM_2008_PLY_003751_LN,PLY_003751,1,LIVE_NORMAL,59,12,10,0,TRUE,2008
KIWOOM_2009_PLY_003751_TH,PLY_003751,4,TITLE_HOLDER,80,30,10,10,FALSE,2009
KIWOOM_2011_PLY_003751_LN,PLY_003751,1,LIVE_NORMAL,58,12,10,0,TRUE,2011
KIWOOM_2006_PLY_003751_EPIC,PLY_003751,2,LIVE_EPIC,71,18,10,0,TRUE,2006
KIWOOM_1997_PLY_003752_AS,PLY_003752,3,ALLSTAR,82,24,10,10,TRUE,1997
KIWOOM_1997_PLY_003752_LN,PLY_003752,1,LIVE_NORMAL,55,12,10,0,TRUE,1997
KIWOOM_2016_PLY_003753_LN,PLY_003753,1,LIVE_NORMAL,64,12,10,0,TRUE,2016
KIWOOM_2016_PLY_003753_AS,PLY_003753,3,ALLSTAR,83,24,10,10,TRUE,2016
KIWOOM_2017_PLY_003753_AS,PLY_003753,3,ALLSTAR,79,24,10,10,TRUE,2017
KIWOOM_2009_PLY_003753_EPIC,PLY_003753,2,LIVE_EPIC,67,18,10,0,TRUE,2009
KIWOOM_2015_PLY_003753_GG,PLY_003753,7,GOLDEN_GLOVE,88,35,10,10,FALSE,2015
KIWOOM_2017_PLY_003753_LN,PLY_003753,1,LIVE_NORMAL,63,12,10,0,TRUE,2017
KIWOOM_2007_PLY_003753_EPIC,PLY_003753,2,LIVE_EPIC,67,18,10,0,TRUE,2007
KIWOOM_2011_PLY_003753_LN,PLY_003753,1,LIVE_NORMAL,60,12,10,0,TRUE,2011
KIWOOM_2018_PLY_003753_LN,PLY_003753,1,LIVE_NORMAL,63,12,10,0,TRUE,2018
KIWOOM_2007_PLY_003753_GG,PLY_003753,7,GOLDEN_GLOVE,89,35,10,10,FALSE,2007
KIWOOM_2023_PLY_003754_EPIC,PLY_003754,2,LIVE_EPIC,74,18,10,0,TRUE,2023
KIWOOM_2025_PLY_003754_LN,PLY_003754,1,LIVE_NORMAL,56,12,10,0,TRUE,2025
KIWOOM_2014_PLY_003754_LN,PLY_003754,1,LIVE_NORMAL,65,12,10,0,TRUE,2014
KIWOOM_2012_PLY_003754_EPIC,PLY_003754,2,LIVE_EPIC,65,18,10,0,TRUE,2012
KIWOOM_2025_PLY_003754_TH,PLY_003754,4,TITLE_HOLDER,87,30,10,10,FALSE,2025
KIWOOM_2020_PLY_003754_AS,PLY_003754,3,ALLSTAR,75,24,10,10,TRUE,2020
KIWOOM_2015_PLY_003754_LN,PLY_003754,1,LIVE_NORMAL,66,12,10,0,TRUE,2015
KIWOOM_2020_PLY_003755_LN,PLY_003755,1,LIVE_NORMAL,67,12,10,0,TRUE,2020
KIWOOM_2013_PLY_003755_LN,PLY_003755,1,LIVE_NORMAL,62,12,10,0,TRUE,2013
KIWOOM_2012_PLY_003755_SIG,PLY_003755,6,SIGNATURE,87,40,10,10,FALSE,2012
KIWOOM_2017_PLY_003756_AS,PLY_003756,3,ALLSTAR,76,24,10,10,TRUE,2017
KIWOOM_2020_PLY_003756_AS,PLY_003756,3,ALLSTAR,77,24,10,10,TRUE,2020
KIWOOM_2023_PLY_003756_EPIC,PLY_003756,2,LIVE_EPIC,68,18,10,0,TRUE,2023
KIWOOM_2019_PLY_003756_TH,PLY_003756,4,TITLE_HOLDER,87,30,10,10,FALSE,2019
KIWOOM_2016_PLY_003756_AS,PLY_003756,3,ALLSTAR,80,24,10,10,TRUE,2016
KIWOOM_2026_PLY_003756_GG,PLY_003756,7,GOLDEN_GLOVE,84,35,10,10,FALSE,2026
KIWOOM_2018_PLY_003756_EPIC,PLY_003756,2,LIVE_EPIC,70,18,10,0,TRUE,2018
KIWOOM_2016_PLY_003756_EPIC,PLY_003756,2,LIVE_EPIC,70,18,10,0,TRUE,2016
KIWOOM_1988_PLY_003757_EPIC,PLY_003757,2,LIVE_EPIC,76,18,10,0,TRUE,1988
KIWOOM_1996_PLY_003757_EPIC,PLY_003757,2,LIVE_EPIC,73,18,10,0,TRUE,1996
KIWOOM_1986_PLY_003757_LN,PLY_003757,1,LIVE_NORMAL,55,12,10,0,TRUE,1986
KIWOOM_1990_PLY_003757_LN,PLY_003757,1,LIVE_NORMAL,55,12,10,0,TRUE,1990
KIWOOM_1997_PLY_003757_LN,PLY_003757,1,LIVE_NORMAL,62,12,10,0,TRUE,1997
KIWOOM_1995_PLY_003757_TH,PLY_003757,4,TITLE_HOLDER,86,30,10,10,FALSE,1995
KIWOOM_2019_PLY_003758_AS,PLY_003758,3,ALLSTAR,83,24,10,10,TRUE,2019
KIWOOM_2022_PLY_003758_TH,PLY_003758,4,TITLE_HOLDER,84,30,10,10,FALSE,2022
KIWOOM_2024_PLY_003758_EPIC,PLY_003758,2,LIVE_EPIC,67,18,10,0,TRUE,2024
KIWOOM_2021_PLY_003758_LN,PLY_003758,1,LIVE_NORMAL,59,12,10,0,TRUE,2021
KIWOOM_2025_PLY_003758_EPIC,PLY_003758,2,LIVE_EPIC,70,18,10,0,TRUE,2025
KIWOOM_2025_PLY_003758_TH,PLY_003758,4,TITLE_HOLDER,85,30,10,10,FALSE,2025
KIWOOM_2023_PLY_003758_AS,PLY_003758,3,ALLSTAR,76,24,10,10,TRUE,2023
KIWOOM_2019_PLY_003758_LN,PLY_003758,1,LIVE_NORMAL,61,12,10,0,TRUE,2019
KIWOOM_2026_PLY_003758_TH,PLY_003758,4,TITLE_HOLDER,81,30,10,10,FALSE,2026
KIWOOM_2017_PLY_003759_LN,PLY_003759,1,LIVE_NORMAL,55,12,10,0,TRUE,2017
KIWOOM_2023_PLY_003759_EPIC,PLY_003759,2,LIVE_EPIC,75,18,10,0,TRUE,2023
KIWOOM_2021_PLY_003759_EPIC,PLY_003759,2,LIVE_EPIC,73,18,10,0,TRUE,2021
KIWOOM_2018_PLY_003759_EPIC,PLY_003759,2,LIVE_EPIC,66,18,10,0,TRUE,2018
KIWOOM_2019_PLY_003759_AS,PLY_003759,3,ALLSTAR,82,24,10,10,TRUE,2019
KIWOOM_2014_PLY_003759_EPIC,PLY_003759,2,LIVE_EPIC,68,18,10,0,TRUE,2014
KIWOOM_2013_PLY_003759_AS,PLY_003759,3,ALLSTAR,74,24,10,10,TRUE,2013
KIWOOM_2024_PLY_003759_LN,PLY_003759,1,LIVE_NORMAL,64,12,10,0,TRUE,2024
KIWOOM_2025_PLY_003759_LN,PLY_003759,1,LIVE_NORMAL,68,12,10,0,TRUE,2025
KIWOOM_2021_PLY_003759_TH,PLY_003759,4,TITLE_HOLDER,87,30,10,10,FALSE,2021
KIWOOM_1998_PLY_003760_LN,PLY_003760,1,LIVE_NORMAL,65,12,10,0,TRUE,1998
KIWOOM_2006_PLY_003760_EPIC,PLY_003760,2,LIVE_EPIC,76,18,10,0,TRUE,2006
KIWOOM_2001_PLY_003760_GG,PLY_003760,7,GOLDEN_GLOVE,89,35,10,10,FALSE,2001
KIWOOM_2007_PLY_003760_TH,PLY_003760,4,TITLE_HOLDER,86,30,10,10,FALSE,2007
KIWOOM_1993_PLY_003760_SIG,PLY_003760,6,SIGNATURE,92,40,10,10,FALSE,1993
KIWOOM_2002_PLY_003760_EPIC,PLY_003760,2,LIVE_EPIC,68,18,10,0,TRUE,2002
KIWOOM_2008_PLY_003760_LN,PLY_003760,1,LIVE_NORMAL,57,12,10,0,TRUE,2008
KIWOOM_1997_PLY_003760_AS,PLY_003760,3,ALLSTAR,77,24,10,10,TRUE,1997
KIWOOM_1998_PLY_003761_LN,PLY_003761,1,LIVE_NORMAL,59,12,10,0,TRUE,1998
KIWOOM_2001_PLY_003761_TH,PLY_003761,4,TITLE_HOLDER,87,30,10,10,FALSE,2001
KIWOOM_1998_PLY_003761_TH,PLY_003761,4,TITLE_HOLDER,84,30,10,10,FALSE,1998
KIWOOM_1997_PLY_003761_EPIC,PLY_003761,2,LIVE_EPIC,72,18,10,0,TRUE,1997
KIWOOM_1999_PLY_003761_LN,PLY_003761,1,LIVE_NORMAL,61,12,10,0,TRUE,1999
KIWOOM_1994_PLY_003761_LN,PLY_003761,1,LIVE_NORMAL,66,12,10,0,TRUE,1994
KIWOOM_1999_PLY_003761_AS,PLY_003761,3,ALLSTAR,74,24,10,10,TRUE,1999
KIWOOM_1997_PLY_003761_LN,PLY_003761,1,LIVE_NORMAL,63,12,10,0,TRUE,1997
KIWOOM_1990_PLY_003762_GG,PLY_003762,7,GOLDEN_GLOVE,84,35,10,10,FALSE,1990
KIWOOM_1991_PLY_003762_EPIC,PLY_003762,2,LIVE_EPIC,67,18,10,0,TRUE,1991
KIWOOM_1991_PLY_003762_LN,PLY_003762,1,LIVE_NORMAL,62,12,10,0,TRUE,1991
KIWOOM_1989_PLY_003762_AS,PLY_003762,3,ALLSTAR,82,24,10,10,TRUE,1989
KIWOOM_1990_PLY_003762_LN,PLY_003762,1,LIVE_NORMAL,56,12,10,0,TRUE,1990
KIWOOM_1992_PLY_003763_LN,PLY_003763,1,LIVE_NORMAL,56,12,10,0,TRUE,1992
KIWOOM_2004_PLY_003763_TH,PLY_003763,4,TITLE_HOLDER,87,30,10,10,FALSE,2004
KIWOOM_2001_PLY_003763_AS,PLY_003763,3,ALLSTAR,81,24,10,10,TRUE,2001
KIWOOM_1989_PLY_003763_LN,PLY_003763,1,LIVE_NORMAL,59,12,10,0,TRUE,1989
KIWOOM_2000_PLY_003763_EPIC,PLY_003763,2,LIVE_EPIC,73,18,10,0,TRUE,2000
KIWOOM_1995_PLY_003764_EPIC,PLY_003764,2,LIVE_EPIC,67,18,10,0,TRUE,1995
KIWOOM_1991_PLY_003764_LN,PLY_003764,1,LIVE_NORMAL,55,12,10,0,TRUE,1991
KIWOOM_1990_PLY_003764_EPIC,PLY_003764,2,LIVE_EPIC,72,18,10,0,TRUE,1990
KIWOOM_1998_PLY_003764_LN,PLY_003764,1,LIVE_NORMAL,55,12,10,0,TRUE,1998
KIWOOM_2001_PLY_003764_EPIC,PLY_003764,2,LIVE_EPIC,73,18,10,0,TRUE,2001
KIWOOM_1992_PLY_003764_LN,PLY_003764,1,LIVE_NORMAL,57,12,10,0,TRUE,1992
KIWOOM_2004_PLY_003764_EPIC,PLY_003764,2,LIVE_EPIC,68,18,10,0,TRUE,2004
KIWOOM_2007_PLY_003765_AS,PLY_003765,3,ALLSTAR,81,24,10,10,TRUE,2007
KIWOOM_1999_PLY_003765_GG,PLY_003765,7,GOLDEN_GLOVE,84,35,10,10,FALSE,1999
KIWOOM_2002_PLY_003765_EPIC,PLY_003765,2,LIVE_EPIC,65,18,10,0,TRUE,2002
KIWOOM_2003_PLY_003766_TH,PLY_003766,4,TITLE_HOLDER,83,30,10,10,FALSE,2003
KIWOOM_2003_PLY_003766_EPIC,PLY_003766,2,LIVE_EPIC,69,18,10,0,TRUE,2003
KIWOOM_2006_PLY_003766_LN,PLY_003766,1,LIVE_NORMAL,63,12,10,0,TRUE,2006
KIWOOM_2003_PLY_003766_GG,PLY_003766,7,GOLDEN_GLOVE,86,35,10,10,FALSE,2003
KIWOOM_2003_PLY_003766_LN,PLY_003766,1,LIVE_NORMAL,61,12,10,0,TRUE,2003
KIWOOM_2003_PLY_003766_AS,PLY_003766,3,ALLSTAR,77,24,10,10,TRUE,2003
KIWOOM_2004_PLY_003766_TH,PLY_003766,4,TITLE_HOLDER,82,30,10,10,FALSE,2004
KIWOOM_2004_PLY_003766_AS,PLY_003766,3,ALLSTAR,76,24,10,10,TRUE,2004
KIWOOM_2004_PLY_003766_LN,PLY_003766,1,LIVE_NORMAL,56,12,10,0,TRUE,2004
KIWOOM_2012_PLY_003767_LN,PLY_003767,1,LIVE_NORMAL,62,12,10,0,TRUE,2012
KIWOOM_2007_PLY_003767_EPIC,PLY_003767,2,LIVE_EPIC,72,18,10,0,TRUE,2007
KIWOOM_2012_PLY_003767_TH,PLY_003767,4,TITLE_HOLDER,86,30,10,10,FALSE,2012
KIWOOM_2016_PLY_003767_EPIC,PLY_003767,2,LIVE_EPIC,76,18,10,0,TRUE,2016
KIWOOM_2014_PLY_003767_EPIC,PLY_003767,2,LIVE_EPIC,74,18,10,0,TRUE,2014
KIWOOM_2008_PLY_003767_AS,PLY_003767,3,ALLSTAR,82,24,10,10,TRUE,2008
KIWOOM_2018_PLY_003767_GG,PLY_003767,7,GOLDEN_GLOVE,85,35,10,10,FALSE,2018
KIWOOM_2003_PLY_003767_EPIC,PLY_003767,2,LIVE_EPIC,70,18,10,0,TRUE,2003
KIWOOM_2014_PLY_003767_LN,PLY_003767,1,LIVE_NORMAL,55,12,10,0,TRUE,2014
KIWOOM_2004_PLY_003767_AS,PLY_003767,3,ALLSTAR,79,24,10,10,TRUE,2004
KIWOOM_2018_PLY_003767_EPIC,PLY_003767,2,LIVE_EPIC,74,18,10,0,TRUE,2018
KIWOOM_1993_PLY_003768_GG,PLY_003768,7,GOLDEN_GLOVE,87,35,10,10,FALSE,1993
KIWOOM_1993_PLY_003768_EPIC,PLY_003768,2,LIVE_EPIC,65,18,10,0,TRUE,1993
KIWOOM_1987_PLY_003768_LN,PLY_003768,1,LIVE_NORMAL,60,12,10,0,TRUE,1987
KIWOOM_1989_PLY_003768_AS,PLY_003768,3,ALLSTAR,76,24,10,10,TRUE,1989
KIWOOM_1993_PLY_003768_LN,PLY_003768,1,LIVE_NORMAL,65,12,10,0,TRUE,1993
KIWOOM_1992_PLY_003768_LN,PLY_003768,1,LIVE_NORMAL,56,12,10,0,TRUE,1992
KIWOOM_1988_PLY_003768_AS,PLY_003768,3,ALLSTAR,80,24,10,10,TRUE,1988
KIWOOM_1987_PLY_003768_EPIC,PLY_003768,2,LIVE_EPIC,72,18,10,0,TRUE,1987
KIWOOM_1989_PLY_003768_EPIC,PLY_003768,2,LIVE_EPIC,67,18,10,0,TRUE,1989
KIWOOM_2008_PLY_003769_AS,PLY_003769,3,ALLSTAR,76,24,10,10,TRUE,2008
KIWOOM_2009_PLY_003769_LN,PLY_003769,1,LIVE_NORMAL,63,12,10,0,TRUE,2009
KIWOOM_2000_PLY_003769_SIG,PLY_003769,6,SIGNATURE,90,40,10,10,FALSE,2000
KIWOOM_1998_PLY_003769_TH,PLY_003769,4,TITLE_HOLDER,83,30,10,10,FALSE,1998
KIWOOM_2003_PLY_003769_EPIC,PLY_003769,2,LIVE_EPIC,74,18,10,0,TRUE,2003
KIWOOM_2001_PLY_003769_LN,PLY_003769,1,LIVE_NORMAL,60,12,10,0,TRUE,2001
KIWOOM_2000_PLY_003769_LN,PLY_003769,1,LIVE_NORMAL,62,12,10,0,TRUE,2000
KIWOOM_2026_PLY_003770_LN,PLY_003770,1,LIVE_NORMAL,64,12,10,0,TRUE,2026
KIWOOM_2025_PLY_003770_LN,PLY_003770,1,LIVE_NORMAL,60,12,10,0,TRUE,2025
KIWOOM_2017_PLY_003770_GG,PLY_003770,7,GOLDEN_GLOVE,85,35,10,10,FALSE,2017
KIWOOM_2023_PLY_003770_AS,PLY_003770,3,ALLSTAR,83,24,10,10,TRUE,2023
KIWOOM_2019_PLY_003770_LN,PLY_003770,1,LIVE_NORMAL,55,12,10,0,TRUE,2019
KIWOOM_2023_PLY_003770_EPIC,PLY_003770,2,LIVE_EPIC,71,18,10,0,TRUE,2023
KIWOOM_2025_PLY_003770_EPIC,PLY_003770,2,LIVE_EPIC,71,18,10,0,TRUE,2025
KIWOOM_2018_PLY_003770_AS,PLY_003770,3,ALLSTAR,79,24,10,10,TRUE,2018
KIWOOM_2026_PLY_003770_SIG,PLY_003770,6,SIGNATURE,93,40,10,10,FALSE,2026
KIWOOM_2026_PLY_003771_LN,PLY_003771,1,LIVE_NORMAL,68,12,10,0,TRUE,2026
KIWOOM_2019_PLY_003771_AS,PLY_003771,3,ALLSTAR,81,24,10,10,TRUE,2019
KIWOOM_2023_PLY_003771_LN,PLY_003771,1,LIVE_NORMAL,67,12,10,0,TRUE,2023
KIWOOM_2022_PLY_003771_LN,PLY_003771,1,LIVE_NORMAL,64,12,10,0,TRUE,2022
KIWOOM_2020_PLY_003771_LN,PLY_003771,1,LIVE_NORMAL,55,12,10,0,TRUE,2020
KIWOOM_2024_PLY_003771_LN,PLY_003771,1,LIVE_NORMAL,62,12,10,0,TRUE,2024
KIWOOM_2022_PLY_003772_AS,PLY_003772,3,ALLSTAR,83,24,10,10,TRUE,2022
KIWOOM_2022_PLY_003772_EPIC,PLY_003772,2,LIVE_EPIC,69,18,10,0,TRUE,2022
KIWOOM_2013_PLY_003772_LN,PLY_003772,1,LIVE_NORMAL,62,12,10,0,TRUE,2013
KIWOOM_2020_PLY_003772_EPIC,PLY_003772,2,LIVE_EPIC,67,18,10,0,TRUE,2020
KIWOOM_2012_PLY_003772_EPIC,PLY_003772,2,LIVE_EPIC,66,18,10,0,TRUE,2012
KIWOOM_2020_PLY_003772_TH,PLY_003772,4,TITLE_HOLDER,84,30,10,10,FALSE,2020
KIWOOM_2007_PLY_003772_EPIC,PLY_003772,2,LIVE_EPIC,67,18,10,0,TRUE,2007
KIWOOM_2003_PLY_003772_AS,PLY_003772,3,ALLSTAR,83,24,10,10,TRUE,2003
KIWOOM_2004_PLY_003772_EPIC,PLY_003772,2,LIVE_EPIC,73,18,10,0,TRUE,2004
KIWOOM_1990_PLY_003773_AS,PLY_003773,3,ALLSTAR,83,24,10,10,TRUE,1990
KIWOOM_1998_PLY_003773_SIG,PLY_003773,6,SIGNATURE,92,40,10,10,FALSE,1998
KIWOOM_1990_PLY_003773_TH,PLY_003773,4,TITLE_HOLDER,80,30,10,10,FALSE,1990
KIWOOM_2000_PLY_003773_EPIC,PLY_003773,2,LIVE_EPIC,73,18,10,0,TRUE,2000
KIWOOM_2001_PLY_003773_AS,PLY_003773,3,ALLSTAR,76,24,10,10,TRUE,2001
KIWOOM_1998_PLY_003773_EPIC,PLY_003773,2,LIVE_EPIC,70,18,10,0,TRUE,1998
KIWOOM_1996_PLY_003773_SIG,PLY_003773,6,SIGNATURE,94,40,10,10,FALSE,1996
KIWOOM_1990_PLY_003773_LN,PLY_003773,1,LIVE_NORMAL,65,12,10,0,TRUE,1990
KIWOOM_1988_PLY_003773_LN,PLY_003773,1,LIVE_NORMAL,66,12,10,0,TRUE,1988
KIWOOM_1996_PLY_003774_LN,PLY_003774,1,LIVE_NORMAL,67,12,10,0,TRUE,1996
KIWOOM_1997_PLY_003774_EPIC,PLY_003774,2,LIVE_EPIC,66,18,10,0,TRUE,1997
KIWOOM_2004_PLY_003774_LN,PLY_003774,1,LIVE_NORMAL,68,12,10,0,TRUE,2004
KIWOOM_1992_PLY_003774_AS,PLY_003774,3,ALLSTAR,83,24,10,10,TRUE,1992
KIWOOM_1998_PLY_003774_LN,PLY_003774,1,LIVE_NORMAL,55,12,10,0,TRUE,1998
KIWOOM_1994_PLY_003774_LN,PLY_003774,1,LIVE_NORMAL,56,12,10,0,TRUE,1994
KIWOOM_2004_PLY_003774_EPIC,PLY_003774,2,LIVE_EPIC,75,18,10,0,TRUE,2004
KIWOOM_2003_PLY_003774_GG,PLY_003774,7,GOLDEN_GLOVE,89,35,10,10,FALSE,2003
KIWOOM_2000_PLY_003775_SIG,PLY_003775,6,SIGNATURE,87,40,10,10,FALSE,2000
KIWOOM_1996_PLY_003775_LN,PLY_003775,1,LIVE_NORMAL,63,12,10,0,TRUE,1996
KIWOOM_1998_PLY_003775_TH,PLY_003775,4,TITLE_HOLDER,81,30,10,10,FALSE,1998
KIWOOM_1993_PLY_003775_EPIC,PLY_003775,2,LIVE_EPIC,76,18,10,0,TRUE,1993
KIWOOM_2000_PLY_003775_LN,PLY_003775,1,LIVE_NORMAL,56,12,10,0,TRUE,2000
KIWOOM_1993_PLY_003775_AS,PLY_003775,3,ALLSTAR,78,24,10,10,TRUE,1993
KIWOOM_2000_PLY_003775_TH,PLY_003775,4,TITLE_HOLDER,82,30,10,10,FALSE,2000
KIWOOM_2019_PLY_003776_AS,PLY_003776,3,ALLSTAR,82,24,10,10,TRUE,2019
KIWOOM_2014_PLY_003776_LN,PLY_003776,1,LIVE_NORMAL,58,12,10,0,TRUE,2014
KIWOOM_2020_PLY_003776_SIG,PLY_003776,6,SIGNATURE,93,40,10,10,FALSE,2020
KIWOOM_2012_PLY_003776_GG,PLY_003776,7,GOLDEN_GLOVE,88,35,10,10,FALSE,2012
KIWOOM_2023_PLY_003776_EPIC,PLY_003776,2,LIVE_EPIC,65,18,10,0,TRUE,2023
KIWOOM_2024_PLY_003776_AS,PLY_003776,3,ALLSTAR,78,24,10,10,TRUE,2024
KIWOOM_2011_PLY_003776_TH,PLY_003776,4,TITLE_HOLDER,83,30,10,10,FALSE,2011
KIWOOM_2012_PLY_003776_LN,PLY_003776,1,LIVE_NORMAL,68,12,10,0,TRUE,2012
KIWOOM_2026_PLY_003776_TH,PLY_003776,4,TITLE_HOLDER,85,30,10,10,FALSE,2026
KIWOOM_2016_PLY_003777_LN,PLY_003777,1,LIVE_NORMAL,56,12,10,0,TRUE,2016
KIWOOM_2024_PLY_003777_TH,PLY_003777,4,TITLE_HOLDER,84,30,10,10,FALSE,2024
KIWOOM_2019_PLY_003777_EPIC,PLY_003777,2,LIVE_EPIC,68,18,10,0,TRUE,2019
KIWOOM_2020_PLY_003777_LN,PLY_003777,1,LIVE_NORMAL,60,12,10,0,TRUE,2020
KIWOOM_2016_PLY_003777_EPIC,PLY_003777,2,LIVE_EPIC,73,18,10,0,TRUE,2016
KIWOOM_2025_PLY_003778_EPIC,PLY_003778,2,LIVE_EPIC,74,18,10,0,TRUE,2025
KIWOOM_2024_PLY_003778_EPIC,PLY_003778,2,LIVE_EPIC,73,18,10,0,TRUE,2024
KIWOOM_2022_PLY_003778_EPIC,PLY_003778,2,LIVE_EPIC,74,18,10,0,TRUE,2022
KIWOOM_2021_PLY_003778_LN,PLY_003778,1,LIVE_NORMAL,67,12,10,0,TRUE,2021
KIWOOM_2023_PLY_003778_TH,PLY_003778,4,TITLE_HOLDER,80,30,10,10,FALSE,2023
KIWOOM_2019_PLY_003778_EPIC,PLY_003778,2,LIVE_EPIC,75,18,10,0,TRUE,2019
KIWOOM_2024_PLY_003778_LN,PLY_003778,1,LIVE_NORMAL,68,12,10,0,TRUE,2024
KIWOOM_2017_PLY_003778_LN,PLY_003778,1,LIVE_NORMAL,58,12,10,0,TRUE,2017
KIWOOM_1990_PLY_003779_LN,PLY_003779,1,LIVE_NORMAL,55,12,10,0,TRUE,1990
KIWOOM_1996_PLY_003779_SIG,PLY_003779,6,SIGNATURE,93,40,10,10,FALSE,1996
KIWOOM_1996_PLY_003779_TH,PLY_003779,4,TITLE_HOLDER,86,30,10,10,FALSE,1996
KIWOOM_2000_PLY_003779_GG,PLY_003779,7,GOLDEN_GLOVE,83,35,10,10,FALSE,2000
KIWOOM_1992_PLY_003779_EPIC,PLY_003779,2,LIVE_EPIC,68,18,10,0,TRUE,1992
KIWOOM_2004_PLY_003779_SIG,PLY_003779,6,SIGNATURE,93,40,10,10,FALSE,2004
KIWOOM_1997_PLY_003779_EPIC,PLY_003779,2,LIVE_EPIC,67,18,10,0,TRUE,1997
KIWOOM_1994_PLY_003779_LN,PLY_003779,1,LIVE_NORMAL,65,12,10,0,TRUE,1994
KIWOOM_2009_PLY_003779_LN,PLY_003779,1,LIVE_NORMAL,66,12,10,0,TRUE,2009
KIWOOM_2000_PLY_003779_EPIC,PLY_003779,2,LIVE_EPIC,73,18,10,0,TRUE,2000
KIWOOM_2007_PLY_003780_LN,PLY_003780,1,LIVE_NORMAL,56,12,10,0,TRUE,2007
KIWOOM_2004_PLY_003780_EPIC,PLY_003780,2,LIVE_EPIC,71,18,10,0,TRUE,2004
KIWOOM_2008_PLY_003780_EPIC,PLY_003780,2,LIVE_EPIC,69,18,10,0,TRUE,2008
KIWOOM_2004_PLY_003780_AS,PLY_003780,3,ALLSTAR,80,24,10,10,TRUE,2004
KIWOOM_2010_PLY_003780_EPIC,PLY_003780,2,LIVE_EPIC,71,18,10,0,TRUE,2010
KIWOOM_2007_PLY_003780_AS,PLY_003780,3,ALLSTAR,79,24,10,10,TRUE,2007
KIWOOM_2011_PLY_003780_LN,PLY_003780,1,LIVE_NORMAL,62,12,10,0,TRUE,2011
KIWOOM_2010_PLY_003780_LN,PLY_003780,1,LIVE_NORMAL,55,12,10,0,TRUE,2010
KIWOOM_2007_PLY_003780_EPIC,PLY_003780,2,LIVE_EPIC,67,18,10,0,TRUE,2007
KIWOOM_2009_PLY_003780_AS,PLY_003780,3,ALLSTAR,78,24,10,10,TRUE,2009
KIWOOM_2011_PLY_003781_EPIC,PLY_003781,2,LIVE_EPIC,75,18,10,0,TRUE,2011
KIWOOM_2010_PLY_003781_GG,PLY_003781,7,GOLDEN_GLOVE,83,35,10,10,FALSE,2010
KIWOOM_2007_PLY_003781_EPIC,PLY_003781,2,LIVE_EPIC,65,18,10,0,TRUE,2007
KIWOOM_2017_PLY_003782_LN,PLY_003782,1,LIVE_NORMAL,60,12,10,0,TRUE,2017
KIWOOM_2024_PLY_003782_LN,PLY_003782,1,LIVE_NORMAL,56,12,10,0,TRUE,2024
KIWOOM_2023_PLY_003782_SIG,PLY_003782,6,SIGNATURE,94,40,10,10,FALSE,2023
KIWOOM_2025_PLY_003782_EPIC,PLY_003782,2,LIVE_EPIC,71,18,10,0,TRUE,2025
KIWOOM_2018_PLY_003782_LN,PLY_003782,1,LIVE_NORMAL,59,12,10,0,TRUE,2018
KIWOOM_2026_PLY_003782_LN,PLY_003782,1,LIVE_NORMAL,63,12,10,0,TRUE,2026
KIWOOM_2018_PLY_003782_AS,PLY_003782,3,ALLSTAR,78,24,10,10,TRUE,2018
KIWOOM_2019_PLY_003782_EPIC,PLY_003782,2,LIVE_EPIC,71,18,10,0,TRUE,2019
KIWOOM_2023_PLY_003783_AS,PLY_003783,3,ALLSTAR,82,24,10,10,TRUE,2023
KIWOOM_2024_PLY_003783_EPIC,PLY_003783,2,LIVE_EPIC,74,18,10,0,TRUE,2024
KIWOOM_2025_PLY_003783_GG,PLY_003783,7,GOLDEN_GLOVE,90,35,10,10,FALSE,2025
KIWOOM_2021_PLY_003783_TH,PLY_003783,4,TITLE_HOLDER,85,30,10,10,FALSE,2021
KIWOOM_2026_PLY_003783_TH,PLY_003783,4,TITLE_HOLDER,84,30,10,10,FALSE,2026
KIWOOM_2026_PLY_003783_EPIC,PLY_003783,2,LIVE_EPIC,74,18,10,0,TRUE,2026
KIWOOM_2024_PLY_003784_EPIC,PLY_003784,2,LIVE_EPIC,75,18,10,0,TRUE,2024
KIWOOM_2019_PLY_003784_LN,PLY_003784,1,LIVE_NORMAL,56,12,10,0,TRUE,2019
KIWOOM_2025_PLY_003784_LN,PLY_003784,1,LIVE_NORMAL,62,12,10,0,TRUE,2025
KIWOOM_2015_PLY_003785_TH,PLY_003785,4,TITLE_HOLDER,80,30,10,10,FALSE,2015
KIWOOM_2015_PLY_003785_GG,PLY_003785,7,GOLDEN_GLOVE,90,35,10,10,FALSE,2015
KIWOOM_2014_PLY_003785_LN,PLY_003785,1,LIVE_NORMAL,60,12,10,0,TRUE,2014
KIWOOM_2015_PLY_003785_AS,PLY_003785,3,ALLSTAR,81,24,10,10,TRUE,2015
KIWOOM_2017_PLY_003785_AS,PLY_003785,3,ALLSTAR,79,24,10,10,TRUE,2017
KIWOOM_2016_PLY_003785_LN,PLY_003785,1,LIVE_NORMAL,56,12,10,0,TRUE,2016
KIWOOM_2015_PLY_003785_EPIC,PLY_003785,2,LIVE_EPIC,66,18,10,0,TRUE,2015
KIWOOM_2014_PLY_003785_TH,PLY_003785,4,TITLE_HOLDER,81,30,10,10,FALSE,2014
KIWOOM_2016_PLY_003785_EPIC,PLY_003785,2,LIVE_EPIC,70,18,10,0,TRUE,2016
KIWOOM_2020_PLY_003786_LN,PLY_003786,1,LIVE_NORMAL,59,12,10,0,TRUE,2020
KIWOOM_2009_PLY_003786_LN,PLY_003786,1,LIVE_NORMAL,58,12,10,0,TRUE,2009
KIWOOM_2024_PLY_003786_LN,PLY_003786,1,LIVE_NORMAL,55,12,10,0,TRUE,2024
KIWOOM_2018_PLY_003786_EPIC,PLY_003786,2,LIVE_EPIC,72,18,10,0,TRUE,2018
KIWOOM_2017_PLY_003786_LN,PLY_003786,1,LIVE_NORMAL,55,12,10,0,TRUE,2017
KIWOOM_2007_PLY_003786_LN,PLY_003786,1,LIVE_NORMAL,60,12,10,0,TRUE,2007
KIWOOM_2021_PLY_003787_GG,PLY_003787,7,GOLDEN_GLOVE,89,35,10,10,FALSE,2021
KIWOOM_2016_PLY_003787_EPIC,PLY_003787,2,LIVE_EPIC,73,18,10,0,TRUE,2016
KIWOOM_2010_PLY_003787_LN,PLY_003787,1,LIVE_NORMAL,64,12,10,0,TRUE,2010
KIWOOM_2004_PLY_003788_AS,PLY_003788,3,ALLSTAR,75,24,10,10,TRUE,2004
KIWOOM_2005_PLY_003788_LN,PLY_003788,1,LIVE_NORMAL,67,12,10,0,TRUE,2005
KIWOOM_2024_PLY_003789_LN,PLY_003789,1,LIVE_NORMAL,57,12,10,0,TRUE,2024
KIWOOM_2022_PLY_003789_LN,PLY_003789,1,LIVE_NORMAL,65,12,10,0,TRUE,2022
KIWOOM_2006_PLY_003790_EPIC,PLY_003790,2,LIVE_EPIC,76,18,10,0,TRUE,2006
KIWOOM_2007_PLY_003790_LN,PLY_003790,1,LIVE_NORMAL,59,12,10,0,TRUE,2007
KIWOOM_2009_PLY_003790_AS,PLY_003790,3,ALLSTAR,83,24,10,10,TRUE,2009
KIWOOM_2006_PLY_003790_LN,PLY_003790,1,LIVE_NORMAL,65,12,10,0,TRUE,2006
KIWOOM_2008_PLY_003790_TH,PLY_003790,4,TITLE_HOLDER,81,30,10,10,FALSE,2008
KIWOOM_2008_PLY_003790_EPIC,PLY_003790,2,LIVE_EPIC,65,18,10,0,TRUE,2008
KIWOOM_2007_PLY_003790_EPIC,PLY_003790,2,LIVE_EPIC,75,18,10,0,TRUE,2007
KIWOOM_2007_PLY_003790_AS,PLY_003790,3,ALLSTAR,75,24,10,10,TRUE,2007
KIWOOM_2008_PLY_003790_LN,PLY_003790,1,LIVE_NORMAL,55,12,10,0,TRUE,2008
KIWOOM_2014_PLY_003791_AS,PLY_003791,3,ALLSTAR,80,24,10,10,TRUE,2014
KIWOOM_2009_PLY_003791_TH,PLY_003791,4,TITLE_HOLDER,80,30,10,10,FALSE,2009
KIWOOM_2000_PLY_003791_TH,PLY_003791,4,TITLE_HOLDER,81,30,10,10,FALSE,2000
KIWOOM_2001_PLY_003791_AS,PLY_003791,3,ALLSTAR,82,24,10,10,TRUE,2001
KIWOOM_2013_PLY_003791_EPIC,PLY_003791,2,LIVE_EPIC,71,18,10,0,TRUE,2013
KIWOOM_2009_PLY_003792_EPIC,PLY_003792,2,LIVE_EPIC,65,18,10,0,TRUE,2009
KIWOOM_2006_PLY_003792_TH,PLY_003792,4,TITLE_HOLDER,86,30,10,10,FALSE,2006
KIWOOM_2010_PLY_003792_SIG,PLY_003792,6,SIGNATURE,90,40,10,10,FALSE,2010
KIWOOM_2006_PLY_003792_AS,PLY_003792,3,ALLSTAR,81,24,10,10,TRUE,2006
KIWOOM_2006_PLY_003792_LN,PLY_003792,1,LIVE_NORMAL,55,12,10,0,TRUE,2006
KIWOOM_2009_PLY_003792_AS,PLY_003792,3,ALLSTAR,83,24,10,10,TRUE,2009
KIWOOM_2011_PLY_003792_LN,PLY_003792,1,LIVE_NORMAL,65,12,10,0,TRUE,2011
KIWOOM_2010_PLY_003792_TH,PLY_003792,4,TITLE_HOLDER,83,30,10,10,FALSE,2010
KIWOOM_1991_PLY_003793_EPIC,PLY_003793,2,LIVE_EPIC,65,18,10,0,TRUE,1991
KIWOOM_1999_PLY_003793_EPIC,PLY_003793,2,LIVE_EPIC,71,18,10,0,TRUE,1999
KIWOOM_1991_PLY_003793_LN,PLY_003793,1,LIVE_NORMAL,61,12,10,0,TRUE,1991
KIWOOM_1992_PLY_003793_EPIC,PLY_003793,2,LIVE_EPIC,67,18,10,0,TRUE,1992
KIWOOM_1991_PLY_003793_TH,PLY_003793,4,TITLE_HOLDER,87,30,10,10,FALSE,1991
KIWOOM_1993_PLY_003794_LN,PLY_003794,1,LIVE_NORMAL,57,12,10,0,TRUE,1993
KIWOOM_1995_PLY_003794_LN,PLY_003794,1,LIVE_NORMAL,62,12,10,0,TRUE,1995
KIWOOM_1993_PLY_003794_EPIC,PLY_003794,2,LIVE_EPIC,72,18,10,0,TRUE,1993
KIWOOM_2023_PLY_003795_AS,PLY_003795,3,ALLSTAR,82,24,10,10,TRUE,2023
KIWOOM_2020_PLY_003795_EPIC,PLY_003795,2,LIVE_EPIC,75,18,10,0,TRUE,2020
KIWOOM_2021_PLY_003795_EPIC,PLY_003795,2,LIVE_EPIC,66,18,10,0,TRUE,2021
KIWOOM_2022_PLY_003795_LN,PLY_003795,1,LIVE_NORMAL,55,12,10,0,TRUE,2022
KIWOOM_2012_PLY_003795_LN,PLY_003795,1,LIVE_NORMAL,63,12,10,0,TRUE,2012
KIWOOM_2017_PLY_003796_EPIC,PLY_003796,2,LIVE_EPIC,66,18,10,0,TRUE,2017
KIWOOM_2019_PLY_003796_GG,PLY_003796,7,GOLDEN_GLOVE,84,35,10,10,FALSE,2019
KIWOOM_2022_PLY_003796_LN,PLY_003796,1,LIVE_NORMAL,60,12,10,0,TRUE,2022
KIWOOM_2023_PLY_003796_LN,PLY_003796,1,LIVE_NORMAL,68,12,10,0,TRUE,2023
KIWOOM_2020_PLY_003796_EPIC,PLY_003796,2,LIVE_EPIC,73,18,10,0,TRUE,2020
KIWOOM_2020_PLY_003796_TH,PLY_003796,4,TITLE_HOLDER,85,30,10,10,FALSE,2020
KIWOOM_2018_PLY_003796_LN,PLY_003796,1,LIVE_NORMAL,62,12,10,0,TRUE,2018
KIWOOM_2016_PLY_003796_LN,PLY_003796,1,LIVE_NORMAL,60,12,10,0,TRUE,2016
KIWOOM_2025_PLY_003796_LN,PLY_003796,1,LIVE_NORMAL,65,12,10,0,TRUE,2025
KIWOOM_2019_PLY_003796_LN,PLY_003796,1,LIVE_NORMAL,68,12,10,0,TRUE,2019
KIWOOM_2026_PLY_003797_TH,PLY_003797,4,TITLE_HOLDER,80,30,10,10,FALSE,2026
KIWOOM_2026_PLY_003797_EPIC,PLY_003797,2,LIVE_EPIC,72,18,10,0,TRUE,2026
KIWOOM_2026_PLY_003797_LN,PLY_003797,1,LIVE_NORMAL,58,12,10,0,TRUE,2026
KIWOOM_2024_PLY_003797_GG,PLY_003797,7,GOLDEN_GLOVE,87,35,10,10,FALSE,2024
KIWOOM_2025_PLY_003797_LN,PLY_003797,1,LIVE_NORMAL,62,12,10,0,TRUE,2025
KIWOOM_2026_PLY_003797_AS,PLY_003797,3,ALLSTAR,75,24,10,10,TRUE,2026
KIWOOM_2024_PLY_003797_EPIC,PLY_003797,2,LIVE_EPIC,67,18,10,0,TRUE,2024
KIWOOM_2015_PLY_003798_EPIC,PLY_003798,2,LIVE_EPIC,65,18,10,0,TRUE,2015
KIWOOM_2007_PLY_003798_EPIC,PLY_003798,2,LIVE_EPIC,75,18,10,0,TRUE,2007
KIWOOM_2009_PLY_003798_LN,PLY_003798,1,LIVE_NORMAL,65,12,10,0,TRUE,2009
KIWOOM_2006_PLY_003798_LN,PLY_003798,1,LIVE_NORMAL,55,12,10,0,TRUE,2006
KIWOOM_2009_PLY_003798_EPIC,PLY_003798,2,LIVE_EPIC,67,18,10,0,TRUE,2009
KIWOOM_2012_PLY_003798_LN,PLY_003798,1,LIVE_NORMAL,59,12,10,0,TRUE,2012
KIWOOM_2009_PLY_003798_GG,PLY_003798,7,GOLDEN_GLOVE,83,35,10,10,FALSE,2009
KIWOOM_2014_PLY_003798_GG,PLY_003798,7,GOLDEN_GLOVE,89,35,10,10,FALSE,2014
KIWOOM_2008_PLY_003798_EPIC,PLY_003798,2,LIVE_EPIC,70,18,10,0,TRUE,2008
KIWOOM_2018_PLY_003799_EPIC,PLY_003799,2,LIVE_EPIC,70,18,10,0,TRUE,2018
KIWOOM_2020_PLY_003799_LN,PLY_003799,1,LIVE_NORMAL,60,12,10,0,TRUE,2020
KIWOOM_2025_PLY_003799_EPIC,PLY_003799,2,LIVE_EPIC,65,18,10,0,TRUE,2025
KIWOOM_2021_PLY_003799_SIG,PLY_003799,6,SIGNATURE,92,40,10,10,FALSE,2021
KIWOOM_2022_PLY_003799_AS,PLY_003799,3,ALLSTAR,74,24,10,10,TRUE,2022
KIWOOM_2026_PLY_003799_LN,PLY_003799,1,LIVE_NORMAL,58,12,10,0,TRUE,2026
KIWOOM_1998_PLY_003800_LN,PLY_003800,1,LIVE_NORMAL,66,12,10,0,TRUE,1998
KIWOOM_1998_PLY_003800_EPIC,PLY_003800,2,LIVE_EPIC,75,18,10,0,TRUE,1998
KIWOOM_1997_PLY_003800_EPIC,PLY_003800,2,LIVE_EPIC,72,18,10,0,TRUE,1997
KIWOOM_1999_PLY_003800_SIG,PLY_003800,6,SIGNATURE,89,40,10,10,FALSE,1999
KIWOOM_1995_PLY_003800_AS,PLY_003800,3,ALLSTAR,83,24,10,10,TRUE,1995
KIWOOM_1999_PLY_003800_TH,PLY_003800,4,TITLE_HOLDER,80,30,10,10,FALSE,1999
KIWOOM_2003_PLY_003800_EPIC,PLY_003800,2,LIVE_EPIC,76,18,10,0,TRUE,2003
KIWOOM_1995_PLY_003800_LN,PLY_003800,1,LIVE_NORMAL,60,12,10,0,TRUE,1995
KIWOOM_2025_PLY_003801_LN,PLY_003801,1,LIVE_NORMAL,58,12,10,0,TRUE,2025
KIWOOM_2024_PLY_003801_AS,PLY_003801,3,ALLSTAR,81,24,10,10,TRUE,2024
KIWOOM_2013_PLY_003801_TH,PLY_003801,4,TITLE_HOLDER,86,30,10,10,FALSE,2013
KIWOOM_2019_PLY_003801_TH,PLY_003801,4,TITLE_HOLDER,83,30,10,10,FALSE,2019
KIWOOM_2017_PLY_003801_EPIC,PLY_003801,2,LIVE_EPIC,74,18,10,0,TRUE,2017
KIWOOM_2018_PLY_003801_LN,PLY_003801,1,LIVE_NORMAL,60,12,10,0,TRUE,2018
KIWOOM_2014_PLY_003801_AS,PLY_003801,3,ALLSTAR,75,24,10,10,TRUE,2014
KIWOOM_2023_PLY_003801_LN,PLY_003801,1,LIVE_NORMAL,62,12,10,0,TRUE,2023
KIWOOM_2019_PLY_003801_EPIC,PLY_003801,2,LIVE_EPIC,66,18,10,0,TRUE,2019
KIWOOM_2017_PLY_003801_SIG,PLY_003801,6,SIGNATURE,89,40,10,10,FALSE,2017
KIWOOM_2020_PLY_003801_TH,PLY_003801,4,TITLE_HOLDER,83,30,10,10,FALSE,2020
KIWOOM_2001_PLY_003802_EPIC,PLY_003802,2,LIVE_EPIC,73,18,10,0,TRUE,2001
KIWOOM_2000_PLY_003802_LN,PLY_003802,1,LIVE_NORMAL,61,12,10,0,TRUE,2000
KIWOOM_1998_PLY_003802_LN,PLY_003802,1,LIVE_NORMAL,67,12,10,0,TRUE,1998
KIWOOM_1999_PLY_003802_EPIC,PLY_003802,2,LIVE_EPIC,73,18,10,0,TRUE,1999
KIWOOM_1998_PLY_003802_EPIC,PLY_003802,2,LIVE_EPIC,74,18,10,0,TRUE,1998
KIWOOM_1999_PLY_003802_LN,PLY_003802,1,LIVE_NORMAL,65,12,10,0,TRUE,1999
KIWOOM_2015_PLY_003803_LN,PLY_003803,1,LIVE_NORMAL,61,12,10,0,TRUE,2015
KIWOOM_2019_PLY_003803_LN,PLY_003803,1,LIVE_NORMAL,66,12,10,0,TRUE,2019
KIWOOM_2011_PLY_003803_LN,PLY_003803,1,LIVE_NORMAL,59,12,10,0,TRUE,2011
KIWOOM_2010_PLY_003803_LN,PLY_003803,1,LIVE_NORMAL,67,12,10,0,TRUE,2010
KIWOOM_2022_PLY_003803_LN,PLY_003803,1,LIVE_NORMAL,66,12,10,0,TRUE,2022
KIWOOM_2008_PLY_003803_LN,PLY_003803,1,LIVE_NORMAL,59,12,10,0,TRUE,2008
KIWOOM_2020_PLY_003803_AS,PLY_003803,3,ALLSTAR,82,24,10,10,TRUE,2020
KIWOOM_2008_PLY_003803_EPIC,PLY_003803,2,LIVE_EPIC,73,18,10,0,TRUE,2008
KIWOOM_2009_PLY_003803_LN,PLY_003803,1,LIVE_NORMAL,62,12,10,0,TRUE,2009
KIWOOM_2003_PLY_003804_GG,PLY_003804,7,GOLDEN_GLOVE,84,35,10,10,FALSE,2003
KIWOOM_2010_PLY_003804_SIG,PLY_003804,6,SIGNATURE,88,40,10,10,FALSE,2010
KIWOOM_2017_PLY_003804_LN,PLY_003804,1,LIVE_NORMAL,68,12,10,0,TRUE,2017
KIWOOM_2009_PLY_003804_EPIC,PLY_003804,2,LIVE_EPIC,66,18,10,0,TRUE,2009
KIWOOM_2017_PLY_003804_EPIC,PLY_003804,2,LIVE_EPIC,75,18,10,0,TRUE,2017
KIWOOM_2004_PLY_003804_GG,PLY_003804,7,GOLDEN_GLOVE,86,35,10,10,FALSE,2004
KIWOOM_2019_PLY_003804_EPIC,PLY_003804,2,LIVE_EPIC,70,18,10,0,TRUE,2019
KIWOOM_2005_PLY_003804_LN,PLY_003804,1,LIVE_NORMAL,63,12,10,0,TRUE,2005
KIWOOM_2007_PLY_003804_AS,PLY_003804,3,ALLSTAR,75,24,10,10,TRUE,2007
KIWOOM_2004_PLY_003804_AS,PLY_003804,3,ALLSTAR,76,24,10,10,TRUE,2004
KIWOOM_2012_PLY_003804_AS,PLY_003804,3,ALLSTAR,76,24,10,10,TRUE,2012
KIWOOM_2013_PLY_003805_EPIC,PLY_003805,2,LIVE_EPIC,65,18,10,0,TRUE,2013
KIWOOM_2011_PLY_003805_AS,PLY_003805,3,ALLSTAR,74,24,10,10,TRUE,2011
KIWOOM_2002_PLY_003806_EPIC,PLY_003806,2,LIVE_EPIC,75,18,10,0,TRUE,2002
KIWOOM_1998_PLY_003806_LN,PLY_003806,1,LIVE_NORMAL,56,12,10,0,TRUE,1998
KIWOOM_2000_PLY_003806_LN,PLY_003806,1,LIVE_NORMAL,59,12,10,0,TRUE,2000
KIWOOM_1998_PLY_003806_AS,PLY_003806,3,ALLSTAR,82,24,10,10,TRUE,1998
KIWOOM_2019_PLY_003807_AS,PLY_003807,3,ALLSTAR,78,24,10,10,TRUE,2019
KIWOOM_2016_PLY_003807_LN,PLY_003807,1,LIVE_NORMAL,55,12,10,0,TRUE,2016
KIWOOM_2010_PLY_003807_TH,PLY_003807,4,TITLE_HOLDER,85,30,10,10,FALSE,2010
KIWOOM_2012_PLY_003807_EPIC,PLY_003807,2,LIVE_EPIC,65,18,10,0,TRUE,2012
KIWOOM_2017_PLY_003808_EPIC,PLY_003808,2,LIVE_EPIC,73,18,10,0,TRUE,2017
KIWOOM_2017_PLY_003808_LN,PLY_003808,1,LIVE_NORMAL,58,12,10,0,TRUE,2017
KIWOOM_2020_PLY_003808_AS,PLY_003808,3,ALLSTAR,74,24,10,10,TRUE,2020
KIWOOM_2015_PLY_003808_EPIC,PLY_003808,2,LIVE_EPIC,76,18,10,0,TRUE,2015
KIWOOM_2016_PLY_003808_LN,PLY_003808,1,LIVE_NORMAL,61,12,10,0,TRUE,2016
KIWOOM_2021_PLY_003808_TH,PLY_003808,4,TITLE_HOLDER,80,30,10,10,FALSE,2021
KIWOOM_2023_PLY_003808_LN,PLY_003808,1,LIVE_NORMAL,61,12,10,0,TRUE,2023
KIWOOM_2019_PLY_003808_LN,PLY_003808,1,LIVE_NORMAL,64,12,10,0,TRUE,2019
KIWOOM_2025_PLY_003808_TH,PLY_003808,4,TITLE_HOLDER,83,30,10,10,FALSE,2025
KIWOOM_2020_PLY_003808_GG,PLY_003808,7,GOLDEN_GLOVE,88,35,10,10,FALSE,2020
KIWOOM_2023_PLY_003808_EPIC,PLY_003808,2,LIVE_EPIC,74,18,10,0,TRUE,2023
KIWOOM_2013_PLY_003809_LN,PLY_003809,1,LIVE_NORMAL,67,12,10,0,TRUE,2013
KIWOOM_2013_PLY_003809_EPIC,PLY_003809,2,LIVE_EPIC,68,18,10,0,TRUE,2013
KIWOOM_2007_PLY_003809_EPIC,PLY_003809,2,LIVE_EPIC,76,18,10,0,TRUE,2007
KIWOOM_2015_PLY_003809_GG,PLY_003809,7,GOLDEN_GLOVE,85,35,10,10,FALSE,2015
KIWOOM_2019_PLY_003809_GG,PLY_003809,7,GOLDEN_GLOVE,88,35,10,10,FALSE,2019
KIWOOM_2020_PLY_003809_LN,PLY_003809,1,LIVE_NORMAL,60,12,10,0,TRUE,2020
KIWOOM_1993_PLY_003810_AS,PLY_003810,3,ALLSTAR,83,24,10,10,TRUE,1993
KIWOOM_2000_PLY_003810_EPIC,PLY_003810,2,LIVE_EPIC,72,18,10,0,TRUE,2000
KIWOOM_2000_PLY_003810_LN,PLY_003810,1,LIVE_NORMAL,59,12,10,0,TRUE,2000
KIWOOM_1996_PLY_003810_LN,PLY_003810,1,LIVE_NORMAL,57,12,10,0,TRUE,1996
KIWOOM_1993_PLY_003810_LN,PLY_003810,1,LIVE_NORMAL,64,12,10,0,TRUE,1993
KIWOOM_2019_PLY_003811_TH,PLY_003811,4,TITLE_HOLDER,81,30,10,10,FALSE,2019
KIWOOM_2024_PLY_003811_LN,PLY_003811,1,LIVE_NORMAL,63,12,10,0,TRUE,2024
KIWOOM_2023_PLY_003811_LN,PLY_003811,1,LIVE_NORMAL,56,12,10,0,TRUE,2023
KIWOOM_2021_PLY_003811_EPIC,PLY_003811,2,LIVE_EPIC,72,18,10,0,TRUE,2021
KIWOOM_2025_PLY_003811_LN,PLY_003811,1,LIVE_NORMAL,60,12,10,0,TRUE,2025
KIWOOM_2014_PLY_003812_AS,PLY_003812,3,ALLSTAR,76,24,10,10,TRUE,2014
KIWOOM_2026_PLY_003812_LN,PLY_003812,1,LIVE_NORMAL,64,12,10,0,TRUE,2026
KIWOOM_2017_PLY_003812_EPIC,PLY_003812,2,LIVE_EPIC,73,18,10,0,TRUE,2017
KIWOOM_2020_PLY_003812_EPIC,PLY_003812,2,LIVE_EPIC,72,18,10,0,TRUE,2020
KIWOOM_2016_PLY_003812_LN,PLY_003812,1,LIVE_NORMAL,66,12,10,0,TRUE,2016
KIWOOM_2023_PLY_003812_LN,PLY_003812,1,LIVE_NORMAL,64,12,10,0,TRUE,2023
KIWOOM_2024_PLY_003812_EPIC,PLY_003812,2,LIVE_EPIC,65,18,10,0,TRUE,2024
KIWOOM_2007_PLY_003813_SIG,PLY_003813,6,SIGNATURE,90,40,10,10,FALSE,2007
KIWOOM_2011_PLY_003813_AS,PLY_003813,3,ALLSTAR,75,24,10,10,TRUE,2011
KIWOOM_2011_PLY_003813_EPIC,PLY_003813,2,LIVE_EPIC,70,18,10,0,TRUE,2011
KIWOOM_2008_PLY_003813_EPIC,PLY_003813,2,LIVE_EPIC,67,18,10,0,TRUE,2008
KIWOOM_2013_PLY_003813_EPIC,PLY_003813,2,LIVE_EPIC,75,18,10,0,TRUE,2013
KIWOOM_2003_PLY_003813_LN,PLY_003813,1,LIVE_NORMAL,66,12,10,0,TRUE,2003
KIWOOM_2013_PLY_003813_LN,PLY_003813,1,LIVE_NORMAL,61,12,10,0,TRUE,2013
KIWOOM_2019_PLY_003814_LN,PLY_003814,1,LIVE_NORMAL,58,12,10,0,TRUE,2019
KIWOOM_2013_PLY_003814_AS,PLY_003814,3,ALLSTAR,83,24,10,10,TRUE,2013
KIWOOM_2021_PLY_003814_GG,PLY_003814,7,GOLDEN_GLOVE,85,35,10,10,FALSE,2021
KIWOOM_2016_PLY_003814_EPIC,PLY_003814,2,LIVE_EPIC,76,18,10,0,TRUE,2016
KIWOOM_2014_PLY_003814_LN,PLY_003814,1,LIVE_NORMAL,62,12,10,0,TRUE,2014
KIWOOM_1986_PLY_003815_EPIC,PLY_003815,2,LIVE_EPIC,68,18,10,0,TRUE,1986
KIWOOM_1990_PLY_003815_GG,PLY_003815,7,GOLDEN_GLOVE,88,35,10,10,FALSE,1990
KIWOOM_1988_PLY_003815_EPIC,PLY_003815,2,LIVE_EPIC,67,18,10,0,TRUE,1988
KIWOOM_1986_PLY_003815_TH,PLY_003815,4,TITLE_HOLDER,86,30,10,10,FALSE,1986
KIWOOM_1990_PLY_003815_EPIC,PLY_003815,2,LIVE_EPIC,74,18,10,0,TRUE,1990
KIWOOM_1986_PLY_003815_LN,PLY_003815,1,LIVE_NORMAL,68,12,10,0,TRUE,1986
KIWOOM_1989_PLY_003815_LN,PLY_003815,1,LIVE_NORMAL,66,12,10,0,TRUE,1989
KIWOOM_1988_PLY_003815_LN,PLY_003815,1,LIVE_NORMAL,57,12,10,0,TRUE,1988
KIWOOM_2012_PLY_003816_SIG,PLY_003816,6,SIGNATURE,94,40,10,10,FALSE,2012
KIWOOM_2017_PLY_003816_GG,PLY_003816,7,GOLDEN_GLOVE,86,35,10,10,FALSE,2017
KIWOOM_2002_PLY_003816_AS,PLY_003816,3,ALLSTAR,83,24,10,10,TRUE,2002
KIWOOM_2002_PLY_003816_LN,PLY_003816,1,LIVE_NORMAL,55,12,10,0,TRUE,2002
KIWOOM_2018_PLY_003816_LN,PLY_003816,1,LIVE_NORMAL,62,12,10,0,TRUE,2018
KIWOOM_2018_PLY_003816_AS,PLY_003816,3,ALLSTAR,81,24,10,10,TRUE,2018
KIWOOM_2017_PLY_003816_LN,PLY_003816,1,LIVE_NORMAL,63,12,10,0,TRUE,2017
KIWOOM_2007_PLY_003816_AS,PLY_003816,3,ALLSTAR,77,24,10,10,TRUE,2007
KIWOOM_2007_PLY_003816_EPIC,PLY_003816,2,LIVE_EPIC,70,18,10,0,TRUE,2007
KIWOOM_2014_PLY_003816_TH,PLY_003816,4,TITLE_HOLDER,82,30,10,10,FALSE,2014
KIWOOM_2003_PLY_003816_LN,PLY_003816,1,LIVE_NORMAL,66,12,10,0,TRUE,2003
KIWOOM_2008_PLY_003817_EPIC,PLY_003817,2,LIVE_EPIC,74,18,10,0,TRUE,2008
KIWOOM_2008_PLY_003817_SIG,PLY_003817,6,SIGNATURE,94,40,10,10,FALSE,2008
KIWOOM_2010_PLY_003817_EPIC,PLY_003817,2,LIVE_EPIC,72,18,10,0,TRUE,2010
KIWOOM_1996_PLY_003817_LN,PLY_003817,1,LIVE_NORMAL,61,12,10,0,TRUE,1996
KIWOOM_2012_PLY_003817_EPIC,PLY_003817,2,LIVE_EPIC,72,18,10,0,TRUE,2012
KIWOOM_1996_PLY_003817_AS,PLY_003817,3,ALLSTAR,79,24,10,10,TRUE,1996
KIWOOM_2012_PLY_003817_AS,PLY_003817,3,ALLSTAR,75,24,10,10,TRUE,2012
KIWOOM_2012_PLY_003818_AS,PLY_003818,3,ALLSTAR,76,24,10,10,TRUE,2012
KIWOOM_2007_PLY_003818_LN,PLY_003818,1,LIVE_NORMAL,66,12,10,0,TRUE,2007
KIWOOM_2018_PLY_003818_LN,PLY_003818,1,LIVE_NORMAL,61,12,10,0,TRUE,2018
KIWOOM_2008_PLY_003818_LN,PLY_003818,1,LIVE_NORMAL,66,12,10,0,TRUE,2008
KIWOOM_2018_PLY_003818_GG,PLY_003818,7,GOLDEN_GLOVE,86,35,10,10,FALSE,2018
KIWOOM_2011_PLY_003818_GG,PLY_003818,7,GOLDEN_GLOVE,87,35,10,10,FALSE,2011
KIWOOM_2011_PLY_003818_LN,PLY_003818,1,LIVE_NORMAL,57,12,10,0,TRUE,2011
KIWOOM_2010_PLY_003818_LN,PLY_003818,1,LIVE_NORMAL,63,12,10,0,TRUE,2010
KIWOOM_2018_PLY_003818_TH,PLY_003818,4,TITLE_HOLDER,86,30,10,10,FALSE,2018
KIWOOM_2014_PLY_003819_EPIC,PLY_003819,2,LIVE_EPIC,71,18,10,0,TRUE,2014
KIWOOM_2002_PLY_003819_LN,PLY_003819,1,LIVE_NORMAL,65,12,10,0,TRUE,2002
KIWOOM_1999_PLY_003819_LN,PLY_003819,1,LIVE_NORMAL,65,12,10,0,TRUE,1999
KIWOOM_2008_PLY_003819_EPIC,PLY_003819,2,LIVE_EPIC,76,18,10,0,TRUE,2008
KIWOOM_2011_PLY_003819_EPIC,PLY_003819,2,LIVE_EPIC,71,18,10,0,TRUE,2011
KIWOOM_2004_PLY_003819_TH,PLY_003819,4,TITLE_HOLDER,84,30,10,10,FALSE,2004
KIWOOM_2009_PLY_003819_GG,PLY_003819,7,GOLDEN_GLOVE,87,35,10,10,FALSE,2009
KIWOOM_2000_PLY_003819_TH,PLY_003819,4,TITLE_HOLDER,81,30,10,10,FALSE,2000
KIWOOM_2012_PLY_003819_SIG,PLY_003819,6,SIGNATURE,89,40,10,10,FALSE,2012
KIWOOM_1989_PLY_003820_LN,PLY_003820,1,LIVE_NORMAL,65,12,10,0,TRUE,1989
KIWOOM_1991_PLY_003820_LN,PLY_003820,1,LIVE_NORMAL,55,12,10,0,TRUE,1991
KIWOOM_1996_PLY_003820_TH,PLY_003820,4,TITLE_HOLDER,84,30,10,10,FALSE,1996
KIWOOM_1997_PLY_003820_LN,PLY_003820,1,LIVE_NORMAL,68,12,10,0,TRUE,1997
KIWOOM_1994_PLY_003820_AS,PLY_003820,3,ALLSTAR,75,24,10,10,TRUE,1994
KIWOOM_1995_PLY_003820_LN,PLY_003820,1,LIVE_NORMAL,67,12,10,0,TRUE,1995
KIWOOM_1993_PLY_003820_EPIC,PLY_003820,2,LIVE_EPIC,66,18,10,0,TRUE,1993
KIWOOM_1987_PLY_003820_SIG,PLY_003820,6,SIGNATURE,93,40,10,10,FALSE,1987
KIWOOM_2003_PLY_003821_AS,PLY_003821,3,ALLSTAR,81,24,10,10,TRUE,2003
KIWOOM_2001_PLY_003821_LN,PLY_003821,1,LIVE_NORMAL,66,12,10,0,TRUE,2001
KIWOOM_2005_PLY_003821_SIG,PLY_003821,6,SIGNATURE,93,40,10,10,FALSE,2005
KIWOOM_2004_PLY_003821_EPIC,PLY_003821,2,LIVE_EPIC,69,18,10,0,TRUE,2004
KIWOOM_2009_PLY_003822_LN,PLY_003822,1,LIVE_NORMAL,61,12,10,0,TRUE,2009
KIWOOM_2018_PLY_003822_LN,PLY_003822,1,LIVE_NORMAL,66,12,10,0,TRUE,2018
KIWOOM_2003_PLY_003822_LN,PLY_003822,1,LIVE_NORMAL,61,12,10,0,TRUE,2003
KIWOOM_2018_PLY_003822_TH,PLY_003822,4,TITLE_HOLDER,81,30,10,10,FALSE,2018
KIWOOM_2006_PLY_003822_EPIC,PLY_003822,2,LIVE_EPIC,75,18,10,0,TRUE,2006
KIWOOM_2000_PLY_003823_AS,PLY_003823,3,ALLSTAR,83,24,10,10,TRUE,2000
KIWOOM_1998_PLY_003823_LN,PLY_003823,1,LIVE_NORMAL,56,12,10,0,TRUE,1998
KIWOOM_1996_PLY_003823_LN,PLY_003823,1,LIVE_NORMAL,59,12,10,0,TRUE,1996
KIWOOM_2002_PLY_003823_EPIC,PLY_003823,2,LIVE_EPIC,74,18,10,0,TRUE,2002
KIWOOM_2021_PLY_003824_EPIC,PLY_003824,2,LIVE_EPIC,71,18,10,0,TRUE,2021
KIWOOM_2024_PLY_003824_AS,PLY_003824,3,ALLSTAR,78,24,10,10,TRUE,2024
KIWOOM_2018_PLY_003824_EPIC,PLY_003824,2,LIVE_EPIC,65,18,10,0,TRUE,2018
KIWOOM_2021_PLY_003824_AS,PLY_003824,3,ALLSTAR,74,24,10,10,TRUE,2021
KIWOOM_2018_PLY_003824_GG,PLY_003824,7,GOLDEN_GLOVE,89,35,10,10,FALSE,2018
KIWOOM_1995_PLY_003825_EPIC,PLY_003825,2,LIVE_EPIC,65,18,10,0,TRUE,1995
KIWOOM_1988_PLY_003825_LN,PLY_003825,1,LIVE_NORMAL,55,12,10,0,TRUE,1988
KIWOOM_1991_PLY_003825_LN,PLY_003825,1,LIVE_NORMAL,57,12,10,0,TRUE,1991
KIWOOM_1994_PLY_003825_LN,PLY_003825,1,LIVE_NORMAL,60,12,10,0,TRUE,1994
KIWOOM_1990_PLY_003825_SIG,PLY_003825,6,SIGNATURE,94,40,10,10,FALSE,1990
KIWOOM_2005_PLY_003826_TH,PLY_003826,4,TITLE_HOLDER,85,30,10,10,FALSE,2005
KIWOOM_2009_PLY_003826_LN,PLY_003826,1,LIVE_NORMAL,60,12,10,0,TRUE,2009
KIWOOM_2007_PLY_003826_EPIC,PLY_003826,2,LIVE_EPIC,74,18,10,0,TRUE,2007
KIWOOM_2006_PLY_003826_LN,PLY_003826,1,LIVE_NORMAL,63,12,10,0,TRUE,2006
KIWOOM_2006_PLY_003826_AS,PLY_003826,3,ALLSTAR,74,24,10,10,TRUE,2006
KIWOOM_2009_PLY_003826_AS,PLY_003826,3,ALLSTAR,79,24,10,10,TRUE,2009
KIWOOM_2008_PLY_003826_EPIC,PLY_003826,2,LIVE_EPIC,65,18,10,0,TRUE,2008
KIWOOM_2026_PLY_003827_LN,PLY_003827,1,LIVE_NORMAL,55,12,10,0,TRUE,2026
KIWOOM_2026_PLY_003827_AS,PLY_003827,3,ALLSTAR,81,24,10,10,TRUE,2026
KIWOOM_2023_PLY_003827_EPIC,PLY_003827,2,LIVE_EPIC,69,18,10,0,TRUE,2023
KIWOOM_2021_PLY_003827_EPIC,PLY_003827,2,LIVE_EPIC,67,18,10,0,TRUE,2021
KIWOOM_2022_PLY_003827_LN,PLY_003827,1,LIVE_NORMAL,64,12,10,0,TRUE,2022
KIWOOM_2025_PLY_003827_AS,PLY_003827,3,ALLSTAR,83,24,10,10,TRUE,2025
KIWOOM_2024_PLY_003827_EPIC,PLY_003827,2,LIVE_EPIC,74,18,10,0,TRUE,2024
KIWOOM_2023_PLY_003827_LN,PLY_003827,1,LIVE_NORMAL,55,12,10,0,TRUE,2023
KIWOOM_2024_PLY_003827_AS,PLY_003827,3,ALLSTAR,81,24,10,10,TRUE,2024
KIWOOM_2022_PLY_003827_AS,PLY_003827,3,ALLSTAR,79,24,10,10,TRUE,2022
KIWOOM_2018_PLY_003828_EPIC,PLY_003828,2,LIVE_EPIC,67,18,10,0,TRUE,2018
KIWOOM_2022_PLY_003828_SIG,PLY_003828,6,SIGNATURE,88,40,10,10,FALSE,2022
KIWOOM_2020_PLY_003828_LN,PLY_003828,1,LIVE_NORMAL,67,12,10,0,TRUE,2020
KIWOOM_2022_PLY_003828_AS,PLY_003828,3,ALLSTAR,78,24,10,10,TRUE,2022
KIWOOM_1995_PLY_003829_EPIC,PLY_003829,2,LIVE_EPIC,72,18,10,0,TRUE,1995
KIWOOM_2004_PLY_003829_EPIC,PLY_003829,2,LIVE_EPIC,76,18,10,0,TRUE,2004
KIWOOM_2001_PLY_003829_SIG,PLY_003829,6,SIGNATURE,91,40,10,10,FALSE,2001
KIWOOM_2006_PLY_003829_TH,PLY_003829,4,TITLE_HOLDER,81,30,10,10,FALSE,2006
KIWOOM_2012_PLY_003829_AS,PLY_003829,3,ALLSTAR,75,24,10,10,TRUE,2012
KIWOOM_2013_PLY_003829_AS,PLY_003829,3,ALLSTAR,76,24,10,10,TRUE,2013
KIWOOM_2003_PLY_003829_LN,PLY_003829,1,LIVE_NORMAL,59,12,10,0,TRUE,2003
KIWOOM_1997_PLY_003829_EPIC,PLY_003829,2,LIVE_EPIC,73,18,10,0,TRUE,1997
KIWOOM_2010_PLY_003829_EPIC,PLY_003829,2,LIVE_EPIC,75,18,10,0,TRUE,2010
KIWOOM_2011_PLY_003829_SIG,PLY_003829,6,SIGNATURE,90,40,10,10,FALSE,2011
KIWOOM_2004_PLY_003830_AS,PLY_003830,3,ALLSTAR,82,24,10,10,TRUE,2004
KIWOOM_2014_PLY_003830_LN,PLY_003830,1,LIVE_NORMAL,61,12,10,0,TRUE,2014
KIWOOM_2008_PLY_003830_EPIC,PLY_003830,2,LIVE_EPIC,65,18,10,0,TRUE,2008
KIWOOM_2012_PLY_003831_LN,PLY_003831,1,LIVE_NORMAL,61,12,10,0,TRUE,2012
KIWOOM_2014_PLY_003831_LN,PLY_003831,1,LIVE_NORMAL,61,12,10,0,TRUE,2014
KIWOOM_2013_PLY_003831_EPIC,PLY_003831,2,LIVE_EPIC,72,18,10,0,TRUE,2013
KIWOOM_2015_PLY_003831_AS,PLY_003831,3,ALLSTAR,79,24,10,10,TRUE,2015
KIWOOM_2013_PLY_003831_TH,PLY_003831,4,TITLE_HOLDER,86,30,10,10,FALSE,2013
KIWOOM_2014_PLY_003831_AS,PLY_003831,3,ALLSTAR,75,24,10,10,TRUE,2014
KIWOOM_2010_PLY_003831_EPIC,PLY_003831,2,LIVE_EPIC,66,18,10,0,TRUE,2010
KIWOOM_2010_PLY_003831_LN,PLY_003831,1,LIVE_NORMAL,60,12,10,0,TRUE,2010
KIWOOM_2012_PLY_003831_EPIC,PLY_003831,2,LIVE_EPIC,65,18,10,0,TRUE,2012
KIWOOM_2004_PLY_003832_GG,PLY_003832,7,GOLDEN_GLOVE,87,35,10,10,FALSE,2004
KIWOOM_2000_PLY_003832_LN,PLY_003832,1,LIVE_NORMAL,63,12,10,0,TRUE,2000
KIWOOM_2006_PLY_003833_LN,PLY_003833,1,LIVE_NORMAL,58,12,10,0,TRUE,2006
KIWOOM_1998_PLY_003833_AS,PLY_003833,3,ALLSTAR,79,24,10,10,TRUE,1998
KIWOOM_2003_PLY_003833_SIG,PLY_003833,6,SIGNATURE,87,40,10,10,FALSE,2003
KIWOOM_2002_PLY_003833_TH,PLY_003833,4,TITLE_HOLDER,86,30,10,10,FALSE,2002
KIWOOM_2001_PLY_003833_AS,PLY_003833,3,ALLSTAR,83,24,10,10,TRUE,2001
KIWOOM_1995_PLY_003833_LN,PLY_003833,1,LIVE_NORMAL,55,12,10,0,TRUE,1995
KIWOOM_1999_PLY_003833_AS,PLY_003833,3,ALLSTAR,82,24,10,10,TRUE,1999
KIWOOM_1998_PLY_003833_TH,PLY_003833,4,TITLE_HOLDER,80,30,10,10,FALSE,1998
KIWOOM_1998_PLY_003833_LN,PLY_003833,1,LIVE_NORMAL,57,12,10,0,TRUE,1998
KIWOOM_2001_PLY_003833_LN,PLY_003833,1,LIVE_NORMAL,63,12,10,0,TRUE,2001
KIWOOM_2004_PLY_003833_TH,PLY_003833,4,TITLE_HOLDER,80,30,10,10,FALSE,2004
KIWOOM_2018_PLY_003834_LN,PLY_003834,1,LIVE_NORMAL,55,12,10,0,TRUE,2018
KIWOOM_2020_PLY_003834_EPIC,PLY_003834,2,LIVE_EPIC,75,18,10,0,TRUE,2020
KIWOOM_2017_PLY_003834_EPIC,PLY_003834,2,LIVE_EPIC,71,18,10,0,TRUE,2017
KIWOOM_2021_PLY_003834_EPIC,PLY_003834,2,LIVE_EPIC,73,18,10,0,TRUE,2021
KIWOOM_2020_PLY_003834_LN,PLY_003834,1,LIVE_NORMAL,66,12,10,0,TRUE,2020
KIWOOM_2019_PLY_003834_LN,PLY_003834,1,LIVE_NORMAL,67,12,10,0,TRUE,2019
KIWOOM_2018_PLY_003834_AS,PLY_003834,3,ALLSTAR,74,24,10,10,TRUE,2018
KIWOOM_2017_PLY_003834_LN,PLY_003834,1,LIVE_NORMAL,64,12,10,0,TRUE,2017
KIWOOM_2020_PLY_003835_GG,PLY_003835,7,GOLDEN_GLOVE,86,35,10,10,FALSE,2020
KIWOOM_2025_PLY_003835_LN,PLY_003835,1,LIVE_NORMAL,59,12,10,0,TRUE,2025
KIWOOM_2024_PLY_003835_LN,PLY_003835,1,LIVE_NORMAL,68,12,10,0,TRUE,2024
KIWOOM_2016_PLY_003835_EPIC,PLY_003835,2,LIVE_EPIC,66,18,10,0,TRUE,2016
KIWOOM_2024_PLY_003835_TH,PLY_003835,4,TITLE_HOLDER,81,30,10,10,FALSE,2024
KIWOOM_2026_PLY_003835_EPIC,PLY_003835,2,LIVE_EPIC,65,18,10,0,TRUE,2026
KIWOOM_2018_PLY_003836_LN,PLY_003836,1,LIVE_NORMAL,57,12,10,0,TRUE,2018
KIWOOM_2017_PLY_003836_EPIC,PLY_003836,2,LIVE_EPIC,67,18,10,0,TRUE,2017
KIWOOM_2016_PLY_003836_EPIC,PLY_003836,2,LIVE_EPIC,73,18,10,0,TRUE,2016
KIWOOM_2019_PLY_003836_GG,PLY_003836,7,GOLDEN_GLOVE,85,35,10,10,FALSE,2019
KIWOOM_2021_PLY_003836_EPIC,PLY_003836,2,LIVE_EPIC,75,18,10,0,TRUE,2021
KIWOOM_2023_PLY_003837_LN,PLY_003837,1,LIVE_NORMAL,67,12,10,0,TRUE,2023
KIWOOM_2021_PLY_003837_AS,PLY_003837,3,ALLSTAR,82,24,10,10,TRUE,2021
KIWOOM_2019_PLY_003837_EPIC,PLY_003837,2,LIVE_EPIC,66,18,10,0,TRUE,2019
KIWOOM_2024_PLY_003837_AS,PLY_003837,3,ALLSTAR,81,24,10,10,TRUE,2024
KIWOOM_2019_PLY_003837_LN,PLY_003837,1,LIVE_NORMAL,65,12,10,0,TRUE,2019
KIWOOM_2021_PLY_003837_EPIC,PLY_003837,2,LIVE_EPIC,67,18,10,0,TRUE,2021
KIWOOM_2026_PLY_003837_LN,PLY_003837,1,LIVE_NORMAL,68,12,10,0,TRUE,2026
KIWOOM_2020_PLY_003837_LN,PLY_003837,1,LIVE_NORMAL,63,12,10,0,TRUE,2020
KIWOOM_1996_PLY_003838_EPIC,PLY_003838,2,LIVE_EPIC,68,18,10,0,TRUE,1996
KIWOOM_2005_PLY_003838_LN,PLY_003838,1,LIVE_NORMAL,67,12,10,0,TRUE,2005
KIWOOM_2025_PLY_003839_LN,PLY_003839,1,LIVE_NORMAL,58,12,10,0,TRUE,2025
KIWOOM_2023_PLY_003839_GG,PLY_003839,7,GOLDEN_GLOVE,84,35,10,10,FALSE,2023
KIWOOM_2024_PLY_003839_EPIC,PLY_003839,2,LIVE_EPIC,69,18,10,0,TRUE,2024
KIWOOM_2021_PLY_003839_LN,PLY_003839,1,LIVE_NORMAL,56,12,10,0,TRUE,2021
KIWOOM_2002_PLY_003840_EPIC,PLY_003840,2,LIVE_EPIC,75,18,10,0,TRUE,2002
KIWOOM_2001_PLY_003840_LN,PLY_003840,1,LIVE_NORMAL,65,12,10,0,TRUE,2001
KIWOOM_2002_PLY_003840_TH,PLY_003840,4,TITLE_HOLDER,81,30,10,10,FALSE,2002
KIWOOM_2002_PLY_003840_LN,PLY_003840,1,LIVE_NORMAL,65,12,10,0,TRUE,2002
KIWOOM_2001_PLY_003840_EPIC,PLY_003840,2,LIVE_EPIC,73,18,10,0,TRUE,2001
KIWOOM_2012_PLY_003841_EPIC,PLY_003841,2,LIVE_EPIC,68,18,10,0,TRUE,2012
KIWOOM_2011_PLY_003841_LN,PLY_003841,1,LIVE_NORMAL,64,12,10,0,TRUE,2011
KIWOOM_2009_PLY_003841_LN,PLY_003841,1,LIVE_NORMAL,67,12,10,0,TRUE,2009
KIWOOM_2013_PLY_003841_EPIC,PLY_003841,2,LIVE_EPIC,73,18,10,0,TRUE,2013
KIWOOM_2013_PLY_003841_AS,PLY_003841,3,ALLSTAR,76,24,10,10,TRUE,2013
KIWOOM_2012_PLY_003841_TH,PLY_003841,4,TITLE_HOLDER,85,30,10,10,FALSE,2012
KIWOOM_2019_PLY_003841_TH,PLY_003841,4,TITLE_HOLDER,81,30,10,10,FALSE,2019
KIWOOM_1996_PLY_003842_LN,PLY_003842,1,LIVE_NORMAL,67,12,10,0,TRUE,1996
KIWOOM_1994_PLY_003842_EPIC,PLY_003842,2,LIVE_EPIC,68,18,10,0,TRUE,1994
KIWOOM_1994_PLY_003842_LN,PLY_003842,1,LIVE_NORMAL,63,12,10,0,TRUE,1994
KIWOOM_1996_PLY_003842_AS,PLY_003842,3,ALLSTAR,75,24,10,10,TRUE,1996
KIWOOM_1995_PLY_003842_EPIC,PLY_003842,2,LIVE_EPIC,75,18,10,0,TRUE,1995
KIWOOM_1992_PLY_003842_LN,PLY_003842,1,LIVE_NORMAL,57,12,10,0,TRUE,1992
KIWOOM_1993_PLY_003842_LN,PLY_003842,1,LIVE_NORMAL,62,12,10,0,TRUE,1993
KIWOOM_1999_PLY_003843_LN,PLY_003843,1,LIVE_NORMAL,66,12,10,0,TRUE,1999
KIWOOM_1992_PLY_003843_EPIC,PLY_003843,2,LIVE_EPIC,67,18,10,0,TRUE,1992
KIWOOM_1997_PLY_003843_LN,PLY_003843,1,LIVE_NORMAL,60,12,10,0,TRUE,1997
KIWOOM_1994_PLY_003843_LN,PLY_003843,1,LIVE_NORMAL,65,12,10,0,TRUE,1994
KIWOOM_1998_PLY_003843_AS,PLY_003843,3,ALLSTAR,82,24,10,10,TRUE,1998
KIWOOM_2000_PLY_003843_SIG,PLY_003843,6,SIGNATURE,87,40,10,10,FALSE,2000
KIWOOM_1995_PLY_003843_EPIC,PLY_003843,2,LIVE_EPIC,70,18,10,0,TRUE,1995
KIWOOM_1993_PLY_003843_EPIC,PLY_003843,2,LIVE_EPIC,70,18,10,0,TRUE,1993
KIWOOM_1999_PLY_003843_EPIC,PLY_003843,2,LIVE_EPIC,70,18,10,0,TRUE,1999
KIWOOM_2003_PLY_003844_SIG,PLY_003844,6,SIGNATURE,93,40,10,10,FALSE,2003
KIWOOM_1995_PLY_003844_LN,PLY_003844,1,LIVE_NORMAL,68,12,10,0,TRUE,1995
KIWOOM_2001_PLY_003844_GG,PLY_003844,7,GOLDEN_GLOVE,85,35,10,10,FALSE,2001
KIWOOM_2002_PLY_003844_LN,PLY_003844,1,LIVE_NORMAL,63,12,10,0,TRUE,2002
KIWOOM_2002_PLY_003844_AS,PLY_003844,3,ALLSTAR,76,24,10,10,TRUE,2002
KIWOOM_2001_PLY_003844_LN,PLY_003844,1,LIVE_NORMAL,65,12,10,0,TRUE,2001
KIWOOM_2003_PLY_003844_TH,PLY_003844,4,TITLE_HOLDER,84,30,10,10,FALSE,2003
KIWOOM_1999_PLY_003844_LN,PLY_003844,1,LIVE_NORMAL,63,12,10,0,TRUE,1999
KIWOOM_2000_PLY_003844_EPIC,PLY_003844,2,LIVE_EPIC,70,18,10,0,TRUE,2000
KIWOOM_2003_PLY_003844_EPIC,PLY_003844,2,LIVE_EPIC,73,18,10,0,TRUE,2003
KIWOOM_1996_PLY_003844_LN,PLY_003844,1,LIVE_NORMAL,55,12,10,0,TRUE,1996
KIWOOM_2023_PLY_003845_TH,PLY_003845,4,TITLE_HOLDER,80,30,10,10,FALSE,2023
KIWOOM_2024_PLY_003845_GG,PLY_003845,7,GOLDEN_GLOVE,90,35,10,10,FALSE,2024
KIWOOM_2026_PLY_003845_LN,PLY_003845,1,LIVE_NORMAL,62,12,10,0,TRUE,2026
KIWOOM_2022_PLY_003845_EPIC,PLY_003845,2,LIVE_EPIC,74,18,10,0,TRUE,2022
KIWOOM_2025_PLY_003845_TH,PLY_003845,4,TITLE_HOLDER,87,30,10,10,FALSE,2025
KIWOOM_2026_PLY_003845_AS,PLY_003845,3,ALLSTAR,79,24,10,10,TRUE,2026
KIWOOM_2008_PLY_003846_LN,PLY_003846,1,LIVE_NORMAL,66,12,10,0,TRUE,2008
KIWOOM_2014_PLY_003846_LN,PLY_003846,1,LIVE_NORMAL,68,12,10,0,TRUE,2014
KIWOOM_2018_PLY_003846_EPIC,PLY_003846,2,LIVE_EPIC,72,18,10,0,TRUE,2018
KIWOOM_2020_PLY_003846_LN,PLY_003846,1,LIVE_NORMAL,62,12,10,0,TRUE,2020
KIWOOM_2019_PLY_003846_EPIC,PLY_003846,2,LIVE_EPIC,70,18,10,0,TRUE,2019
KIWOOM_2007_PLY_003846_LN,PLY_003846,1,LIVE_NORMAL,62,12,10,0,TRUE,2007
KIWOOM_2012_PLY_003846_LN,PLY_003846,1,LIVE_NORMAL,59,12,10,0,TRUE,2012
KIWOOM_2010_PLY_003846_LN,PLY_003846,1,LIVE_NORMAL,55,12,10,0,TRUE,2010
KIWOOM_2017_PLY_003846_TH,PLY_003846,4,TITLE_HOLDER,83,30,10,10,FALSE,2017
KIWOOM_2000_PLY_003847_AS,PLY_003847,3,ALLSTAR,79,24,10,10,TRUE,2000
KIWOOM_1999_PLY_003847_EPIC,PLY_003847,2,LIVE_EPIC,68,18,10,0,TRUE,1999
KIWOOM_2000_PLY_003847_EPIC,PLY_003847,2,LIVE_EPIC,68,18,10,0,TRUE,2000
KIWOOM_1998_PLY_003847_LN,PLY_003847,1,LIVE_NORMAL,59,12,10,0,TRUE,1998
KIWOOM_1997_PLY_003847_EPIC,PLY_003847,2,LIVE_EPIC,68,18,10,0,TRUE,1997
KIWOOM_1997_PLY_003847_GG,PLY_003847,7,GOLDEN_GLOVE,89,35,10,10,FALSE,1997
KIWOOM_1995_PLY_003847_LN,PLY_003847,1,LIVE_NORMAL,58,12,10,0,TRUE,1995
KIWOOM_2017_PLY_003848_LN,PLY_003848,1,LIVE_NORMAL,68,12,10,0,TRUE,2017
KIWOOM_2011_PLY_003848_LN,PLY_003848,1,LIVE_NORMAL,68,12,10,0,TRUE,2011
KIWOOM_2010_PLY_003848_LN,PLY_003848,1,LIVE_NORMAL,62,12,10,0,TRUE,2010
KIWOOM_2006_PLY_003849_LN,PLY_003849,1,LIVE_NORMAL,67,12,10,0,TRUE,2006
KIWOOM_2007_PLY_003849_EPIC,PLY_003849,2,LIVE_EPIC,75,18,10,0,TRUE,2007
KIWOOM_2014_PLY_003849_AS,PLY_003849,3,ALLSTAR,75,24,10,10,TRUE,2014
KIWOOM_2014_PLY_003849_LN,PLY_003849,1,LIVE_NORMAL,56,12,10,0,TRUE,2014
KIWOOM_2012_PLY_003849_EPIC,PLY_003849,2,LIVE_EPIC,68,18,10,0,TRUE,2012
KIWOOM_2005_PLY_003849_GG,PLY_003849,7,GOLDEN_GLOVE,86,35,10,10,FALSE,2005
KIWOOM_2008_PLY_003849_GG,PLY_003849,7,GOLDEN_GLOVE,86,35,10,10,FALSE,2008
KIWOOM_2015_PLY_003849_LN,PLY_003849,1,LIVE_NORMAL,61,12,10,0,TRUE,2015
KIWOOM_2015_PLY_003849_EPIC,PLY_003849,2,LIVE_EPIC,65,18,10,0,TRUE,2015
KIWOOM_2004_PLY_003849_EPIC,PLY_003849,2,LIVE_EPIC,73,18,10,0,TRUE,2004
KIWOOM_2022_PLY_003850_TH,PLY_003850,4,TITLE_HOLDER,83,30,10,10,FALSE,2022
KIWOOM_2019_PLY_003850_LN,PLY_003850,1,LIVE_NORMAL,62,12,10,0,TRUE,2019
KIWOOM_2025_PLY_003850_LN,PLY_003850,1,LIVE_NORMAL,59,12,10,0,TRUE,2025
KIWOOM_2025_PLY_003850_AS,PLY_003850,3,ALLSTAR,82,24,10,10,TRUE,2025
KIWOOM_2026_PLY_003850_TH,PLY_003850,4,TITLE_HOLDER,85,30,10,10,FALSE,2026
KIWOOM_2021_PLY_003850_EPIC,PLY_003850,2,LIVE_EPIC,72,18,10,0,TRUE,2021
KIWOOM_2020_PLY_003850_LN,PLY_003850,1,LIVE_NORMAL,62,12,10,0,TRUE,2020
KIWOOM_2022_PLY_003850_EPIC,PLY_003850,2,LIVE_EPIC,65,18,10,0,TRUE,2022
KIWOOM_2026_PLY_003850_AS,PLY_003850,3,ALLSTAR,76,24,10,10,TRUE,2026
KIWOOM_2023_PLY_003850_GG,PLY_003850,7,GOLDEN_GLOVE,85,35,10,10,FALSE,2023
KIWOOM_2021_PLY_003850_TH,PLY_003850,4,TITLE_HOLDER,80,30,10,10,FALSE,2021
KIWOOM_2006_PLY_003851_LN,PLY_003851,1,LIVE_NORMAL,67,12,10,0,TRUE,2006
KIWOOM_2009_PLY_003851_EPIC,PLY_003851,2,LIVE_EPIC,67,18,10,0,TRUE,2009
KIWOOM_2014_PLY_003851_EPIC,PLY_003851,2,LIVE_EPIC,66,18,10,0,TRUE,2014
KIWOOM_2019_PLY_003851_LN,PLY_003851,1,LIVE_NORMAL,59,12,10,0,TRUE,2019
KIWOOM_2013_PLY_003851_LN,PLY_003851,1,LIVE_NORMAL,64,12,10,0,TRUE,2013
KIWOOM_2007_PLY_003851_LN,PLY_003851,1,LIVE_NORMAL,57,12,10,0,TRUE,2007
KIWOOM_2008_PLY_003851_LN,PLY_003851,1,LIVE_NORMAL,65,12,10,0,TRUE,2008
KIWOOM_2012_PLY_003851_AS,PLY_003851,3,ALLSTAR,80,24,10,10,TRUE,2012
KIWOOM_2012_PLY_003851_GG,PLY_003851,7,GOLDEN_GLOVE,88,35,10,10,FALSE,2012
KIWOOM_2020_PLY_003851_LN,PLY_003851,1,LIVE_NORMAL,63,12,10,0,TRUE,2020
KIWOOM_2022_PLY_003851_LN,PLY_003851,1,LIVE_NORMAL,65,12,10,0,TRUE,2022
KIWOOM_2021_PLY_003852_TH,PLY_003852,4,TITLE_HOLDER,83,30,10,10,FALSE,2021
KIWOOM_2019_PLY_003852_LN,PLY_003852,1,LIVE_NORMAL,59,12,10,0,TRUE,2019
KIWOOM_2014_PLY_003852_AS,PLY_003852,3,ALLSTAR,82,24,10,10,TRUE,2014
KIWOOM_2022_PLY_003852_EPIC,PLY_003852,2,LIVE_EPIC,75,18,10,0,TRUE,2022
KIWOOM_2021_PLY_003852_LN,PLY_003852,1,LIVE_NORMAL,61,12,10,0,TRUE,2021
KIWOOM_2018_PLY_003852_LN,PLY_003852,1,LIVE_NORMAL,61,12,10,0,TRUE,2018
KIWOOM_2017_PLY_003852_AS,PLY_003852,3,ALLSTAR,77,24,10,10,TRUE,2017
KIWOOM_2022_PLY_003852_TH,PLY_003852,4,TITLE_HOLDER,83,30,10,10,FALSE,2022
KIWOOM_2009_PLY_003853_EPIC,PLY_003853,2,LIVE_EPIC,66,18,10,0,TRUE,2009
KIWOOM_2006_PLY_003853_LN,PLY_003853,1,LIVE_NORMAL,62,12,10,0,TRUE,2006
KIWOOM_2004_PLY_003853_LN,PLY_003853,1,LIVE_NORMAL,63,12,10,0,TRUE,2004
KIWOOM_2006_PLY_003853_EPIC,PLY_003853,2,LIVE_EPIC,74,18,10,0,TRUE,2006
KIWOOM_2006_PLY_003853_AS,PLY_003853,3,ALLSTAR,76,24,10,10,TRUE,2006
KIWOOM_2011_PLY_003853_EPIC,PLY_003853,2,LIVE_EPIC,75,18,10,0,TRUE,2011
KIWOOM_2009_PLY_003853_TH,PLY_003853,4,TITLE_HOLDER,86,30,10,10,FALSE,2009
KIWOOM_2008_PLY_003853_TH,PLY_003853,4,TITLE_HOLDER,86,30,10,10,FALSE,2008
KIWOOM_2008_PLY_003853_LN,PLY_003853,1,LIVE_NORMAL,60,12,10,0,TRUE,2008
KIWOOM_1996_PLY_003854_LN,PLY_003854,1,LIVE_NORMAL,66,12,10,0,TRUE,1996
KIWOOM_2003_PLY_003854_AS,PLY_003854,3,ALLSTAR,76,24,10,10,TRUE,2003
KIWOOM_2018_PLY_003855_EPIC,PLY_003855,2,LIVE_EPIC,74,18,10,0,TRUE,2018
KIWOOM_2018_PLY_003855_AS,PLY_003855,3,ALLSTAR,79,24,10,10,TRUE,2018
KIWOOM_2022_PLY_003855_LN,PLY_003855,1,LIVE_NORMAL,62,12,10,0,TRUE,2022
KIWOOM_2019_PLY_003855_LN,PLY_003855,1,LIVE_NORMAL,63,12,10,0,TRUE,2019
KIWOOM_2017_PLY_003855_LN,PLY_003855,1,LIVE_NORMAL,58,12,10,0,TRUE,2017
KIWOOM_2025_PLY_003855_LN,PLY_003855,1,LIVE_NORMAL,65,12,10,0,TRUE,2025
KIWOOM_2020_PLY_003855_TH,PLY_003855,4,TITLE_HOLDER,86,30,10,10,FALSE,2020
KIWOOM_2020_PLY_003855_LN,PLY_003855,1,LIVE_NORMAL,57,12,10,0,TRUE,2020
KIWOOM_2009_PLY_003856_AS,PLY_003856,3,ALLSTAR,79,24,10,10,TRUE,2009
KIWOOM_2005_PLY_003856_AS,PLY_003856,3,ALLSTAR,79,24,10,10,TRUE,2005
KIWOOM_2007_PLY_003856_GG,PLY_003856,7,GOLDEN_GLOVE,87,35,10,10,FALSE,2007
KIWOOM_2012_PLY_003856_EPIC,PLY_003856,2,LIVE_EPIC,75,18,10,0,TRUE,2012
KIWOOM_2015_PLY_003856_SIG,PLY_003856,6,SIGNATURE,91,40,10,10,FALSE,2015
KIWOOM_2018_PLY_003857_LN,PLY_003857,1,LIVE_NORMAL,61,12,10,0,TRUE,2018
KIWOOM_2006_PLY_003857_EPIC,PLY_003857,2,LIVE_EPIC,70,18,10,0,TRUE,2006
KIWOOM_2001_PLY_003858_LN,PLY_003858,1,LIVE_NORMAL,66,12,10,0,TRUE,2001
KIWOOM_1997_PLY_003858_LN,PLY_003858,1,LIVE_NORMAL,59,12,10,0,TRUE,1997
KIWOOM_1999_PLY_003858_AS,PLY_003858,3,ALLSTAR,78,24,10,10,TRUE,1999
KIWOOM_2003_PLY_003858_EPIC,PLY_003858,2,LIVE_EPIC,71,18,10,0,TRUE,2003
KIWOOM_1998_PLY_003858_EPIC,PLY_003858,2,LIVE_EPIC,72,18,10,0,TRUE,1998
KIWOOM_1998_PLY_003858_LN,PLY_003858,1,LIVE_NORMAL,68,12,10,0,TRUE,1998
KIWOOM_2003_PLY_003858_LN,PLY_003858,1,LIVE_NORMAL,62,12,10,0,TRUE,2003
KIWOOM_2002_PLY_003858_EPIC,PLY_003858,2,LIVE_EPIC,76,18,10,0,TRUE,2002
KIWOOM_1999_PLY_003858_TH,PLY_003858,4,TITLE_HOLDER,85,30,10,10,FALSE,1999
KIWOOM_2003_PLY_003858_AS,PLY_003858,3,ALLSTAR,81,24,10,10,TRUE,2003
KIWOOM_2018_PLY_003859_GG,PLY_003859,7,GOLDEN_GLOVE,89,35,10,10,FALSE,2018
KIWOOM_2019_PLY_003859_TH,PLY_003859,4,TITLE_HOLDER,82,30,10,10,FALSE,2019
KIWOOM_2013_PLY_003860_TH,PLY_003860,4,TITLE_HOLDER,86,30,10,10,FALSE,2013
KIWOOM_2021_PLY_003860_EPIC,PLY_003860,2,LIVE_EPIC,72,18,10,0,TRUE,2021
KIWOOM_2015_PLY_003860_LN,PLY_003860,1,LIVE_NORMAL,57,12,10,0,TRUE,2015
KIWOOM_2014_PLY_003860_LN,PLY_003860,1,LIVE_NORMAL,64,12,10,0,TRUE,2014
KIWOOM_2024_PLY_003860_AS,PLY_003860,3,ALLSTAR,83,24,10,10,TRUE,2024
KIWOOM_2017_PLY_003860_LN,PLY_003860,1,LIVE_NORMAL,63,12,10,0,TRUE,2017
KIWOOM_2018_PLY_003860_EPIC,PLY_003860,2,LIVE_EPIC,70,18,10,0,TRUE,2018
KIWOOM_2018_PLY_003860_GG,PLY_003860,7,GOLDEN_GLOVE,88,35,10,10,FALSE,2018
KIWOOM_2020_PLY_003860_LN,PLY_003860,1,LIVE_NORMAL,61,12,10,0,TRUE,2020
KIWOOM_2014_PLY_003860_TH,PLY_003860,4,TITLE_HOLDER,83,30,10,10,FALSE,2014
KIWOOM_2017_PLY_003860_EPIC,PLY_003860,2,LIVE_EPIC,68,18,10,0,TRUE,2017
KIWOOM_2015_PLY_003860_SIG,PLY_003860,6,SIGNATURE,89,40,10,10,FALSE,2015
KIWOOM_2021_PLY_003861_LN,PLY_003861,1,LIVE_NORMAL,61,12,10,0,TRUE,2021
KIWOOM_2020_PLY_003861_SIG,PLY_003861,6,SIGNATURE,92,40,10,10,FALSE,2020
KIWOOM_2021_PLY_003861_EPIC,PLY_003861,2,LIVE_EPIC,69,18,10,0,TRUE,2021
KIWOOM_2020_PLY_003861_EPIC,PLY_003861,2,LIVE_EPIC,65,18,10,0,TRUE,2020
KIWOOM_2017_PLY_003862_LN,PLY_003862,1,LIVE_NORMAL,57,12,10,0,TRUE,2017
KIWOOM_2019_PLY_003862_LN,PLY_003862,1,LIVE_NORMAL,56,12,10,0,TRUE,2019
KIWOOM_2025_PLY_003862_SIG,PLY_003862,6,SIGNATURE,90,40,10,10,FALSE,2025
KIWOOM_2010_PLY_003862_EPIC,PLY_003862,2,LIVE_EPIC,72,18,10,0,TRUE,2010
KIWOOM_2014_PLY_003862_EPIC,PLY_003862,2,LIVE_EPIC,73,18,10,0,TRUE,2014
KIWOOM_2020_PLY_003862_LN,PLY_003862,1,LIVE_NORMAL,55,12,10,0,TRUE,2020
KIWOOM_2023_PLY_003862_TH,PLY_003862,4,TITLE_HOLDER,83,30,10,10,FALSE,2023
KIWOOM_2013_PLY_003862_EPIC,PLY_003862,2,LIVE_EPIC,66,18,10,0,TRUE,2013
KIWOOM_2025_PLY_003862_AS,PLY_003862,3,ALLSTAR,77,24,10,10,TRUE,2025
KIWOOM_2020_PLY_003862_EPIC,PLY_003862,2,LIVE_EPIC,71,18,10,0,TRUE,2020
KIWOOM_2024_PLY_003862_LN,PLY_003862,1,LIVE_NORMAL,62,12,10,0,TRUE,2024
KIWOOM_2014_PLY_003863_LN,PLY_003863,1,LIVE_NORMAL,59,12,10,0,TRUE,2014
KIWOOM_2010_PLY_003863_LN,PLY_003863,1,LIVE_NORMAL,62,12,10,0,TRUE,2010
KIWOOM_2014_PLY_003863_EPIC,PLY_003863,2,LIVE_EPIC,73,18,10,0,TRUE,2014
KIWOOM_2011_PLY_003863_TH,PLY_003863,4,TITLE_HOLDER,84,30,10,10,FALSE,2011
KIWOOM_2012_PLY_003863_TH,PLY_003863,4,TITLE_HOLDER,87,30,10,10,FALSE,2012
KIWOOM_2015_PLY_003863_EPIC,PLY_003863,2,LIVE_EPIC,65,18,10,0,TRUE,2015
KIWOOM_2015_PLY_003863_TH,PLY_003863,4,TITLE_HOLDER,84,30,10,10,FALSE,2015
KIWOOM_2009_PLY_003863_AS,PLY_003863,3,ALLSTAR,77,24,10,10,TRUE,2009
KIWOOM_2013_PLY_003863_AS,PLY_003863,3,ALLSTAR,83,24,10,10,TRUE,2013
KIWOOM_2021_PLY_003864_EPIC,PLY_003864,2,LIVE_EPIC,66,18,10,0,TRUE,2021
KIWOOM_2026_PLY_003864_LN,PLY_003864,1,LIVE_NORMAL,57,12,10,0,TRUE,2026
KIWOOM_2021_PLY_003864_AS,PLY_003864,3,ALLSTAR,81,24,10,10,TRUE,2021
KIWOOM_2026_PLY_003864_GG,PLY_003864,7,GOLDEN_GLOVE,89,35,10,10,FALSE,2026
KIWOOM_2022_PLY_003864_LN,PLY_003864,1,LIVE_NORMAL,60,12,10,0,TRUE,2022
KIWOOM_2025_PLY_003864_EPIC,PLY_003864,2,LIVE_EPIC,73,18,10,0,TRUE,2025
KIWOOM_2011_PLY_003865_LN,PLY_003865,1,LIVE_NORMAL,58,12,10,0,TRUE,2011
KIWOOM_2009_PLY_003865_TH,PLY_003865,4,TITLE_HOLDER,85,30,10,10,FALSE,2009
KIWOOM_2007_PLY_003865_EPIC,PLY_003865,2,LIVE_EPIC,74,18,10,0,TRUE,2007
KIWOOM_2005_PLY_003865_EPIC,PLY_003865,2,LIVE_EPIC,72,18,10,0,TRUE,2005
KIWOOM_2016_PLY_003865_LN,PLY_003865,1,LIVE_NORMAL,57,12,10,0,TRUE,2016
KIWOOM_1992_PLY_003866_AS,PLY_003866,3,ALLSTAR,76,24,10,10,TRUE,1992
KIWOOM_1998_PLY_003866_SIG,PLY_003866,6,SIGNATURE,89,40,10,10,FALSE,1998
KIWOOM_1999_PLY_003866_EPIC,PLY_003866,2,LIVE_EPIC,75,18,10,0,TRUE,1999
KIWOOM_1999_PLY_003866_LN,PLY_003866,1,LIVE_NORMAL,55,12,10,0,TRUE,1999
KIWOOM_1994_PLY_003866_AS,PLY_003866,3,ALLSTAR,74,24,10,10,TRUE,1994
KIWOOM_1999_PLY_003866_TH,PLY_003866,4,TITLE_HOLDER,87,30,10,10,FALSE,1999
KIWOOM_1992_PLY_003866_TH,PLY_003866,4,TITLE_HOLDER,80,30,10,10,FALSE,1992
KIWOOM_1996_PLY_003866_SIG,PLY_003866,6,SIGNATURE,87,40,10,10,FALSE,1996
KIWOOM_1996_PLY_003866_LN,PLY_003866,1,LIVE_NORMAL,63,12,10,0,TRUE,1996
KIWOOM_1990_PLY_003866_GG,PLY_003866,7,GOLDEN_GLOVE,87,35,10,10,FALSE,1990
KIWOOM_1990_PLY_003866_EPIC,PLY_003866,2,LIVE_EPIC,66,18,10,0,TRUE,1990
KIWOOM_2011_PLY_003867_EPIC,PLY_003867,2,LIVE_EPIC,73,18,10,0,TRUE,2011
KIWOOM_2006_PLY_003867_LN,PLY_003867,1,LIVE_NORMAL,67,12,10,0,TRUE,2006
KIWOOM_1999_PLY_003867_AS,PLY_003867,3,ALLSTAR,78,24,10,10,TRUE,1999
KIWOOM_2002_PLY_003868_LN,PLY_003868,1,LIVE_NORMAL,67,12,10,0,TRUE,2002
KIWOOM_2018_PLY_003868_TH,PLY_003868,4,TITLE_HOLDER,81,30,10,10,FALSE,2018
KIWOOM_2013_PLY_003868_EPIC,PLY_003868,2,LIVE_EPIC,76,18,10,0,TRUE,2013
KIWOOM_2011_PLY_003868_AS,PLY_003868,3,ALLSTAR,74,24,10,10,TRUE,2011
KIWOOM_2020_PLY_003869_AS,PLY_003869,3,ALLSTAR,74,24,10,10,TRUE,2020
KIWOOM_2018_PLY_003869_LN,PLY_003869,1,LIVE_NORMAL,62,12,10,0,TRUE,2018
KIWOOM_2014_PLY_003869_LN,PLY_003869,1,LIVE_NORMAL,64,12,10,0,TRUE,2014
KIWOOM_2023_PLY_003870_GG,PLY_003870,7,GOLDEN_GLOVE,90,35,10,10,FALSE,2023
KIWOOM_2022_PLY_003870_AS,PLY_003870,3,ALLSTAR,77,24,10,10,TRUE,2022
KIWOOM_2022_PLY_003870_EPIC,PLY_003870,2,LIVE_EPIC,69,18,10,0,TRUE,2022
KIWOOM_2023_PLY_003870_LN,PLY_003870,1,LIVE_NORMAL,66,12,10,0,TRUE,2023
KIWOOM_2022_PLY_003870_LN,PLY_003870,1,LIVE_NORMAL,63,12,10,0,TRUE,2022
KIWOOM_2024_PLY_003870_EPIC,PLY_003870,2,LIVE_EPIC,75,18,10,0,TRUE,2024
KIWOOM_2023_PLY_003870_EPIC,PLY_003870,2,LIVE_EPIC,65,18,10,0,TRUE,2023
KIWOOM_2022_PLY_003870_SIG,PLY_003870,6,SIGNATURE,87,40,10,10,FALSE,2022
KIWOOM_2021_PLY_003870_AS,PLY_003870,3,ALLSTAR,76,24,10,10,TRUE,2021
KIWOOM_2015_PLY_003871_LN,PLY_003871,1,LIVE_NORMAL,55,12,10,0,TRUE,2015
KIWOOM_2013_PLY_003871_EPIC,PLY_003871,2,LIVE_EPIC,75,18,10,0,TRUE,2013
KIWOOM_2014_PLY_003871_LN,PLY_003871,1,LIVE_NORMAL,56,12,10,0,TRUE,2014
KIWOOM_2016_PLY_003871_TH,PLY_003871,4,TITLE_HOLDER,83,30,10,10,FALSE,2016
KIWOOM_2016_PLY_003871_EPIC,PLY_003871,2,LIVE_EPIC,74,18,10,0,TRUE,2016
KIWOOM_2011_PLY_003871_LN,PLY_003871,1,LIVE_NORMAL,61,12,10,0,TRUE,2011
KIWOOM_2017_PLY_003871_TH,PLY_003871,4,TITLE_HOLDER,82,30,10,10,FALSE,2017
KIWOOM_2010_PLY_003871_TH,PLY_003871,4,TITLE_HOLDER,87,30,10,10,FALSE,2010
KIWOOM_2019_PLY_003871_LN,PLY_003871,1,LIVE_NORMAL,65,12,10,0,TRUE,2019
KIWOOM_1999_PLY_003872_EPIC,PLY_003872,2,LIVE_EPIC,74,18,10,0,TRUE,1999
KIWOOM_1990_PLY_003872_TH,PLY_003872,4,TITLE_HOLDER,87,30,10,10,FALSE,1990
KIWOOM_2007_PLY_003872_SIG,PLY_003872,6,SIGNATURE,90,40,10,10,FALSE,2007
KIWOOM_2008_PLY_003873_TH,PLY_003873,4,TITLE_HOLDER,80,30,10,10,FALSE,2008
KIWOOM_2011_PLY_003873_EPIC,PLY_003873,2,LIVE_EPIC,70,18,10,0,TRUE,2011
KIWOOM_2012_PLY_003873_LN,PLY_003873,1,LIVE_NORMAL,60,12,10,0,TRUE,2012
KIWOOM_2011_PLY_003873_AS,PLY_003873,3,ALLSTAR,80,24,10,10,TRUE,2011
KIWOOM_2023_PLY_003874_AS,PLY_003874,3,ALLSTAR,81,24,10,10,TRUE,2023
KIWOOM_2023_PLY_003874_LN,PLY_003874,1,LIVE_NORMAL,56,12,10,0,TRUE,2023
KIWOOM_2026_PLY_003874_TH,PLY_003874,4,TITLE_HOLDER,86,30,10,10,FALSE,2026
KIWOOM_2026_PLY_003874_EPIC,PLY_003874,2,LIVE_EPIC,71,18,10,0,TRUE,2026
KIWOOM_2025_PLY_003874_TH,PLY_003874,4,TITLE_HOLDER,80,30,10,10,FALSE,2025
KIWOOM_2025_PLY_003874_LN,PLY_003874,1,LIVE_NORMAL,56,12,10,0,TRUE,2025
KIWOOM_2014_PLY_003875_LN,PLY_003875,1,LIVE_NORMAL,58,12,10,0,TRUE,2014
KIWOOM_2008_PLY_003875_TH,PLY_003875,4,TITLE_HOLDER,80,30,10,10,FALSE,2008
KIWOOM_2004_PLY_003875_LN,PLY_003875,1,LIVE_NORMAL,60,12,10,0,TRUE,2004
KIWOOM_2016_PLY_003875_EPIC,PLY_003875,2,LIVE_EPIC,71,18,10,0,TRUE,2016
KIWOOM_1999_PLY_003875_EPIC,PLY_003875,2,LIVE_EPIC,73,18,10,0,TRUE,1999
KIWOOM_2007_PLY_003875_LN,PLY_003875,1,LIVE_NORMAL,57,12,10,0,TRUE,2007
KIWOOM_1998_PLY_003876_AS,PLY_003876,3,ALLSTAR,76,24,10,10,TRUE,1998
KIWOOM_2006_PLY_003876_EPIC,PLY_003876,2,LIVE_EPIC,68,18,10,0,TRUE,2006
KIWOOM_2000_PLY_003876_EPIC,PLY_003876,2,LIVE_EPIC,72,18,10,0,TRUE,2000
KIWOOM_2007_PLY_003876_AS,PLY_003876,3,ALLSTAR,78,24,10,10,TRUE,2007
KIWOOM_2000_PLY_003876_LN,PLY_003876,1,LIVE_NORMAL,58,12,10,0,TRUE,2000
KIWOOM_1993_PLY_003876_LN,PLY_003876,1,LIVE_NORMAL,55,12,10,0,TRUE,1993
KIWOOM_1999_PLY_003876_SIG,PLY_003876,6,SIGNATURE,90,40,10,10,FALSE,1999
KIWOOM_1998_PLY_003876_TH,PLY_003876,4,TITLE_HOLDER,81,30,10,10,FALSE,1998
KIWOOM_1999_PLY_003876_AS,PLY_003876,3,ALLSTAR,83,24,10,10,TRUE,1999
KIWOOM_2002_PLY_003876_LN,PLY_003876,1,LIVE_NORMAL,55,12,10,0,TRUE,2002
KIWOOM_2016_PLY_003877_EPIC,PLY_003877,2,LIVE_EPIC,71,18,10,0,TRUE,2016
KIWOOM_2011_PLY_003877_EPIC,PLY_003877,2,LIVE_EPIC,70,18,10,0,TRUE,2011
KIWOOM_2023_PLY_003877_LN,PLY_003877,1,LIVE_NORMAL,64,12,10,0,TRUE,2023
KIWOOM_2020_PLY_003877_EPIC,PLY_003877,2,LIVE_EPIC,74,18,10,0,TRUE,2020
KIWOOM_2021_PLY_003877_LN,PLY_003877,1,LIVE_NORMAL,56,12,10,0,TRUE,2021
KIWOOM_2022_PLY_003877_LN,PLY_003877,1,LIVE_NORMAL,68,12,10,0,TRUE,2022
KIWOOM_2014_PLY_003877_LN,PLY_003877,1,LIVE_NORMAL,68,12,10,0,TRUE,2014
KIWOOM_2009_PLY_003877_LN,PLY_003877,1,LIVE_NORMAL,55,12,10,0,TRUE,2009
KIWOOM_2009_PLY_003877_SIG,PLY_003877,6,SIGNATURE,87,40,10,10,FALSE,2009
KIWOOM_2007_PLY_003878_AS,PLY_003878,3,ALLSTAR,83,24,10,10,TRUE,2007
KIWOOM_2011_PLY_003878_EPIC,PLY_003878,2,LIVE_EPIC,74,18,10,0,TRUE,2011
KIWOOM_2009_PLY_003878_LN,PLY_003878,1,LIVE_NORMAL,60,12,10,0,TRUE,2009
KIWOOM_2010_PLY_003878_LN,PLY_003878,1,LIVE_NORMAL,56,12,10,0,TRUE,2010
KIWOOM_2011_PLY_003878_AS,PLY_003878,3,ALLSTAR,80,24,10,10,TRUE,2011
KIWOOM_2006_PLY_003878_GG,PLY_003878,7,GOLDEN_GLOVE,87,35,10,10,FALSE,2006
KIWOOM_2004_PLY_003878_LN,PLY_003878,1,LIVE_NORMAL,56,12,10,0,TRUE,2004
KIWOOM_2011_PLY_003878_LN,PLY_003878,1,LIVE_NORMAL,60,12,10,0,TRUE,2011
KIWOOM_1991_PLY_003879_EPIC,PLY_003879,2,LIVE_EPIC,74,18,10,0,TRUE,1991
KIWOOM_1996_PLY_003879_TH,PLY_003879,4,TITLE_HOLDER,82,30,10,10,FALSE,1996
KIWOOM_2001_PLY_003879_EPIC,PLY_003879,2,LIVE_EPIC,68,18,10,0,TRUE,2001
KIWOOM_1994_PLY_003879_LN,PLY_003879,1,LIVE_NORMAL,55,12,10,0,TRUE,1994
KIWOOM_1994_PLY_003879_SIG,PLY_003879,6,SIGNATURE,89,40,10,10,FALSE,1994
KIWOOM_2015_PLY_003880_EPIC,PLY_003880,2,LIVE_EPIC,67,18,10,0,TRUE,2015
KIWOOM_2012_PLY_003880_AS,PLY_003880,3,ALLSTAR,83,24,10,10,TRUE,2012
KIWOOM_2022_PLY_003880_LN,PLY_003880,1,LIVE_NORMAL,68,12,10,0,TRUE,2022
KIWOOM_2021_PLY_003880_LN,PLY_003880,1,LIVE_NORMAL,61,12,10,0,TRUE,2021
KIWOOM_2013_PLY_003880_LN,PLY_003880,1,LIVE_NORMAL,55,12,10,0,TRUE,2013
KIWOOM_2016_PLY_003880_GG,PLY_003880,7,GOLDEN_GLOVE,89,35,10,10,FALSE,2016
KIWOOM_2015_PLY_003880_TH,PLY_003880,4,TITLE_HOLDER,80,30,10,10,FALSE,2015
KIWOOM_2007_PLY_003880_EPIC,PLY_003880,2,LIVE_EPIC,70,18,10,0,TRUE,2007
KIWOOM_1996_PLY_003881_TH,PLY_003881,4,TITLE_HOLDER,86,30,10,10,FALSE,1996
KIWOOM_1992_PLY_003881_EPIC,PLY_003881,2,LIVE_EPIC,66,18,10,0,TRUE,1992
KIWOOM_1996_PLY_003881_EPIC,PLY_003881,2,LIVE_EPIC,68,18,10,0,TRUE,1996
KIWOOM_1993_PLY_003881_LN,PLY_003881,1,LIVE_NORMAL,62,12,10,0,TRUE,1993
KIWOOM_1990_PLY_003881_EPIC,PLY_003881,2,LIVE_EPIC,70,18,10,0,TRUE,1990
KIWOOM_1996_PLY_003881_LN,PLY_003881,1,LIVE_NORMAL,60,12,10,0,TRUE,1996
KIWOOM_1997_PLY_003881_LN,PLY_003881,1,LIVE_NORMAL,62,12,10,0,TRUE,1997
KIWOOM_1989_PLY_003881_GG,PLY_003881,7,GOLDEN_GLOVE,90,35,10,10,FALSE,1989
KIWOOM_1992_PLY_003881_TH,PLY_003881,4,TITLE_HOLDER,87,30,10,10,FALSE,1992
KIWOOM_2007_PLY_003882_LN,PLY_003882,1,LIVE_NORMAL,55,12,10,0,TRUE,2007
KIWOOM_2007_PLY_003882_EPIC,PLY_003882,2,LIVE_EPIC,70,18,10,0,TRUE,2007
KIWOOM_2001_PLY_003882_SIG,PLY_003882,6,SIGNATURE,90,40,10,10,FALSE,2001
KIWOOM_2011_PLY_003882_EPIC,PLY_003882,2,LIVE_EPIC,72,18,10,0,TRUE,2011
KIWOOM_2008_PLY_003882_LN,PLY_003882,1,LIVE_NORMAL,57,12,10,0,TRUE,2008
KIWOOM_2000_PLY_003882_AS,PLY_003882,3,ALLSTAR,78,24,10,10,TRUE,2000
KIWOOM_2008_PLY_003882_EPIC,PLY_003882,2,LIVE_EPIC,76,18,10,0,TRUE,2008
KIWOOM_1990_PLY_003883_TH,PLY_003883,4,TITLE_HOLDER,81,30,10,10,FALSE,1990
KIWOOM_1995_PLY_003883_AS,PLY_003883,3,ALLSTAR,82,24,10,10,TRUE,1995
KIWOOM_1992_PLY_003883_EPIC,PLY_003883,2,LIVE_EPIC,76,18,10,0,TRUE,1992
KIWOOM_1997_PLY_003883_EPIC,PLY_003883,2,LIVE_EPIC,70,18,10,0,TRUE,1997
KIWOOM_1989_PLY_003883_SIG,PLY_003883,6,SIGNATURE,92,40,10,10,FALSE,1989
KIWOOM_1997_PLY_003883_LN,PLY_003883,1,LIVE_NORMAL,57,12,10,0,TRUE,1997
KIWOOM_1989_PLY_003883_AS,PLY_003883,3,ALLSTAR,75,24,10,10,TRUE,1989
KIWOOM_1992_PLY_003883_AS,PLY_003883,3,ALLSTAR,79,24,10,10,TRUE,1992
KIWOOM_1996_PLY_003884_AS,PLY_003884,3,ALLSTAR,82,24,10,10,TRUE,1996
KIWOOM_1994_PLY_003884_GG,PLY_003884,7,GOLDEN_GLOVE,84,35,10,10,FALSE,1994
KIWOOM_1995_PLY_003884_LN,PLY_003884,1,LIVE_NORMAL,55,12,10,0,TRUE,1995
KIWOOM_1995_PLY_003884_EPIC,PLY_003884,2,LIVE_EPIC,69,18,10,0,TRUE,1995
KIWOOM_1997_PLY_003884_LN,PLY_003884,1,LIVE_NORMAL,65,12,10,0,TRUE,1997
KIWOOM_1997_PLY_003884_AS,PLY_003884,3,ALLSTAR,77,24,10,10,TRUE,1997
KIWOOM_1996_PLY_003884_LN,PLY_003884,1,LIVE_NORMAL,59,12,10,0,TRUE,1996
KIWOOM_1994_PLY_003884_EPIC,PLY_003884,2,LIVE_EPIC,69,18,10,0,TRUE,1994
KIWOOM_1994_PLY_003884_AS,PLY_003884,3,ALLSTAR,83,24,10,10,TRUE,1994
KIWOOM_1996_PLY_003884_TH,PLY_003884,4,TITLE_HOLDER,80,30,10,10,FALSE,1996
KIWOOM_2016_PLY_003885_SIG,PLY_003885,6,SIGNATURE,91,40,10,10,FALSE,2016
KIWOOM_2011_PLY_003885_LN,PLY_003885,1,LIVE_NORMAL,63,12,10,0,TRUE,2011
KIWOOM_2012_PLY_003885_AS,PLY_003885,3,ALLSTAR,78,24,10,10,TRUE,2012
KIWOOM_2016_PLY_003885_LN,PLY_003885,1,LIVE_NORMAL,58,12,10,0,TRUE,2016
KIWOOM_2013_PLY_003885_AS,PLY_003885,3,ALLSTAR,83,24,10,10,TRUE,2013
KIWOOM_2015_PLY_003885_EPIC,PLY_003885,2,LIVE_EPIC,74,18,10,0,TRUE,2015
KIWOOM_2016_PLY_003885_AS,PLY_003885,3,ALLSTAR,76,24,10,10,TRUE,2016
KIWOOM_2015_PLY_003886_LN,PLY_003886,1,LIVE_NORMAL,57,12,10,0,TRUE,2015
KIWOOM_2010_PLY_003886_AS,PLY_003886,3,ALLSTAR,78,24,10,10,TRUE,2010
KIWOOM_2008_PLY_003886_TH,PLY_003886,4,TITLE_HOLDER,84,30,10,10,FALSE,2008
KIWOOM_2009_PLY_003886_LN,PLY_003886,1,LIVE_NORMAL,66,12,10,0,TRUE,2009
KIWOOM_2005_PLY_003886_AS,PLY_003886,3,ALLSTAR,79,24,10,10,TRUE,2005
KIWOOM_2014_PLY_003886_LN,PLY_003886,1,LIVE_NORMAL,58,12,10,0,TRUE,2014
KIWOOM_2026_PLY_003887_SIG,PLY_003887,6,SIGNATURE,89,40,10,10,FALSE,2026
KIWOOM_2015_PLY_003887_LN,PLY_003887,1,LIVE_NORMAL,56,12,10,0,TRUE,2015
KIWOOM_2023_PLY_003887_LN,PLY_003887,1,LIVE_NORMAL,59,12,10,0,TRUE,2023
KIWOOM_2024_PLY_003887_LN,PLY_003887,1,LIVE_NORMAL,64,12,10,0,TRUE,2024
KIWOOM_1994_PLY_003888_EPIC,PLY_003888,2,LIVE_EPIC,73,18,10,0,TRUE,1994
KIWOOM_1996_PLY_003888_AS,PLY_003888,3,ALLSTAR,83,24,10,10,TRUE,1996
KIWOOM_1995_PLY_003888_AS,PLY_003888,3,ALLSTAR,82,24,10,10,TRUE,1995
KIWOOM_2019_PLY_003889_LN,PLY_003889,1,LIVE_NORMAL,64,12,10,0,TRUE,2019
KIWOOM_2021_PLY_003889_AS,PLY_003889,3,ALLSTAR,74,24,10,10,TRUE,2021
KIWOOM_2017_PLY_003889_EPIC,PLY_003889,2,LIVE_EPIC,66,18,10,0,TRUE,2017
KIWOOM_2015_PLY_003890_AS,PLY_003890,3,ALLSTAR,78,24,10,10,TRUE,2015
KIWOOM_2024_PLY_003890_EPIC,PLY_003890,2,LIVE_EPIC,66,18,10,0,TRUE,2024
KIWOOM_2017_PLY_003890_EPIC,PLY_003890,2,LIVE_EPIC,76,18,10,0,TRUE,2017
KIWOOM_2023_PLY_003890_AS,PLY_003890,3,ALLSTAR,78,24,10,10,TRUE,2023
KIWOOM_2016_PLY_003890_LN,PLY_003890,1,LIVE_NORMAL,67,12,10,0,TRUE,2016
KIWOOM_2019_PLY_003890_EPIC,PLY_003890,2,LIVE_EPIC,65,18,10,0,TRUE,2019
KIWOOM_2014_PLY_003890_LN,PLY_003890,1,LIVE_NORMAL,58,12,10,0,TRUE,2014
KIWOOM_2022_PLY_003890_AS,PLY_003890,3,ALLSTAR,79,24,10,10,TRUE,2022
KIWOOM_1999_PLY_003891_LN,PLY_003891,1,LIVE_NORMAL,55,12,10,0,TRUE,1999
KIWOOM_2006_PLY_003891_LN,PLY_003891,1,LIVE_NORMAL,62,12,10,0,TRUE,2006
KIWOOM_2009_PLY_003891_LN,PLY_003891,1,LIVE_NORMAL,68,12,10,0,TRUE,2009
KIWOOM_2004_PLY_003891_TH,PLY_003891,4,TITLE_HOLDER,80,30,10,10,FALSE,2004
KIWOOM_2011_PLY_003891_EPIC,PLY_003891,2,LIVE_EPIC,69,18,10,0,TRUE,2011
KIWOOM_2005_PLY_003892_LN,PLY_003892,1,LIVE_NORMAL,56,12,10,0,TRUE,2005
KIWOOM_2006_PLY_003892_TH,PLY_003892,4,TITLE_HOLDER,84,30,10,10,FALSE,2006
KIWOOM_2008_PLY_003892_SIG,PLY_003892,6,SIGNATURE,88,40,10,10,FALSE,2008
KIWOOM_2006_PLY_003892_EPIC,PLY_003892,2,LIVE_EPIC,76,18,10,0,TRUE,2006
KIWOOM_2006_PLY_003892_AS,PLY_003892,3,ALLSTAR,81,24,10,10,TRUE,2006
KIWOOM_2005_PLY_003892_EPIC,PLY_003892,2,LIVE_EPIC,69,18,10,0,TRUE,2005
KIWOOM_2009_PLY_003892_TH,PLY_003892,4,TITLE_HOLDER,86,30,10,10,FALSE,2009
KIWOOM_2007_PLY_003892_EPIC,PLY_003892,2,LIVE_EPIC,72,18,10,0,TRUE,2007
KIWOOM_2009_PLY_003892_LN,PLY_003892,1,LIVE_NORMAL,57,12,10,0,TRUE,2009
KIWOOM_2011_PLY_003893_LN,PLY_003893,1,LIVE_NORMAL,58,12,10,0,TRUE,2011
KIWOOM_2016_PLY_003893_EPIC,PLY_003893,2,LIVE_EPIC,74,18,10,0,TRUE,2016
KIWOOM_2011_PLY_003893_TH,PLY_003893,4,TITLE_HOLDER,83,30,10,10,FALSE,2011
KIWOOM_2016_PLY_003893_TH,PLY_003893,4,TITLE_HOLDER,87,30,10,10,FALSE,2016
KIWOOM_2015_PLY_003893_LN,PLY_003893,1,LIVE_NORMAL,63,12,10,0,TRUE,2015
KIWOOM_2021_PLY_003894_AS,PLY_003894,3,ALLSTAR,79,24,10,10,TRUE,2021
KIWOOM_2019_PLY_003894_LN,PLY_003894,1,LIVE_NORMAL,60,12,10,0,TRUE,2019
KIWOOM_2021_PLY_003894_LN,PLY_003894,1,LIVE_NORMAL,61,12,10,0,TRUE,2021
KIWOOM_2021_PLY_003894_EPIC,PLY_003894,2,LIVE_EPIC,71,18,10,0,TRUE,2021
KIWOOM_2020_PLY_003894_LN,PLY_003894,1,LIVE_NORMAL,63,12,10,0,TRUE,2020
KIWOOM_2022_PLY_003894_LN,PLY_003894,1,LIVE_NORMAL,65,12,10,0,TRUE,2022
KIWOOM_2026_PLY_003894_LN,PLY_003894,1,LIVE_NORMAL,58,12,10,0,TRUE,2026
KIWOOM_2025_PLY_003894_LN,PLY_003894,1,LIVE_NORMAL,58,12,10,0,TRUE,2025
KIWOOM_2007_PLY_003895_EPIC,PLY_003895,2,LIVE_EPIC,65,18,10,0,TRUE,2007
KIWOOM_2011_PLY_003895_EPIC,PLY_003895,2,LIVE_EPIC,67,18,10,0,TRUE,2011
KIWOOM_2013_PLY_003895_AS,PLY_003895,3,ALLSTAR,83,24,10,10,TRUE,2013
KIWOOM_2020_PLY_003895_LN,PLY_003895,1,LIVE_NORMAL,65,12,10,0,TRUE,2020
KIWOOM_2017_PLY_003896_TH,PLY_003896,4,TITLE_HOLDER,87,30,10,10,FALSE,2017
KIWOOM_2017_PLY_003896_EPIC,PLY_003896,2,LIVE_EPIC,70,18,10,0,TRUE,2017
KIWOOM_2008_PLY_003896_LN,PLY_003896,1,LIVE_NORMAL,66,12,10,0,TRUE,2008
KIWOOM_2011_PLY_003896_AS,PLY_003896,3,ALLSTAR,75,24,10,10,TRUE,2011
KIWOOM_2017_PLY_003896_LN,PLY_003896,1,LIVE_NORMAL,68,12,10,0,TRUE,2017
KIWOOM_1997_PLY_003897_LN,PLY_003897,1,LIVE_NORMAL,61,12,10,0,TRUE,1997
KIWOOM_1998_PLY_003897_AS,PLY_003897,3,ALLSTAR,76,24,10,10,TRUE,1998
KIWOOM_2001_PLY_003897_LN,PLY_003897,1,LIVE_NORMAL,67,12,10,0,TRUE,2001
KIWOOM_1999_PLY_003897_AS,PLY_003897,3,ALLSTAR,81,24,10,10,TRUE,1999
KIWOOM_1997_PLY_003897_EPIC,PLY_003897,2,LIVE_EPIC,71,18,10,0,TRUE,1997
KIWOOM_2000_PLY_003897_EPIC,PLY_003897,2,LIVE_EPIC,67,18,10,0,TRUE,2000
KIWOOM_1999_PLY_003897_EPIC,PLY_003897,2,LIVE_EPIC,68,18,10,0,TRUE,1999
KIWOOM_2000_PLY_003897_AS,PLY_003897,3,ALLSTAR,82,24,10,10,TRUE,2000
KIWOOM_2019_PLY_003898_LN,PLY_003898,1,LIVE_NORMAL,68,12,10,0,TRUE,2019
KIWOOM_2010_PLY_003898_EPIC,PLY_003898,2,LIVE_EPIC,74,18,10,0,TRUE,2010
KIWOOM_2017_PLY_003898_LN,PLY_003898,1,LIVE_NORMAL,58,12,10,0,TRUE,2017
KIWOOM_2019_PLY_003898_AS,PLY_003898,3,ALLSTAR,82,24,10,10,TRUE,2019
KIWOOM_2018_PLY_003898_LN,PLY_003898,1,LIVE_NORMAL,65,12,10,0,TRUE,2018
KIWOOM_2017_PLY_003898_EPIC,PLY_003898,2,LIVE_EPIC,65,18,10,0,TRUE,2017
KIWOOM_2021_PLY_003898_GG,PLY_003898,7,GOLDEN_GLOVE,86,35,10,10,FALSE,2021
KIWOOM_2023_PLY_003898_EPIC,PLY_003898,2,LIVE_EPIC,67,18,10,0,TRUE,2023
KIWOOM_2015_PLY_003898_LN,PLY_003898,1,LIVE_NORMAL,68,12,10,0,TRUE,2015
KIWOOM_2023_PLY_003898_AS,PLY_003898,3,ALLSTAR,79,24,10,10,TRUE,2023
KIWOOM_2012_PLY_003898_LN,PLY_003898,1,LIVE_NORMAL,65,12,10,0,TRUE,2012
KIWOOM_1990_PLY_003899_AS,PLY_003899,3,ALLSTAR,74,24,10,10,TRUE,1990
KIWOOM_1991_PLY_003899_LN,PLY_003899,1,LIVE_NORMAL,63,12,10,0,TRUE,1991
KIWOOM_1992_PLY_003899_SIG,PLY_003899,6,SIGNATURE,87,40,10,10,FALSE,1992
KIWOOM_1993_PLY_003899_LN,PLY_003899,1,LIVE_NORMAL,65,12,10,0,TRUE,1993
KIWOOM_1994_PLY_003899_LN,PLY_003899,1,LIVE_NORMAL,68,12,10,0,TRUE,1994
KIWOOM_2006_PLY_003900_AS,PLY_003900,3,ALLSTAR,74,24,10,10,TRUE,2006
KIWOOM_2007_PLY_003900_LN,PLY_003900,1,LIVE_NORMAL,68,12,10,0,TRUE,2007
KIWOOM_2007_PLY_003900_AS,PLY_003900,3,ALLSTAR,82,24,10,10,TRUE,2007
KIWOOM_2005_PLY_003900_TH,PLY_003900,4,TITLE_HOLDER,86,30,10,10,FALSE,2005
KIWOOM_2008_PLY_003900_EPIC,PLY_003900,2,LIVE_EPIC,75,18,10,0,TRUE,2008
KIWOOM_2006_PLY_003900_EPIC,PLY_003900,2,LIVE_EPIC,73,18,10,0,TRUE,2006
KIWOOM_2005_PLY_003900_EPIC,PLY_003900,2,LIVE_EPIC,68,18,10,0,TRUE,2005
KIWOOM_2006_PLY_003901_LN,PLY_003901,1,LIVE_NORMAL,60,12,10,0,TRUE,2006
KIWOOM_2009_PLY_003901_EPIC,PLY_003901,2,LIVE_EPIC,71,18,10,0,TRUE,2009
KIWOOM_2008_PLY_003901_EPIC,PLY_003901,2,LIVE_EPIC,75,18,10,0,TRUE,2008
KIWOOM_2003_PLY_003901_LN,PLY_003901,1,LIVE_NORMAL,63,12,10,0,TRUE,2003
KIWOOM_2008_PLY_003901_LN,PLY_003901,1,LIVE_NORMAL,56,12,10,0,TRUE,2008
KIWOOM_2015_PLY_003901_EPIC,PLY_003901,2,LIVE_EPIC,67,18,10,0,TRUE,2015
KIWOOM_2013_PLY_003901_LN,PLY_003901,1,LIVE_NORMAL,62,12,10,0,TRUE,2013
KIWOOM_1993_PLY_003902_EPIC,PLY_003902,2,LIVE_EPIC,73,18,10,0,TRUE,1993
KIWOOM_1999_PLY_003902_TH,PLY_003902,4,TITLE_HOLDER,87,30,10,10,FALSE,1999
KIWOOM_1998_PLY_003902_SIG,PLY_003902,6,SIGNATURE,94,40,10,10,FALSE,1998
KIWOOM_2001_PLY_003902_LN,PLY_003902,1,LIVE_NORMAL,59,12,10,0,TRUE,2001
KIWOOM_1996_PLY_003903_LN,PLY_003903,1,LIVE_NORMAL,57,12,10,0,TRUE,1996
KIWOOM_1997_PLY_003903_LN,PLY_003903,1,LIVE_NORMAL,55,12,10,0,TRUE,1997
KIWOOM_1998_PLY_003903_LN,PLY_003903,1,LIVE_NORMAL,57,12,10,0,TRUE,1998
KIWOOM_1991_PLY_003903_EPIC,PLY_003903,2,LIVE_EPIC,71,18,10,0,TRUE,1991
KIWOOM_1993_PLY_003903_LN,PLY_003903,1,LIVE_NORMAL,66,12,10,0,TRUE,1993
KIWOOM_1998_PLY_003903_EPIC,PLY_003903,2,LIVE_EPIC,73,18,10,0,TRUE,1998
KIWOOM_1989_PLY_003903_AS,PLY_003903,3,ALLSTAR,75,24,10,10,TRUE,1989
KIWOOM_1992_PLY_003903_TH,PLY_003903,4,TITLE_HOLDER,86,30,10,10,FALSE,1992
KIWOOM_1990_PLY_003903_TH,PLY_003903,4,TITLE_HOLDER,83,30,10,10,FALSE,1990
KIWOOM_1990_PLY_003903_EPIC,PLY_003903,2,LIVE_EPIC,75,18,10,0,TRUE,1990
KIWOOM_1995_PLY_003904_EPIC,PLY_003904,2,LIVE_EPIC,68,18,10,0,TRUE,1995
KIWOOM_1996_PLY_003904_AS,PLY_003904,3,ALLSTAR,77,24,10,10,TRUE,1996
KIWOOM_2013_PLY_003905_LN,PLY_003905,1,LIVE_NORMAL,56,12,10,0,TRUE,2013
KIWOOM_2007_PLY_003905_EPIC,PLY_003905,2,LIVE_EPIC,69,18,10,0,TRUE,2007
KIWOOM_2003_PLY_003905_EPIC,PLY_003905,2,LIVE_EPIC,69,18,10,0,TRUE,2003
KIWOOM_2025_PLY_003906_EPIC,PLY_003906,2,LIVE_EPIC,73,18,10,0,TRUE,2025
KIWOOM_2022_PLY_003906_LN,PLY_003906,1,LIVE_NORMAL,61,12,10,0,TRUE,2022
KIWOOM_2020_PLY_003907_EPIC,PLY_003907,2,LIVE_EPIC,73,18,10,0,TRUE,2020
KIWOOM_2020_PLY_003907_LN,PLY_003907,1,LIVE_NORMAL,66,12,10,0,TRUE,2020
KIWOOM_2023_PLY_003907_LN,PLY_003907,1,LIVE_NORMAL,66,12,10,0,TRUE,2023
KIWOOM_2015_PLY_003907_EPIC,PLY_003907,2,LIVE_EPIC,68,18,10,0,TRUE,2015
KIWOOM_2026_PLY_003907_LN,PLY_003907,1,LIVE_NORMAL,55,12,10,0,TRUE,2026
KIWOOM_2013_PLY_003908_GG,PLY_003908,7,GOLDEN_GLOVE,87,35,10,10,FALSE,2013
KIWOOM_2009_PLY_003908_LN,PLY_003908,1,LIVE_NORMAL,56,12,10,0,TRUE,2009
KIWOOM_2010_PLY_003908_EPIC,PLY_003908,2,LIVE_EPIC,73,18,10,0,TRUE,2010
KIWOOM_2012_PLY_003908_LN,PLY_003908,1,LIVE_NORMAL,57,12,10,0,TRUE,2012
KIWOOM_2012_PLY_003908_AS,PLY_003908,3,ALLSTAR,74,24,10,10,TRUE,2012
KIWOOM_2010_PLY_003908_AS,PLY_003908,3,ALLSTAR,77,24,10,10,TRUE,2010
KIWOOM_2013_PLY_003908_EPIC,PLY_003908,2,LIVE_EPIC,68,18,10,0,TRUE,2013
KIWOOM_2009_PLY_003908_TH,PLY_003908,4,TITLE_HOLDER,83,30,10,10,FALSE,2009
KIWOOM_2011_PLY_003908_LN,PLY_003908,1,LIVE_NORMAL,60,12,10,0,TRUE,2011
KIWOOM_2022_PLY_003909_LN,PLY_003909,1,LIVE_NORMAL,67,12,10,0,TRUE,2022
KIWOOM_2019_PLY_003909_AS,PLY_003909,3,ALLSTAR,83,24,10,10,TRUE,2019
KIWOOM_1994_PLY_003910_LN,PLY_003910,1,LIVE_NORMAL,59,12,10,0,TRUE,1994
KIWOOM_1992_PLY_003910_LN,PLY_003910,1,LIVE_NORMAL,68,12,10,0,TRUE,1992
KIWOOM_1991_PLY_003910_SIG,PLY_003910,6,SIGNATURE,94,40,10,10,FALSE,1991
KIWOOM_1995_PLY_003910_LN,PLY_003910,1,LIVE_NORMAL,56,12,10,0,TRUE,1995
KIWOOM_2013_PLY_003911_AS,PLY_003911,3,ALLSTAR,80,24,10,10,TRUE,2013
KIWOOM_2017_PLY_003911_AS,PLY_003911,3,ALLSTAR,81,24,10,10,TRUE,2017
KIWOOM_2019_PLY_003911_EPIC,PLY_003911,2,LIVE_EPIC,73,18,10,0,TRUE,2019
KIWOOM_2018_PLY_003911_EPIC,PLY_003911,2,LIVE_EPIC,74,18,10,0,TRUE,2018
KIWOOM_2016_PLY_003911_LN,PLY_003911,1,LIVE_NORMAL,59,12,10,0,TRUE,2016
KIWOOM_2022_PLY_003911_LN,PLY_003911,1,LIVE_NORMAL,61,12,10,0,TRUE,2022
KIWOOM_2024_PLY_003911_EPIC,PLY_003911,2,LIVE_EPIC,65,18,10,0,TRUE,2024
KIWOOM_2023_PLY_003911_EPIC,PLY_003911,2,LIVE_EPIC,71,18,10,0,TRUE,2023
KIWOOM_2023_PLY_003911_LN,PLY_003911,1,LIVE_NORMAL,61,12,10,0,TRUE,2023
KIWOOM_2021_PLY_003911_TH,PLY_003911,4,TITLE_HOLDER,85,30,10,10,FALSE,2021
KIWOOM_2015_PLY_003911_AS,PLY_003911,3,ALLSTAR,83,24,10,10,TRUE,2015
KIWOOM_2024_PLY_003911_LN,PLY_003911,1,LIVE_NORMAL,57,12,10,0,TRUE,2024
KIWOOM_2012_PLY_003912_EPIC,PLY_003912,2,LIVE_EPIC,76,18,10,0,TRUE,2012
KIWOOM_2004_PLY_003912_EPIC,PLY_003912,2,LIVE_EPIC,70,18,10,0,TRUE,2004
KIWOOM_2010_PLY_003912_EPIC,PLY_003912,2,LIVE_EPIC,67,18,10,0,TRUE,2010
KIWOOM_2013_PLY_003912_EPIC,PLY_003912,2,LIVE_EPIC,70,18,10,0,TRUE,2013
KIWOOM_2014_PLY_003912_GG,PLY_003912,7,GOLDEN_GLOVE,88,35,10,10,FALSE,2014
KIWOOM_2012_PLY_003912_TH,PLY_003912,4,TITLE_HOLDER,81,30,10,10,FALSE,2012
KIWOOM_2013_PLY_003912_LN,PLY_003912,1,LIVE_NORMAL,62,12,10,0,TRUE,2013
KIWOOM_2009_PLY_003912_LN,PLY_003912,1,LIVE_NORMAL,58,12,10,0,TRUE,2009
KIWOOM_2011_PLY_003912_AS,PLY_003912,3,ALLSTAR,75,24,10,10,TRUE,2011
KIWOOM_2003_PLY_003912_EPIC,PLY_003912,2,LIVE_EPIC,72,18,10,0,TRUE,2003
KIWOOM_2015_PLY_003912_EPIC,PLY_003912,2,LIVE_EPIC,69,18,10,0,TRUE,2015
KIWOOM_2025_PLY_003913_GG,PLY_003913,7,GOLDEN_GLOVE,87,35,10,10,FALSE,2025
KIWOOM_2023_PLY_003913_TH,PLY_003913,4,TITLE_HOLDER,84,30,10,10,FALSE,2023
KIWOOM_2024_PLY_003913_AS,PLY_003913,3,ALLSTAR,75,24,10,10,TRUE,2024
KIWOOM_2022_PLY_003913_AS,PLY_003913,3,ALLSTAR,79,24,10,10,TRUE,2022
KIWOOM_2025_PLY_003913_SIG,PLY_003913,6,SIGNATURE,92,40,10,10,FALSE,2025
KIWOOM_2013_PLY_003914_AS,PLY_003914,3,ALLSTAR,83,24,10,10,TRUE,2013
KIWOOM_2007_PLY_003914_LN,PLY_003914,1,LIVE_NORMAL,68,12,10,0,TRUE,2007
KIWOOM_2011_PLY_003914_LN,PLY_003914,1,LIVE_NORMAL,59,12,10,0,TRUE,2011
KIWOOM_2015_PLY_003915_EPIC,PLY_003915,2,LIVE_EPIC,72,18,10,0,TRUE,2015
KIWOOM_2023_PLY_003915_SIG,PLY_003915,6,SIGNATURE,94,40,10,10,FALSE,2023
KIWOOM_2014_PLY_003916_LN,PLY_003916,1,LIVE_NORMAL,62,12,10,0,TRUE,2014
KIWOOM_2017_PLY_003916_EPIC,PLY_003916,2,LIVE_EPIC,67,18,10,0,TRUE,2017
KIWOOM_2011_PLY_003916_LN,PLY_003916,1,LIVE_NORMAL,66,12,10,0,TRUE,2011
KIWOOM_2026_PLY_003916_EPIC,PLY_003916,2,LIVE_EPIC,73,18,10,0,TRUE,2026
KIWOOM_2015_PLY_003916_AS,PLY_003916,3,ALLSTAR,81,24,10,10,TRUE,2015
KIWOOM_2020_PLY_003916_AS,PLY_003916,3,ALLSTAR,83,24,10,10,TRUE,2020
KIWOOM_2021_PLY_003916_TH,PLY_003916,4,TITLE_HOLDER,85,30,10,10,FALSE,2021
KIWOOM_2010_PLY_003916_LN,PLY_003916,1,LIVE_NORMAL,68,12,10,0,TRUE,2010
KIWOOM_2008_PLY_003916_EPIC,PLY_003916,2,LIVE_EPIC,72,18,10,0,TRUE,2008
KIWOOM_2022_PLY_003916_EPIC,PLY_003916,2,LIVE_EPIC,67,18,10,0,TRUE,2022
KIWOOM_2023_PLY_003916_LN,PLY_003916,1,LIVE_NORMAL,67,12,10,0,TRUE,2023
KIWOOM_2018_PLY_003916_AS,PLY_003916,3,ALLSTAR,75,24,10,10,TRUE,2018
KIWOOM_2015_PLY_003917_EPIC,PLY_003917,2,LIVE_EPIC,65,18,10,0,TRUE,2015
KIWOOM_2014_PLY_003917_LN,PLY_003917,1,LIVE_NORMAL,62,12,10,0,TRUE,2014
KIWOOM_2013_PLY_003917_LN,PLY_003917,1,LIVE_NORMAL,59,12,10,0,TRUE,2013
KIWOOM_2012_PLY_003917_AS,PLY_003917,3,ALLSTAR,77,24,10,10,TRUE,2012
KIWOOM_2013_PLY_003917_TH,PLY_003917,4,TITLE_HOLDER,87,30,10,10,FALSE,2013
KIWOOM_2005_PLY_003918_EPIC,PLY_003918,2,LIVE_EPIC,65,18,10,0,TRUE,2005
KIWOOM_2011_PLY_003918_LN,PLY_003918,1,LIVE_NORMAL,66,12,10,0,TRUE,2011
KIWOOM_2003_PLY_003918_EPIC,PLY_003918,2,LIVE_EPIC,71,18,10,0,TRUE,2003
KIWOOM_1998_PLY_003919_LN,PLY_003919,1,LIVE_NORMAL,68,12,10,0,TRUE,1998
KIWOOM_1994_PLY_003919_LN,PLY_003919,1,LIVE_NORMAL,55,12,10,0,TRUE,1994
KIWOOM_1994_PLY_003919_AS,PLY_003919,3,ALLSTAR,80,24,10,10,TRUE,1994
KIWOOM_1997_PLY_003919_LN,PLY_003919,1,LIVE_NORMAL,66,12,10,0,TRUE,1997
KIWOOM_2020_PLY_003920_EPIC,PLY_003920,2,LIVE_EPIC,67,18,10,0,TRUE,2020
KIWOOM_2019_PLY_003920_LN,PLY_003920,1,LIVE_NORMAL,58,12,10,0,TRUE,2019
KIWOOM_2017_PLY_003921_LN,PLY_003921,1,LIVE_NORMAL,58,12,10,0,TRUE,2017
KIWOOM_2015_PLY_003921_AS,PLY_003921,3,ALLSTAR,79,24,10,10,TRUE,2015
KIWOOM_2016_PLY_003921_EPIC,PLY_003921,2,LIVE_EPIC,69,18,10,0,TRUE,2016
KIWOOM_2017_PLY_003921_EPIC,PLY_003921,2,LIVE_EPIC,65,18,10,0,TRUE,2017
KIWOOM_2016_PLY_003921_LN,PLY_003921,1,LIVE_NORMAL,66,12,10,0,TRUE,2016
KIWOOM_2018_PLY_003921_AS,PLY_003921,3,ALLSTAR,74,24,10,10,TRUE,2018
KIWOOM_1999_PLY_003922_LN,PLY_003922,1,LIVE_NORMAL,62,12,10,0,TRUE,1999
KIWOOM_2002_PLY_003922_TH,PLY_003922,4,TITLE_HOLDER,81,30,10,10,FALSE,2002
KIWOOM_2000_PLY_003922_LN,PLY_003922,1,LIVE_NORMAL,66,12,10,0,TRUE,2000
KIWOOM_1996_PLY_003923_LN,PLY_003923,1,LIVE_NORMAL,57,12,10,0,TRUE,1996
KIWOOM_2001_PLY_003923_LN,PLY_003923,1,LIVE_NORMAL,65,12,10,0,TRUE,2001
KIWOOM_2001_PLY_003923_EPIC,PLY_003923,2,LIVE_EPIC,73,18,10,0,TRUE,2001
KIWOOM_1997_PLY_003923_AS,PLY_003923,3,ALLSTAR,81,24,10,10,TRUE,1997
KIWOOM_1998_PLY_003923_TH,PLY_003923,4,TITLE_HOLDER,80,30,10,10,FALSE,1998
KIWOOM_1996_PLY_003923_AS,PLY_003923,3,ALLSTAR,76,24,10,10,TRUE,1996
KIWOOM_1997_PLY_003923_EPIC,PLY_003923,2,LIVE_EPIC,69,18,10,0,TRUE,1997
KIWOOM_1996_PLY_003923_TH,PLY_003923,4,TITLE_HOLDER,84,30,10,10,FALSE,1996
KIWOOM_1998_PLY_003923_LN,PLY_003923,1,LIVE_NORMAL,58,12,10,0,TRUE,1998
KIWOOM_1998_PLY_003923_GG,PLY_003923,7,GOLDEN_GLOVE,87,35,10,10,FALSE,1998
KIWOOM_1997_PLY_003924_EPIC,PLY_003924,2,LIVE_EPIC,65,18,10,0,TRUE,1997
KIWOOM_1997_PLY_003924_AS,PLY_003924,3,ALLSTAR,77,24,10,10,TRUE,1997
KIWOOM_1993_PLY_003924_AS,PLY_003924,3,ALLSTAR,80,24,10,10,TRUE,1993
KIWOOM_2008_PLY_003924_GG,PLY_003924,7,GOLDEN_GLOVE,90,35,10,10,FALSE,2008
KIWOOM_2004_PLY_003924_AS,PLY_003924,3,ALLSTAR,82,24,10,10,TRUE,2004
KIWOOM_2003_PLY_003924_LN,PLY_003924,1,LIVE_NORMAL,66,12,10,0,TRUE,2003
KIWOOM_2010_PLY_003925_LN,PLY_003925,1,LIVE_NORMAL,55,12,10,0,TRUE,2010
KIWOOM_2012_PLY_003925_LN,PLY_003925,1,LIVE_NORMAL,66,12,10,0,TRUE,2012
KIWOOM_2008_PLY_003925_AS,PLY_003925,3,ALLSTAR,82,24,10,10,TRUE,2008
KIWOOM_2007_PLY_003925_LN,PLY_003925,1,LIVE_NORMAL,59,12,10,0,TRUE,2007
KIWOOM_2005_PLY_003926_LN,PLY_003926,1,LIVE_NORMAL,65,12,10,0,TRUE,2005
KIWOOM_1999_PLY_003926_LN,PLY_003926,1,LIVE_NORMAL,65,12,10,0,TRUE,1999
KIWOOM_1999_PLY_003926_GG,PLY_003926,7,GOLDEN_GLOVE,87,35,10,10,FALSE,1999
KIWOOM_2005_PLY_003926_GG,PLY_003926,7,GOLDEN_GLOVE,90,35,10,10,FALSE,2005
KIWOOM_2000_PLY_003926_EPIC,PLY_003926,2,LIVE_EPIC,73,18,10,0,TRUE,2000
KIWOOM_2001_PLY_003926_EPIC,PLY_003926,2,LIVE_EPIC,75,18,10,0,TRUE,2001
KIWOOM_2007_PLY_003926_LN,PLY_003926,1,LIVE_NORMAL,56,12,10,0,TRUE,2007
KIWOOM_2004_PLY_003926_LN,PLY_003926,1,LIVE_NORMAL,64,12,10,0,TRUE,2004
KIWOOM_2001_PLY_003927_LN,PLY_003927,1,LIVE_NORMAL,61,12,10,0,TRUE,2001
KIWOOM_2010_PLY_003927_LN,PLY_003927,1,LIVE_NORMAL,60,12,10,0,TRUE,2010
KIWOOM_2018_PLY_003927_EPIC,PLY_003927,2,LIVE_EPIC,76,18,10,0,TRUE,2018
KIWOOM_2004_PLY_003927_LN,PLY_003927,1,LIVE_NORMAL,65,12,10,0,TRUE,2004
KIWOOM_2018_PLY_003927_LN,PLY_003927,1,LIVE_NORMAL,66,12,10,0,TRUE,2018
KIWOOM_2014_PLY_003927_LN,PLY_003927,1,LIVE_NORMAL,66,12,10,0,TRUE,2014
KIWOOM_2003_PLY_003927_EPIC,PLY_003927,2,LIVE_EPIC,76,18,10,0,TRUE,2003
KIWOOM_2006_PLY_003927_GG,PLY_003927,7,GOLDEN_GLOVE,87,35,10,10,FALSE,2006
KIWOOM_2010_PLY_003927_AS,PLY_003927,3,ALLSTAR,77,24,10,10,TRUE,2010
KIWOOM_2003_PLY_003927_SIG,PLY_003927,6,SIGNATURE,89,40,10,10,FALSE,2003
KIWOOM_2012_PLY_003927_LN,PLY_003927,1,LIVE_NORMAL,65,12,10,0,TRUE,2012
KIWOOM_2013_PLY_003928_EPIC,PLY_003928,2,LIVE_EPIC,65,18,10,0,TRUE,2013
KIWOOM_2013_PLY_003928_AS,PLY_003928,3,ALLSTAR,79,24,10,10,TRUE,2013
KIWOOM_2012_PLY_003928_AS,PLY_003928,3,ALLSTAR,78,24,10,10,TRUE,2012
KIWOOM_2011_PLY_003928_EPIC,PLY_003928,2,LIVE_EPIC,65,18,10,0,TRUE,2011
KIWOOM_2011_PLY_003928_AS,PLY_003928,3,ALLSTAR,75,24,10,10,TRUE,2011
KIWOOM_2012_PLY_003928_LN,PLY_003928,1,LIVE_NORMAL,64,12,10,0,TRUE,2012
KIWOOM_2025_PLY_003929_SIG,PLY_003929,6,SIGNATURE,87,40,10,10,FALSE,2025
KIWOOM_2023_PLY_003929_EPIC,PLY_003929,2,LIVE_EPIC,68,18,10,0,TRUE,2023
KIWOOM_2025_PLY_003929_EPIC,PLY_003929,2,LIVE_EPIC,74,18,10,0,TRUE,2025
KIWOOM_2023_PLY_003929_GG,PLY_003929,7,GOLDEN_GLOVE,86,35,10,10,FALSE,2023
KIWOOM_2026_PLY_003929_AS,PLY_003929,3,ALLSTAR,82,24,10,10,TRUE,2026
KIWOOM_2024_PLY_003929_LN,PLY_003929,1,LIVE_NORMAL,58,12,10,0,TRUE,2024
KIWOOM_2025_PLY_003929_GG,PLY_003929,7,GOLDEN_GLOVE,84,35,10,10,FALSE,2025
KIWOOM_2001_PLY_003930_GG,PLY_003930,7,GOLDEN_GLOVE,88,35,10,10,FALSE,2001
KIWOOM_2012_PLY_003930_EPIC,PLY_003930,2,LIVE_EPIC,65,18,10,0,TRUE,2012
KIWOOM_1995_PLY_003930_TH,PLY_003930,4,TITLE_HOLDER,81,30,10,10,FALSE,1995
KIWOOM_2011_PLY_003930_LN,PLY_003930,1,LIVE_NORMAL,61,12,10,0,TRUE,2011
KIWOOM_2013_PLY_003930_AS,PLY_003930,3,ALLSTAR,74,24,10,10,TRUE,2013
KIWOOM_2000_PLY_003930_TH,PLY_003930,4,TITLE_HOLDER,83,30,10,10,FALSE,2000
KIWOOM_2010_PLY_003931_LN,PLY_003931,1,LIVE_NORMAL,57,12,10,0,TRUE,2010
KIWOOM_2008_PLY_003931_TH,PLY_003931,4,TITLE_HOLDER,81,30,10,10,FALSE,2008
KIWOOM_2012_PLY_003931_AS,PLY_003931,3,ALLSTAR,83,24,10,10,TRUE,2012
KIWOOM_2010_PLY_003931_AS,PLY_003931,3,ALLSTAR,78,24,10,10,TRUE,2010
KIWOOM_2008_PLY_003931_EPIC,PLY_003931,2,LIVE_EPIC,68,18,10,0,TRUE,2008
KIWOOM_2008_PLY_003931_LN,PLY_003931,1,LIVE_NORMAL,62,12,10,0,TRUE,2008
KIWOOM_2004_PLY_003931_GG,PLY_003931,7,GOLDEN_GLOVE,83,35,10,10,FALSE,2004
KIWOOM_2005_PLY_003931_EPIC,PLY_003931,2,LIVE_EPIC,74,18,10,0,TRUE,2005
KIWOOM_2012_PLY_003931_LN,PLY_003931,1,LIVE_NORMAL,57,12,10,0,TRUE,2012
KIWOOM_2012_PLY_003931_EPIC,PLY_003931,2,LIVE_EPIC,76,18,10,0,TRUE,2012
KIWOOM_2009_PLY_003931_TH,PLY_003931,4,TITLE_HOLDER,82,30,10,10,FALSE,2009
KIWOOM_1990_PLY_003932_LN,PLY_003932,1,LIVE_NORMAL,57,12,10,0,TRUE,1990
KIWOOM_1987_PLY_003932_LN,PLY_003932,1,LIVE_NORMAL,60,12,10,0,TRUE,1987
KIWOOM_1989_PLY_003932_LN,PLY_003932,1,LIVE_NORMAL,61,12,10,0,TRUE,1989
KIWOOM_1987_PLY_003932_TH,PLY_003932,4,TITLE_HOLDER,84,30,10,10,FALSE,1987
KIWOOM_1991_PLY_003932_AS,PLY_003932,3,ALLSTAR,79,24,10,10,TRUE,1991
KIWOOM_1988_PLY_003932_AS,PLY_003932,3,ALLSTAR,79,24,10,10,TRUE,1988
KIWOOM_1987_PLY_003932_AS,PLY_003932,3,ALLSTAR,82,24,10,10,TRUE,1987
KIWOOM_1987_PLY_003932_GG,PLY_003932,7,GOLDEN_GLOVE,90,35,10,10,FALSE,1987
KIWOOM_1988_PLY_003932_LN,PLY_003932,1,LIVE_NORMAL,56,12,10,0,TRUE,1988
KIWOOM_1990_PLY_003932_EPIC,PLY_003932,2,LIVE_EPIC,69,18,10,0,TRUE,1990
KIWOOM_1994_PLY_003933_AS,PLY_003933,3,ALLSTAR,80,24,10,10,TRUE,1994
KIWOOM_1997_PLY_003933_EPIC,PLY_003933,2,LIVE_EPIC,74,18,10,0,TRUE,1997
KIWOOM_1995_PLY_003933_LN,PLY_003933,1,LIVE_NORMAL,57,12,10,0,TRUE,1995
KIWOOM_1994_PLY_003933_EPIC,PLY_003933,2,LIVE_EPIC,67,18,10,0,TRUE,1994
KIWOOM_1997_PLY_003933_TH,PLY_003933,4,TITLE_HOLDER,81,30,10,10,FALSE,1997
KIWOOM_2007_PLY_003934_LN,PLY_003934,1,LIVE_NORMAL,68,12,10,0,TRUE,2007
KIWOOM_1997_PLY_003934_AS,PLY_003934,3,ALLSTAR,80,24,10,10,TRUE,1997
KIWOOM_2006_PLY_003934_LN,PLY_003934,1,LIVE_NORMAL,68,12,10,0,TRUE,2006
KIWOOM_2012_PLY_003934_LN,PLY_003934,1,LIVE_NORMAL,64,12,10,0,TRUE,2012
KIWOOM_2001_PLY_003934_LN,PLY_003934,1,LIVE_NORMAL,61,12,10,0,TRUE,2001
KIWOOM_2001_PLY_003934_TH,PLY_003934,4,TITLE_HOLDER,81,30,10,10,FALSE,2001
KIWOOM_1993_PLY_003934_LN,PLY_003934,1,LIVE_NORMAL,56,12,10,0,TRUE,1993
KIWOOM_2019_PLY_003935_LN,PLY_003935,1,LIVE_NORMAL,64,12,10,0,TRUE,2019
KIWOOM_2014_PLY_003935_EPIC,PLY_003935,2,LIVE_EPIC,69,18,10,0,TRUE,2014
KIWOOM_2016_PLY_003936_LN,PLY_003936,1,LIVE_NORMAL,62,12,10,0,TRUE,2016
KIWOOM_2015_PLY_003936_TH,PLY_003936,4,TITLE_HOLDER,85,30,10,10,FALSE,2015
KIWOOM_2023_PLY_003936_SIG,PLY_003936,6,SIGNATURE,87,40,10,10,FALSE,2023
KIWOOM_2018_PLY_003936_GG,PLY_003936,7,GOLDEN_GLOVE,87,35,10,10,FALSE,2018
KIWOOM_2019_PLY_003936_LN,PLY_003936,1,LIVE_NORMAL,62,12,10,0,TRUE,2019
KIWOOM_2017_PLY_003936_LN,PLY_003936,1,LIVE_NORMAL,58,12,10,0,TRUE,2017
KIWOOM_2015_PLY_003936_LN,PLY_003936,1,LIVE_NORMAL,63,12,10,0,TRUE,2015
KIWOOM_2019_PLY_003936_TH,PLY_003936,4,TITLE_HOLDER,83,30,10,10,FALSE,2019
KIWOOM_2018_PLY_003936_LN,PLY_003936,1,LIVE_NORMAL,60,12,10,0,TRUE,2018
KIWOOM_2011_PLY_003937_LN,PLY_003937,1,LIVE_NORMAL,65,12,10,0,TRUE,2011
KIWOOM_2005_PLY_003937_TH,PLY_003937,4,TITLE_HOLDER,85,30,10,10,FALSE,2005
KIWOOM_2011_PLY_003937_TH,PLY_003937,4,TITLE_HOLDER,85,30,10,10,FALSE,2011
KIWOOM_2008_PLY_003937_GG,PLY_003937,7,GOLDEN_GLOVE,90,35,10,10,FALSE,2008
KIWOOM_2005_PLY_003937_AS,PLY_003937,3,ALLSTAR,82,24,10,10,TRUE,2005
KIWOOM_2005_PLY_003937_LN,PLY_003937,1,LIVE_NORMAL,64,12,10,0,TRUE,2005
KIWOOM_2008_PLY_003937_EPIC,PLY_003937,2,LIVE_EPIC,66,18,10,0,TRUE,2008
KIWOOM_2012_PLY_003937_LN,PLY_003937,1,LIVE_NORMAL,67,12,10,0,TRUE,2012
KIWOOM_2008_PLY_003937_AS,PLY_003937,3,ALLSTAR,76,24,10,10,TRUE,2008
KIWOOM_2014_PLY_003938_EPIC,PLY_003938,2,LIVE_EPIC,76,18,10,0,TRUE,2014
KIWOOM_2008_PLY_003938_LN,PLY_003938,1,LIVE_NORMAL,65,12,10,0,TRUE,2008
KIWOOM_2013_PLY_003938_LN,PLY_003938,1,LIVE_NORMAL,59,12,10,0,TRUE,2013
KIWOOM_2014_PLY_003938_LN,PLY_003938,1,LIVE_NORMAL,56,12,10,0,TRUE,2014
KIWOOM_2010_PLY_003938_EPIC,PLY_003938,2,LIVE_EPIC,75,18,10,0,TRUE,2010
KIWOOM_2018_PLY_003938_LN,PLY_003938,1,LIVE_NORMAL,59,12,10,0,TRUE,2018
KIWOOM_2012_PLY_003938_AS,PLY_003938,3,ALLSTAR,81,24,10,10,TRUE,2012
KIWOOM_2018_PLY_003938_AS,PLY_003938,3,ALLSTAR,74,24,10,10,TRUE,2018
KIWOOM_2010_PLY_003938_GG,PLY_003938,7,GOLDEN_GLOVE,89,35,10,10,FALSE,2010
KIWOOM_1993_PLY_003939_TH,PLY_003939,4,TITLE_HOLDER,86,30,10,10,FALSE,1993
KIWOOM_1992_PLY_003939_EPIC,PLY_003939,2,LIVE_EPIC,73,18,10,0,TRUE,1992
KIWOOM_1991_PLY_003939_AS,PLY_003939,3,ALLSTAR,79,24,10,10,TRUE,1991
KIWOOM_1993_PLY_003939_SIG,PLY_003939,6,SIGNATURE,89,40,10,10,FALSE,1993
KIWOOM_1991_PLY_003939_LN,PLY_003939,1,LIVE_NORMAL,65,12,10,0,TRUE,1991
KIWOOM_1995_PLY_003939_LN,PLY_003939,1,LIVE_NORMAL,65,12,10,0,TRUE,1995
KIWOOM_1992_PLY_003939_TH,PLY_003939,4,TITLE_HOLDER,81,30,10,10,FALSE,1992
KIWOOM_1994_PLY_003939_AS,PLY_003939,3,ALLSTAR,81,24,10,10,TRUE,1994
KIWOOM_1994_PLY_003939_LN,PLY_003939,1,LIVE_NORMAL,60,12,10,0,TRUE,1994
KIWOOM_2014_PLY_003940_AS,PLY_003940,3,ALLSTAR,78,24,10,10,TRUE,2014
KIWOOM_2024_PLY_003940_LN,PLY_003940,1,LIVE_NORMAL,67,12,10,0,TRUE,2024
KIWOOM_2017_PLY_003940_AS,PLY_003940,3,ALLSTAR,81,24,10,10,TRUE,2017
KIWOOM_2017_PLY_003940_EPIC,PLY_003940,2,LIVE_EPIC,73,18,10,0,TRUE,2017
KIWOOM_2019_PLY_003940_EPIC,PLY_003940,2,LIVE_EPIC,69,18,10,0,TRUE,2019
KIWOOM_2014_PLY_003940_EPIC,PLY_003940,2,LIVE_EPIC,73,18,10,0,TRUE,2014
KIWOOM_2011_PLY_003940_EPIC,PLY_003940,2,LIVE_EPIC,70,18,10,0,TRUE,2011
KIWOOM_2019_PLY_003940_AS,PLY_003940,3,ALLSTAR,76,24,10,10,TRUE,2019
KIWOOM_2025_PLY_003940_EPIC,PLY_003940,2,LIVE_EPIC,70,18,10,0,TRUE,2025
KIWOOM_2023_PLY_003940_TH,PLY_003940,4,TITLE_HOLDER,87,30,10,10,FALSE,2023
KIWOOM_2005_PLY_003941_LN,PLY_003941,1,LIVE_NORMAL,59,12,10,0,TRUE,2005
KIWOOM_2004_PLY_003941_SIG,PLY_003941,6,SIGNATURE,91,40,10,10,FALSE,2004
KIWOOM_2004_PLY_003941_EPIC,PLY_003941,2,LIVE_EPIC,75,18,10,0,TRUE,2004
KIWOOM_2002_PLY_003941_LN,PLY_003941,1,LIVE_NORMAL,65,12,10,0,TRUE,2002
KIWOOM_2006_PLY_003941_GG,PLY_003941,7,GOLDEN_GLOVE,89,35,10,10,FALSE,2006
KIWOOM_2004_PLY_003941_LN,PLY_003941,1,LIVE_NORMAL,65,12,10,0,TRUE,2004
KIWOOM_2005_PLY_003941_TH,PLY_003941,4,TITLE_HOLDER,81,30,10,10,FALSE,2005
KIWOOM_2010_PLY_003942_LN,PLY_003942,1,LIVE_NORMAL,61,12,10,0,TRUE,2010
KIWOOM_2001_PLY_003942_LN,PLY_003942,1,LIVE_NORMAL,64,12,10,0,TRUE,2001
KIWOOM_2003_PLY_003942_EPIC,PLY_003942,2,LIVE_EPIC,68,18,10,0,TRUE,2003
KIWOOM_2008_PLY_003942_AS,PLY_003942,3,ALLSTAR,79,24,10,10,TRUE,2008
KIWOOM_2008_PLY_003942_LN,PLY_003942,1,LIVE_NORMAL,64,12,10,0,TRUE,2008
KIWOOM_2002_PLY_003942_TH,PLY_003942,4,TITLE_HOLDER,87,30,10,10,FALSE,2002
KIWOOM_2000_PLY_003942_LN,PLY_003942,1,LIVE_NORMAL,58,12,10,0,TRUE,2000
KIWOOM_2003_PLY_003942_LN,PLY_003942,1,LIVE_NORMAL,58,12,10,0,TRUE,2003
KIWOOM_2026_PLY_003943_EPIC,PLY_003943,2,LIVE_EPIC,70,18,10,0,TRUE,2026
KIWOOM_2020_PLY_003943_AS,PLY_003943,3,ALLSTAR,82,24,10,10,TRUE,2020
KIWOOM_2023_PLY_003943_AS,PLY_003943,3,ALLSTAR,78,24,10,10,TRUE,2023
KIWOOM_2026_PLY_003943_AS,PLY_003943,3,ALLSTAR,82,24,10,10,TRUE,2026
KIWOOM_2021_PLY_003943_LN,PLY_003943,1,LIVE_NORMAL,65,12,10,0,TRUE,2021
KIWOOM_2024_PLY_003943_AS,PLY_003943,3,ALLSTAR,78,24,10,10,TRUE,2024
KIWOOM_2022_PLY_003943_EPIC,PLY_003943,2,LIVE_EPIC,71,18,10,0,TRUE,2022
KIWOOM_2025_PLY_003943_AS,PLY_003943,3,ALLSTAR,82,24,10,10,TRUE,2025
KIWOOM_2021_PLY_003943_EPIC,PLY_003943,2,LIVE_EPIC,73,18,10,0,TRUE,2021
KIWOOM_2022_PLY_003943_LN,PLY_003943,1,LIVE_NORMAL,64,12,10,0,TRUE,2022
KIWOOM_2000_PLY_003944_EPIC,PLY_003944,2,LIVE_EPIC,71,18,10,0,TRUE,2000
KIWOOM_1993_PLY_003944_EPIC,PLY_003944,2,LIVE_EPIC,66,18,10,0,TRUE,1993
KIWOOM_2024_PLY_003945_EPIC,PLY_003945,2,LIVE_EPIC,69,18,10,0,TRUE,2024
KIWOOM_2022_PLY_003945_AS,PLY_003945,3,ALLSTAR,75,24,10,10,TRUE,2022
KIWOOM_2022_PLY_003945_LN,PLY_003945,1,LIVE_NORMAL,62,12,10,0,TRUE,2022
KIWOOM_2021_PLY_003945_EPIC,PLY_003945,2,LIVE_EPIC,71,18,10,0,TRUE,2021
KIWOOM_2024_PLY_003945_LN,PLY_003945,1,LIVE_NORMAL,62,12,10,0,TRUE,2024
KIWOOM_2020_PLY_003945_LN,PLY_003945,1,LIVE_NORMAL,66,12,10,0,TRUE,2020
KIWOOM_2023_PLY_003945_AS,PLY_003945,3,ALLSTAR,83,24,10,10,TRUE,2023
KIWOOM_2025_PLY_003945_LN,PLY_003945,1,LIVE_NORMAL,66,12,10,0,TRUE,2025
KIWOOM_2022_PLY_003945_EPIC,PLY_003945,2,LIVE_EPIC,75,18,10,0,TRUE,2022
KIWOOM_2025_PLY_003946_LN,PLY_003946,1,LIVE_NORMAL,59,12,10,0,TRUE,2025
KIWOOM_2023_PLY_003946_LN,PLY_003946,1,LIVE_NORMAL,67,12,10,0,TRUE,2023
KIWOOM_2021_PLY_003946_EPIC,PLY_003946,2,LIVE_EPIC,67,18,10,0,TRUE,2021
KIWOOM_2021_PLY_003946_TH,PLY_003946,4,TITLE_HOLDER,85,30,10,10,FALSE,2021
KIWOOM_2024_PLY_003946_GG,PLY_003946,7,GOLDEN_GLOVE,85,35,10,10,FALSE,2024
KIWOOM_2026_PLY_003946_LN,PLY_003946,1,LIVE_NORMAL,62,12,10,0,TRUE,2026
KIWOOM_2023_PLY_003946_TH,PLY_003946,4,TITLE_HOLDER,87,30,10,10,FALSE,2023
KIWOOM_2025_PLY_003947_LN,PLY_003947,1,LIVE_NORMAL,57,12,10,0,TRUE,2025
KIWOOM_2026_PLY_003947_LN,PLY_003947,1,LIVE_NORMAL,67,12,10,0,TRUE,2026
KIWOOM_2021_PLY_003947_LN,PLY_003947,1,LIVE_NORMAL,56,12,10,0,TRUE,2021
KIWOOM_2022_PLY_003947_LN,PLY_003947,1,LIVE_NORMAL,56,12,10,0,TRUE,2022
KIWOOM_2025_PLY_003947_TH,PLY_003947,4,TITLE_HOLDER,87,30,10,10,FALSE,2025
KIWOOM_2023_PLY_003947_TH,PLY_003947,4,TITLE_HOLDER,85,30,10,10,FALSE,2023
KIWOOM_2024_PLY_003947_AS,PLY_003947,3,ALLSTAR,76,24,10,10,TRUE,2024
KIWOOM_2026_PLY_003947_EPIC,PLY_003947,2,LIVE_EPIC,76,18,10,0,TRUE,2026
KIWOOM_2026_PLY_003947_AS,PLY_003947,3,ALLSTAR,75,24,10,10,TRUE,2026
KIWOOM_2023_PLY_003947_LN,PLY_003947,1,LIVE_NORMAL,59,12,10,0,TRUE,2023
KIWOOM_1990_PLY_003948_TH,PLY_003948,4,TITLE_HOLDER,81,30,10,10,FALSE,1990
KIWOOM_1995_PLY_003948_EPIC,PLY_003948,2,LIVE_EPIC,67,18,10,0,TRUE,1995
KIWOOM_1996_PLY_003948_SIG,PLY_003948,6,SIGNATURE,87,40,10,10,FALSE,1996
KIWOOM_1993_PLY_003948_EPIC,PLY_003948,2,LIVE_EPIC,67,18,10,0,TRUE,1993
KIWOOM_1991_PLY_003948_SIG,PLY_003948,6,SIGNATURE,92,40,10,10,FALSE,1991
KIWOOM_1992_PLY_003948_GG,PLY_003948,7,GOLDEN_GLOVE,83,35,10,10,FALSE,1992
KIWOOM_1994_PLY_003948_GG,PLY_003948,7,GOLDEN_GLOVE,88,35,10,10,FALSE,1994
KIWOOM_2007_PLY_003949_EPIC,PLY_003949,2,LIVE_EPIC,74,18,10,0,TRUE,2007
KIWOOM_2000_PLY_003949_AS,PLY_003949,3,ALLSTAR,77,24,10,10,TRUE,2000
KIWOOM_1997_PLY_003949_LN,PLY_003949,1,LIVE_NORMAL,60,12,10,0,TRUE,1997
KIWOOM_2000_PLY_003949_LN,PLY_003949,1,LIVE_NORMAL,58,12,10,0,TRUE,2000
KIWOOM_1995_PLY_003949_EPIC,PLY_003949,2,LIVE_EPIC,76,18,10,0,TRUE,1995
KIWOOM_2010_PLY_003950_EPIC,PLY_003950,2,LIVE_EPIC,68,18,10,0,TRUE,2010
KIWOOM_2016_PLY_003950_EPIC,PLY_003950,2,LIVE_EPIC,76,18,10,0,TRUE,2016
KIWOOM_2010_PLY_003950_LN,PLY_003950,1,LIVE_NORMAL,62,12,10,0,TRUE,2010
KIWOOM_2006_PLY_003950_LN,PLY_003950,1,LIVE_NORMAL,61,12,10,0,TRUE,2006
KIWOOM_2002_PLY_003950_LN,PLY_003950,1,LIVE_NORMAL,66,12,10,0,TRUE,2002
KIWOOM_2004_PLY_003950_EPIC,PLY_003950,2,LIVE_EPIC,69,18,10,0,TRUE,2004
KIWOOM_2009_PLY_003950_EPIC,PLY_003950,2,LIVE_EPIC,67,18,10,0,TRUE,2009
KIWOOM_2021_PLY_003951_GG,PLY_003951,7,GOLDEN_GLOVE,89,35,10,10,FALSE,2021
KIWOOM_2025_PLY_003951_GG,PLY_003951,7,GOLDEN_GLOVE,85,35,10,10,FALSE,2025
KIWOOM_2020_PLY_003951_LN,PLY_003951,1,LIVE_NORMAL,55,12,10,0,TRUE,2020
KIWOOM_2024_PLY_003951_EPIC,PLY_003951,2,LIVE_EPIC,72,18,10,0,TRUE,2024
KIWOOM_2023_PLY_003951_AS,PLY_003951,3,ALLSTAR,79,24,10,10,TRUE,2023
KIWOOM_2026_PLY_003951_AS,PLY_003951,3,ALLSTAR,82,24,10,10,TRUE,2026
KIWOOM_2023_PLY_003951_SIG,PLY_003951,6,SIGNATURE,91,40,10,10,FALSE,2023
KIWOOM_2022_PLY_003951_EPIC,PLY_003951,2,LIVE_EPIC,75,18,10,0,TRUE,2022
KIWOOM_2021_PLY_003951_AS,PLY_003951,3,ALLSTAR,74,24,10,10,TRUE,2021
KIWOOM_2022_PLY_003951_LN,PLY_003951,1,LIVE_NORMAL,55,12,10,0,TRUE,2022
KIWOOM_2004_PLY_003952_LN,PLY_003952,1,LIVE_NORMAL,65,12,10,0,TRUE,2004
KIWOOM_2010_PLY_003952_EPIC,PLY_003952,2,LIVE_EPIC,73,18,10,0,TRUE,2010
KIWOOM_2012_PLY_003953_EPIC,PLY_003953,2,LIVE_EPIC,70,18,10,0,TRUE,2012
KIWOOM_2011_PLY_003953_AS,PLY_003953,3,ALLSTAR,79,24,10,10,TRUE,2011
KIWOOM_2015_PLY_003953_EPIC,PLY_003953,2,LIVE_EPIC,74,18,10,0,TRUE,2015
KIWOOM_2017_PLY_003953_LN,PLY_003953,1,LIVE_NORMAL,55,12,10,0,TRUE,2017
KIWOOM_2013_PLY_003953_EPIC,PLY_003953,2,LIVE_EPIC,75,18,10,0,TRUE,2013
KIWOOM_2020_PLY_003953_GG,PLY_003953,7,GOLDEN_GLOVE,84,35,10,10,FALSE,2020
KIWOOM_2015_PLY_003954_LN,PLY_003954,1,LIVE_NORMAL,63,12,10,0,TRUE,2015
KIWOOM_2010_PLY_003954_TH,PLY_003954,4,TITLE_HOLDER,86,30,10,10,FALSE,2010
KIWOOM_2014_PLY_003954_LN,PLY_003954,1,LIVE_NORMAL,68,12,10,0,TRUE,2014
KIWOOM_2020_PLY_003954_LN,PLY_003954,1,LIVE_NORMAL,65,12,10,0,TRUE,2020
KIWOOM_2018_PLY_003954_TH,PLY_003954,4,TITLE_HOLDER,83,30,10,10,FALSE,2018
KIWOOM_2009_PLY_003955_EPIC,PLY_003955,2,LIVE_EPIC,72,18,10,0,TRUE,2009
KIWOOM_2008_PLY_003955_EPIC,PLY_003955,2,LIVE_EPIC,68,18,10,0,TRUE,2008
KIWOOM_1996_PLY_003956_LN,PLY_003956,1,LIVE_NORMAL,62,12,10,0,TRUE,1996
KIWOOM_2008_PLY_003956_LN,PLY_003956,1,LIVE_NORMAL,61,12,10,0,TRUE,2008
KIWOOM_2001_PLY_003956_AS,PLY_003956,3,ALLSTAR,82,24,10,10,TRUE,2001
KIWOOM_1997_PLY_003956_LN,PLY_003956,1,LIVE_NORMAL,58,12,10,0,TRUE,1997
KIWOOM_1994_PLY_003956_LN,PLY_003956,1,LIVE_NORMAL,58,12,10,0,TRUE,1994
KIWOOM_2003_PLY_003956_EPIC,PLY_003956,2,LIVE_EPIC,72,18,10,0,TRUE,2003
KIWOOM_2002_PLY_003956_EPIC,PLY_003956,2,LIVE_EPIC,72,18,10,0,TRUE,2002
KIWOOM_1990_PLY_003956_AS,PLY_003956,3,ALLSTAR,75,24,10,10,TRUE,1990
KIWOOM_2005_PLY_003956_EPIC,PLY_003956,2,LIVE_EPIC,69,18,10,0,TRUE,2005
KIWOOM_2006_PLY_003956_LN,PLY_003956,1,LIVE_NORMAL,66,12,10,0,TRUE,2006
KIWOOM_2019_PLY_003957_LN,PLY_003957,1,LIVE_NORMAL,65,12,10,0,TRUE,2019
KIWOOM_2008_PLY_003957_LN,PLY_003957,1,LIVE_NORMAL,56,12,10,0,TRUE,2008
KIWOOM_2017_PLY_003957_SIG,PLY_003957,6,SIGNATURE,90,40,10,10,FALSE,2017
KIWOOM_2009_PLY_003958_GG,PLY_003958,7,GOLDEN_GLOVE,83,35,10,10,FALSE,2009
KIWOOM_2007_PLY_003958_LN,PLY_003958,1,LIVE_NORMAL,58,12,10,0,TRUE,2007
KIWOOM_2001_PLY_003958_LN,PLY_003958,1,LIVE_NORMAL,62,12,10,0,TRUE,2001
KIWOOM_2007_PLY_003958_EPIC,PLY_003958,2,LIVE_EPIC,75,18,10,0,TRUE,2007
KIWOOM_2008_PLY_003959_AS,PLY_003959,3,ALLSTAR,80,24,10,10,TRUE,2008
KIWOOM_2006_PLY_003959_AS,PLY_003959,3,ALLSTAR,75,24,10,10,TRUE,2006
KIWOOM_2010_PLY_003959_GG,PLY_003959,7,GOLDEN_GLOVE,84,35,10,10,FALSE,2010
KIWOOM_1996_PLY_003959_AS,PLY_003959,3,ALLSTAR,75,24,10,10,TRUE,1996
KIWOOM_2011_PLY_003959_LN,PLY_003959,1,LIVE_NORMAL,67,12,10,0,TRUE,2011
KIWOOM_1995_PLY_003959_EPIC,PLY_003959,2,LIVE_EPIC,72,18,10,0,TRUE,1995
KIWOOM_1999_PLY_003959_LN,PLY_003959,1,LIVE_NORMAL,65,12,10,0,TRUE,1999
KIWOOM_1993_PLY_003959_AS,PLY_003959,3,ALLSTAR,77,24,10,10,TRUE,1993
KIWOOM_1995_PLY_003959_AS,PLY_003959,3,ALLSTAR,83,24,10,10,TRUE,1995
KIWOOM_2010_PLY_003959_EPIC,PLY_003959,2,LIVE_EPIC,69,18,10,0,TRUE,2010
KIWOOM_1994_PLY_003959_EPIC,PLY_003959,2,LIVE_EPIC,68,18,10,0,TRUE,1994
KIWOOM_1991_PLY_003959_TH,PLY_003959,4,TITLE_HOLDER,86,30,10,10,FALSE,1991
KIWOOM_2003_PLY_003960_SIG,PLY_003960,6,SIGNATURE,87,40,10,10,FALSE,2003
KIWOOM_2003_PLY_003960_AS,PLY_003960,3,ALLSTAR,78,24,10,10,TRUE,2003
KIWOOM_2000_PLY_003960_LN,PLY_003960,1,LIVE_NORMAL,63,12,10,0,TRUE,2000
KIWOOM_2004_PLY_003960_EPIC,PLY_003960,2,LIVE_EPIC,65,18,10,0,TRUE,2004
KIWOOM_1999_PLY_003960_EPIC,PLY_003960,2,LIVE_EPIC,68,18,10,0,TRUE,1999
KIWOOM_2001_PLY_003960_LN,PLY_003960,1,LIVE_NORMAL,62,12,10,0,TRUE,2001
KIWOOM_2003_PLY_003960_LN,PLY_003960,1,LIVE_NORMAL,60,12,10,0,TRUE,2003
KIWOOM_2001_PLY_003960_GG,PLY_003960,7,GOLDEN_GLOVE,84,35,10,10,FALSE,2001
KIWOOM_1999_PLY_003960_SIG,PLY_003960,6,SIGNATURE,90,40,10,10,FALSE,1999
KIWOOM_1998_PLY_003960_LN,PLY_003960,1,LIVE_NORMAL,64,12,10,0,TRUE,1998
KIWOOM_1995_PLY_003961_EPIC,PLY_003961,2,LIVE_EPIC,73,18,10,0,TRUE,1995
KIWOOM_1998_PLY_003961_SIG,PLY_003961,6,SIGNATURE,93,40,10,10,FALSE,1998
KIWOOM_1999_PLY_003961_EPIC,PLY_003961,2,LIVE_EPIC,76,18,10,0,TRUE,1999
KIWOOM_1996_PLY_003961_EPIC,PLY_003961,2,LIVE_EPIC,66,18,10,0,TRUE,1996
KIWOOM_1997_PLY_003961_LN,PLY_003961,1,LIVE_NORMAL,60,12,10,0,TRUE,1997
KIWOOM_1997_PLY_003961_SIG,PLY_003961,6,SIGNATURE,88,40,10,10,FALSE,1997
KIWOOM_1994_PLY_003961_TH,PLY_003961,4,TITLE_HOLDER,80,30,10,10,FALSE,1994
KIWOOM_1996_PLY_003961_AS,PLY_003961,3,ALLSTAR,74,24,10,10,TRUE,1996
KIWOOM_2024_PLY_003962_EPIC,PLY_003962,2,LIVE_EPIC,72,18,10,0,TRUE,2024
KIWOOM_2026_PLY_003962_LN,PLY_003962,1,LIVE_NORMAL,56,12,10,0,TRUE,2026
KIWOOM_2025_PLY_003962_TH,PLY_003962,4,TITLE_HOLDER,80,30,10,10,FALSE,2025
KIWOOM_1997_PLY_003963_EPIC,PLY_003963,2,LIVE_EPIC,68,18,10,0,TRUE,1997
KIWOOM_1998_PLY_003963_EPIC,PLY_003963,2,LIVE_EPIC,73,18,10,0,TRUE,1998
KIWOOM_2002_PLY_003963_AS,PLY_003963,3,ALLSTAR,78,24,10,10,TRUE,2002
KIWOOM_2000_PLY_003963_LN,PLY_003963,1,LIVE_NORMAL,68,12,10,0,TRUE,2000
KIWOOM_2001_PLY_003963_EPIC,PLY_003963,2,LIVE_EPIC,76,18,10,0,TRUE,2001
KIWOOM_1997_PLY_003963_LN,PLY_003963,1,LIVE_NORMAL,65,12,10,0,TRUE,1997
KIWOOM_2004_PLY_003963_GG,PLY_003963,7,GOLDEN_GLOVE,85,35,10,10,FALSE,2004
KIWOOM_2001_PLY_003963_SIG,PLY_003963,6,SIGNATURE,89,40,10,10,FALSE,2001
KIWOOM_2017_PLY_003964_LN,PLY_003964,1,LIVE_NORMAL,68,12,10,0,TRUE,2017
KIWOOM_2021_PLY_003964_TH,PLY_003964,4,TITLE_HOLDER,83,30,10,10,FALSE,2021
KIWOOM_2021_PLY_003964_AS,PLY_003964,3,ALLSTAR,75,24,10,10,TRUE,2021
KIWOOM_2022_PLY_003964_LN,PLY_003964,1,LIVE_NORMAL,55,12,10,0,TRUE,2022
KIWOOM_2019_PLY_003964_TH,PLY_003964,4,TITLE_HOLDER,82,30,10,10,FALSE,2019
KIWOOM_2018_PLY_003964_EPIC,PLY_003964,2,LIVE_EPIC,71,18,10,0,TRUE,2018
KIWOOM_2014_PLY_003965_EPIC,PLY_003965,2,LIVE_EPIC,65,18,10,0,TRUE,2014
KIWOOM_2013_PLY_003965_TH,PLY_003965,4,TITLE_HOLDER,84,30,10,10,FALSE,2013
KIWOOM_2011_PLY_003965_TH,PLY_003965,4,TITLE_HOLDER,87,30,10,10,FALSE,2011
KIWOOM_2012_PLY_003965_LN,PLY_003965,1,LIVE_NORMAL,58,12,10,0,TRUE,2012
KIWOOM_2012_PLY_003965_EPIC,PLY_003965,2,LIVE_EPIC,66,18,10,0,TRUE,2012
KIWOOM_2012_PLY_003965_TH,PLY_003965,4,TITLE_HOLDER,81,30,10,10,FALSE,2012
KIWOOM_2017_PLY_003965_GG,PLY_003965,7,GOLDEN_GLOVE,83,35,10,10,FALSE,2017
KIWOOM_2011_PLY_003965_AS,PLY_003965,3,ALLSTAR,82,24,10,10,TRUE,2011
KIWOOM_2008_PLY_003965_LN,PLY_003965,1,LIVE_NORMAL,55,12,10,0,TRUE,2008
KIWOOM_2013_PLY_003965_LN,PLY_003965,1,LIVE_NORMAL,60,12,10,0,TRUE,2013
KIWOOM_2011_PLY_003965_EPIC,PLY_003965,2,LIVE_EPIC,74,18,10,0,TRUE,2011
KIWOOM_2005_PLY_003966_EPIC,PLY_003966,2,LIVE_EPIC,71,18,10,0,TRUE,2005
KIWOOM_1995_PLY_003966_EPIC,PLY_003966,2,LIVE_EPIC,66,18,10,0,TRUE,1995
KIWOOM_1998_PLY_003966_LN,PLY_003966,1,LIVE_NORMAL,56,12,10,0,TRUE,1998
KIWOOM_1998_PLY_003966_TH,PLY_003966,4,TITLE_HOLDER,87,30,10,10,FALSE,1998
KIWOOM_2006_PLY_003966_EPIC,PLY_003966,2,LIVE_EPIC,66,18,10,0,TRUE,2006
KIWOOM_1994_PLY_003966_AS,PLY_003966,3,ALLSTAR,77,24,10,10,TRUE,1994
KIWOOM_2012_PLY_003967_AS,PLY_003967,3,ALLSTAR,75,24,10,10,TRUE,2012
KIWOOM_2010_PLY_003967_TH,PLY_003967,4,TITLE_HOLDER,83,30,10,10,FALSE,2010
KIWOOM_2012_PLY_003967_SIG,PLY_003967,6,SIGNATURE,91,40,10,10,FALSE,2012
KIWOOM_2008_PLY_003967_LN,PLY_003967,1,LIVE_NORMAL,62,12,10,0,TRUE,2008
KIWOOM_2009_PLY_003967_EPIC,PLY_003967,2,LIVE_EPIC,65,18,10,0,TRUE,2009
KIWOOM_2011_PLY_003967_EPIC,PLY_003967,2,LIVE_EPIC,74,18,10,0,TRUE,2011
KIWOOM_2008_PLY_003967_EPIC,PLY_003967,2,LIVE_EPIC,68,18,10,0,TRUE,2008
KIWOOM_2011_PLY_003967_GG,PLY_003967,7,GOLDEN_GLOVE,87,35,10,10,FALSE,2011
KIWOOM_2004_PLY_003968_EPIC,PLY_003968,2,LIVE_EPIC,66,18,10,0,TRUE,2004
KIWOOM_1999_PLY_003968_EPIC,PLY_003968,2,LIVE_EPIC,70,18,10,0,TRUE,1999
KIWOOM_2007_PLY_003969_TH,PLY_003969,4,TITLE_HOLDER,81,30,10,10,FALSE,2007
KIWOOM_2001_PLY_003969_AS,PLY_003969,3,ALLSTAR,78,24,10,10,TRUE,2001
KIWOOM_2008_PLY_003970_LN,PLY_003970,1,LIVE_NORMAL,55,12,10,0,TRUE,2008
KIWOOM_1996_PLY_003970_TH,PLY_003970,4,TITLE_HOLDER,83,30,10,10,FALSE,1996
KIWOOM_1999_PLY_003970_LN,PLY_003970,1,LIVE_NORMAL,55,12,10,0,TRUE,1999
KIWOOM_1996_PLY_003970_LN,PLY_003970,1,LIVE_NORMAL,57,12,10,0,TRUE,1996
KIWOOM_2009_PLY_003970_EPIC,PLY_003970,2,LIVE_EPIC,75,18,10,0,TRUE,2009
KIWOOM_2006_PLY_003970_EPIC,PLY_003970,2,LIVE_EPIC,68,18,10,0,TRUE,2006
KIWOOM_2005_PLY_003970_EPIC,PLY_003970,2,LIVE_EPIC,67,18,10,0,TRUE,2005
KIWOOM_2005_PLY_003970_AS,PLY_003970,3,ALLSTAR,78,24,10,10,TRUE,2005
KIWOOM_1999_PLY_003970_GG,PLY_003970,7,GOLDEN_GLOVE,90,35,10,10,FALSE,1999
KIWOOM_1996_PLY_003970_AS,PLY_003970,3,ALLSTAR,75,24,10,10,TRUE,1996
KIWOOM_2018_PLY_003971_LN,PLY_003971,1,LIVE_NORMAL,65,12,10,0,TRUE,2018
KIWOOM_2010_PLY_003971_LN,PLY_003971,1,LIVE_NORMAL,64,12,10,0,TRUE,2010
KIWOOM_1998_PLY_003972_SIG,PLY_003972,6,SIGNATURE,91,40,10,10,FALSE,1998
KIWOOM_2000_PLY_003972_EPIC,PLY_003972,2,LIVE_EPIC,71,18,10,0,TRUE,2000
KIWOOM_1990_PLY_003973_EPIC,PLY_003973,2,LIVE_EPIC,68,18,10,0,TRUE,1990
KIWOOM_1993_PLY_003973_EPIC,PLY_003973,2,LIVE_EPIC,71,18,10,0,TRUE,1993
KIWOOM_1994_PLY_003973_LN,PLY_003973,1,LIVE_NORMAL,64,12,10,0,TRUE,1994
KIWOOM_1996_PLY_003973_TH,PLY_003973,4,TITLE_HOLDER,80,30,10,10,FALSE,1996
KIWOOM_1996_PLY_003973_LN,PLY_003973,1,LIVE_NORMAL,61,12,10,0,TRUE,1996
KIWOOM_1998_PLY_003973_LN,PLY_003973,1,LIVE_NORMAL,59,12,10,0,TRUE,1998
KIWOOM_2000_PLY_003973_AS,PLY_003973,3,ALLSTAR,75,24,10,10,TRUE,2000
KIWOOM_1995_PLY_003973_EPIC,PLY_003973,2,LIVE_EPIC,75,18,10,0,TRUE,1995
KIWOOM_2016_PLY_003974_LN,PLY_003974,1,LIVE_NORMAL,57,12,10,0,TRUE,2016
KIWOOM_2018_PLY_003974_LN,PLY_003974,1,LIVE_NORMAL,55,12,10,0,TRUE,2018
KIWOOM_2017_PLY_003974_GG,PLY_003974,7,GOLDEN_GLOVE,86,35,10,10,FALSE,2017
KIWOOM_2017_PLY_003974_AS,PLY_003974,3,ALLSTAR,74,24,10,10,TRUE,2017
KIWOOM_2018_PLY_003974_EPIC,PLY_003974,2,LIVE_EPIC,71,18,10,0,TRUE,2018
KIWOOM_2017_PLY_003974_LN,PLY_003974,1,LIVE_NORMAL,62,12,10,0,TRUE,2017
KIWOOM_2007_PLY_003975_LN,PLY_003975,1,LIVE_NORMAL,58,12,10,0,TRUE,2007
KIWOOM_1993_PLY_003975_EPIC,PLY_003975,2,LIVE_EPIC,76,18,10,0,TRUE,1993
KIWOOM_2000_PLY_003975_LN,PLY_003975,1,LIVE_NORMAL,62,12,10,0,TRUE,2000
KIWOOM_1996_PLY_003975_LN,PLY_003975,1,LIVE_NORMAL,64,12,10,0,TRUE,1996
KIWOOM_2012_PLY_003976_LN,PLY_003976,1,LIVE_NORMAL,58,12,10,0,TRUE,2012
KIWOOM_2011_PLY_003976_EPIC,PLY_003976,2,LIVE_EPIC,72,18,10,0,TRUE,2011
KIWOOM_2011_PLY_003976_LN,PLY_003976,1,LIVE_NORMAL,56,12,10,0,TRUE,2011
KIWOOM_2016_PLY_003976_EPIC,PLY_003976,2,LIVE_EPIC,66,18,10,0,TRUE,2016
KIWOOM_1996_PLY_003977_EPIC,PLY_003977,2,LIVE_EPIC,66,18,10,0,TRUE,1996
KIWOOM_2004_PLY_003977_LN,PLY_003977,1,LIVE_NORMAL,57,12,10,0,TRUE,2004
KIWOOM_1995_PLY_003977_SIG,PLY_003977,6,SIGNATURE,93,40,10,10,FALSE,1995
KIWOOM_2014_PLY_003978_TH,PLY_003978,4,TITLE_HOLDER,87,30,10,10,FALSE,2014
KIWOOM_2018_PLY_003978_AS,PLY_003978,3,ALLSTAR,83,24,10,10,TRUE,2018
KIWOOM_2015_PLY_003978_LN,PLY_003978,1,LIVE_NORMAL,60,12,10,0,TRUE,2015
KIWOOM_2017_PLY_003978_LN,PLY_003978,1,LIVE_NORMAL,65,12,10,0,TRUE,2017
KIWOOM_2020_PLY_003978_LN,PLY_003978,1,LIVE_NORMAL,60,12,10,0,TRUE,2020
KIWOOM_2014_PLY_003978_EPIC,PLY_003978,2,LIVE_EPIC,70,18,10,0,TRUE,2014
KIWOOM_2022_PLY_003978_SIG,PLY_003978,6,SIGNATURE,92,40,10,10,FALSE,2022
KIWOOM_2016_PLY_003978_AS,PLY_003978,3,ALLSTAR,79,24,10,10,TRUE,2016
KIWOOM_2021_PLY_003979_LN,PLY_003979,1,LIVE_NORMAL,68,12,10,0,TRUE,2021
KIWOOM_2020_PLY_003979_TH,PLY_003979,4,TITLE_HOLDER,86,30,10,10,FALSE,2020
KIWOOM_2008_PLY_003979_GG,PLY_003979,7,GOLDEN_GLOVE,85,35,10,10,FALSE,2008
KIWOOM_2020_PLY_003979_EPIC,PLY_003979,2,LIVE_EPIC,70,18,10,0,TRUE,2020
KIWOOM_2019_PLY_003979_LN,PLY_003979,1,LIVE_NORMAL,66,12,10,0,TRUE,2019
KIWOOM_2017_PLY_003979_LN,PLY_003979,1,LIVE_NORMAL,60,12,10,0,TRUE,2017
KIWOOM_2008_PLY_003979_LN,PLY_003979,1,LIVE_NORMAL,68,12,10,0,TRUE,2008
KIWOOM_2016_PLY_003979_LN,PLY_003979,1,LIVE_NORMAL,58,12,10,0,TRUE,2016
KIWOOM_2019_PLY_003979_AS,PLY_003979,3,ALLSTAR,78,24,10,10,TRUE,2019
KIWOOM_2010_PLY_003979_GG,PLY_003979,7,GOLDEN_GLOVE,84,35,10,10,FALSE,2010
KIWOOM_2015_PLY_003979_LN,PLY_003979,1,LIVE_NORMAL,61,12,10,0,TRUE,2015
KIWOOM_2023_PLY_003980_AS,PLY_003980,3,ALLSTAR,83,24,10,10,TRUE,2023
KIWOOM_2018_PLY_003980_LN,PLY_003980,1,LIVE_NORMAL,61,12,10,0,TRUE,2018
KIWOOM_2023_PLY_003981_AS,PLY_003981,3,ALLSTAR,81,24,10,10,TRUE,2023
KIWOOM_2024_PLY_003981_TH,PLY_003981,4,TITLE_HOLDER,82,30,10,10,FALSE,2024
KIWOOM_2025_PLY_003981_LN,PLY_003981,1,LIVE_NORMAL,57,12,10,0,TRUE,2025
KIWOOM_2024_PLY_003981_EPIC,PLY_003981,2,LIVE_EPIC,75,18,10,0,TRUE,2024
KIWOOM_2023_PLY_003981_EPIC,PLY_003981,2,LIVE_EPIC,73,18,10,0,TRUE,2023
KIWOOM_2024_PLY_003981_LN,PLY_003981,1,LIVE_NORMAL,55,12,10,0,TRUE,2024
KIWOOM_2018_PLY_003982_LN,PLY_003982,1,LIVE_NORMAL,65,12,10,0,TRUE,2018
KIWOOM_2013_PLY_003982_LN,PLY_003982,1,LIVE_NORMAL,67,12,10,0,TRUE,2013
KIWOOM_2013_PLY_003982_TH,PLY_003982,4,TITLE_HOLDER,83,30,10,10,FALSE,2013
KIWOOM_2016_PLY_003983_TH,PLY_003983,4,TITLE_HOLDER,87,30,10,10,FALSE,2016
KIWOOM_2016_PLY_003983_EPIC,PLY_003983,2,LIVE_EPIC,66,18,10,0,TRUE,2016
KIWOOM_2010_PLY_003983_LN,PLY_003983,1,LIVE_NORMAL,56,12,10,0,TRUE,2010
KIWOOM_2012_PLY_003983_AS,PLY_003983,3,ALLSTAR,83,24,10,10,TRUE,2012
KIWOOM_2000_PLY_003983_EPIC,PLY_003983,2,LIVE_EPIC,65,18,10,0,TRUE,2000
KIWOOM_2016_PLY_003983_LN,PLY_003983,1,LIVE_NORMAL,66,12,10,0,TRUE,2016
KIWOOM_2014_PLY_003983_LN,PLY_003983,1,LIVE_NORMAL,62,12,10,0,TRUE,2014
KIWOOM_2002_PLY_003983_LN,PLY_003983,1,LIVE_NORMAL,62,12,10,0,TRUE,2002
KIWOOM_1992_PLY_003984_EPIC,PLY_003984,2,LIVE_EPIC,69,18,10,0,TRUE,1992
KIWOOM_1994_PLY_003984_LN,PLY_003984,1,LIVE_NORMAL,65,12,10,0,TRUE,1994
KIWOOM_1990_PLY_003984_LN,PLY_003984,1,LIVE_NORMAL,55,12,10,0,TRUE,1990
KIWOOM_1994_PLY_003984_EPIC,PLY_003984,2,LIVE_EPIC,75,18,10,0,TRUE,1994
KIWOOM_1994_PLY_003985_AS,PLY_003985,3,ALLSTAR,75,24,10,10,TRUE,1994
KIWOOM_1997_PLY_003985_EPIC,PLY_003985,2,LIVE_EPIC,66,18,10,0,TRUE,1997
KIWOOM_1992_PLY_003985_EPIC,PLY_003985,2,LIVE_EPIC,69,18,10,0,TRUE,1992
KIWOOM_2000_PLY_003985_LN,PLY_003985,1,LIVE_NORMAL,67,12,10,0,TRUE,2000
KIWOOM_1997_PLY_003985_LN,PLY_003985,1,LIVE_NORMAL,63,12,10,0,TRUE,1997
KIWOOM_1995_PLY_003985_LN,PLY_003985,1,LIVE_NORMAL,63,12,10,0,TRUE,1995
KIWOOM_1995_PLY_003985_EPIC,PLY_003985,2,LIVE_EPIC,71,18,10,0,TRUE,1995
KIWOOM_2013_PLY_003986_GG,PLY_003986,7,GOLDEN_GLOVE,90,35,10,10,FALSE,2013
KIWOOM_2014_PLY_003986_TH,PLY_003986,4,TITLE_HOLDER,86,30,10,10,FALSE,2014
KIWOOM_2014_PLY_003986_AS,PLY_003986,3,ALLSTAR,82,24,10,10,TRUE,2014
KIWOOM_1998_PLY_003987_AS,PLY_003987,3,ALLSTAR,79,24,10,10,TRUE,1998
KIWOOM_2003_PLY_003987_LN,PLY_003987,1,LIVE_NORMAL,65,12,10,0,TRUE,2003
KIWOOM_2005_PLY_003987_EPIC,PLY_003987,2,LIVE_EPIC,66,18,10,0,TRUE,2005
KIWOOM_2001_PLY_003987_GG,PLY_003987,7,GOLDEN_GLOVE,85,35,10,10,FALSE,2001
KIWOOM_2000_PLY_003987_EPIC,PLY_003987,2,LIVE_EPIC,65,18,10,0,TRUE,2000
KIWOOM_1999_PLY_003987_AS,PLY_003987,3,ALLSTAR,78,24,10,10,TRUE,1999
KIWOOM_2001_PLY_003987_EPIC,PLY_003987,2,LIVE_EPIC,68,18,10,0,TRUE,2001
KIWOOM_2005_PLY_003987_LN,PLY_003987,1,LIVE_NORMAL,58,12,10,0,TRUE,2005
KIWOOM_1998_PLY_003987_GG,PLY_003987,7,GOLDEN_GLOVE,86,35,10,10,FALSE,1998
KIWOOM_2003_PLY_003988_SIG,PLY_003988,6,SIGNATURE,89,40,10,10,FALSE,2003
KIWOOM_2002_PLY_003988_LN,PLY_003988,1,LIVE_NORMAL,60,12,10,0,TRUE,2002
KIWOOM_2004_PLY_003988_EPIC,PLY_003988,2,LIVE_EPIC,69,18,10,0,TRUE,2004
KIWOOM_2002_PLY_003988_EPIC,PLY_003988,2,LIVE_EPIC,70,18,10,0,TRUE,2002
KIWOOM_2003_PLY_003988_EPIC,PLY_003988,2,LIVE_EPIC,67,18,10,0,TRUE,2003
KIWOOM_1999_PLY_003988_LN,PLY_003988,1,LIVE_NORMAL,64,12,10,0,TRUE,1999
KIWOOM_2005_PLY_003989_SIG,PLY_003989,6,SIGNATURE,88,40,10,10,FALSE,2005
KIWOOM_2008_PLY_003989_LN,PLY_003989,1,LIVE_NORMAL,65,12,10,0,TRUE,2008
KIWOOM_2006_PLY_003989_EPIC,PLY_003989,2,LIVE_EPIC,74,18,10,0,TRUE,2006
KIWOOM_2008_PLY_003989_EPIC,PLY_003989,2,LIVE_EPIC,72,18,10,0,TRUE,2008
KIWOOM_2008_PLY_003989_AS,PLY_003989,3,ALLSTAR,81,24,10,10,TRUE,2008
KIWOOM_2009_PLY_003989_LN,PLY_003989,1,LIVE_NORMAL,66,12,10,0,TRUE,2009
KIWOOM_2007_PLY_003989_LN,PLY_003989,1,LIVE_NORMAL,59,12,10,0,TRUE,2007
KIWOOM_2005_PLY_003989_AS,PLY_003989,3,ALLSTAR,75,24,10,10,TRUE,2005
KIWOOM_2015_PLY_003990_AS,PLY_003990,3,ALLSTAR,79,24,10,10,TRUE,2015
KIWOOM_2004_PLY_003990_EPIC,PLY_003990,2,LIVE_EPIC,65,18,10,0,TRUE,2004
KIWOOM_2014_PLY_003990_TH,PLY_003990,4,TITLE_HOLDER,82,30,10,10,FALSE,2014
KIWOOM_2013_PLY_003990_EPIC,PLY_003990,2,LIVE_EPIC,65,18,10,0,TRUE,2013
KIWOOM_2000_PLY_003991_LN,PLY_003991,1,LIVE_NORMAL,57,12,10,0,TRUE,2000
KIWOOM_2010_PLY_003991_LN,PLY_003991,1,LIVE_NORMAL,61,12,10,0,TRUE,2010
KIWOOM_2002_PLY_003991_LN,PLY_003991,1,LIVE_NORMAL,67,12,10,0,TRUE,2002
KIWOOM_2013_PLY_003991_AS,PLY_003991,3,ALLSTAR,78,24,10,10,TRUE,2013
KIWOOM_2004_PLY_003992_EPIC,PLY_003992,2,LIVE_EPIC,65,18,10,0,TRUE,2004
KIWOOM_2003_PLY_003992_SIG,PLY_003992,6,SIGNATURE,93,40,10,10,FALSE,2003
KIWOOM_2004_PLY_003992_GG,PLY_003992,7,GOLDEN_GLOVE,85,35,10,10,FALSE,2004
KIWOOM_2000_PLY_003992_LN,PLY_003992,1,LIVE_NORMAL,63,12,10,0,TRUE,2000
KIWOOM_2001_PLY_003993_GG,PLY_003993,7,GOLDEN_GLOVE,85,35,10,10,FALSE,2001
KIWOOM_2004_PLY_003993_GG,PLY_003993,7,GOLDEN_GLOVE,87,35,10,10,FALSE,2004
KIWOOM_2004_PLY_003993_SIG,PLY_003993,6,SIGNATURE,92,40,10,10,FALSE,2004
KIWOOM_2000_PLY_003993_AS,PLY_003993,3,ALLSTAR,77,24,10,10,TRUE,2000
KIWOOM_2003_PLY_003993_AS,PLY_003993,3,ALLSTAR,75,24,10,10,TRUE,2003
KIWOOM_1996_PLY_003993_EPIC,PLY_003993,2,LIVE_EPIC,68,18,10,0,TRUE,1996
KIWOOM_1996_PLY_003993_LN,PLY_003993,1,LIVE_NORMAL,67,12,10,0,TRUE,1996
KIWOOM_2000_PLY_003993_EPIC,PLY_003993,2,LIVE_EPIC,68,18,10,0,TRUE,2000
KIWOOM_2024_PLY_003994_EPIC,PLY_003994,2,LIVE_EPIC,71,18,10,0,TRUE,2024
KIWOOM_2023_PLY_003994_LN,PLY_003994,1,LIVE_NORMAL,63,12,10,0,TRUE,2023
KIWOOM_2023_PLY_003994_TH,PLY_003994,4,TITLE_HOLDER,85,30,10,10,FALSE,2023
KIWOOM_2026_PLY_003994_AS,PLY_003994,3,ALLSTAR,79,24,10,10,TRUE,2026
KIWOOM_2024_PLY_003994_LN,PLY_003994,1,LIVE_NORMAL,65,12,10,0,TRUE,2024
KIWOOM_1989_PLY_003995_TH,PLY_003995,4,TITLE_HOLDER,83,30,10,10,FALSE,1989
KIWOOM_1989_PLY_003995_LN,PLY_003995,1,LIVE_NORMAL,66,12,10,0,TRUE,1989
KIWOOM_1992_PLY_003995_LN,PLY_003995,1,LIVE_NORMAL,58,12,10,0,TRUE,1992
KIWOOM_1994_PLY_003995_LN,PLY_003995,1,LIVE_NORMAL,60,12,10,0,TRUE,1994
KIWOOM_1990_PLY_003995_LN,PLY_003995,1,LIVE_NORMAL,57,12,10,0,TRUE,1990
KIWOOM_1991_PLY_003995_EPIC,PLY_003995,2,LIVE_EPIC,75,18,10,0,TRUE,1991
KIWOOM_1990_PLY_003995_EPIC,PLY_003995,2,LIVE_EPIC,69,18,10,0,TRUE,1990
KIWOOM_1995_PLY_003996_AS,PLY_003996,3,ALLSTAR,81,24,10,10,TRUE,1995
KIWOOM_1997_PLY_003996_LN,PLY_003996,1,LIVE_NORMAL,68,12,10,0,TRUE,1997
KIWOOM_1997_PLY_003996_GG,PLY_003996,7,GOLDEN_GLOVE,84,35,10,10,FALSE,1997
KIWOOM_1986_PLY_003996_EPIC,PLY_003996,2,LIVE_EPIC,74,18,10,0,TRUE,1986
KIWOOM_2000_PLY_003997_LN,PLY_003997,1,LIVE_NORMAL,61,12,10,0,TRUE,2000
KIWOOM_1992_PLY_003997_LN,PLY_003997,1,LIVE_NORMAL,61,12,10,0,TRUE,1992
KIWOOM_1998_PLY_003997_AS,PLY_003997,3,ALLSTAR,82,24,10,10,TRUE,1998
KIWOOM_1999_PLY_003997_AS,PLY_003997,3,ALLSTAR,78,24,10,10,TRUE,1999
KIWOOM_1999_PLY_003997_LN,PLY_003997,1,LIVE_NORMAL,64,12,10,0,TRUE,1999
KIWOOM_1993_PLY_003997_AS,PLY_003997,3,ALLSTAR,79,24,10,10,TRUE,1993
KIWOOM_2017_PLY_003998_LN,PLY_003998,1,LIVE_NORMAL,59,12,10,0,TRUE,2017
KIWOOM_2001_PLY_003998_LN,PLY_003998,1,LIVE_NORMAL,63,12,10,0,TRUE,2001
KIWOOM_2014_PLY_003998_EPIC,PLY_003998,2,LIVE_EPIC,69,18,10,0,TRUE,2014
KIWOOM_2010_PLY_003998_EPIC,PLY_003998,2,LIVE_EPIC,67,18,10,0,TRUE,2010
KIWOOM_2006_PLY_003998_LN,PLY_003998,1,LIVE_NORMAL,68,12,10,0,TRUE,2006
KIWOOM_2013_PLY_003998_AS,PLY_003998,3,ALLSTAR,76,24,10,10,TRUE,2013
KIWOOM_2014_PLY_003998_LN,PLY_003998,1,LIVE_NORMAL,66,12,10,0,TRUE,2014
KIWOOM_2002_PLY_003998_LN,PLY_003998,1,LIVE_NORMAL,63,12,10,0,TRUE,2002
KIWOOM_2011_PLY_003998_GG,PLY_003998,7,GOLDEN_GLOVE,83,35,10,10,FALSE,2011
KIWOOM_2007_PLY_003999_AS,PLY_003999,3,ALLSTAR,80,24,10,10,TRUE,2007
KIWOOM_2006_PLY_003999_EPIC,PLY_003999,2,LIVE_EPIC,71,18,10,0,TRUE,2006
KIWOOM_2006_PLY_003999_LN,PLY_003999,1,LIVE_NORMAL,60,12,10,0,TRUE,2006
KIWOOM_2012_PLY_003999_TH,PLY_003999,4,TITLE_HOLDER,84,30,10,10,FALSE,2012
KIWOOM_2010_PLY_003999_EPIC,PLY_003999,2,LIVE_EPIC,72,18,10,0,TRUE,2010
KIWOOM_2001_PLY_003999_EPIC,PLY_003999,2,LIVE_EPIC,73,18,10,0,TRUE,2001
KIWOOM_2001_PLY_003999_LN,PLY_003999,1,LIVE_NORMAL,67,12,10,0,TRUE,2001
KIWOOM_1998_PLY_004000_EPIC,PLY_004000,2,LIVE_EPIC,73,18,10,0,TRUE,1998
KIWOOM_2002_PLY_004000_EPIC,PLY_004000,2,LIVE_EPIC,69,18,10,0,TRUE,2002
KIWOOM_2001_PLY_004000_EPIC,PLY_004000,2,LIVE_EPIC,65,18,10,0,TRUE,2001
KIWOOM_2001_PLY_004000_LN,PLY_004000,1,LIVE_NORMAL,57,12,10,0,TRUE,2001
KIWOOM_2022_PLY_004001_EPIC,PLY_004001,2,LIVE_EPIC,71,18,10,0,TRUE,2022
KIWOOM_2024_PLY_004001_AS,PLY_004001,3,ALLSTAR,78,24,10,10,TRUE,2024
KIWOOM_2020_PLY_004001_LN,PLY_004001,1,LIVE_NORMAL,67,12,10,0,TRUE,2020
KIWOOM_2020_PLY_004001_GG,PLY_004001,7,GOLDEN_GLOVE,84,35,10,10,FALSE,2020
KIWOOM_2025_PLY_004001_EPIC,PLY_004001,2,LIVE_EPIC,74,18,10,0,TRUE,2025
KIWOOM_2026_PLY_004001_LN,PLY_004001,1,LIVE_NORMAL,67,12,10,0,TRUE,2026
KIWOOM_2025_PLY_004001_TH,PLY_004001,4,TITLE_HOLDER,87,30,10,10,FALSE,2025
KIWOOM_1997_PLY_004002_LN,PLY_004002,1,LIVE_NORMAL,60,12,10,0,TRUE,1997
KIWOOM_2000_PLY_004002_LN,PLY_004002,1,LIVE_NORMAL,55,12,10,0,TRUE,2000
KIWOOM_2002_PLY_004002_AS,PLY_004002,3,ALLSTAR,79,24,10,10,TRUE,2002
KIWOOM_2000_PLY_004002_EPIC,PLY_004002,2,LIVE_EPIC,69,18,10,0,TRUE,2000
KIWOOM_2002_PLY_004002_EPIC,PLY_004002,2,LIVE_EPIC,73,18,10,0,TRUE,2002
KIWOOM_2002_PLY_004002_LN,PLY_004002,1,LIVE_NORMAL,63,12,10,0,TRUE,2002
KIWOOM_1997_PLY_004002_EPIC,PLY_004002,2,LIVE_EPIC,72,18,10,0,TRUE,1997
KIWOOM_2005_PLY_004002_EPIC,PLY_004002,2,LIVE_EPIC,74,18,10,0,TRUE,2005
KIWOOM_1994_PLY_004003_EPIC,PLY_004003,2,LIVE_EPIC,65,18,10,0,TRUE,1994
KIWOOM_1993_PLY_004003_LN,PLY_004003,1,LIVE_NORMAL,64,12,10,0,TRUE,1993
KIWOOM_1998_PLY_004003_LN,PLY_004003,1,LIVE_NORMAL,56,12,10,0,TRUE,1998
KIWOOM_1997_PLY_004003_LN,PLY_004003,1,LIVE_NORMAL,63,12,10,0,TRUE,1997
KIWOOM_1999_PLY_004003_EPIC,PLY_004003,2,LIVE_EPIC,76,18,10,0,TRUE,1999
KIWOOM_1997_PLY_004003_EPIC,PLY_004003,2,LIVE_EPIC,76,18,10,0,TRUE,1997
KIWOOM_2001_PLY_004003_LN,PLY_004003,1,LIVE_NORMAL,65,12,10,0,TRUE,2001
KIWOOM_1997_PLY_004004_LN,PLY_004004,1,LIVE_NORMAL,56,12,10,0,TRUE,1997
KIWOOM_2006_PLY_004004_LN,PLY_004004,1,LIVE_NORMAL,64,12,10,0,TRUE,2006
KIWOOM_2008_PLY_004004_LN,PLY_004004,1,LIVE_NORMAL,65,12,10,0,TRUE,2008
KIWOOM_2016_PLY_004004_EPIC,PLY_004004,2,LIVE_EPIC,66,18,10,0,TRUE,2016
KIWOOM_2006_PLY_004004_GG,PLY_004004,7,GOLDEN_GLOVE,86,35,10,10,FALSE,2006
KIWOOM_2001_PLY_004004_GG,PLY_004004,7,GOLDEN_GLOVE,85,35,10,10,FALSE,2001
KIWOOM_2005_PLY_004004_AS,PLY_004004,3,ALLSTAR,82,24,10,10,TRUE,2005
KIWOOM_2013_PLY_004004_LN,PLY_004004,1,LIVE_NORMAL,65,12,10,0,TRUE,2013
KIWOOM_2003_PLY_004004_TH,PLY_004004,4,TITLE_HOLDER,82,30,10,10,FALSE,2003
KIWOOM_2015_PLY_004004_LN,PLY_004004,1,LIVE_NORMAL,65,12,10,0,TRUE,2015
KIWOOM_2014_PLY_004005_GG,PLY_004005,7,GOLDEN_GLOVE,85,35,10,10,FALSE,2014
KIWOOM_2017_PLY_004005_EPIC,PLY_004005,2,LIVE_EPIC,73,18,10,0,TRUE,2017
KIWOOM_2013_PLY_004005_LN,PLY_004005,1,LIVE_NORMAL,64,12,10,0,TRUE,2013
KIWOOM_2012_PLY_004005_EPIC,PLY_004005,2,LIVE_EPIC,67,18,10,0,TRUE,2012
KIWOOM_2007_PLY_004005_TH,PLY_004005,4,TITLE_HOLDER,82,30,10,10,FALSE,2007
KIWOOM_2017_PLY_004006_LN,PLY_004006,1,LIVE_NORMAL,59,12,10,0,TRUE,2017
KIWOOM_2025_PLY_004006_EPIC,PLY_004006,2,LIVE_EPIC,75,18,10,0,TRUE,2025
KIWOOM_2026_PLY_004006_LN,PLY_004006,1,LIVE_NORMAL,64,12,10,0,TRUE,2026
KIWOOM_2015_PLY_004006_LN,PLY_004006,1,LIVE_NORMAL,62,12,10,0,TRUE,2015
KIWOOM_2023_PLY_004006_TH,PLY_004006,4,TITLE_HOLDER,81,30,10,10,FALSE,2023
KIWOOM_2019_PLY_004006_EPIC,PLY_004006,2,LIVE_EPIC,70,18,10,0,TRUE,2019
KIWOOM_2015_PLY_004006_EPIC,PLY_004006,2,LIVE_EPIC,74,18,10,0,TRUE,2015
KIWOOM_2020_PLY_004006_LN,PLY_004006,1,LIVE_NORMAL,59,12,10,0,TRUE,2020
KIWOOM_2011_PLY_004006_EPIC,PLY_004006,2,LIVE_EPIC,65,18,10,0,TRUE,2011
KIWOOM_2022_PLY_004006_EPIC,PLY_004006,2,LIVE_EPIC,72,18,10,0,TRUE,2022
KIWOOM_2018_PLY_004006_SIG,PLY_004006,6,SIGNATURE,93,40,10,10,FALSE,2018
KIWOOM_2006_PLY_004007_LN,PLY_004007,1,LIVE_NORMAL,58,12,10,0,TRUE,2006
KIWOOM_2002_PLY_004007_TH,PLY_004007,4,TITLE_HOLDER,80,30,10,10,FALSE,2002
KIWOOM_2001_PLY_004007_EPIC,PLY_004007,2,LIVE_EPIC,74,18,10,0,TRUE,2001
KIWOOM_2003_PLY_004007_GG,PLY_004007,7,GOLDEN_GLOVE,83,35,10,10,FALSE,2003
KIWOOM_2008_PLY_004007_TH,PLY_004007,4,TITLE_HOLDER,83,30,10,10,FALSE,2008
KIWOOM_1999_PLY_004007_LN,PLY_004007,1,LIVE_NORMAL,68,12,10,0,TRUE,1999
KIWOOM_2018_PLY_004008_AS,PLY_004008,3,ALLSTAR,76,24,10,10,TRUE,2018
KIWOOM_2016_PLY_004008_EPIC,PLY_004008,2,LIVE_EPIC,76,18,10,0,TRUE,2016
KIWOOM_2016_PLY_004008_LN,PLY_004008,1,LIVE_NORMAL,57,12,10,0,TRUE,2016
KIWOOM_2017_PLY_004008_AS,PLY_004008,3,ALLSTAR,78,24,10,10,TRUE,2017
KIWOOM_2016_PLY_004008_AS,PLY_004008,3,ALLSTAR,78,24,10,10,TRUE,2016
KIWOOM_2022_PLY_004008_LN,PLY_004008,1,LIVE_NORMAL,57,12,10,0,TRUE,2022
KIWOOM_2019_PLY_004008_TH,PLY_004008,4,TITLE_HOLDER,87,30,10,10,FALSE,2019
KIWOOM_2023_PLY_004009_AS,PLY_004009,3,ALLSTAR,83,24,10,10,TRUE,2023
KIWOOM_2024_PLY_004009_GG,PLY_004009,7,GOLDEN_GLOVE,84,35,10,10,FALSE,2024
KIWOOM_2022_PLY_004009_AS,PLY_004009,3,ALLSTAR,81,24,10,10,TRUE,2022
KIWOOM_2023_PLY_004009_LN,PLY_004009,1,LIVE_NORMAL,67,12,10,0,TRUE,2023
KIWOOM_2026_PLY_004009_AS,PLY_004009,3,ALLSTAR,79,24,10,10,TRUE,2026
KIWOOM_2022_PLY_004009_EPIC,PLY_004009,2,LIVE_EPIC,66,18,10,0,TRUE,2022
KIWOOM_2024_PLY_004009_EPIC,PLY_004009,2,LIVE_EPIC,71,18,10,0,TRUE,2024
KIWOOM_2025_PLY_004009_LN,PLY_004009,1,LIVE_NORMAL,62,12,10,0,TRUE,2025
KIWOOM_2026_PLY_004009_LN,PLY_004009,1,LIVE_NORMAL,62,12,10,0,TRUE,2026
KIWOOM_2025_PLY_004009_TH,PLY_004009,4,TITLE_HOLDER,85,30,10,10,FALSE,2025
KIWOOM_2017_PLY_004010_GG,PLY_004010,7,GOLDEN_GLOVE,83,35,10,10,FALSE,2017
KIWOOM_2017_PLY_004010_LN,PLY_004010,1,LIVE_NORMAL,61,12,10,0,TRUE,2017
KIWOOM_2019_PLY_004010_LN,PLY_004010,1,LIVE_NORMAL,55,12,10,0,TRUE,2019
KIWOOM_2021_PLY_004010_TH,PLY_004010,4,TITLE_HOLDER,83,30,10,10,FALSE,2021
KIWOOM_2017_PLY_004010_TH,PLY_004010,4,TITLE_HOLDER,81,30,10,10,FALSE,2017
KIWOOM_2019_PLY_004010_EPIC,PLY_004010,2,LIVE_EPIC,66,18,10,0,TRUE,2019
KIWOOM_2021_PLY_004010_GG,PLY_004010,7,GOLDEN_GLOVE,89,35,10,10,FALSE,2021
KIWOOM_2021_PLY_004010_LN,PLY_004010,1,LIVE_NORMAL,58,12,10,0,TRUE,2021
KIWOOM_2020_PLY_004011_GG,PLY_004011,7,GOLDEN_GLOVE,85,35,10,10,FALSE,2020
KIWOOM_2021_PLY_004011_LN,PLY_004011,1,LIVE_NORMAL,65,12,10,0,TRUE,2021
KIWOOM_2021_PLY_004011_TH,PLY_004011,4,TITLE_HOLDER,87,30,10,10,FALSE,2021
KIWOOM_2023_PLY_004011_LN,PLY_004011,1,LIVE_NORMAL,66,12,10,0,TRUE,2023
KIWOOM_2022_PLY_004011_TH,PLY_004011,4,TITLE_HOLDER,87,30,10,10,FALSE,2022
KIWOOM_2026_PLY_004011_LN,PLY_004011,1,LIVE_NORMAL,66,12,10,0,TRUE,2026
KIWOOM_2025_PLY_004011_LN,PLY_004011,1,LIVE_NORMAL,56,12,10,0,TRUE,2025
KIWOOM_2014_PLY_004012_EPIC,PLY_004012,2,LIVE_EPIC,69,18,10,0,TRUE,2014
KIWOOM_2009_PLY_004012_AS,PLY_004012,3,ALLSTAR,74,24,10,10,TRUE,2009
KIWOOM_2013_PLY_004012_LN,PLY_004012,1,LIVE_NORMAL,68,12,10,0,TRUE,2013
KIWOOM_2005_PLY_004012_EPIC,PLY_004012,2,LIVE_EPIC,73,18,10,0,TRUE,2005
KIWOOM_2013_PLY_004012_AS,PLY_004012,3,ALLSTAR,77,24,10,10,TRUE,2013
KIWOOM_2009_PLY_004012_LN,PLY_004012,1,LIVE_NORMAL,59,12,10,0,TRUE,2009
KIWOOM_2017_PLY_004012_LN,PLY_004012,1,LIVE_NORMAL,62,12,10,0,TRUE,2017
KIWOOM_2017_PLY_004012_EPIC,PLY_004012,2,LIVE_EPIC,65,18,10,0,TRUE,2017
KIWOOM_2015_PLY_004012_LN,PLY_004012,1,LIVE_NORMAL,66,12,10,0,TRUE,2015
KIWOOM_2007_PLY_004012_LN,PLY_004012,1,LIVE_NORMAL,62,12,10,0,TRUE,2007
KIWOOM_2007_PLY_004012_EPIC,PLY_004012,2,LIVE_EPIC,67,18,10,0,TRUE,2007
KIWOOM_1996_PLY_004013_TH,PLY_004013,4,TITLE_HOLDER,83,30,10,10,FALSE,1996
KIWOOM_2004_PLY_004013_AS,PLY_004013,3,ALLSTAR,83,24,10,10,TRUE,2004
KIWOOM_2001_PLY_004013_EPIC,PLY_004013,2,LIVE_EPIC,69,18,10,0,TRUE,2001
KIWOOM_2004_PLY_004013_EPIC,PLY_004013,2,LIVE_EPIC,72,18,10,0,TRUE,2004
KIWOOM_2004_PLY_004013_LN,PLY_004013,1,LIVE_NORMAL,57,12,10,0,TRUE,2004
KIWOOM_1996_PLY_004013_LN,PLY_004013,1,LIVE_NORMAL,61,12,10,0,TRUE,1996
KIWOOM_2000_PLY_004013_EPIC,PLY_004013,2,LIVE_EPIC,74,18,10,0,TRUE,2000
KIWOOM_1995_PLY_004013_LN,PLY_004013,1,LIVE_NORMAL,68,12,10,0,TRUE,1995
KIWOOM_2003_PLY_004013_GG,PLY_004013,7,GOLDEN_GLOVE,89,35,10,10,FALSE,2003
KIWOOM_2015_PLY_004014_TH,PLY_004014,4,TITLE_HOLDER,85,30,10,10,FALSE,2015
KIWOOM_2010_PLY_004014_EPIC,PLY_004014,2,LIVE_EPIC,69,18,10,0,TRUE,2010
KIWOOM_2011_PLY_004014_EPIC,PLY_004014,2,LIVE_EPIC,72,18,10,0,TRUE,2011
KIWOOM_2007_PLY_004014_GG,PLY_004014,7,GOLDEN_GLOVE,86,35,10,10,FALSE,2007
KIWOOM_2015_PLY_004014_EPIC,PLY_004014,2,LIVE_EPIC,76,18,10,0,TRUE,2015
KIWOOM_2016_PLY_004015_LN,PLY_004015,1,LIVE_NORMAL,61,12,10,0,TRUE,2016
KIWOOM_2012_PLY_004015_SIG,PLY_004015,6,SIGNATURE,93,40,10,10,FALSE,2012
KIWOOM_2001_PLY_004015_AS,PLY_004015,3,ALLSTAR,82,24,10,10,TRUE,2001
KIWOOM_2003_PLY_004015_EPIC,PLY_004015,2,LIVE_EPIC,65,18,10,0,TRUE,2003
KIWOOM_2025_PLY_004016_AS,PLY_004016,3,ALLSTAR,74,24,10,10,TRUE,2025
KIWOOM_2025_PLY_004016_LN,PLY_004016,1,LIVE_NORMAL,62,12,10,0,TRUE,2025
KIWOOM_2022_PLY_004016_LN,PLY_004016,1,LIVE_NORMAL,62,12,10,0,TRUE,2022
KIWOOM_2023_PLY_004016_EPIC,PLY_004016,2,LIVE_EPIC,75,18,10,0,TRUE,2023
KIWOOM_2025_PLY_004016_TH,PLY_004016,4,TITLE_HOLDER,86,30,10,10,FALSE,2025
KIWOOM_2022_PLY_004016_SIG,PLY_004016,6,SIGNATURE,91,40,10,10,FALSE,2022
KIWOOM_2023_PLY_004016_LN,PLY_004016,1,LIVE_NORMAL,65,12,10,0,TRUE,2023
KIWOOM_2026_PLY_004016_LN,PLY_004016,1,LIVE_NORMAL,64,12,10,0,TRUE,2026
KIWOOM_2024_PLY_004016_AS,PLY_004016,3,ALLSTAR,81,24,10,10,TRUE,2024
KIWOOM_2012_PLY_004017_EPIC,PLY_004017,2,LIVE_EPIC,73,18,10,0,TRUE,2012
KIWOOM_2017_PLY_004017_SIG,PLY_004017,6,SIGNATURE,87,40,10,10,FALSE,2017
KIWOOM_2011_PLY_004017_AS,PLY_004017,3,ALLSTAR,80,24,10,10,TRUE,2011
KIWOOM_2014_PLY_004017_EPIC,PLY_004017,2,LIVE_EPIC,69,18,10,0,TRUE,2014
KIWOOM_2014_PLY_004017_LN,PLY_004017,1,LIVE_NORMAL,67,12,10,0,TRUE,2014
KIWOOM_2015_PLY_004017_AS,PLY_004017,3,ALLSTAR,80,24,10,10,TRUE,2015
KIWOOM_2011_PLY_004017_LN,PLY_004017,1,LIVE_NORMAL,67,12,10,0,TRUE,2011
KIWOOM_2015_PLY_004017_LN,PLY_004017,1,LIVE_NORMAL,60,12,10,0,TRUE,2015
KIWOOM_2001_PLY_004018_TH,PLY_004018,4,TITLE_HOLDER,84,30,10,10,FALSE,2001
KIWOOM_1997_PLY_004018_EPIC,PLY_004018,2,LIVE_EPIC,69,18,10,0,TRUE,1997
KIWOOM_2001_PLY_004018_LN,PLY_004018,1,LIVE_NORMAL,56,12,10,0,TRUE,2001
KIWOOM_1999_PLY_004018_TH,PLY_004018,4,TITLE_HOLDER,87,30,10,10,FALSE,1999
KIWOOM_2000_PLY_004018_LN,PLY_004018,1,LIVE_NORMAL,57,12,10,0,TRUE,2000
KIWOOM_2023_PLY_004019_LN,PLY_004019,1,LIVE_NORMAL,64,12,10,0,TRUE,2023
KIWOOM_2018_PLY_004019_SIG,PLY_004019,6,SIGNATURE,88,40,10,10,FALSE,2018
KIWOOM_2021_PLY_004019_TH,PLY_004019,4,TITLE_HOLDER,87,30,10,10,FALSE,2021
KIWOOM_2022_PLY_004019_LN,PLY_004019,1,LIVE_NORMAL,63,12,10,0,TRUE,2022
KIWOOM_2019_PLY_004019_EPIC,PLY_004019,2,LIVE_EPIC,69,18,10,0,TRUE,2019
KIWOOM_2018_PLY_004019_LN,PLY_004019,1,LIVE_NORMAL,59,12,10,0,TRUE,2018
KIWOOM_2004_PLY_004020_LN,PLY_004020,1,LIVE_NORMAL,67,12,10,0,TRUE,2004
KIWOOM_2012_PLY_004020_GG,PLY_004020,7,GOLDEN_GLOVE,90,35,10,10,FALSE,2012
KIWOOM_2004_PLY_004020_EPIC,PLY_004020,2,LIVE_EPIC,68,18,10,0,TRUE,2004
KIWOOM_2010_PLY_004020_LN,PLY_004020,1,LIVE_NORMAL,63,12,10,0,TRUE,2010
KIWOOM_2012_PLY_004020_LN,PLY_004020,1,LIVE_NORMAL,57,12,10,0,TRUE,2012
KIWOOM_2008_PLY_004020_LN,PLY_004020,1,LIVE_NORMAL,60,12,10,0,TRUE,2008
KIWOOM_2009_PLY_004020_TH,PLY_004020,4,TITLE_HOLDER,83,30,10,10,FALSE,2009
KIWOOM_2006_PLY_004020_AS,PLY_004020,3,ALLSTAR,74,24,10,10,TRUE,2006
KIWOOM_2013_PLY_004020_SIG,PLY_004020,6,SIGNATURE,89,40,10,10,FALSE,2013
KIWOOM_2024_PLY_004021_LN,PLY_004021,1,LIVE_NORMAL,65,12,10,0,TRUE,2024
KIWOOM_2025_PLY_004021_EPIC,PLY_004021,2,LIVE_EPIC,72,18,10,0,TRUE,2025
KIWOOM_2023_PLY_004021_AS,PLY_004021,3,ALLSTAR,75,24,10,10,TRUE,2023
KIWOOM_2021_PLY_004021_SIG,PLY_004021,6,SIGNATURE,89,40,10,10,FALSE,2021
KIWOOM_2020_PLY_004021_LN,PLY_004021,1,LIVE_NORMAL,57,12,10,0,TRUE,2020
KIWOOM_2019_PLY_004021_LN,PLY_004021,1,LIVE_NORMAL,61,12,10,0,TRUE,2019
KIWOOM_2026_PLY_004021_LN,PLY_004021,1,LIVE_NORMAL,65,12,10,0,TRUE,2026
KIWOOM_2025_PLY_004021_LN,PLY_004021,1,LIVE_NORMAL,55,12,10,0,TRUE,2025
KIWOOM_2020_PLY_004021_AS,PLY_004021,3,ALLSTAR,74,24,10,10,TRUE,2020
KIWOOM_2020_PLY_004021_SIG,PLY_004021,6,SIGNATURE,93,40,10,10,FALSE,2020
KIWOOM_2013_PLY_004022_AS,PLY_004022,3,ALLSTAR,75,24,10,10,TRUE,2013
KIWOOM_2009_PLY_004022_LN,PLY_004022,1,LIVE_NORMAL,63,12,10,0,TRUE,2009
KIWOOM_2018_PLY_004022_EPIC,PLY_004022,2,LIVE_EPIC,65,18,10,0,TRUE,2018
KIWOOM_2014_PLY_004022_AS,PLY_004022,3,ALLSTAR,82,24,10,10,TRUE,2014
KIWOOM_2010_PLY_004022_EPIC,PLY_004022,2,LIVE_EPIC,73,18,10,0,TRUE,2010
KIWOOM_2012_PLY_004022_LN,PLY_004022,1,LIVE_NORMAL,68,12,10,0,TRUE,2012
KIWOOM_2018_PLY_004022_LN,PLY_004022,1,LIVE_NORMAL,67,12,10,0,TRUE,2018
KIWOOM_2012_PLY_004023_LN,PLY_004023,1,LIVE_NORMAL,63,12,10,0,TRUE,2012
KIWOOM_2017_PLY_004023_LN,PLY_004023,1,LIVE_NORMAL,68,12,10,0,TRUE,2017
KIWOOM_2003_PLY_004023_SIG,PLY_004023,6,SIGNATURE,88,40,10,10,FALSE,2003
KIWOOM_2008_PLY_004023_LN,PLY_004023,1,LIVE_NORMAL,62,12,10,0,TRUE,2008
KIWOOM_2013_PLY_004024_EPIC,PLY_004024,2,LIVE_EPIC,72,18,10,0,TRUE,2013
KIWOOM_2019_PLY_004024_LN,PLY_004024,1,LIVE_NORMAL,60,12,10,0,TRUE,2019
KIWOOM_2014_PLY_004024_EPIC,PLY_004024,2,LIVE_EPIC,73,18,10,0,TRUE,2014
KIWOOM_2013_PLY_004024_TH,PLY_004024,4,TITLE_HOLDER,85,30,10,10,FALSE,2013
KIWOOM_1996_PLY_004025_EPIC,PLY_004025,2,LIVE_EPIC,71,18,10,0,TRUE,1996
KIWOOM_2006_PLY_004025_EPIC,PLY_004025,2,LIVE_EPIC,74,18,10,0,TRUE,2006
KIWOOM_2002_PLY_004025_LN,PLY_004025,1,LIVE_NORMAL,68,12,10,0,TRUE,2002
KIWOOM_2000_PLY_004025_EPIC,PLY_004025,2,LIVE_EPIC,71,18,10,0,TRUE,2000
KIWOOM_1994_PLY_004025_EPIC,PLY_004025,2,LIVE_EPIC,67,18,10,0,TRUE,1994
KIWOOM_2023_PLY_004026_TH,PLY_004026,4,TITLE_HOLDER,85,30,10,10,FALSE,2023
KIWOOM_2023_PLY_004026_EPIC,PLY_004026,2,LIVE_EPIC,76,18,10,0,TRUE,2023
KIWOOM_2018_PLY_004026_AS,PLY_004026,3,ALLSTAR,82,24,10,10,TRUE,2018
KIWOOM_2022_PLY_004026_EPIC,PLY_004026,2,LIVE_EPIC,75,18,10,0,TRUE,2022
KIWOOM_2022_PLY_004026_LN,PLY_004026,1,LIVE_NORMAL,55,12,10,0,TRUE,2022
KIWOOM_2017_PLY_004026_EPIC,PLY_004026,2,LIVE_EPIC,69,18,10,0,TRUE,2017
KIWOOM_2021_PLY_004027_LN,PLY_004027,1,LIVE_NORMAL,63,12,10,0,TRUE,2021
KIWOOM_2023_PLY_004027_LN,PLY_004027,1,LIVE_NORMAL,56,12,10,0,TRUE,2023
KIWOOM_2000_PLY_004028_LN,PLY_004028,1,LIVE_NORMAL,63,12,10,0,TRUE,2000
KIWOOM_1997_PLY_004028_LN,PLY_004028,1,LIVE_NORMAL,58,12,10,0,TRUE,1997
KIWOOM_1999_PLY_004028_LN,PLY_004028,1,LIVE_NORMAL,64,12,10,0,TRUE,1999
KIWOOM_2011_PLY_004029_LN,PLY_004029,1,LIVE_NORMAL,67,12,10,0,TRUE,2011
KIWOOM_2007_PLY_004029_EPIC,PLY_004029,2,LIVE_EPIC,73,18,10,0,TRUE,2007
KIWOOM_2012_PLY_004029_LN,PLY_004029,1,LIVE_NORMAL,63,12,10,0,TRUE,2012
KIWOOM_2007_PLY_004029_LN,PLY_004029,1,LIVE_NORMAL,59,12,10,0,TRUE,2007
KIWOOM_2007_PLY_004029_AS,PLY_004029,3,ALLSTAR,81,24,10,10,TRUE,2007
KIWOOM_1998_PLY_004029_LN,PLY_004029,1,LIVE_NORMAL,57,12,10,0,TRUE,1998
KIWOOM_2004_PLY_004029_TH,PLY_004029,4,TITLE_HOLDER,80,30,10,10,FALSE,2004
KIWOOM_2025_PLY_004035_GG,PLY_004035,7,GOLDEN_GLOVE,86,35,10,10,FALSE,2025
KIWOOM_2026_PLY_004334_LN,PLY_004334,1,LIVE_NORMAL,66,12,10,0,TRUE,2026
KIWOOM_2026_PLY_004335_LN,PLY_004335,1,LIVE_NORMAL,56,12,10,0,TRUE,2026
KIWOOM_2026_PLY_004336_LN,PLY_004336,1,LIVE_NORMAL,64,12,10,0,TRUE,2026
KIWOOM_2026_PLY_004337_LN,PLY_004337,1,LIVE_NORMAL,56,12,10,0,TRUE,2026
KIWOOM_2026_PLY_004338_LN,PLY_004338,1,LIVE_NORMAL,57,12,10,0,TRUE,2026
KIWOOM_2026_PLY_004339_LN,PLY_004339,1,LIVE_NORMAL,58,12,10,0,TRUE,2026
KIWOOM_2026_PLY_004340_LN,PLY_004340,1,LIVE_NORMAL,65,12,10,0,TRUE,2026
KIWOOM_2026_PLY_004341_LN,PLY_004341,1,LIVE_NORMAL,61,12,10,0,TRUE,2026
KIWOOM_2026_PLY_004342_LN,PLY_004342,1,LIVE_NORMAL,61,12,10,0,TRUE,2026
KIWOOM_2026_PLY_004343_LN,PLY_004343,1,LIVE_NORMAL,61,12,10,0,TRUE,2026
KIWOOM_2026_PLY_004344_LN,PLY_004344,1,LIVE_NORMAL,59,12,10,0,TRUE,2026
KIWOOM_2026_PLY_004345_LN,PLY_004345,1,LIVE_NORMAL,63,12,10,0,TRUE,2026
KIWOOM_2026_PLY_004346_LN,PLY_004346,1,LIVE_NORMAL,61,12,10,0,TRUE,2026
KIWOOM_2026_PLY_004347_LN,PLY_004347,1,LIVE_NORMAL,62,12,10,0,TRUE,2026
KIWOOM_2026_PLY_004348_LN,PLY_004348,1,LIVE_NORMAL,66,12,10,0,TRUE,2026
KIWOOM_2026_PLY_004349_LN,PLY_004349,1,LIVE_NORMAL,58,12,10,0,TRUE,2026
KIWOOM_2026_PLY_004350_LN,PLY_004350,1,LIVE_NORMAL,66,12,10,0,TRUE,2026
KIWOOM_2026_PLY_004351_LN,PLY_004351,1,LIVE_NORMAL,56,12,10,0,TRUE,2026
KIWOOM_2026_PLY_004352_LN,PLY_004352,1,LIVE_NORMAL,66,12,10,0,TRUE,2026
KIWOOM_2026_PLY_004353_LN,PLY_004353,1,LIVE_NORMAL,63,12,10,0,TRUE,2026
KIWOOM_2026_PLY_004354_LN,PLY_004354,1,LIVE_NORMAL,55,12,10,0,TRUE,2026
KIWOOM_2026_PLY_004355_LN,PLY_004355,1,LIVE_NORMAL,66,12,10,0,TRUE,2026
KIWOOM_2026_PLY_004356_LN,PLY_004356,1,LIVE_NORMAL,64,12,10,0,TRUE,2026
KIWOOM_2026_PLY_004357_LN,PLY_004357,1,LIVE_NORMAL,58,12,10,0,TRUE,2026
KIWOOM_2026_PLY_004358_LN,PLY_004358,1,LIVE_NORMAL,56,12,10,0,TRUE,2026
KIWOOM_2026_PLY_004359_LN,PLY_004359,1,LIVE_NORMAL,56,12,10,0,TRUE,2026
KIWOOM_2026_PLY_004360_LN,PLY_004360,1,LIVE_NORMAL,62,12,10,0,TRUE,2026
KIWOOM_2026_PLY_004361_LN,PLY_004361,1,LIVE_NORMAL,63,12,10,0,TRUE,2026
KIWOOM_2026_PLY_004362_LN,PLY_004362,1,LIVE_NORMAL,68,12,10,0,TRUE,2026
KIWOOM_2026_PLY_004363_LN,PLY_004363,1,LIVE_NORMAL,63,12,10,0,TRUE,2026
KIWOOM_2026_PLY_004364_LN,PLY_004364,1,LIVE_NORMAL,64,12,10,0,TRUE,2026
KIWOOM_2026_PLY_004365_LN,PLY_004365,1,LIVE_NORMAL,58,12,10,0,TRUE,2026
KIWOOM_2024_PLY_004367_GG,PLY_004367,7,GOLDEN_GLOVE,88,35,10,10,FALSE,2024
KIWOOM_2023_PLY_004367_GG,PLY_004367,7,GOLDEN_GLOVE,86,35,10,10,FALSE,2023
KIWOOM_2022_PLY_004358_GG,PLY_004358,7,GOLDEN_GLOVE,85,35,10,10,FALSE,2022
KIWOOM_2022_PLY_004367_GG,PLY_004367,7,GOLDEN_GLOVE,86,35,10,10,FALSE,2022
KIWOOM_2022_PLY_004375_GG,PLY_004375,7,GOLDEN_GLOVE,83,35,10,10,FALSE,2022
KIWOOM_2021_PLY_004367_GG,PLY_004367,7,GOLDEN_GLOVE,89,35,10,10,FALSE,2021
KIWOOM_2021_PLY_004375_GG,PLY_004375,7,GOLDEN_GLOVE,83,35,10,10,FALSE,2021
KIWOOM_2020_PLY_004381_GG,PLY_004381,7,GOLDEN_GLOVE,90,35,10,10,FALSE,2020
KIWOOM_2020_PLY_004375_GG,PLY_004375,7,GOLDEN_GLOVE,83,35,10,10,FALSE,2020
KIWOOM_2019_PLY_004373_GG,PLY_004373,7,GOLDEN_GLOVE,89,35,10,10,FALSE,2019
KIWOOM_2019_PLY_004381_GG,PLY_004381,7,GOLDEN_GLOVE,89,35,10,10,FALSE,2019
KIWOOM_2019_PLY_004384_GG,PLY_004384,7,GOLDEN_GLOVE,87,35,10,10,FALSE,2019
KIWOOM_2019_PLY_004375_GG,PLY_004375,7,GOLDEN_GLOVE,88,35,10,10,FALSE,2019
KIWOOM_2018_PLY_004373_GG,PLY_004373,7,GOLDEN_GLOVE,84,35,10,10,FALSE,2018
KIWOOM_2018_PLY_004381_GG,PLY_004381,7,GOLDEN_GLOVE,87,35,10,10,FALSE,2018
KIWOOM_2018_PLY_004375_GG,PLY_004375,7,GOLDEN_GLOVE,88,35,10,10,FALSE,2018
KIWOOM_2016_PLY_004339_GG,PLY_004339,7,GOLDEN_GLOVE,90,35,10,10,FALSE,2016
KIWOOM_2014_PLY_004395_GG,PLY_004395,7,GOLDEN_GLOVE,84,35,10,10,FALSE,2014
KIWOOM_2014_PLY_004373_GG,PLY_004373,7,GOLDEN_GLOVE,85,35,10,10,FALSE,2014
KIWOOM_2014_PLY_004339_GG,PLY_004339,7,GOLDEN_GLOVE,87,35,10,10,FALSE,2014
KIWOOM_2014_PLY_004396_GG,PLY_004396,7,GOLDEN_GLOVE,84,35,10,10,FALSE,2014
KIWOOM_2013_PLY_004397_GG,PLY_004397,7,GOLDEN_GLOVE,85,35,10,10,FALSE,2013
KIWOOM_2013_PLY_004373_GG,PLY_004373,7,GOLDEN_GLOVE,86,35,10,10,FALSE,2013
KIWOOM_2013_PLY_004396_GG,PLY_004396,7,GOLDEN_GLOVE,84,35,10,10,FALSE,2013
KIWOOM_2012_PLY_004373_GG,PLY_004373,7,GOLDEN_GLOVE,84,35,10,10,FALSE,2012
KIWOOM_2012_PLY_004339_GG,PLY_004339,7,GOLDEN_GLOVE,83,35,10,10,FALSE,2012
KIWOOM_2012_PLY_004396_GG,PLY_004396,7,GOLDEN_GLOVE,89,35,10,10,FALSE,2012
KIWOOM_2010_PLY_004396_GG,PLY_004396,7,GOLDEN_GLOVE,85,35,10,10,FALSE,2010
KIWOOM_2009_PLY_004414_GG,PLY_004414,7,GOLDEN_GLOVE,86,35,10,10,FALSE,2009
KIWOOM_2006_PLY_004414_GG,PLY_004414,7,GOLDEN_GLOVE,84,35,10,10,FALSE,2006
KIWOOM_2005_PLY_004431_GG,PLY_004431,7,GOLDEN_GLOVE,84,35,10,10,FALSE,2005
KIWOOM_2004_PLY_004435_GG,PLY_004435,7,GOLDEN_GLOVE,86,35,10,10,FALSE,2004
KIWOOM_2003_PLY_004438_GG,PLY_004438,7,GOLDEN_GLOVE,86,35,10,10,FALSE,2003
KIWOOM_2003_PLY_004439_GG,PLY_004439,7,GOLDEN_GLOVE,88,35,10,10,FALSE,2003
KIWOOM_2003_PLY_004423_GG,PLY_004423,7,GOLDEN_GLOVE,84,35,10,10,FALSE,2003
KIWOOM_2002_PLY_004423_GG,PLY_004423,7,GOLDEN_GLOVE,89,35,10,10,FALSE,2002
KIWOOM_2001_PLY_004422_GG,PLY_004422,7,GOLDEN_GLOVE,89,35,10,10,FALSE,2001
KIWOOM_2000_PLY_004450_GG,PLY_004450,7,GOLDEN_GLOVE,89,35,10,10,FALSE,2000
KIWOOM_2000_PLY_004420_GG,PLY_004420,7,GOLDEN_GLOVE,90,35,10,10,FALSE,2000
KIWOOM_2000_PLY_004433_GG,PLY_004433,7,GOLDEN_GLOVE,90,35,10,10,FALSE,2000
KIWOOM_2000_PLY_004422_GG,PLY_004422,7,GOLDEN_GLOVE,90,35,10,10,FALSE,2000
KIWOOM_2000_PLY_004451_GG,PLY_004451,7,GOLDEN_GLOVE,86,35,10,10,FALSE,2000
KIWOOM_1999_PLY_004438_GG,PLY_004438,7,GOLDEN_GLOVE,83,35,10,10,FALSE,1999
KIWOOM_1998_PLY_004438_GG,PLY_004438,7,GOLDEN_GLOVE,85,35,10,10,FALSE,1998
KIWOOM_1998_PLY_004420_GG,PLY_004420,7,GOLDEN_GLOVE,89,35,10,10,FALSE,1998
KIWOOM_1998_PLY_004451_GG,PLY_004451,7,GOLDEN_GLOVE,89,35,10,10,FALSE,1998
KIWOOM_1998_PLY_004457_GG,PLY_004457,7,GOLDEN_GLOVE,90,35,10,10,FALSE,1998
KIWOOM_1997_PLY_004451_GG,PLY_004451,7,GOLDEN_GLOVE,87,35,10,10,FALSE,1997
KIWOOM_1996_PLY_004463_GG,PLY_004463,7,GOLDEN_GLOVE,88,35,10,10,FALSE,1996
KIWOOM_1996_PLY_004451_GG,PLY_004451,7,GOLDEN_GLOVE,85,35,10,10,FALSE,1996
KIWOOM_1994_PLY_004472_GG,PLY_004472,7,GOLDEN_GLOVE,86,35,10,10,FALSE,1994
KIWOOM_1994_PLY_004475_GG,PLY_004475,7,GOLDEN_GLOVE,85,35,10,10,FALSE,1994
KIWOOM_1989_PLY_004488_GG,PLY_004488,7,GOLDEN_GLOVE,83,35,10,10,FALSE,1989
KIWOOM_2022_PLY_004375_TH,PLY_004375,4,TITLE_HOLDER,84,30,10,10,FALSE,2022
KIWOOM_2022_PLY_004358_TH,PLY_004358,4,TITLE_HOLDER,87,30,10,10,FALSE,2022
KIWOOM_2021_PLY_004375_TH,PLY_004375,4,TITLE_HOLDER,86,30,10,10,FALSE,2021
KIWOOM_2021_PLY_004367_TH,PLY_004367,4,TITLE_HOLDER,80,30,10,10,FALSE,2021
KIWOOM_2021_PLY_004502_TH,PLY_004502,4,TITLE_HOLDER,87,30,10,10,FALSE,2021
KIWOOM_2020_PLY_004502_TH,PLY_004502,4,TITLE_HOLDER,82,30,10,10,FALSE,2020
KIWOOM_2020_PLY_004153_TH,PLY_004153,4,TITLE_HOLDER,86,30,10,10,FALSE,2020
KIWOOM_2019_PLY_004373_TH,PLY_004373,4,TITLE_HOLDER,82,30,10,10,FALSE,2019
KIWOOM_2019_PLY_004384_TH,PLY_004384,4,TITLE_HOLDER,83,30,10,10,FALSE,2019
KIWOOM_2019_PLY_004381_TH,PLY_004381,4,TITLE_HOLDER,81,30,10,10,FALSE,2019
KIWOOM_2019_PLY_004507_TH,PLY_004507,4,TITLE_HOLDER,83,30,10,10,FALSE,2019
KIWOOM_2018_PLY_004373_TH,PLY_004373,4,TITLE_HOLDER,81,30,10,10,FALSE,2018
KIWOOM_2016_PLY_004518_TH,PLY_004518,4,TITLE_HOLDER,82,30,10,10,FALSE,2016
KIWOOM_2016_PLY_004519_TH,PLY_004519,4,TITLE_HOLDER,85,30,10,10,FALSE,2016
KIWOOM_2015_PLY_004394_TH,PLY_004394,4,TITLE_HOLDER,86,30,10,10,FALSE,2015
KIWOOM_2015_PLY_004373_TH,PLY_004373,4,TITLE_HOLDER,80,30,10,10,FALSE,2015
KIWOOM_2014_PLY_004339_TH,PLY_004339,4,TITLE_HOLDER,86,30,10,10,FALSE,2014
KIWOOM_2014_PLY_004373_TH,PLY_004373,4,TITLE_HOLDER,85,30,10,10,FALSE,2014
KIWOOM_2014_PLY_004396_TH,PLY_004396,4,TITLE_HOLDER,87,30,10,10,FALSE,2014
KIWOOM_2014_PLY_004395_TH,PLY_004395,4,TITLE_HOLDER,84,30,10,10,FALSE,2014
KIWOOM_2014_PLY_004397_TH,PLY_004397,4,TITLE_HOLDER,81,30,10,10,FALSE,2014
KIWOOM_2014_PLY_004522_TH,PLY_004522,4,TITLE_HOLDER,84,30,10,10,FALSE,2014
KIWOOM_2014_PLY_004523_TH,PLY_004523,4,TITLE_HOLDER,87,30,10,10,FALSE,2014
KIWOOM_2013_PLY_004373_TH,PLY_004373,4,TITLE_HOLDER,81,30,10,10,FALSE,2013
KIWOOM_2013_PLY_004397_TH,PLY_004397,4,TITLE_HOLDER,82,30,10,10,FALSE,2013
KIWOOM_2013_PLY_004522_TH,PLY_004522,4,TITLE_HOLDER,81,30,10,10,FALSE,2013
