card_id,player_id,grade_id,grade_name,base_ovr,salary_cost,max_enhance,max_awaken,is_droppable,year
SAMSUNG_2011_PLY_000416_DYN,PLY_000416,8,DYNASTY,95,50,10,10,FALSE,2011
SAMSUNG_2012_PLY_000416_DYN,PLY_000416,8,DYNASTY,94,50,10,10,FALSE,2012
SAMSUNG_2013_PLY_000416_DYN,PLY_000416,8,DYNASTY,96,50,10,10,FALSE,2013
SAMSUNG_2014_PLY_000416_DYN,PLY_000416,8,DYNASTY,92,50,10,10,FALSE,2014
SAMSUNG_2015_PLY_000416_EPIC,PLY_000416,2,LIVE_EPIC,72,18,10,0,TRUE,2015
SAMSUNG_2011_PLY_000417_DYN,PLY_000417,8,DYNASTY,97,50,10,10,FALSE,2011
SAMSUNG_2012_PLY_000417_DYN,PLY_000417,8,DYNASTY,97,50,10,10,FALSE,2012
SAMSUNG_2013_PLY_000417_DYN,PLY_000417,8,DYNASTY,94,50,10,10,FALSE,2013
SAMSUNG_2014_PLY_000417_DYN,PLY_000417,8,DYNASTY,97,50,10,10,FALSE,2014
SAMSUNG_2011_PLY_000418_DYN,PLY_000418,8,DYNASTY,98,50,10,10,FALSE,2011
SAMSUNG_2012_PLY_000418_DYN,PLY_000418,8,DYNASTY,94,50,10,10,FALSE,2012
SAMSUNG_2013_PLY_000418_DYN,PLY_000418,8,DYNASTY,95,50,10,10,FALSE,2013
SAMSUNG_2014_PLY_000418_DYN,PLY_000418,8,DYNASTY,95,50,10,10,FALSE,2014
SAMSUNG_2011_PLY_000419_DYN,PLY_000419,8,DYNASTY,92,50,10,10,FALSE,2011
SAMSUNG_2012_PLY_000419_DYN,PLY_000419,8,DYNASTY,94,50,10,10,FALSE,2012
SAMSUNG_2013_PLY_000419_DYN,PLY_000419,8,DYNASTY,97,50,10,10,FALSE,2013
SAMSUNG_2014_PLY_000419_DYN,PLY_000419,8,DYNASTY,99,50,10,10,FALSE,2014
SAMSUNG_2011_PLY_000420_DYN,PLY_000420,8,DYNASTY,93,50,10,10,FALSE,2011
SAMSUNG_2012_PLY_000420_DYN,PLY_000420,8,DYNASTY,97,50,10,10,FALSE,2012
SAMSUNG_2013_PLY_000420_DYN,PLY_000420,8,DYNASTY,97,50,10,10,FALSE,2013
SAMSUNG_2014_PLY_000420_DYN,PLY_000420,8,DYNASTY,99,50,10,10,FALSE,2014
SAMSUNG_2011_PLY_000421_DYN,PLY_000421,8,DYNASTY,95,50,10,10,FALSE,2011
SAMSUNG_2012_PLY_000421_DYN,PLY_000421,8,DYNASTY,97,50,10,10,FALSE,2012
SAMSUNG_2013_PLY_000421_DYN,PLY_000421,8,DYNASTY,95,50,10,10,FALSE,2013
SAMSUNG_2014_PLY_000421_DYN,PLY_000421,8,DYNASTY,95,50,10,10,FALSE,2014
SAMSUNG_2011_PLY_000422_DYN,PLY_000422,8,DYNASTY,98,50,10,10,FALSE,2011
SAMSUNG_2012_PLY_000422_DYN,PLY_000422,8,DYNASTY,96,50,10,10,FALSE,2012
SAMSUNG_2013_PLY_000422_DYN,PLY_000422,8,DYNASTY,99,50,10,10,FALSE,2013
SAMSUNG_2014_PLY_000422_DYN,PLY_000422,8,DYNASTY,94,50,10,10,FALSE,2014
SAMSUNG_2009_PLY_000422_LN,PLY_000422,1,LIVE_NORMAL,65,12,10,0,TRUE,2009
SAMSUNG_2010_PLY_000422_EPIC,PLY_000422,2,LIVE_EPIC,69,18,10,0,TRUE,2010
SAMSUNG_2016_PLY_000422_AS,PLY_000422,3,ALLSTAR,80,24,10,10,TRUE,2016
SAMSUNG_2010_PLY_000422_TH,PLY_000422,4,TITLE_HOLDER,85,30,10,10,FALSE,2010
SAMSUNG_2008_PLY_000422_EPIC,PLY_000422,2,LIVE_EPIC,75,18,10,0,TRUE,2008
SAMSUNG_2011_PLY_000423_DYN,PLY_000423,8,DYNASTY,95,50,10,10,FALSE,2011
SAMSUNG_2012_PLY_000423_DYN,PLY_000423,8,DYNASTY,97,50,10,10,FALSE,2012
SAMSUNG_2013_PLY_000423_DYN,PLY_000423,8,DYNASTY,95,50,10,10,FALSE,2013
SAMSUNG_2014_PLY_000423_DYN,PLY_000423,8,DYNASTY,95,50,10,10,FALSE,2014
SAMSUNG_2008_PLY_000423_EPIC,PLY_000423,2,LIVE_EPIC,70,18,10,0,TRUE,2008
SAMSUNG_2019_PLY_000423_LN,PLY_000423,1,LIVE_NORMAL,62,12,10,0,TRUE,2019
SAMSUNG_2017_PLY_000423_EPIC,PLY_000423,2,LIVE_EPIC,65,18,10,0,TRUE,2017
SAMSUNG_2016_PLY_000423_AS,PLY_000423,3,ALLSTAR,80,24,10,10,TRUE,2016
SAMSUNG_2008_PLY_000423_AS,PLY_000423,3,ALLSTAR,76,24,10,10,TRUE,2008
SAMSUNG_2015_PLY_000423_EPIC,PLY_000423,2,LIVE_EPIC,71,18,10,0,TRUE,2015
SAMSUNG_2006_PLY_000423_LN,PLY_000423,1,LIVE_NORMAL,68,12,10,0,TRUE,2006
SAMSUNG_2011_PLY_000424_DYN,PLY_000424,8,DYNASTY,94,50,10,10,FALSE,2011
SAMSUNG_2012_PLY_000424_DYN,PLY_000424,8,DYNASTY,92,50,10,10,FALSE,2012
SAMSUNG_2013_PLY_000424_DYN,PLY_000424,8,DYNASTY,96,50,10,10,FALSE,2013
SAMSUNG_2014_PLY_000424_DYN,PLY_000424,8,DYNASTY,92,50,10,10,FALSE,2014
SAMSUNG_2011_PLY_000425_DYN,PLY_000425,8,DYNASTY,93,50,10,10,FALSE,2011
SAMSUNG_2012_PLY_000425_DYN,PLY_000425,8,DYNASTY,96,50,10,10,FALSE,2012
SAMSUNG_2013_PLY_000425_DYN,PLY_000425,8,DYNASTY,96,50,10,10,FALSE,2013
SAMSUNG_2014_PLY_000425_DYN,PLY_000425,8,DYNASTY,94,50,10,10,FALSE,2014
SAMSUNG_2007_PLY_000425_TH,PLY_000425,4,TITLE_HOLDER,86,30,10,10,FALSE,2007
SAMSUNG_2006_PLY_000425_EPIC,PLY_000425,2,LIVE_EPIC,71,18,10,0,TRUE,2006
SAMSUNG_2006_PLY_000425_LN,PLY_000425,1,LIVE_NORMAL,63,12,10,0,TRUE,2006
SAMSUNG_2008_PLY_000425_LN,PLY_000425,1,LIVE_NORMAL,63,12,10,0,TRUE,2008
SAMSUNG_2010_PLY_000425_SIG,PLY_000425,6,SIGNATURE,90,40,10,10,FALSE,2010
SAMSUNG_2010_PLY_000425_LN,PLY_000425,1,LIVE_NORMAL,65,12,10,0,TRUE,2010
SAMSUNG_2007_PLY_000425_LN,PLY_000425,1,LIVE_NORMAL,56,12,10,0,TRUE,2007
SAMSUNG_2006_PLY_000425_TH,PLY_000425,4,TITLE_HOLDER,86,30,10,10,FALSE,2006
SAMSUNG_2011_PLY_000426_DYN,PLY_000426,8,DYNASTY,97,50,10,10,FALSE,2011
SAMSUNG_2012_PLY_000426_DYN,PLY_000426,8,DYNASTY,94,50,10,10,FALSE,2012
SAMSUNG_2013_PLY_000426_DYN,PLY_000426,8,DYNASTY,99,50,10,10,FALSE,2013
SAMSUNG_2014_PLY_000426_DYN,PLY_000426,8,DYNASTY,97,50,10,10,FALSE,2014
SAMSUNG_2011_PLY_000427_DYN,PLY_000427,8,DYNASTY,98,50,10,10,FALSE,2011
SAMSUNG_2012_PLY_000427_DYN,PLY_000427,8,DYNASTY,96,50,10,10,FALSE,2012
SAMSUNG_2013_PLY_000427_DYN,PLY_000427,8,DYNASTY,97,50,10,10,FALSE,2013
SAMSUNG_2014_PLY_000427_DYN,PLY_000427,8,DYNASTY,96,50,10,10,FALSE,2014
SAMSUNG_2018_PLY_000427_TH,PLY_000427,4,TITLE_HOLDER,82,30,10,10,FALSE,2018
SAMSUNG_2011_PLY_000428_DYN,PLY_000428,8,DYNASTY,95,50,10,10,FALSE,2011
SAMSUNG_2012_PLY_000428_DYN,PLY_000428,8,DYNASTY,94,50,10,10,FALSE,2012
SAMSUNG_2013_PLY_000428_DYN,PLY_000428,8,DYNASTY,99,50,10,10,FALSE,2013
SAMSUNG_2014_PLY_000428_DYN,PLY_000428,8,DYNASTY,99,50,10,10,FALSE,2014
SAMSUNG_2011_PLY_000429_DYN,PLY_000429,8,DYNASTY,98,50,10,10,FALSE,2011
SAMSUNG_2012_PLY_000429_DYN,PLY_000429,8,DYNASTY,96,50,10,10,FALSE,2012
SAMSUNG_2013_PLY_000429_DYN,PLY_000429,8,DYNASTY,94,50,10,10,FALSE,2013
SAMSUNG_2014_PLY_000429_DYN,PLY_000429,8,DYNASTY,93,50,10,10,FALSE,2014
SAMSUNG_2022_PLY_000430_SIG,PLY_000430,6,SIGNATURE,94,40,10,10,FALSE,2022
SAMSUNG_2020_PLY_000430_TH,PLY_000430,4,TITLE_HOLDER,81,30,10,10,FALSE,2020
SAMSUNG_2026_PLY_000430_LN,PLY_000430,1,LIVE_NORMAL,64,12,10,0,TRUE,2026
SAMSUNG_2010_PLY_000430_LN,PLY_000430,1,LIVE_NORMAL,67,12,10,0,TRUE,2010
SAMSUNG_2013_PLY_000430_LN,PLY_000430,1,LIVE_NORMAL,63,12,10,0,TRUE,2013
SAMSUNG_2015_PLY_000430_LN,PLY_000430,1,LIVE_NORMAL,59,12,10,0,TRUE,2015
SAMSUNG_2024_PLY_000430_EPIC,PLY_000430,2,LIVE_EPIC,65,18,10,0,TRUE,2024
SAMSUNG_2023_PLY_000430_SIG,PLY_000430,6,SIGNATURE,92,40,10,10,FALSE,2023
SAMSUNG_2020_PLY_000430_LN,PLY_000430,1,LIVE_NORMAL,67,12,10,0,TRUE,2020
SAMSUNG_2017_PLY_000430_TH,PLY_000430,4,TITLE_HOLDER,80,30,10,10,FALSE,2017
SAMSUNG_2026_PLY_000430_SIG,PLY_000430,6,SIGNATURE,91,40,10,10,FALSE,2026
SAMSUNG_2008_PLY_000431_LN,PLY_000431,1,LIVE_NORMAL,60,12,10,0,TRUE,2008
SAMSUNG_2005_PLY_000431_LN,PLY_000431,1,LIVE_NORMAL,67,12,10,0,TRUE,2005
SAMSUNG_2011_PLY_000431_EPIC,PLY_000431,2,LIVE_EPIC,67,18,10,0,TRUE,2011
SAMSUNG_2010_PLY_000431_LN,PLY_000431,1,LIVE_NORMAL,61,12,10,0,TRUE,2010
SAMSUNG_2005_PLY_000431_EPIC,PLY_000431,2,LIVE_EPIC,73,18,10,0,TRUE,2005
SAMSUNG_2004_PLY_000431_LN,PLY_000431,1,LIVE_NORMAL,62,12,10,0,TRUE,2004
SAMSUNG_2007_PLY_000431_SIG,PLY_000431,6,SIGNATURE,92,40,10,10,FALSE,2007
SAMSUNG_2013_PLY_000431_EPIC,PLY_000431,2,LIVE_EPIC,65,18,10,0,TRUE,2013
SAMSUNG_2023_PLY_000432_TH,PLY_000432,4,TITLE_HOLDER,81,30,10,10,FALSE,2023
SAMSUNG_2023_PLY_000432_EPIC,PLY_000432,2,LIVE_EPIC,65,18,10,0,TRUE,2023
SAMSUNG_2026_PLY_000432_AS,PLY_000432,3,ALLSTAR,76,24,10,10,TRUE,2026
SAMSUNG_2026_PLY_000432_EPIC,PLY_000432,2,LIVE_EPIC,71,18,10,0,TRUE,2026
SAMSUNG_2025_PLY_000432_LN,PLY_000432,1,LIVE_NORMAL,67,12,10,0,TRUE,2025
SAMSUNG_2024_PLY_000432_AS,PLY_000432,3,ALLSTAR,75,24,10,10,TRUE,2024
SAMSUNG_2023_PLY_000432_GG,PLY_000432,7,GOLDEN_GLOVE,89,35,10,10,FALSE,2023
SAMSUNG_2026_PLY_000432_LN,PLY_000432,1,LIVE_NORMAL,56,12,10,0,TRUE,2026
SAMSUNG_2025_PLY_000432_TH,PLY_000432,4,TITLE_HOLDER,83,30,10,10,FALSE,2025
SAMSUNG_2023_PLY_000432_LN,PLY_000432,1,LIVE_NORMAL,60,12,10,0,TRUE,2023
SAMSUNG_1999_PLY_000433_TH,PLY_000433,4,TITLE_HOLDER,82,30,10,10,FALSE,1999
SAMSUNG_2005_PLY_000433_LN,PLY_000433,1,LIVE_NORMAL,56,12,10,0,TRUE,2005
SAMSUNG_2011_PLY_000433_LN,PLY_000433,1,LIVE_NORMAL,68,12,10,0,TRUE,2011
SAMSUNG_2014_PLY_000434_SIG,PLY_000434,6,SIGNATURE,89,40,10,10,FALSE,2014
SAMSUNG_2016_PLY_000434_GG,PLY_000434,7,GOLDEN_GLOVE,90,35,10,10,FALSE,2016
SAMSUNG_2017_PLY_000434_EPIC,PLY_000434,2,LIVE_EPIC,67,18,10,0,TRUE,2017
SAMSUNG_2016_PLY_000434_EPIC,PLY_000434,2,LIVE_EPIC,67,18,10,0,TRUE,2016
SAMSUNG_2013_PLY_000434_TH,PLY_000434,4,TITLE_HOLDER,85,30,10,10,FALSE,2013
SAMSUNG_2007_PLY_000435_SIG,PLY_000435,6,SIGNATURE,88,40,10,10,FALSE,2007
SAMSUNG_2004_PLY_000435_GG,PLY_000435,7,GOLDEN_GLOVE,85,35,10,10,FALSE,2004
SAMSUNG_2007_PLY_000435_AS,PLY_000435,3,ALLSTAR,76,24,10,10,TRUE,2007
SAMSUNG_2006_PLY_000436_EPIC,PLY_000436,2,LIVE_EPIC,65,18,10,0,TRUE,2006
SAMSUNG_2009_PLY_000436_AS,PLY_000436,3,ALLSTAR,79,24,10,10,TRUE,2009
SAMSUNG_2009_PLY_000436_LN,PLY_000436,1,LIVE_NORMAL,56,12,10,0,TRUE,2009
SAMSUNG_2006_PLY_000436_LN,PLY_000436,1,LIVE_NORMAL,67,12,10,0,TRUE,2006
SAMSUNG_2011_PLY_000436_LN,PLY_000436,1,LIVE_NORMAL,64,12,10,0,TRUE,2011
SAMSUNG_2005_PLY_000436_LN,PLY_000436,1,LIVE_NORMAL,64,12,10,0,TRUE,2005
SAMSUNG_2006_PLY_000437_LN,PLY_000437,1,LIVE_NORMAL,68,12,10,0,TRUE,2006
SAMSUNG_2008_PLY_000437_LN,PLY_000437,1,LIVE_NORMAL,66,12,10,0,TRUE,2008
SAMSUNG_2010_PLY_000437_TH,PLY_000437,4,TITLE_HOLDER,81,30,10,10,FALSE,2010
SAMSUNG_2020_PLY_000437_LN,PLY_000437,1,LIVE_NORMAL,66,12,10,0,TRUE,2020
SAMSUNG_2021_PLY_000437_LN,PLY_000437,1,LIVE_NORMAL,62,12,10,0,TRUE,2021
SAMSUNG_2019_PLY_000438_GG,PLY_000438,7,GOLDEN_GLOVE,87,35,10,10,FALSE,2019
SAMSUNG_2023_PLY_000438_EPIC,PLY_000438,2,LIVE_EPIC,73,18,10,0,TRUE,2023
SAMSUNG_2022_PLY_000438_EPIC,PLY_000438,2,LIVE_EPIC,73,18,10,0,TRUE,2022
SAMSUNG_2020_PLY_000438_TH,PLY_000438,4,TITLE_HOLDER,83,30,10,10,FALSE,2020
SAMSUNG_2020_PLY_000438_LN,PLY_000438,1,LIVE_NORMAL,59,12,10,0,TRUE,2020
SAMSUNG_2019_PLY_000438_LN,PLY_000438,1,LIVE_NORMAL,59,12,10,0,TRUE,2019
SAMSUNG_2023_PLY_000438_LN,PLY_000438,1,LIVE_NORMAL,59,12,10,0,TRUE,2023
SAMSUNG_2023_PLY_000439_LN,PLY_000439,1,LIVE_NORMAL,60,12,10,0,TRUE,2023
SAMSUNG_2026_PLY_000439_TH,PLY_000439,4,TITLE_HOLDER,80,30,10,10,FALSE,2026
SAMSUNG_2022_PLY_000439_AS,PLY_000439,3,ALLSTAR,82,24,10,10,TRUE,2022
SAMSUNG_2025_PLY_000439_LN,PLY_000439,1,LIVE_NORMAL,62,12,10,0,TRUE,2025
SAMSUNG_2024_PLY_000439_GG,PLY_000439,7,GOLDEN_GLOVE,89,35,10,10,FALSE,2024
SAMSUNG_2022_PLY_000439_EPIC,PLY_000439,2,LIVE_EPIC,67,18,10,0,TRUE,2022
SAMSUNG_2025_PLY_000439_EPIC,PLY_000439,2,LIVE_EPIC,74,18,10,0,TRUE,2025
SAMSUNG_1988_PLY_000440_LN,PLY_000440,1,LIVE_NORMAL,63,12,10,0,TRUE,1988
SAMSUNG_1987_PLY_000440_EPIC,PLY_000440,2,LIVE_EPIC,74,18,10,0,TRUE,1987
SAMSUNG_1987_PLY_000440_AS,PLY_000440,3,ALLSTAR,77,24,10,10,TRUE,1987
SAMSUNG_1986_PLY_000440_EPIC,PLY_000440,2,LIVE_EPIC,76,18,10,0,TRUE,1986
SAMSUNG_1987_PLY_000440_LN,PLY_000440,1,LIVE_NORMAL,59,12,10,0,TRUE,1987
SAMSUNG_2018_PLY_000441_LN,PLY_000441,1,LIVE_NORMAL,67,12,10,0,TRUE,2018
SAMSUNG_2020_PLY_000441_AS,PLY_000441,3,ALLSTAR,76,24,10,10,TRUE,2020
SAMSUNG_2024_PLY_000441_EPIC,PLY_000441,2,LIVE_EPIC,76,18,10,0,TRUE,2024
SAMSUNG_2017_PLY_000441_SIG,PLY_000441,6,SIGNATURE,92,40,10,10,FALSE,2017
SAMSUNG_2016_PLY_000441_GG,PLY_000441,7,GOLDEN_GLOVE,89,35,10,10,FALSE,2016
SAMSUNG_2024_PLY_000441_TH,PLY_000441,4,TITLE_HOLDER,80,30,10,10,FALSE,2024
SAMSUNG_2014_PLY_000441_AS,PLY_000441,3,ALLSTAR,74,24,10,10,TRUE,2014
SAMSUNG_2025_PLY_000441_GG,PLY_000441,7,GOLDEN_GLOVE,84,35,10,10,FALSE,2025
SAMSUNG_2017_PLY_000441_AS,PLY_000441,3,ALLSTAR,76,24,10,10,TRUE,2017
SAMSUNG_2025_PLY_000441_SIG,PLY_000441,6,SIGNATURE,91,40,10,10,FALSE,2025
SAMSUNG_2008_PLY_000442_EPIC,PLY_000442,2,LIVE_EPIC,75,18,10,0,TRUE,2008
SAMSUNG_2009_PLY_000442_AS,PLY_000442,3,ALLSTAR,81,24,10,10,TRUE,2009
SAMSUNG_2009_PLY_000442_LN,PLY_000442,1,LIVE_NORMAL,56,12,10,0,TRUE,2009
SAMSUNG_2006_PLY_000442_LN,PLY_000442,1,LIVE_NORMAL,67,12,10,0,TRUE,2006
SAMSUNG_2010_PLY_000442_EPIC,PLY_000442,2,LIVE_EPIC,66,18,10,0,TRUE,2010
SAMSUNG_2008_PLY_000442_LN,PLY_000442,1,LIVE_NORMAL,60,12,10,0,TRUE,2008
SAMSUNG_2024_PLY_000443_LN,PLY_000443,1,LIVE_NORMAL,68,12,10,0,TRUE,2024
SAMSUNG_2018_PLY_000443_EPIC,PLY_000443,2,LIVE_EPIC,76,18,10,0,TRUE,2018
SAMSUNG_2017_PLY_000443_LN,PLY_000443,1,LIVE_NORMAL,58,12,10,0,TRUE,2017
SAMSUNG_2021_PLY_000443_EPIC,PLY_000443,2,LIVE_EPIC,72,18,10,0,TRUE,2021
SAMSUNG_2025_PLY_000443_LN,PLY_000443,1,LIVE_NORMAL,65,12,10,0,TRUE,2025
SAMSUNG_2022_PLY_000443_EPIC,PLY_000443,2,LIVE_EPIC,73,18,10,0,TRUE,2022
SAMSUNG_2016_PLY_000443_EPIC,PLY_000443,2,LIVE_EPIC,72,18,10,0,TRUE,2016
SAMSUNG_2021_PLY_000443_AS,PLY_000443,3,ALLSTAR,78,24,10,10,TRUE,2021
SAMSUNG_2026_PLY_000443_LN,PLY_000443,1,LIVE_NORMAL,64,12,10,0,TRUE,2026
SAMSUNG_1993_PLY_000444_TH,PLY_000444,4,TITLE_HOLDER,82,30,10,10,FALSE,1993
SAMSUNG_1996_PLY_000444_LN,PLY_000444,1,LIVE_NORMAL,66,12,10,0,TRUE,1996
SAMSUNG_2003_PLY_000444_EPIC,PLY_000444,2,LIVE_EPIC,67,18,10,0,TRUE,2003
SAMSUNG_2011_PLY_000445_EPIC,PLY_000445,2,LIVE_EPIC,74,18,10,0,TRUE,2011
SAMSUNG_2008_PLY_000445_LN,PLY_000445,1,LIVE_NORMAL,62,12,10,0,TRUE,2008
SAMSUNG_2003_PLY_000445_AS,PLY_000445,3,ALLSTAR,78,24,10,10,TRUE,2003
SAMSUNG_2011_PLY_000445_LN,PLY_000445,1,LIVE_NORMAL,68,12,10,0,TRUE,2011
SAMSUNG_2007_PLY_000445_LN,PLY_000445,1,LIVE_NORMAL,57,12,10,0,TRUE,2007
SAMSUNG_2009_PLY_000445_LN,PLY_000445,1,LIVE_NORMAL,59,12,10,0,TRUE,2009
SAMSUNG_2007_PLY_000445_AS,PLY_000445,3,ALLSTAR,80,24,10,10,TRUE,2007
SAMSUNG_2010_PLY_000445_EPIC,PLY_000445,2,LIVE_EPIC,66,18,10,0,TRUE,2010
SAMSUNG_2001_PLY_000445_LN,PLY_000445,1,LIVE_NORMAL,61,12,10,0,TRUE,2001
SAMSUNG_1997_PLY_000445_TH,PLY_000445,4,TITLE_HOLDER,80,30,10,10,FALSE,1997
SAMSUNG_2025_PLY_000446_AS,PLY_000446,3,ALLSTAR,77,24,10,10,TRUE,2025
SAMSUNG_2019_PLY_000446_EPIC,PLY_000446,2,LIVE_EPIC,72,18,10,0,TRUE,2019
SAMSUNG_2016_PLY_000446_LN,PLY_000446,1,LIVE_NORMAL,55,12,10,0,TRUE,2016
SAMSUNG_2026_PLY_000446_AS,PLY_000446,3,ALLSTAR,82,24,10,10,TRUE,2026
SAMSUNG_2024_PLY_000446_LN,PLY_000446,1,LIVE_NORMAL,59,12,10,0,TRUE,2024
SAMSUNG_2023_PLY_000446_LN,PLY_000446,1,LIVE_NORMAL,59,12,10,0,TRUE,2023
SAMSUNG_2021_PLY_000447_AS,PLY_000447,3,ALLSTAR,75,24,10,10,TRUE,2021
SAMSUNG_2018_PLY_000447_TH,PLY_000447,4,TITLE_HOLDER,84,30,10,10,FALSE,2018
SAMSUNG_2018_PLY_000447_LN,PLY_000447,1,LIVE_NORMAL,56,12,10,0,TRUE,2018
SAMSUNG_2018_PLY_000447_EPIC,PLY_000447,2,LIVE_EPIC,76,18,10,0,TRUE,2018
SAMSUNG_2020_PLY_000447_TH,PLY_000447,4,TITLE_HOLDER,86,30,10,10,FALSE,2020
SAMSUNG_2019_PLY_000447_EPIC,PLY_000447,2,LIVE_EPIC,69,18,10,0,TRUE,2019
SAMSUNG_2015_PLY_000447_AS,PLY_000447,3,ALLSTAR,78,24,10,10,TRUE,2015
SAMSUNG_2016_PLY_000447_EPIC,PLY_000447,2,LIVE_EPIC,70,18,10,0,TRUE,2016
SAMSUNG_2015_PLY_000447_EPIC,PLY_000447,2,LIVE_EPIC,71,18,10,0,TRUE,2015
SAMSUNG_2019_PLY_000447_TH,PLY_000447,4,TITLE_HOLDER,85,30,10,10,FALSE,2019
SAMSUNG_2003_PLY_000448_LN,PLY_000448,1,LIVE_NORMAL,67,12,10,0,TRUE,2003
SAMSUNG_2006_PLY_000448_EPIC,PLY_000448,2,LIVE_EPIC,68,18,10,0,TRUE,2006
SAMSUNG_1998_PLY_000448_EPIC,PLY_000448,2,LIVE_EPIC,73,18,10,0,TRUE,1998
SAMSUNG_1994_PLY_000448_EPIC,PLY_000448,2,LIVE_EPIC,66,18,10,0,TRUE,1994
SAMSUNG_1993_PLY_000448_LN,PLY_000448,1,LIVE_NORMAL,67,12,10,0,TRUE,1993
SAMSUNG_1995_PLY_000449_AS,PLY_000449,3,ALLSTAR,74,24,10,10,TRUE,1995
SAMSUNG_1995_PLY_000449_SIG,PLY_000449,6,SIGNATURE,91,40,10,10,FALSE,1995
SAMSUNG_2005_PLY_000449_LN,PLY_000449,1,LIVE_NORMAL,63,12,10,0,TRUE,2005
SAMSUNG_2000_PLY_000449_TH,PLY_000449,4,TITLE_HOLDER,80,30,10,10,FALSE,2000
SAMSUNG_1999_PLY_000449_SIG,PLY_000449,6,SIGNATURE,91,40,10,10,FALSE,1999
SAMSUNG_1995_PLY_000449_EPIC,PLY_000449,2,LIVE_EPIC,73,18,10,0,TRUE,1995
SAMSUNG_2003_PLY_000449_TH,PLY_000449,4,TITLE_HOLDER,81,30,10,10,FALSE,2003
SAMSUNG_2002_PLY_000449_LN,PLY_000449,1,LIVE_NORMAL,60,12,10,0,TRUE,2002
SAMSUNG_1996_PLY_000449_SIG,PLY_000449,6,SIGNATURE,93,40,10,10,FALSE,1996
SAMSUNG_2005_PLY_000449_TH,PLY_000449,4,TITLE_HOLDER,81,30,10,10,FALSE,2005
SAMSUNG_2001_PLY_000449_TH,PLY_000449,4,TITLE_HOLDER,83,30,10,10,FALSE,2001
SAMSUNG_1995_PLY_000449_LN,PLY_000449,1,LIVE_NORMAL,59,12,10,0,TRUE,1995
SAMSUNG_2010_PLY_000450_TH,PLY_000450,4,TITLE_HOLDER,85,30,10,10,FALSE,2010
SAMSUNG_2012_PLY_000450_LN,PLY_000450,1,LIVE_NORMAL,61,12,10,0,TRUE,2012
SAMSUNG_2006_PLY_000450_TH,PLY_000450,4,TITLE_HOLDER,81,30,10,10,FALSE,2006
SAMSUNG_2013_PLY_000450_SIG,PLY_000450,6,SIGNATURE,89,40,10,10,FALSE,2013
SAMSUNG_2011_PLY_000450_EPIC,PLY_000450,2,LIVE_EPIC,65,18,10,0,TRUE,2011
SAMSUNG_2026_PLY_000451_LN,PLY_000451,1,LIVE_NORMAL,60,12,10,0,TRUE,2026
SAMSUNG_2019_PLY_000451_LN,PLY_000451,1,LIVE_NORMAL,65,12,10,0,TRUE,2019
SAMSUNG_2012_PLY_000451_LN,PLY_000451,1,LIVE_NORMAL,66,12,10,0,TRUE,2012
SAMSUNG_2023_PLY_000451_LN,PLY_000451,1,LIVE_NORMAL,68,12,10,0,TRUE,2023
SAMSUNG_2013_PLY_000452_LN,PLY_000452,1,LIVE_NORMAL,57,12,10,0,TRUE,2013
SAMSUNG_2024_PLY_000452_GG,PLY_000452,7,GOLDEN_GLOVE,88,35,10,10,FALSE,2024
SAMSUNG_2025_PLY_000452_EPIC,PLY_000452,2,LIVE_EPIC,68,18,10,0,TRUE,2025
SAMSUNG_2014_PLY_000452_LN,PLY_000452,1,LIVE_NORMAL,56,12,10,0,TRUE,2014
SAMSUNG_2019_PLY_000452_LN,PLY_000452,1,LIVE_NORMAL,60,12,10,0,TRUE,2019
SAMSUNG_2017_PLY_000452_EPIC,PLY_000452,2,LIVE_EPIC,67,18,10,0,TRUE,2017
SAMSUNG_2019_PLY_000452_SIG,PLY_000452,6,SIGNATURE,88,40,10,10,FALSE,2019
SAMSUNG_2016_PLY_000452_TH,PLY_000452,4,TITLE_HOLDER,85,30,10,10,FALSE,2016
SAMSUNG_2022_PLY_000452_AS,PLY_000452,3,ALLSTAR,80,24,10,10,TRUE,2022
SAMSUNG_2015_PLY_000452_LN,PLY_000452,1,LIVE_NORMAL,63,12,10,0,TRUE,2015
SAMSUNG_2017_PLY_000452_GG,PLY_000452,7,GOLDEN_GLOVE,86,35,10,10,FALSE,2017
SAMSUNG_2016_PLY_000452_LN,PLY_000452,1,LIVE_NORMAL,59,12,10,0,TRUE,2016
SAMSUNG_2011_PLY_000453_LN,PLY_000453,1,LIVE_NORMAL,60,12,10,0,TRUE,2011
SAMSUNG_2014_PLY_000453_LN,PLY_000453,1,LIVE_NORMAL,60,12,10,0,TRUE,2014
SAMSUNG_2011_PLY_000453_EPIC,PLY_000453,2,LIVE_EPIC,67,18,10,0,TRUE,2011
SAMSUNG_2013_PLY_000453_LN,PLY_000453,1,LIVE_NORMAL,68,12,10,0,TRUE,2013
SAMSUNG_2012_PLY_000453_LN,PLY_000453,1,LIVE_NORMAL,66,12,10,0,TRUE,2012
SAMSUNG_2013_PLY_000453_AS,PLY_000453,3,ALLSTAR,81,24,10,10,TRUE,2013
SAMSUNG_2010_PLY_000453_AS,PLY_000453,3,ALLSTAR,81,24,10,10,TRUE,2010
SAMSUNG_1999_PLY_000454_LN,PLY_000454,1,LIVE_NORMAL,68,12,10,0,TRUE,1999
SAMSUNG_1994_PLY_000454_LN,PLY_000454,1,LIVE_NORMAL,68,12,10,0,TRUE,1994
SAMSUNG_1989_PLY_000454_LN,PLY_000454,1,LIVE_NORMAL,55,12,10,0,TRUE,1989
SAMSUNG_2022_PLY_000455_LN,PLY_000455,1,LIVE_NORMAL,66,12,10,0,TRUE,2022
SAMSUNG_2015_PLY_000455_LN,PLY_000455,1,LIVE_NORMAL,66,12,10,0,TRUE,2015
SAMSUNG_2024_PLY_000455_EPIC,PLY_000455,2,LIVE_EPIC,67,18,10,0,TRUE,2024
SAMSUNG_2018_PLY_000455_LN,PLY_000455,1,LIVE_NORMAL,64,12,10,0,TRUE,2018
SAMSUNG_2014_PLY_000455_EPIC,PLY_000455,2,LIVE_EPIC,68,18,10,0,TRUE,2014
SAMSUNG_2020_PLY_000455_LN,PLY_000455,1,LIVE_NORMAL,64,12,10,0,TRUE,2020
SAMSUNG_2016_PLY_000455_AS,PLY_000455,3,ALLSTAR,77,24,10,10,TRUE,2016
SAMSUNG_2021_PLY_000455_EPIC,PLY_000455,2,LIVE_EPIC,76,18,10,0,TRUE,2021
SAMSUNG_2016_PLY_000455_LN,PLY_000455,1,LIVE_NORMAL,66,12,10,0,TRUE,2016
SAMSUNG_2017_PLY_000455_LN,PLY_000455,1,LIVE_NORMAL,57,12,10,0,TRUE,2017
SAMSUNG_2023_PLY_000455_LN,PLY_000455,1,LIVE_NORMAL,59,12,10,0,TRUE,2023
SAMSUNG_2026_PLY_000456_EPIC,PLY_000456,2,LIVE_EPIC,71,18,10,0,TRUE,2026
SAMSUNG_2017_PLY_000456_GG,PLY_000456,7,GOLDEN_GLOVE,90,35,10,10,FALSE,2017
SAMSUNG_2007_PLY_000457_LN,PLY_000457,1,LIVE_NORMAL,64,12,10,0,TRUE,2007
SAMSUNG_2010_PLY_000457_GG,PLY_000457,7,GOLDEN_GLOVE,89,35,10,10,FALSE,2010
SAMSUNG_2004_PLY_000457_LN,PLY_000457,1,LIVE_NORMAL,60,12,10,0,TRUE,2004
SAMSUNG_2000_PLY_000457_AS,PLY_000457,3,ALLSTAR,80,24,10,10,TRUE,2000
SAMSUNG_2009_PLY_000458_AS,PLY_000458,3,ALLSTAR,81,24,10,10,TRUE,2009
SAMSUNG_2006_PLY_000458_AS,PLY_000458,3,ALLSTAR,78,24,10,10,TRUE,2006
SAMSUNG_1999_PLY_000458_EPIC,PLY_000458,2,LIVE_EPIC,67,18,10,0,TRUE,1999
SAMSUNG_2004_PLY_000458_AS,PLY_000458,3,ALLSTAR,76,24,10,10,TRUE,2004
SAMSUNG_2006_PLY_000458_TH,PLY_000458,4,TITLE_HOLDER,82,30,10,10,FALSE,2006
SAMSUNG_2000_PLY_000458_LN,PLY_000458,1,LIVE_NORMAL,62,12,10,0,TRUE,2000
SAMSUNG_2000_PLY_000458_AS,PLY_000458,3,ALLSTAR,82,24,10,10,TRUE,2000
SAMSUNG_2008_PLY_000458_TH,PLY_000458,4,TITLE_HOLDER,82,30,10,10,FALSE,2008
SAMSUNG_2003_PLY_000458_SIG,PLY_000458,6,SIGNATURE,92,40,10,10,FALSE,2003
SAMSUNG_2000_PLY_000459_LN,PLY_000459,1,LIVE_NORMAL,56,12,10,0,TRUE,2000
SAMSUNG_2002_PLY_000459_LN,PLY_000459,1,LIVE_NORMAL,62,12,10,0,TRUE,2002
SAMSUNG_1997_PLY_000459_AS,PLY_000459,3,ALLSTAR,76,24,10,10,TRUE,1997
SAMSUNG_2026_PLY_000460_SIG,PLY_000460,6,SIGNATURE,91,40,10,10,FALSE,2026
SAMSUNG_2022_PLY_000460_TH,PLY_000460,4,TITLE_HOLDER,82,30,10,10,FALSE,2022
SAMSUNG_2022_PLY_000461_EPIC,PLY_000461,2,LIVE_EPIC,75,18,10,0,TRUE,2022
SAMSUNG_2018_PLY_000461_LN,PLY_000461,1,LIVE_NORMAL,66,12,10,0,TRUE,2018
SAMSUNG_2021_PLY_000461_EPIC,PLY_000461,2,LIVE_EPIC,67,18,10,0,TRUE,2021
SAMSUNG_2025_PLY_000461_EPIC,PLY_000461,2,LIVE_EPIC,65,18,10,0,TRUE,2025
SAMSUNG_2022_PLY_000461_AS,PLY_000461,3,ALLSTAR,78,24,10,10,TRUE,2022
SAMSUNG_2026_PLY_000461_LN,PLY_000461,1,LIVE_NORMAL,56,12,10,0,TRUE,2026
SAMSUNG_2024_PLY_000461_SIG,PLY_000461,6,SIGNATURE,89,40,10,10,FALSE,2024
SAMSUNG_2023_PLY_000461_LN,PLY_000461,1,LIVE_NORMAL,65,12,10,0,TRUE,2023
SAMSUNG_1998_PLY_000462_AS,PLY_000462,3,ALLSTAR,81,24,10,10,TRUE,1998
SAMSUNG_1996_PLY_000462_LN,PLY_000462,1,LIVE_NORMAL,63,12,10,0,TRUE,1996
SAMSUNG_1997_PLY_000462_AS,PLY_000462,3,ALLSTAR,75,24,10,10,TRUE,1997
SAMSUNG_2007_PLY_000463_EPIC,PLY_000463,2,LIVE_EPIC,67,18,10,0,TRUE,2007
SAMSUNG_2004_PLY_000463_LN,PLY_000463,1,LIVE_NORMAL,57,12,10,0,TRUE,2004
SAMSUNG_2006_PLY_000463_EPIC,PLY_000463,2,LIVE_EPIC,67,18,10,0,TRUE,2006
SAMSUNG_2005_PLY_000463_TH,PLY_000463,4,TITLE_HOLDER,81,30,10,10,FALSE,2005
SAMSUNG_2008_PLY_000463_TH,PLY_000463,4,TITLE_HOLDER,83,30,10,10,FALSE,2008
SAMSUNG_2004_PLY_000463_EPIC,PLY_000463,2,LIVE_EPIC,67,18,10,0,TRUE,2004
SAMSUNG_2006_PLY_000463_LN,PLY_000463,1,LIVE_NORMAL,56,12,10,0,TRUE,2006
SAMSUNG_2010_PLY_000463_EPIC,PLY_000463,2,LIVE_EPIC,72,18,10,0,TRUE,2010
SAMSUNG_2012_PLY_000463_EPIC,PLY_000463,2,LIVE_EPIC,74,18,10,0,TRUE,2012
SAMSUNG_2006_PLY_000463_SIG,PLY_000463,6,SIGNATURE,94,40,10,10,FALSE,2006
SAMSUNG_2009_PLY_000463_TH,PLY_000463,4,TITLE_HOLDER,83,30,10,10,FALSE,2009
SAMSUNG_2020_PLY_000464_LN,PLY_000464,1,LIVE_NORMAL,58,12,10,0,TRUE,2020
SAMSUNG_2008_PLY_000464_EPIC,PLY_000464,2,LIVE_EPIC,65,18,10,0,TRUE,2008
SAMSUNG_2009_PLY_000464_SIG,PLY_000464,6,SIGNATURE,87,40,10,10,FALSE,2009
SAMSUNG_2026_PLY_000464_AS,PLY_000464,3,ALLSTAR,80,24,10,10,TRUE,2026
SAMSUNG_2013_PLY_000464_EPIC,PLY_000464,2,LIVE_EPIC,76,18,10,0,TRUE,2013
SAMSUNG_2021_PLY_000464_TH,PLY_000464,4,TITLE_HOLDER,87,30,10,10,FALSE,2021
SAMSUNG_2017_PLY_000464_EPIC,PLY_000464,2,LIVE_EPIC,67,18,10,0,TRUE,2017
SAMSUNG_2011_PLY_000464_EPIC,PLY_000464,2,LIVE_EPIC,73,18,10,0,TRUE,2011
SAMSUNG_2010_PLY_000464_LN,PLY_000464,1,LIVE_NORMAL,55,12,10,0,TRUE,2010
SAMSUNG_2021_PLY_000465_SIG,PLY_000465,6,SIGNATURE,94,40,10,10,FALSE,2021
SAMSUNG_2021_PLY_000465_LN,PLY_000465,1,LIVE_NORMAL,58,12,10,0,TRUE,2021
SAMSUNG_2024_PLY_000465_EPIC,PLY_000465,2,LIVE_EPIC,75,18,10,0,TRUE,2024
SAMSUNG_2024_PLY_000465_LN,PLY_000465,1,LIVE_NORMAL,68,12,10,0,TRUE,2024
SAMSUNG_2021_PLY_000465_TH,PLY_000465,4,TITLE_HOLDER,87,30,10,10,FALSE,2021
SAMSUNG_2021_PLY_000465_AS,PLY_000465,3,ALLSTAR,80,24,10,10,TRUE,2021
SAMSUNG_2022_PLY_000465_EPIC,PLY_000465,2,LIVE_EPIC,72,18,10,0,TRUE,2022
SAMSUNG_2022_PLY_000465_LN,PLY_000465,1,LIVE_NORMAL,55,12,10,0,TRUE,2022
SAMSUNG_2023_PLY_000465_EPIC,PLY_000465,2,LIVE_EPIC,69,18,10,0,TRUE,2023
SAMSUNG_2015_PLY_000466_TH,PLY_000466,4,TITLE_HOLDER,81,30,10,10,FALSE,2015
SAMSUNG_2012_PLY_000466_AS,PLY_000466,3,ALLSTAR,75,24,10,10,TRUE,2012
SAMSUNG_2015_PLY_000467_LN,PLY_000467,1,LIVE_NORMAL,62,12,10,0,TRUE,2015
SAMSUNG_2009_PLY_000467_LN,PLY_000467,1,LIVE_NORMAL,66,12,10,0,TRUE,2009
SAMSUNG_2015_PLY_000467_EPIC,PLY_000467,2,LIVE_EPIC,71,18,10,0,TRUE,2015
SAMSUNG_2000_PLY_000467_LN,PLY_000467,1,LIVE_NORMAL,62,12,10,0,TRUE,2000
SAMSUNG_2000_PLY_000467_SIG,PLY_000467,6,SIGNATURE,90,40,10,10,FALSE,2000
SAMSUNG_2014_PLY_000467_SIG,PLY_000467,6,SIGNATURE,94,40,10,10,FALSE,2014
SAMSUNG_2009_PLY_000467_SIG,PLY_000467,6,SIGNATURE,92,40,10,10,FALSE,2009
SAMSUNG_2004_PLY_000468_LN,PLY_000468,1,LIVE_NORMAL,64,12,10,0,TRUE,2004
SAMSUNG_1999_PLY_000468_GG,PLY_000468,7,GOLDEN_GLOVE,89,35,10,10,FALSE,1999
SAMSUNG_2006_PLY_000468_EPIC,PLY_000468,2,LIVE_EPIC,70,18,10,0,TRUE,2006
SAMSUNG_2003_PLY_000468_LN,PLY_000468,1,LIVE_NORMAL,55,12,10,0,TRUE,2003
SAMSUNG_1997_PLY_000468_AS,PLY_000468,3,ALLSTAR,80,24,10,10,TRUE,1997
SAMSUNG_2007_PLY_000468_AS,PLY_000468,3,ALLSTAR,76,24,10,10,TRUE,2007
SAMSUNG_1999_PLY_000468_AS,PLY_000468,3,ALLSTAR,82,24,10,10,TRUE,1999
SAMSUNG_2003_PLY_000468_AS,PLY_000468,3,ALLSTAR,80,24,10,10,TRUE,2003
SAMSUNG_2004_PLY_000468_GG,PLY_000468,7,GOLDEN_GLOVE,86,35,10,10,FALSE,2004
SAMSUNG_2005_PLY_000468_LN,PLY_000468,1,LIVE_NORMAL,56,12,10,0,TRUE,2005
SAMSUNG_2001_PLY_000468_EPIC,PLY_000468,2,LIVE_EPIC,67,18,10,0,TRUE,2001
SAMSUNG_2003_PLY_000468_TH,PLY_000468,4,TITLE_HOLDER,85,30,10,10,FALSE,2003
SAMSUNG_2019_PLY_000469_LN,PLY_000469,1,LIVE_NORMAL,55,12,10,0,TRUE,2019
SAMSUNG_2013_PLY_000469_LN,PLY_000469,1,LIVE_NORMAL,62,12,10,0,TRUE,2013
SAMSUNG_2020_PLY_000469_EPIC,PLY_000469,2,LIVE_EPIC,68,18,10,0,TRUE,2020
SAMSUNG_2013_PLY_000469_AS,PLY_000469,3,ALLSTAR,79,24,10,10,TRUE,2013
SAMSUNG_2016_PLY_000469_LN,PLY_000469,1,LIVE_NORMAL,68,12,10,0,TRUE,2016
SAMSUNG_2015_PLY_000469_EPIC,PLY_000469,2,LIVE_EPIC,73,18,10,0,TRUE,2015
SAMSUNG_2013_PLY_000469_EPIC,PLY_000469,2,LIVE_EPIC,65,18,10,0,TRUE,2013
SAMSUNG_2020_PLY_000469_LN,PLY_000469,1,LIVE_NORMAL,62,12,10,0,TRUE,2020
SAMSUNG_2019_PLY_000469_EPIC,PLY_000469,2,LIVE_EPIC,75,18,10,0,TRUE,2019
SAMSUNG_2015_PLY_000470_EPIC,PLY_000470,2,LIVE_EPIC,71,18,10,0,TRUE,2015
SAMSUNG_2014_PLY_000470_LN,PLY_000470,1,LIVE_NORMAL,59,12,10,0,TRUE,2014
SAMSUNG_1999_PLY_000471_LN,PLY_000471,1,LIVE_NORMAL,57,12,10,0,TRUE,1999
SAMSUNG_2003_PLY_000471_LN,PLY_000471,1,LIVE_NORMAL,67,12,10,0,TRUE,2003
SAMSUNG_1994_PLY_000471_TH,PLY_000471,4,TITLE_HOLDER,84,30,10,10,FALSE,1994
SAMSUNG_2002_PLY_000471_EPIC,PLY_000471,2,LIVE_EPIC,69,18,10,0,TRUE,2002
SAMSUNG_2005_PLY_000471_EPIC,PLY_000471,2,LIVE_EPIC,69,18,10,0,TRUE,2005
SAMSUNG_1995_PLY_000471_AS,PLY_000471,3,ALLSTAR,75,24,10,10,TRUE,1995
SAMSUNG_1991_PLY_000471_LN,PLY_000471,1,LIVE_NORMAL,64,12,10,0,TRUE,1991
SAMSUNG_2002_PLY_000472_LN,PLY_000472,1,LIVE_NORMAL,68,12,10,0,TRUE,2002
SAMSUNG_1998_PLY_000472_LN,PLY_000472,1,LIVE_NORMAL,60,12,10,0,TRUE,1998
SAMSUNG_2001_PLY_000472_LN,PLY_000472,1,LIVE_NORMAL,65,12,10,0,TRUE,2001
SAMSUNG_1995_PLY_000472_EPIC,PLY_000472,2,LIVE_EPIC,65,18,10,0,TRUE,1995
SAMSUNG_2003_PLY_000472_AS,PLY_000472,3,ALLSTAR,76,24,10,10,TRUE,2003
SAMSUNG_1997_PLY_000472_EPIC,PLY_000472,2,LIVE_EPIC,71,18,10,0,TRUE,1997
SAMSUNG_1995_PLY_000472_AS,PLY_000472,3,ALLSTAR,77,24,10,10,TRUE,1995
SAMSUNG_1996_PLY_000472_EPIC,PLY_000472,2,LIVE_EPIC,72,18,10,0,TRUE,1996
SAMSUNG_2015_PLY_000473_LN,PLY_000473,1,LIVE_NORMAL,66,12,10,0,TRUE,2015
SAMSUNG_2009_PLY_000473_LN,PLY_000473,1,LIVE_NORMAL,63,12,10,0,TRUE,2009
SAMSUNG_2017_PLY_000473_EPIC,PLY_000473,2,LIVE_EPIC,74,18,10,0,TRUE,2017
SAMSUNG_2011_PLY_000473_LN,PLY_000473,1,LIVE_NORMAL,67,12,10,0,TRUE,2011
SAMSUNG_2013_PLY_000473_AS,PLY_000473,3,ALLSTAR,75,24,10,10,TRUE,2013
SAMSUNG_2022_PLY_000474_EPIC,PLY_000474,2,LIVE_EPIC,67,18,10,0,TRUE,2022
SAMSUNG_2023_PLY_000474_EPIC,PLY_000474,2,LIVE_EPIC,71,18,10,0,TRUE,2023
SAMSUNG_2024_PLY_000474_AS,PLY_000474,3,ALLSTAR,83,24,10,10,TRUE,2024
SAMSUNG_2023_PLY_000474_GG,PLY_000474,7,GOLDEN_GLOVE,89,35,10,10,FALSE,2023
SAMSUNG_2009_PLY_000475_LN,PLY_000475,1,LIVE_NORMAL,62,12,10,0,TRUE,2009
SAMSUNG_2014_PLY_000475_EPIC,PLY_000475,2,LIVE_EPIC,76,18,10,0,TRUE,2014
SAMSUNG_2009_PLY_000475_EPIC,PLY_000475,2,LIVE_EPIC,70,18,10,0,TRUE,2009
SAMSUNG_2011_PLY_000475_LN,PLY_000475,1,LIVE_NORMAL,66,12,10,0,TRUE,2011
SAMSUNG_2013_PLY_000475_EPIC,PLY_000475,2,LIVE_EPIC,72,18,10,0,TRUE,2013
SAMSUNG_2009_PLY_000475_TH,PLY_000475,4,TITLE_HOLDER,80,30,10,10,FALSE,2009
SAMSUNG_2020_PLY_000476_EPIC,PLY_000476,2,LIVE_EPIC,76,18,10,0,TRUE,2020
SAMSUNG_2016_PLY_000476_LN,PLY_000476,1,LIVE_NORMAL,59,12,10,0,TRUE,2016
SAMSUNG_2012_PLY_000476_LN,PLY_000476,1,LIVE_NORMAL,57,12,10,0,TRUE,2012
SAMSUNG_2016_PLY_000476_EPIC,PLY_000476,2,LIVE_EPIC,68,18,10,0,TRUE,2016
SAMSUNG_2013_PLY_000476_AS,PLY_000476,3,ALLSTAR,81,24,10,10,TRUE,2013
SAMSUNG_2009_PLY_000476_AS,PLY_000476,3,ALLSTAR,76,24,10,10,TRUE,2009
SAMSUNG_2026_PLY_000477_AS,PLY_000477,3,ALLSTAR,79,24,10,10,TRUE,2026
SAMSUNG_2022_PLY_000477_EPIC,PLY_000477,2,LIVE_EPIC,66,18,10,0,TRUE,2022
SAMSUNG_2012_PLY_000477_LN,PLY_000477,1,LIVE_NORMAL,64,12,10,0,TRUE,2012
SAMSUNG_2017_PLY_000478_AS,PLY_000478,3,ALLSTAR,80,24,10,10,TRUE,2017
SAMSUNG_2019_PLY_000478_EPIC,PLY_000478,2,LIVE_EPIC,75,18,10,0,TRUE,2019
SAMSUNG_2018_PLY_000478_EPIC,PLY_000478,2,LIVE_EPIC,76,18,10,0,TRUE,2018
SAMSUNG_2006_PLY_000479_AS,PLY_000479,3,ALLSTAR,80,24,10,10,TRUE,2006
SAMSUNG_1996_PLY_000479_EPIC,PLY_000479,2,LIVE_EPIC,65,18,10,0,TRUE,1996
SAMSUNG_2009_PLY_000480_LN,PLY_000480,1,LIVE_NORMAL,61,12,10,0,TRUE,2009
SAMSUNG_2008_PLY_000480_LN,PLY_000480,1,LIVE_NORMAL,59,12,10,0,TRUE,2008
SAMSUNG_2010_PLY_000480_TH,PLY_000480,4,TITLE_HOLDER,84,30,10,10,FALSE,2010
SAMSUNG_2007_PLY_000480_TH,PLY_000480,4,TITLE_HOLDER,82,30,10,10,FALSE,2007
SAMSUNG_2006_PLY_000480_EPIC,PLY_000480,2,LIVE_EPIC,67,18,10,0,TRUE,2006
SAMSUNG_2021_PLY_000481_GG,PLY_000481,7,GOLDEN_GLOVE,89,35,10,10,FALSE,2021
SAMSUNG_2024_PLY_000481_AS,PLY_000481,3,ALLSTAR,83,24,10,10,TRUE,2024
SAMSUNG_2022_PLY_000481_AS,PLY_000481,3,ALLSTAR,74,24,10,10,TRUE,2022
SAMSUNG_2023_PLY_000481_EPIC,PLY_000481,2,LIVE_EPIC,67,18,10,0,TRUE,2023
SAMSUNG_2023_PLY_000481_LN,PLY_000481,1,LIVE_NORMAL,61,12,10,0,TRUE,2023
SAMSUNG_2022_PLY_000481_TH,PLY_000481,4,TITLE_HOLDER,82,30,10,10,FALSE,2022
SAMSUNG_2021_PLY_000481_LN,PLY_000481,1,LIVE_NORMAL,68,12,10,0,TRUE,2021
SAMSUNG_2025_PLY_000481_LN,PLY_000481,1,LIVE_NORMAL,68,12,10,0,TRUE,2025
SAMSUNG_2013_PLY_000482_TH,PLY_000482,4,TITLE_HOLDER,82,30,10,10,FALSE,2013
SAMSUNG_2010_PLY_000482_LN,PLY_000482,1,LIVE_NORMAL,59,12,10,0,TRUE,2010
SAMSUNG_2019_PLY_000482_EPIC,PLY_000482,2,LIVE_EPIC,71,18,10,0,TRUE,2019
SAMSUNG_2016_PLY_000482_EPIC,PLY_000482,2,LIVE_EPIC,76,18,10,0,TRUE,2016
SAMSUNG_2013_PLY_000482_EPIC,PLY_000482,2,LIVE_EPIC,72,18,10,0,TRUE,2013
SAMSUNG_2020_PLY_000482_AS,PLY_000482,3,ALLSTAR,77,24,10,10,TRUE,2020
SAMSUNG_2017_PLY_000482_TH,PLY_000482,4,TITLE_HOLDER,83,30,10,10,FALSE,2017
SAMSUNG_2009_PLY_000482_EPIC,PLY_000482,2,LIVE_EPIC,69,18,10,0,TRUE,2009
SAMSUNG_2012_PLY_000482_EPIC,PLY_000482,2,LIVE_EPIC,67,18,10,0,TRUE,2012
SAMSUNG_1993_PLY_000483_LN,PLY_000483,1,LIVE_NORMAL,66,12,10,0,TRUE,1993
SAMSUNG_1988_PLY_000483_LN,PLY_000483,1,LIVE_NORMAL,63,12,10,0,TRUE,1988
SAMSUNG_1990_PLY_000483_EPIC,PLY_000483,2,LIVE_EPIC,76,18,10,0,TRUE,1990
SAMSUNG_1990_PLY_000483_LN,PLY_000483,1,LIVE_NORMAL,61,12,10,0,TRUE,1990
SAMSUNG_1995_PLY_000483_AS,PLY_000483,3,ALLSTAR,76,24,10,10,TRUE,1995
SAMSUNG_1993_PLY_000483_EPIC,PLY_000483,2,LIVE_EPIC,70,18,10,0,TRUE,1993
SAMSUNG_2014_PLY_000484_LN,PLY_000484,1,LIVE_NORMAL,60,12,10,0,TRUE,2014
SAMSUNG_2021_PLY_000484_LN,PLY_000484,1,LIVE_NORMAL,63,12,10,0,TRUE,2021
SAMSUNG_2024_PLY_000484_TH,PLY_000484,4,TITLE_HOLDER,81,30,10,10,FALSE,2024
SAMSUNG_2018_PLY_000484_SIG,PLY_000484,6,SIGNATURE,94,40,10,10,FALSE,2018
SAMSUNG_2014_PLY_000484_TH,PLY_000484,4,TITLE_HOLDER,86,30,10,10,FALSE,2014
SAMSUNG_2017_PLY_000484_AS,PLY_000484,3,ALLSTAR,81,24,10,10,TRUE,2017
SAMSUNG_2018_PLY_000484_LN,PLY_000484,1,LIVE_NORMAL,68,12,10,0,TRUE,2018
SAMSUNG_2008_PLY_000485_EPIC,PLY_000485,2,LIVE_EPIC,68,18,10,0,TRUE,2008
SAMSUNG_2013_PLY_000485_LN,PLY_000485,1,LIVE_NORMAL,60,12,10,0,TRUE,2013
SAMSUNG_1999_PLY_000485_LN,PLY_000485,1,LIVE_NORMAL,58,12,10,0,TRUE,1999
SAMSUNG_2003_PLY_000485_LN,PLY_000485,1,LIVE_NORMAL,61,12,10,0,TRUE,2003
SAMSUNG_2006_PLY_000485_AS,PLY_000485,3,ALLSTAR,83,24,10,10,TRUE,2006
SAMSUNG_2007_PLY_000485_LN,PLY_000485,1,LIVE_NORMAL,61,12,10,0,TRUE,2007
SAMSUNG_2005_PLY_000485_EPIC,PLY_000485,2,LIVE_EPIC,66,18,10,0,TRUE,2005
SAMSUNG_2010_PLY_000485_SIG,PLY_000485,6,SIGNATURE,90,40,10,10,FALSE,2010
SAMSUNG_2007_PLY_000486_LN,PLY_000486,1,LIVE_NORMAL,55,12,10,0,TRUE,2007
SAMSUNG_2010_PLY_000486_AS,PLY_000486,3,ALLSTAR,75,24,10,10,TRUE,2010
SAMSUNG_2015_PLY_000486_AS,PLY_000486,3,ALLSTAR,78,24,10,10,TRUE,2015
SAMSUNG_2014_PLY_000486_GG,PLY_000486,7,GOLDEN_GLOVE,83,35,10,10,FALSE,2014
SAMSUNG_2009_PLY_000486_EPIC,PLY_000486,2,LIVE_EPIC,71,18,10,0,TRUE,2009
SAMSUNG_2006_PLY_000486_LN,PLY_000486,1,LIVE_NORMAL,57,12,10,0,TRUE,2006
SAMSUNG_2010_PLY_000486_LN,PLY_000486,1,LIVE_NORMAL,63,12,10,0,TRUE,2010
SAMSUNG_2006_PLY_000486_EPIC,PLY_000486,2,LIVE_EPIC,68,18,10,0,TRUE,2006
SAMSUNG_1998_PLY_000487_LN,PLY_000487,1,LIVE_NORMAL,67,12,10,0,TRUE,1998
SAMSUNG_2000_PLY_000487_LN,PLY_000487,1,LIVE_NORMAL,55,12,10,0,TRUE,2000
SAMSUNG_2001_PLY_000487_EPIC,PLY_000487,2,LIVE_EPIC,69,18,10,0,TRUE,2001
SAMSUNG_2005_PLY_000487_LN,PLY_000487,1,LIVE_NORMAL,68,12,10,0,TRUE,2005
SAMSUNG_1997_PLY_000487_SIG,PLY_000487,6,SIGNATURE,91,40,10,10,FALSE,1997
SAMSUNG_1998_PLY_000487_AS,PLY_000487,3,ALLSTAR,80,24,10,10,TRUE,1998
SAMSUNG_2003_PLY_000487_LN,PLY_000487,1,LIVE_NORMAL,63,12,10,0,TRUE,2003
SAMSUNG_1997_PLY_000487_EPIC,PLY_000487,2,LIVE_EPIC,65,18,10,0,TRUE,1997
SAMSUNG_2002_PLY_000487_LN,PLY_000487,1,LIVE_NORMAL,55,12,10,0,TRUE,2002
SAMSUNG_2003_PLY_000488_TH,PLY_000488,4,TITLE_HOLDER,81,30,10,10,FALSE,2003
SAMSUNG_1997_PLY_000488_TH,PLY_000488,4,TITLE_HOLDER,84,30,10,10,FALSE,1997
SAMSUNG_2010_PLY_000488_LN,PLY_000488,1,LIVE_NORMAL,56,12,10,0,TRUE,2010
SAMSUNG_2003_PLY_000488_EPIC,PLY_000488,2,LIVE_EPIC,70,18,10,0,TRUE,2003
SAMSUNG_2003_PLY_000488_LN,PLY_000488,1,LIVE_NORMAL,62,12,10,0,TRUE,2003
SAMSUNG_2009_PLY_000488_GG,PLY_000488,7,GOLDEN_GLOVE,87,35,10,10,FALSE,2009
SAMSUNG_2007_PLY_000488_EPIC,PLY_000488,2,LIVE_EPIC,72,18,10,0,TRUE,2007
SAMSUNG_1995_PLY_000488_LN,PLY_000488,1,LIVE_NORMAL,63,12,10,0,TRUE,1995
SAMSUNG_2009_PLY_000488_EPIC,PLY_000488,2,LIVE_EPIC,73,18,10,0,TRUE,2009
SAMSUNG_2001_PLY_000488_EPIC,PLY_000488,2,LIVE_EPIC,71,18,10,0,TRUE,2001
SAMSUNG_2011_PLY_000488_EPIC,PLY_000488,2,LIVE_EPIC,73,18,10,0,TRUE,2011
SAMSUNG_2012_PLY_000488_EPIC,PLY_000488,2,LIVE_EPIC,68,18,10,0,TRUE,2012
SAMSUNG_2002_PLY_000489_GG,PLY_000489,7,GOLDEN_GLOVE,88,35,10,10,FALSE,2002
SAMSUNG_1997_PLY_000489_TH,PLY_000489,4,TITLE_HOLDER,86,30,10,10,FALSE,1997
SAMSUNG_2003_PLY_000489_LN,PLY_000489,1,LIVE_NORMAL,62,12,10,0,TRUE,2003
SAMSUNG_1999_PLY_000489_EPIC,PLY_000489,2,LIVE_EPIC,72,18,10,0,TRUE,1999
SAMSUNG_2003_PLY_000489_EPIC,PLY_000489,2,LIVE_EPIC,73,18,10,0,TRUE,2003
SAMSUNG_2004_PLY_000489_TH,PLY_000489,4,TITLE_HOLDER,84,30,10,10,FALSE,2004
SAMSUNG_1998_PLY_000489_LN,PLY_000489,1,LIVE_NORMAL,59,12,10,0,TRUE,1998
SAMSUNG_2004_PLY_000489_AS,PLY_000489,3,ALLSTAR,76,24,10,10,TRUE,2004
SAMSUNG_2002_PLY_000489_EPIC,PLY_000489,2,LIVE_EPIC,70,18,10,0,TRUE,2002
SAMSUNG_2001_PLY_000489_LN,PLY_000489,1,LIVE_NORMAL,63,12,10,0,TRUE,2001
SAMSUNG_2004_PLY_000489_EPIC,PLY_000489,2,LIVE_EPIC,70,18,10,0,TRUE,2004
SAMSUNG_2020_PLY_000490_EPIC,PLY_000490,2,LIVE_EPIC,75,18,10,0,TRUE,2020
SAMSUNG_2024_PLY_000490_AS,PLY_000490,3,ALLSTAR,82,24,10,10,TRUE,2024
SAMSUNG_2023_PLY_000490_SIG,PLY_000490,6,SIGNATURE,87,40,10,10,FALSE,2023
SAMSUNG_2017_PLY_000490_AS,PLY_000490,3,ALLSTAR,81,24,10,10,TRUE,2017
SAMSUNG_2020_PLY_000490_SIG,PLY_000490,6,SIGNATURE,88,40,10,10,FALSE,2020
SAMSUNG_2019_PLY_000490_EPIC,PLY_000490,2,LIVE_EPIC,71,18,10,0,TRUE,2019
SAMSUNG_2024_PLY_000490_SIG,PLY_000490,6,SIGNATURE,91,40,10,10,FALSE,2024
SAMSUNG_2025_PLY_000490_TH,PLY_000490,4,TITLE_HOLDER,82,30,10,10,FALSE,2025
SAMSUNG_2019_PLY_000490_AS,PLY_000490,3,ALLSTAR,81,24,10,10,TRUE,2019
SAMSUNG_1996_PLY_000491_EPIC,PLY_000491,2,LIVE_EPIC,75,18,10,0,TRUE,1996
SAMSUNG_2000_PLY_000491_GG,PLY_000491,7,GOLDEN_GLOVE,89,35,10,10,FALSE,2000
SAMSUNG_1998_PLY_000491_TH,PLY_000491,4,TITLE_HOLDER,81,30,10,10,FALSE,1998
SAMSUNG_1997_PLY_000491_GG,PLY_000491,7,GOLDEN_GLOVE,86,35,10,10,FALSE,1997
SAMSUNG_2000_PLY_000491_AS,PLY_000491,3,ALLSTAR,80,24,10,10,TRUE,2000
SAMSUNG_1998_PLY_000491_EPIC,PLY_000491,2,LIVE_EPIC,75,18,10,0,TRUE,1998
SAMSUNG_1996_PLY_000491_LN,PLY_000491,1,LIVE_NORMAL,62,12,10,0,TRUE,1996
SAMSUNG_1999_PLY_000491_EPIC,PLY_000491,2,LIVE_EPIC,65,18,10,0,TRUE,1999
SAMSUNG_1992_PLY_000492_LN,PLY_000492,1,LIVE_NORMAL,55,12,10,0,TRUE,1992
SAMSUNG_1999_PLY_000492_TH,PLY_000492,4,TITLE_HOLDER,80,30,10,10,FALSE,1999
SAMSUNG_1995_PLY_000492_AS,PLY_000492,3,ALLSTAR,81,24,10,10,TRUE,1995
SAMSUNG_1992_PLY_000492_AS,PLY_000492,3,ALLSTAR,81,24,10,10,TRUE,1992
SAMSUNG_2003_PLY_000492_EPIC,PLY_000492,2,LIVE_EPIC,65,18,10,0,TRUE,2003
SAMSUNG_2000_PLY_000492_TH,PLY_000492,4,TITLE_HOLDER,80,30,10,10,FALSE,2000
SAMSUNG_2003_PLY_000492_TH,PLY_000492,4,TITLE_HOLDER,84,30,10,10,FALSE,2003
SAMSUNG_2015_PLY_000493_LN,PLY_000493,1,LIVE_NORMAL,63,12,10,0,TRUE,2015
SAMSUNG_2012_PLY_000493_TH,PLY_000493,4,TITLE_HOLDER,86,30,10,10,FALSE,2012
SAMSUNG_2015_PLY_000493_EPIC,PLY_000493,2,LIVE_EPIC,76,18,10,0,TRUE,2015
SAMSUNG_2010_PLY_000493_AS,PLY_000493,3,ALLSTAR,78,24,10,10,TRUE,2010
SAMSUNG_2011_PLY_000493_EPIC,PLY_000493,2,LIVE_EPIC,66,18,10,0,TRUE,2011
SAMSUNG_2006_PLY_000493_LN,PLY_000493,1,LIVE_NORMAL,68,12,10,0,TRUE,2006
SAMSUNG_2012_PLY_000494_AS,PLY_000494,3,ALLSTAR,75,24,10,10,TRUE,2012
SAMSUNG_2014_PLY_000494_AS,PLY_000494,3,ALLSTAR,77,24,10,10,TRUE,2014
SAMSUNG_2013_PLY_000494_GG,PLY_000494,7,GOLDEN_GLOVE,87,35,10,10,FALSE,2013
SAMSUNG_2015_PLY_000494_GG,PLY_000494,7,GOLDEN_GLOVE,88,35,10,10,FALSE,2015
SAMSUNG_2010_PLY_000494_LN,PLY_000494,1,LIVE_NORMAL,57,12,10,0,TRUE,2010
SAMSUNG_2009_PLY_000494_AS,PLY_000494,3,ALLSTAR,80,24,10,10,TRUE,2009
SAMSUNG_2008_PLY_000494_LN,PLY_000494,1,LIVE_NORMAL,63,12,10,0,TRUE,2008
SAMSUNG_2010_PLY_000494_AS,PLY_000494,3,ALLSTAR,83,24,10,10,TRUE,2010
SAMSUNG_2006_PLY_000495_LN,PLY_000495,1,LIVE_NORMAL,55,12,10,0,TRUE,2006
SAMSUNG_2009_PLY_000495_EPIC,PLY_000495,2,LIVE_EPIC,70,18,10,0,TRUE,2009
SAMSUNG_2011_PLY_000495_LN,PLY_000495,1,LIVE_NORMAL,67,12,10,0,TRUE,2011
SAMSUNG_2005_PLY_000495_SIG,PLY_000495,6,SIGNATURE,91,40,10,10,FALSE,2005
SAMSUNG_2018_PLY_000495_LN,PLY_000495,1,LIVE_NORMAL,67,12,10,0,TRUE,2018
SAMSUNG_2008_PLY_000495_AS,PLY_000495,3,ALLSTAR,77,24,10,10,TRUE,2008
SAMSUNG_2014_PLY_000495_LN,PLY_000495,1,LIVE_NORMAL,55,12,10,0,TRUE,2014
SAMSUNG_2007_PLY_000495_LN,PLY_000495,1,LIVE_NORMAL,64,12,10,0,TRUE,2007
SAMSUNG_2021_PLY_000495_LN,PLY_000495,1,LIVE_NORMAL,60,12,10,0,TRUE,2021
SAMSUNG_2020_PLY_000495_TH,PLY_000495,4,TITLE_HOLDER,87,30,10,10,FALSE,2020
SAMSUNG_2015_PLY_000495_EPIC,PLY_000495,2,LIVE_EPIC,72,18,10,0,TRUE,2015
SAMSUNG_1998_PLY_000496_LN,PLY_000496,1,LIVE_NORMAL,67,12,10,0,TRUE,1998
SAMSUNG_1996_PLY_000496_EPIC,PLY_000496,2,LIVE_EPIC,65,18,10,0,TRUE,1996
SAMSUNG_1996_PLY_000496_LN,PLY_000496,1,LIVE_NORMAL,56,12,10,0,TRUE,1996
SAMSUNG_1996_PLY_000496_AS,PLY_000496,3,ALLSTAR,75,24,10,10,TRUE,1996
SAMSUNG_2024_PLY_000497_TH,PLY_000497,4,TITLE_HOLDER,80,30,10,10,FALSE,2024
SAMSUNG_2023_PLY_000497_LN,PLY_000497,1,LIVE_NORMAL,64,12,10,0,TRUE,2023
SAMSUNG_2023_PLY_000497_GG,PLY_000497,7,GOLDEN_GLOVE,88,35,10,10,FALSE,2023
SAMSUNG_2026_PLY_000497_LN,PLY_000497,1,LIVE_NORMAL,66,12,10,0,TRUE,2026
SAMSUNG_2022_PLY_000497_AS,PLY_000497,3,ALLSTAR,78,24,10,10,TRUE,2022
SAMSUNG_2024_PLY_000497_LN,PLY_000497,1,LIVE_NORMAL,59,12,10,0,TRUE,2024
SAMSUNG_2024_PLY_000497_EPIC,PLY_000497,2,LIVE_EPIC,70,18,10,0,TRUE,2024
SAMSUNG_2022_PLY_000497_LN,PLY_000497,1,LIVE_NORMAL,68,12,10,0,TRUE,2022
SAMSUNG_2022_PLY_000497_EPIC,PLY_000497,2,LIVE_EPIC,75,18,10,0,TRUE,2022
SAMSUNG_2016_PLY_000498_EPIC,PLY_000498,2,LIVE_EPIC,75,18,10,0,TRUE,2016
SAMSUNG_2025_PLY_000498_SIG,PLY_000498,6,SIGNATURE,87,40,10,10,FALSE,2025
SAMSUNG_2011_PLY_000498_LN,PLY_000498,1,LIVE_NORMAL,55,12,10,0,TRUE,2011
SAMSUNG_2018_PLY_000498_LN,PLY_000498,1,LIVE_NORMAL,68,12,10,0,TRUE,2018
SAMSUNG_2014_PLY_000498_LN,PLY_000498,1,LIVE_NORMAL,63,12,10,0,TRUE,2014
SAMSUNG_2019_PLY_000498_EPIC,PLY_000498,2,LIVE_EPIC,75,18,10,0,TRUE,2019
SAMSUNG_2015_PLY_000498_GG,PLY_000498,7,GOLDEN_GLOVE,88,35,10,10,FALSE,2015
SAMSUNG_1999_PLY_000499_AS,PLY_000499,3,ALLSTAR,82,24,10,10,TRUE,1999
SAMSUNG_1995_PLY_000499_LN,PLY_000499,1,LIVE_NORMAL,64,12,10,0,TRUE,1995
SAMSUNG_1996_PLY_000499_AS,PLY_000499,3,ALLSTAR,79,24,10,10,TRUE,1996
SAMSUNG_1996_PLY_000499_LN,PLY_000499,1,LIVE_NORMAL,57,12,10,0,TRUE,1996
SAMSUNG_1994_PLY_000499_SIG,PLY_000499,6,SIGNATURE,93,40,10,10,FALSE,1994
SAMSUNG_1994_PLY_000499_AS,PLY_000499,3,ALLSTAR,74,24,10,10,TRUE,1994
SAMSUNG_2000_PLY_000499_EPIC,PLY_000499,2,LIVE_EPIC,67,18,10,0,TRUE,2000
SAMSUNG_1997_PLY_000499_AS,PLY_000499,3,ALLSTAR,79,24,10,10,TRUE,1997
SAMSUNG_1993_PLY_000499_EPIC,PLY_000499,2,LIVE_EPIC,65,18,10,0,TRUE,1993
SAMSUNG_2001_PLY_000500_EPIC,PLY_000500,2,LIVE_EPIC,71,18,10,0,TRUE,2001
SAMSUNG_2002_PLY_000500_LN,PLY_000500,1,LIVE_NORMAL,56,12,10,0,TRUE,2002
SAMSUNG_1997_PLY_000500_TH,PLY_000500,4,TITLE_HOLDER,81,30,10,10,FALSE,1997
SAMSUNG_2004_PLY_000500_LN,PLY_000500,1,LIVE_NORMAL,60,12,10,0,TRUE,2004
SAMSUNG_2003_PLY_000501_EPIC,PLY_000501,2,LIVE_EPIC,69,18,10,0,TRUE,2003
SAMSUNG_2009_PLY_000501_EPIC,PLY_000501,2,LIVE_EPIC,67,18,10,0,TRUE,2009
SAMSUNG_2006_PLY_000501_EPIC,PLY_000501,2,LIVE_EPIC,73,18,10,0,TRUE,2006
SAMSUNG_2005_PLY_000501_EPIC,PLY_000501,2,LIVE_EPIC,68,18,10,0,TRUE,2005
SAMSUNG_2011_PLY_000501_GG,PLY_000501,7,GOLDEN_GLOVE,89,35,10,10,FALSE,2011
SAMSUNG_2004_PLY_000501_LN,PLY_000501,1,LIVE_NORMAL,67,12,10,0,TRUE,2004
SAMSUNG_2003_PLY_000501_LN,PLY_000501,1,LIVE_NORMAL,61,12,10,0,TRUE,2003
SAMSUNG_2010_PLY_000501_TH,PLY_000501,4,TITLE_HOLDER,80,30,10,10,FALSE,2010
SAMSUNG_2012_PLY_000502_LN,PLY_000502,1,LIVE_NORMAL,60,12,10,0,TRUE,2012
SAMSUNG_2013_PLY_000502_AS,PLY_000502,3,ALLSTAR,76,24,10,10,TRUE,2013
SAMSUNG_2013_PLY_000502_LN,PLY_000502,1,LIVE_NORMAL,67,12,10,0,TRUE,2013
SAMSUNG_2008_PLY_000502_EPIC,PLY_000502,2,LIVE_EPIC,71,18,10,0,TRUE,2008
SAMSUNG_2013_PLY_000502_SIG,PLY_000502,6,SIGNATURE,92,40,10,10,FALSE,2013
SAMSUNG_2015_PLY_000502_LN,PLY_000502,1,LIVE_NORMAL,58,12,10,0,TRUE,2015
SAMSUNG_2014_PLY_000502_LN,PLY_000502,1,LIVE_NORMAL,65,12,10,0,TRUE,2014
SAMSUNG_2006_PLY_000502_EPIC,PLY_000502,2,LIVE_EPIC,73,18,10,0,TRUE,2006
SAMSUNG_2004_PLY_000502_LN,PLY_000502,1,LIVE_NORMAL,68,12,10,0,TRUE,2004
SAMSUNG_1989_PLY_000503_LN,PLY_000503,1,LIVE_NORMAL,63,12,10,0,TRUE,1989
SAMSUNG_1990_PLY_000503_TH,PLY_000503,4,TITLE_HOLDER,80,30,10,10,FALSE,1990
SAMSUNG_1991_PLY_000503_LN,PLY_000503,1,LIVE_NORMAL,61,12,10,0,TRUE,1991
SAMSUNG_1991_PLY_000503_EPIC,PLY_000503,2,LIVE_EPIC,75,18,10,0,TRUE,1991
SAMSUNG_1992_PLY_000503_TH,PLY_000503,4,TITLE_HOLDER,85,30,10,10,FALSE,1992
SAMSUNG_1990_PLY_000503_AS,PLY_000503,3,ALLSTAR,83,24,10,10,TRUE,1990
SAMSUNG_2010_PLY_000504_LN,PLY_000504,1,LIVE_NORMAL,68,12,10,0,TRUE,2010
SAMSUNG_2011_PLY_000504_LN,PLY_000504,1,LIVE_NORMAL,62,12,10,0,TRUE,2011
SAMSUNG_2011_PLY_000504_TH,PLY_000504,4,TITLE_HOLDER,82,30,10,10,FALSE,2011
SAMSUNG_2012_PLY_000504_AS,PLY_000504,3,ALLSTAR,78,24,10,10,TRUE,2012
SAMSUNG_1994_PLY_000505_EPIC,PLY_000505,2,LIVE_EPIC,65,18,10,0,TRUE,1994
SAMSUNG_1997_PLY_000505_SIG,PLY_000505,6,SIGNATURE,92,40,10,10,FALSE,1997
SAMSUNG_2000_PLY_000506_LN,PLY_000506,1,LIVE_NORMAL,59,12,10,0,TRUE,2000
SAMSUNG_2003_PLY_000506_EPIC,PLY_000506,2,LIVE_EPIC,71,18,10,0,TRUE,2003
SAMSUNG_1994_PLY_000507_LN,PLY_000507,1,LIVE_NORMAL,55,12,10,0,TRUE,1994
SAMSUNG_1996_PLY_000507_LN,PLY_000507,1,LIVE_NORMAL,58,12,10,0,TRUE,1996
SAMSUNG_1990_PLY_000507_GG,PLY_000507,7,GOLDEN_GLOVE,87,35,10,10,FALSE,1990
SAMSUNG_1995_PLY_000507_EPIC,PLY_000507,2,LIVE_EPIC,73,18,10,0,TRUE,1995
SAMSUNG_2008_PLY_000508_EPIC,PLY_000508,2,LIVE_EPIC,73,18,10,0,TRUE,2008
SAMSUNG_2016_PLY_000508_LN,PLY_000508,1,LIVE_NORMAL,59,12,10,0,TRUE,2016
SAMSUNG_2011_PLY_000508_TH,PLY_000508,4,TITLE_HOLDER,84,30,10,10,FALSE,2011
SAMSUNG_2006_PLY_000509_EPIC,PLY_000509,2,LIVE_EPIC,66,18,10,0,TRUE,2006
SAMSUNG_2012_PLY_000509_LN,PLY_000509,1,LIVE_NORMAL,66,12,10,0,TRUE,2012
SAMSUNG_2003_PLY_000509_EPIC,PLY_000509,2,LIVE_EPIC,66,18,10,0,TRUE,2003
SAMSUNG_2000_PLY_000509_AS,PLY_000509,3,ALLSTAR,79,24,10,10,TRUE,2000
SAMSUNG_2003_PLY_000509_TH,PLY_000509,4,TITLE_HOLDER,83,30,10,10,FALSE,2003
SAMSUNG_2014_PLY_000509_GG,PLY_000509,7,GOLDEN_GLOVE,83,35,10,10,FALSE,2014
SAMSUNG_2009_PLY_000509_LN,PLY_000509,1,LIVE_NORMAL,68,12,10,0,TRUE,2009
SAMSUNG_2006_PLY_000509_AS,PLY_000509,3,ALLSTAR,78,24,10,10,TRUE,2006
SAMSUNG_1989_PLY_000510_LN,PLY_000510,1,LIVE_NORMAL,63,12,10,0,TRUE,1989
SAMSUNG_1997_PLY_000510_AS,PLY_000510,3,ALLSTAR,75,24,10,10,TRUE,1997
SAMSUNG_1996_PLY_000510_LN,PLY_000510,1,LIVE_NORMAL,58,12,10,0,TRUE,1996
SAMSUNG_1995_PLY_000510_TH,PLY_000510,4,TITLE_HOLDER,85,30,10,10,FALSE,1995
SAMSUNG_1997_PLY_000510_LN,PLY_000510,1,LIVE_NORMAL,59,12,10,0,TRUE,1997
SAMSUNG_1999_PLY_000510_EPIC,PLY_000510,2,LIVE_EPIC,66,18,10,0,TRUE,1999
SAMSUNG_1994_PLY_000510_LN,PLY_000510,1,LIVE_NORMAL,66,12,10,0,TRUE,1994
SAMSUNG_2000_PLY_000510_EPIC,PLY_000510,2,LIVE_EPIC,65,18,10,0,TRUE,2000
SAMSUNG_1990_PLY_000510_EPIC,PLY_000510,2,LIVE_EPIC,74,18,10,0,TRUE,1990
SAMSUNG_2011_PLY_000511_AS,PLY_000511,3,ALLSTAR,74,24,10,10,TRUE,2011
SAMSUNG_2012_PLY_000511_LN,PLY_000511,1,LIVE_NORMAL,63,12,10,0,TRUE,2012
SAMSUNG_2006_PLY_000511_LN,PLY_000511,1,LIVE_NORMAL,55,12,10,0,TRUE,2006
SAMSUNG_2024_PLY_000511_LN,PLY_000511,1,LIVE_NORMAL,65,12,10,0,TRUE,2024
SAMSUNG_2022_PLY_000511_SIG,PLY_000511,6,SIGNATURE,94,40,10,10,FALSE,2022
SAMSUNG_2021_PLY_000511_LN,PLY_000511,1,LIVE_NORMAL,55,12,10,0,TRUE,2021
SAMSUNG_2013_PLY_000511_EPIC,PLY_000511,2,LIVE_EPIC,74,18,10,0,TRUE,2013
SAMSUNG_2019_PLY_000511_LN,PLY_000511,1,LIVE_NORMAL,58,12,10,0,TRUE,2019
SAMSUNG_2009_PLY_000511_LN,PLY_000511,1,LIVE_NORMAL,61,12,10,0,TRUE,2009
SAMSUNG_2008_PLY_000511_EPIC,PLY_000511,2,LIVE_EPIC,75,18,10,0,TRUE,2008
SAMSUNG_1993_PLY_000512_LN,PLY_000512,1,LIVE_NORMAL,55,12,10,0,TRUE,1993
SAMSUNG_1991_PLY_000512_LN,PLY_000512,1,LIVE_NORMAL,66,12,10,0,TRUE,1991
SAMSUNG_2006_PLY_000512_LN,PLY_000512,1,LIVE_NORMAL,63,12,10,0,TRUE,2006
SAMSUNG_2007_PLY_000512_EPIC,PLY_000512,2,LIVE_EPIC,67,18,10,0,TRUE,2007
SAMSUNG_2000_PLY_000512_EPIC,PLY_000512,2,LIVE_EPIC,65,18,10,0,TRUE,2000
SAMSUNG_2001_PLY_000512_AS,PLY_000512,3,ALLSTAR,75,24,10,10,TRUE,2001
SAMSUNG_1997_PLY_000512_AS,PLY_000512,3,ALLSTAR,77,24,10,10,TRUE,1997
SAMSUNG_1995_PLY_000512_LN,PLY_000512,1,LIVE_NORMAL,64,12,10,0,TRUE,1995
SAMSUNG_1999_PLY_000512_AS,PLY_000512,3,ALLSTAR,81,24,10,10,TRUE,1999
SAMSUNG_1999_PLY_000512_EPIC,PLY_000512,2,LIVE_EPIC,67,18,10,0,TRUE,1999
SAMSUNG_2004_PLY_000512_EPIC,PLY_000512,2,LIVE_EPIC,66,18,10,0,TRUE,2004
SAMSUNG_2010_PLY_000513_EPIC,PLY_000513,2,LIVE_EPIC,67,18,10,0,TRUE,2010
SAMSUNG_2022_PLY_000513_LN,PLY_000513,1,LIVE_NORMAL,59,12,10,0,TRUE,2022
SAMSUNG_2019_PLY_000513_EPIC,PLY_000513,2,LIVE_EPIC,72,18,10,0,TRUE,2019
SAMSUNG_2004_PLY_000514_EPIC,PLY_000514,2,LIVE_EPIC,72,18,10,0,TRUE,2004
SAMSUNG_2003_PLY_000514_GG,PLY_000514,7,GOLDEN_GLOVE,88,35,10,10,FALSE,2003
SAMSUNG_2006_PLY_000514_LN,PLY_000514,1,LIVE_NORMAL,64,12,10,0,TRUE,2006
SAMSUNG_2007_PLY_000514_LN,PLY_000514,1,LIVE_NORMAL,67,12,10,0,TRUE,2007
SAMSUNG_2003_PLY_000514_AS,PLY_000514,3,ALLSTAR,75,24,10,10,TRUE,2003
SAMSUNG_2004_PLY_000514_LN,PLY_000514,1,LIVE_NORMAL,65,12,10,0,TRUE,2004
SAMSUNG_2007_PLY_000514_EPIC,PLY_000514,2,LIVE_EPIC,75,18,10,0,TRUE,2007
SAMSUNG_2022_PLY_000515_EPIC,PLY_000515,2,LIVE_EPIC,75,18,10,0,TRUE,2022
SAMSUNG_2021_PLY_000515_AS,PLY_000515,3,ALLSTAR,83,24,10,10,TRUE,2021
SAMSUNG_2017_PLY_000515_LN,PLY_000515,1,LIVE_NORMAL,59,12,10,0,TRUE,2017
SAMSUNG_2022_PLY_000515_LN,PLY_000515,1,LIVE_NORMAL,61,12,10,0,TRUE,2022
SAMSUNG_2005_PLY_000515_LN,PLY_000515,1,LIVE_NORMAL,68,12,10,0,TRUE,2005
SAMSUNG_2021_PLY_000516_EPIC,PLY_000516,2,LIVE_EPIC,70,18,10,0,TRUE,2021
SAMSUNG_2018_PLY_000516_AS,PLY_000516,3,ALLSTAR,77,24,10,10,TRUE,2018
SAMSUNG_2010_PLY_000516_EPIC,PLY_000516,2,LIVE_EPIC,72,18,10,0,TRUE,2010
SAMSUNG_2008_PLY_000516_TH,PLY_000516,4,TITLE_HOLDER,87,30,10,10,FALSE,2008
SAMSUNG_2010_PLY_000516_LN,PLY_000516,1,LIVE_NORMAL,68,12,10,0,TRUE,2010
SAMSUNG_2015_PLY_000516_TH,PLY_000516,4,TITLE_HOLDER,82,30,10,10,FALSE,2015
SAMSUNG_2022_PLY_000516_LN,PLY_000516,1,LIVE_NORMAL,58,12,10,0,TRUE,2022
SAMSUNG_2006_PLY_000516_EPIC,PLY_000516,2,LIVE_EPIC,68,18,10,0,TRUE,2006
SAMSUNG_2015_PLY_000516_EPIC,PLY_000516,2,LIVE_EPIC,76,18,10,0,TRUE,2015
SAMSUNG_2015_PLY_000517_EPIC,PLY_000517,2,LIVE_EPIC,69,18,10,0,TRUE,2015
SAMSUNG_2018_PLY_000517_EPIC,PLY_000517,2,LIVE_EPIC,69,18,10,0,TRUE,2018
SAMSUNG_2015_PLY_000517_LN,PLY_000517,1,LIVE_NORMAL,63,12,10,0,TRUE,2015
SAMSUNG_2014_PLY_000517_EPIC,PLY_000517,2,LIVE_EPIC,66,18,10,0,TRUE,2014
SAMSUNG_2016_PLY_000517_LN,PLY_000517,1,LIVE_NORMAL,67,12,10,0,TRUE,2016
SAMSUNG_2003_PLY_000518_AS,PLY_000518,3,ALLSTAR,77,24,10,10,TRUE,2003
SAMSUNG_1996_PLY_000518_AS,PLY_000518,3,ALLSTAR,75,24,10,10,TRUE,1996
SAMSUNG_1999_PLY_000518_EPIC,PLY_000518,2,LIVE_EPIC,68,18,10,0,TRUE,1999
SAMSUNG_2003_PLY_000518_SIG,PLY_000518,6,SIGNATURE,88,40,10,10,FALSE,2003
SAMSUNG_1998_PLY_000518_EPIC,PLY_000518,2,LIVE_EPIC,70,18,10,0,TRUE,1998
SAMSUNG_1995_PLY_000518_EPIC,PLY_000518,2,LIVE_EPIC,65,18,10,0,TRUE,1995
SAMSUNG_1991_PLY_000519_AS,PLY_000519,3,ALLSTAR,74,24,10,10,TRUE,1991
SAMSUNG_1992_PLY_000519_LN,PLY_000519,1,LIVE_NORMAL,64,12,10,0,TRUE,1992
SAMSUNG_1996_PLY_000519_LN,PLY_000519,1,LIVE_NORMAL,56,12,10,0,TRUE,1996
SAMSUNG_2000_PLY_000519_AS,PLY_000519,3,ALLSTAR,79,24,10,10,TRUE,2000
SAMSUNG_2000_PLY_000519_LN,PLY_000519,1,LIVE_NORMAL,66,12,10,0,TRUE,2000
SAMSUNG_1999_PLY_000519_EPIC,PLY_000519,2,LIVE_EPIC,68,18,10,0,TRUE,1999
SAMSUNG_2024_PLY_000520_EPIC,PLY_000520,2,LIVE_EPIC,72,18,10,0,TRUE,2024
SAMSUNG_2022_PLY_000520_EPIC,PLY_000520,2,LIVE_EPIC,71,18,10,0,TRUE,2022
SAMSUNG_2026_PLY_000520_GG,PLY_000520,7,GOLDEN_GLOVE,84,35,10,10,FALSE,2026
SAMSUNG_2025_PLY_000520_EPIC,PLY_000520,2,LIVE_EPIC,76,18,10,0,TRUE,2025
SAMSUNG_2025_PLY_000520_LN,PLY_000520,1,LIVE_NORMAL,60,12,10,0,TRUE,2025
SAMSUNG_2024_PLY_000520_LN,PLY_000520,1,LIVE_NORMAL,56,12,10,0,TRUE,2024
SAMSUNG_2020_PLY_000520_LN,PLY_000520,1,LIVE_NORMAL,60,12,10,0,TRUE,2020
SAMSUNG_1993_PLY_000521_AS,PLY_000521,3,ALLSTAR,82,24,10,10,TRUE,1993
SAMSUNG_1997_PLY_000521_EPIC,PLY_000521,2,LIVE_EPIC,66,18,10,0,TRUE,1997
SAMSUNG_1998_PLY_000521_SIG,PLY_000521,6,SIGNATURE,90,40,10,10,FALSE,1998
SAMSUNG_1995_PLY_000521_LN,PLY_000521,1,LIVE_NORMAL,59,12,10,0,TRUE,1995
SAMSUNG_1993_PLY_000521_LN,PLY_000521,1,LIVE_NORMAL,55,12,10,0,TRUE,1993
SAMSUNG_1991_PLY_000521_EPIC,PLY_000521,2,LIVE_EPIC,67,18,10,0,TRUE,1991
SAMSUNG_1994_PLY_000521_EPIC,PLY_000521,2,LIVE_EPIC,68,18,10,0,TRUE,1994
SAMSUNG_1992_PLY_000521_TH,PLY_000521,4,TITLE_HOLDER,84,30,10,10,FALSE,1992
SAMSUNG_2001_PLY_000522_AS,PLY_000522,3,ALLSTAR,76,24,10,10,TRUE,2001
SAMSUNG_2006_PLY_000522_LN,PLY_000522,1,LIVE_NORMAL,67,12,10,0,TRUE,2006
SAMSUNG_2006_PLY_000522_SIG,PLY_000522,6,SIGNATURE,92,40,10,10,FALSE,2006
SAMSUNG_2009_PLY_000522_TH,PLY_000522,4,TITLE_HOLDER,82,30,10,10,FALSE,2009
SAMSUNG_2014_PLY_000523_LN,PLY_000523,1,LIVE_NORMAL,56,12,10,0,TRUE,2014
SAMSUNG_2011_PLY_000523_LN,PLY_000523,1,LIVE_NORMAL,58,12,10,0,TRUE,2011
SAMSUNG_2016_PLY_000523_LN,PLY_000523,1,LIVE_NORMAL,63,12,10,0,TRUE,2016
SAMSUNG_2012_PLY_000523_LN,PLY_000523,1,LIVE_NORMAL,57,12,10,0,TRUE,2012
SAMSUNG_2012_PLY_000523_EPIC,PLY_000523,2,LIVE_EPIC,66,18,10,0,TRUE,2012
SAMSUNG_2013_PLY_000523_AS,PLY_000523,3,ALLSTAR,81,24,10,10,TRUE,2013
SAMSUNG_2011_PLY_000523_GG,PLY_000523,7,GOLDEN_GLOVE,89,35,10,10,FALSE,2011
SAMSUNG_2004_PLY_000524_LN,PLY_000524,1,LIVE_NORMAL,67,12,10,0,TRUE,2004
SAMSUNG_2000_PLY_000524_LN,PLY_000524,1,LIVE_NORMAL,65,12,10,0,TRUE,2000
SAMSUNG_1996_PLY_000524_EPIC,PLY_000524,2,LIVE_EPIC,67,18,10,0,TRUE,1996
SAMSUNG_1992_PLY_000524_TH,PLY_000524,4,TITLE_HOLDER,86,30,10,10,FALSE,1992
SAMSUNG_1993_PLY_000524_TH,PLY_000524,4,TITLE_HOLDER,86,30,10,10,FALSE,1993
SAMSUNG_1998_PLY_000524_EPIC,PLY_000524,2,LIVE_EPIC,68,18,10,0,TRUE,1998
SAMSUNG_1993_PLY_000524_AS,PLY_000524,3,ALLSTAR,77,24,10,10,TRUE,1993
SAMSUNG_1995_PLY_000524_EPIC,PLY_000524,2,LIVE_EPIC,73,18,10,0,TRUE,1995
SAMSUNG_2003_PLY_000524_LN,PLY_000524,1,LIVE_NORMAL,59,12,10,0,TRUE,2003
SAMSUNG_2001_PLY_000525_LN,PLY_000525,1,LIVE_NORMAL,64,12,10,0,TRUE,2001
SAMSUNG_2013_PLY_000525_AS,PLY_000525,3,ALLSTAR,77,24,10,10,TRUE,2013
SAMSUNG_2014_PLY_000525_EPIC,PLY_000525,2,LIVE_EPIC,66,18,10,0,TRUE,2014
SAMSUNG_2011_PLY_000525_TH,PLY_000525,4,TITLE_HOLDER,81,30,10,10,FALSE,2011
SAMSUNG_1997_PLY_000526_TH,PLY_000526,4,TITLE_HOLDER,81,30,10,10,FALSE,1997
SAMSUNG_1995_PLY_000526_LN,PLY_000526,1,LIVE_NORMAL,63,12,10,0,TRUE,1995
SAMSUNG_1993_PLY_000526_EPIC,PLY_000526,2,LIVE_EPIC,75,18,10,0,TRUE,1993
SAMSUNG_1993_PLY_000526_LN,PLY_000526,1,LIVE_NORMAL,63,12,10,0,TRUE,1993
SAMSUNG_2002_PLY_000526_LN,PLY_000526,1,LIVE_NORMAL,61,12,10,0,TRUE,2002
SAMSUNG_1994_PLY_000526_LN,PLY_000526,1,LIVE_NORMAL,67,12,10,0,TRUE,1994
SAMSUNG_1998_PLY_000526_LN,PLY_000526,1,LIVE_NORMAL,58,12,10,0,TRUE,1998
SAMSUNG_1999_PLY_000526_LN,PLY_000526,1,LIVE_NORMAL,63,12,10,0,TRUE,1999
SAMSUNG_1994_PLY_000526_EPIC,PLY_000526,2,LIVE_EPIC,72,18,10,0,TRUE,1994
SAMSUNG_2004_PLY_000526_LN,PLY_000526,1,LIVE_NORMAL,61,12,10,0,TRUE,2004
SAMSUNG_1996_PLY_000526_LN,PLY_000526,1,LIVE_NORMAL,66,12,10,0,TRUE,1996
SAMSUNG_2015_PLY_000527_EPIC,PLY_000527,2,LIVE_EPIC,75,18,10,0,TRUE,2015
SAMSUNG_2013_PLY_000527_GG,PLY_000527,7,GOLDEN_GLOVE,89,35,10,10,FALSE,2013
SAMSUNG_2002_PLY_000527_EPIC,PLY_000527,2,LIVE_EPIC,73,18,10,0,TRUE,2002
SAMSUNG_2002_PLY_000527_TH,PLY_000527,4,TITLE_HOLDER,86,30,10,10,FALSE,2002
SAMSUNG_2013_PLY_000527_LN,PLY_000527,1,LIVE_NORMAL,64,12,10,0,TRUE,2013
SAMSUNG_2009_PLY_000527_EPIC,PLY_000527,2,LIVE_EPIC,65,18,10,0,TRUE,2009
SAMSUNG_2014_PLY_000527_EPIC,PLY_000527,2,LIVE_EPIC,69,18,10,0,TRUE,2014
SAMSUNG_2003_PLY_000527_EPIC,PLY_000527,2,LIVE_EPIC,68,18,10,0,TRUE,2003
SAMSUNG_2013_PLY_000527_SIG,PLY_000527,6,SIGNATURE,94,40,10,10,FALSE,2013
SAMSUNG_2004_PLY_000527_EPIC,PLY_000527,2,LIVE_EPIC,71,18,10,0,TRUE,2004
SAMSUNG_2014_PLY_000527_LN,PLY_000527,1,LIVE_NORMAL,68,12,10,0,TRUE,2014
SAMSUNG_2022_PLY_000528_AS,PLY_000528,3,ALLSTAR,77,24,10,10,TRUE,2022
SAMSUNG_2022_PLY_000528_EPIC,PLY_000528,2,LIVE_EPIC,73,18,10,0,TRUE,2022
SAMSUNG_2022_PLY_000528_LN,PLY_000528,1,LIVE_NORMAL,62,12,10,0,TRUE,2022
SAMSUNG_2025_PLY_000528_LN,PLY_000528,1,LIVE_NORMAL,59,12,10,0,TRUE,2025
SAMSUNG_2025_PLY_000528_EPIC,PLY_000528,2,LIVE_EPIC,70,18,10,0,TRUE,2025
SAMSUNG_2021_PLY_000528_AS,PLY_000528,3,ALLSTAR,81,24,10,10,TRUE,2021
SAMSUNG_2020_PLY_000528_SIG,PLY_000528,6,SIGNATURE,90,40,10,10,FALSE,2020
SAMSUNG_2023_PLY_000528_AS,PLY_000528,3,ALLSTAR,83,24,10,10,TRUE,2023
SAMSUNG_2007_PLY_000529_LN,PLY_000529,1,LIVE_NORMAL,58,12,10,0,TRUE,2007
SAMSUNG_2005_PLY_000529_AS,PLY_000529,3,ALLSTAR,80,24,10,10,TRUE,2005
SAMSUNG_2008_PLY_000529_AS,PLY_000529,3,ALLSTAR,80,24,10,10,TRUE,2008
SAMSUNG_2004_PLY_000529_TH,PLY_000529,4,TITLE_HOLDER,86,30,10,10,FALSE,2004
SAMSUNG_2001_PLY_000529_EPIC,PLY_000529,2,LIVE_EPIC,75,18,10,0,TRUE,2001
SAMSUNG_2000_PLY_000530_AS,PLY_000530,3,ALLSTAR,81,24,10,10,TRUE,2000
SAMSUNG_1993_PLY_000530_EPIC,PLY_000530,2,LIVE_EPIC,67,18,10,0,TRUE,1993
SAMSUNG_1997_PLY_000530_AS,PLY_000530,3,ALLSTAR,76,24,10,10,TRUE,1997
SAMSUNG_1993_PLY_000531_LN,PLY_000531,1,LIVE_NORMAL,60,12,10,0,TRUE,1993
SAMSUNG_1994_PLY_000531_AS,PLY_000531,3,ALLSTAR,76,24,10,10,TRUE,1994
SAMSUNG_1992_PLY_000531_LN,PLY_000531,1,LIVE_NORMAL,65,12,10,0,TRUE,1992
SAMSUNG_1994_PLY_000531_EPIC,PLY_000531,2,LIVE_EPIC,71,18,10,0,TRUE,1994
SAMSUNG_2009_PLY_000532_EPIC,PLY_000532,2,LIVE_EPIC,65,18,10,0,TRUE,2009
SAMSUNG_2009_PLY_000532_LN,PLY_000532,1,LIVE_NORMAL,58,12,10,0,TRUE,2009
SAMSUNG_2007_PLY_000532_TH,PLY_000532,4,TITLE_HOLDER,85,30,10,10,FALSE,2007
SAMSUNG_1997_PLY_000532_LN,PLY_000532,1,LIVE_NORMAL,67,12,10,0,TRUE,1997
SAMSUNG_2006_PLY_000532_EPIC,PLY_000532,2,LIVE_EPIC,72,18,10,0,TRUE,2006
SAMSUNG_2015_PLY_000532_TH,PLY_000532,4,TITLE_HOLDER,80,30,10,10,FALSE,2015
SAMSUNG_2000_PLY_000533_SIG,PLY_000533,6,SIGNATURE,94,40,10,10,FALSE,2000
SAMSUNG_2008_PLY_000533_LN,PLY_000533,1,LIVE_NORMAL,67,12,10,0,TRUE,2008
SAMSUNG_1999_PLY_000533_EPIC,PLY_000533,2,LIVE_EPIC,75,18,10,0,TRUE,1999
SAMSUNG_1999_PLY_000533_SIG,PLY_000533,6,SIGNATURE,94,40,10,10,FALSE,1999
SAMSUNG_2016_PLY_000534_EPIC,PLY_000534,2,LIVE_EPIC,72,18,10,0,TRUE,2016
SAMSUNG_2009_PLY_000534_SIG,PLY_000534,6,SIGNATURE,90,40,10,10,FALSE,2009
SAMSUNG_2009_PLY_000534_LN,PLY_000534,1,LIVE_NORMAL,67,12,10,0,TRUE,2009
SAMSUNG_2009_PLY_000534_EPIC,PLY_000534,2,LIVE_EPIC,72,18,10,0,TRUE,2009
SAMSUNG_2013_PLY_000534_EPIC,PLY_000534,2,LIVE_EPIC,70,18,10,0,TRUE,2013
SAMSUNG_2015_PLY_000534_TH,PLY_000534,4,TITLE_HOLDER,82,30,10,10,FALSE,2015
SAMSUNG_2015_PLY_000534_EPIC,PLY_000534,2,LIVE_EPIC,67,18,10,0,TRUE,2015
SAMSUNG_2016_PLY_000534_LN,PLY_000534,1,LIVE_NORMAL,62,12,10,0,TRUE,2016
SAMSUNG_2014_PLY_000534_LN,PLY_000534,1,LIVE_NORMAL,60,12,10,0,TRUE,2014
SAMSUNG_2014_PLY_000535_LN,PLY_000535,1,LIVE_NORMAL,65,12,10,0,TRUE,2014
SAMSUNG_2012_PLY_000535_TH,PLY_000535,4,TITLE_HOLDER,82,30,10,10,FALSE,2012
SAMSUNG_2012_PLY_000535_EPIC,PLY_000535,2,LIVE_EPIC,67,18,10,0,TRUE,2012
SAMSUNG_2012_PLY_000535_SIG,PLY_000535,6,SIGNATURE,87,40,10,10,FALSE,2012
SAMSUNG_2009_PLY_000536_AS,PLY_000536,3,ALLSTAR,82,24,10,10,TRUE,2009
SAMSUNG_2009_PLY_000536_EPIC,PLY_000536,2,LIVE_EPIC,69,18,10,0,TRUE,2009
SAMSUNG_2010_PLY_000536_LN,PLY_000536,1,LIVE_NORMAL,58,12,10,0,TRUE,2010
SAMSUNG_2008_PLY_000536_EPIC,PLY_000536,2,LIVE_EPIC,76,18,10,0,TRUE,2008
SAMSUNG_2005_PLY_000536_LN,PLY_000536,1,LIVE_NORMAL,57,12,10,0,TRUE,2005
SAMSUNG_2002_PLY_000536_AS,PLY_000536,3,ALLSTAR,77,24,10,10,TRUE,2002
SAMSUNG_2003_PLY_000536_TH,PLY_000536,4,TITLE_HOLDER,84,30,10,10,FALSE,2003
SAMSUNG_2003_PLY_000536_LN,PLY_000536,1,LIVE_NORMAL,68,12,10,0,TRUE,2003
SAMSUNG_2001_PLY_000536_GG,PLY_000536,7,GOLDEN_GLOVE,83,35,10,10,FALSE,2001
SAMSUNG_2010_PLY_000536_EPIC,PLY_000536,2,LIVE_EPIC,65,18,10,0,TRUE,2010
SAMSUNG_2009_PLY_000537_LN,PLY_000537,1,LIVE_NORMAL,55,12,10,0,TRUE,2009
SAMSUNG_2008_PLY_000537_AS,PLY_000537,3,ALLSTAR,83,24,10,10,TRUE,2008
SAMSUNG_2004_PLY_000537_LN,PLY_000537,1,LIVE_NORMAL,57,12,10,0,TRUE,2004
SAMSUNG_1999_PLY_000537_EPIC,PLY_000537,2,LIVE_EPIC,70,18,10,0,TRUE,1999
SAMSUNG_2002_PLY_000537_LN,PLY_000537,1,LIVE_NORMAL,57,12,10,0,TRUE,2002
SAMSUNG_2006_PLY_000537_GG,PLY_000537,7,GOLDEN_GLOVE,89,35,10,10,FALSE,2006
SAMSUNG_2000_PLY_000537_LN,PLY_000537,1,LIVE_NORMAL,55,12,10,0,TRUE,2000
SAMSUNG_1998_PLY_000538_EPIC,PLY_000538,2,LIVE_EPIC,65,18,10,0,TRUE,1998
SAMSUNG_2010_PLY_000538_LN,PLY_000538,1,LIVE_NORMAL,65,12,10,0,TRUE,2010
SAMSUNG_2008_PLY_000538_EPIC,PLY_000538,2,LIVE_EPIC,71,18,10,0,TRUE,2008
SAMSUNG_2001_PLY_000538_AS,PLY_000538,3,ALLSTAR,78,24,10,10,TRUE,2001
SAMSUNG_2000_PLY_000538_LN,PLY_000538,1,LIVE_NORMAL,56,12,10,0,TRUE,2000
SAMSUNG_2000_PLY_000538_EPIC,PLY_000538,2,LIVE_EPIC,75,18,10,0,TRUE,2000
SAMSUNG_2003_PLY_000538_LN,PLY_000538,1,LIVE_NORMAL,60,12,10,0,TRUE,2003
SAMSUNG_2000_PLY_000539_EPIC,PLY_000539,2,LIVE_EPIC,65,18,10,0,TRUE,2000
SAMSUNG_1992_PLY_000539_LN,PLY_000539,1,LIVE_NORMAL,63,12,10,0,TRUE,1992
SAMSUNG_1993_PLY_000539_EPIC,PLY_000539,2,LIVE_EPIC,67,18,10,0,TRUE,1993
SAMSUNG_1990_PLY_000539_LN,PLY_000539,1,LIVE_NORMAL,62,12,10,0,TRUE,1990
SAMSUNG_1997_PLY_000539_TH,PLY_000539,4,TITLE_HOLDER,85,30,10,10,FALSE,1997
SAMSUNG_2019_PLY_000540_LN,PLY_000540,1,LIVE_NORMAL,57,12,10,0,TRUE,2019
SAMSUNG_2017_PLY_000540_SIG,PLY_000540,6,SIGNATURE,88,40,10,10,FALSE,2017
SAMSUNG_2014_PLY_000540_EPIC,PLY_000540,2,LIVE_EPIC,75,18,10,0,TRUE,2014
SAMSUNG_2013_PLY_000540_TH,PLY_000540,4,TITLE_HOLDER,84,30,10,10,FALSE,2013
SAMSUNG_2019_PLY_000540_EPIC,PLY_000540,2,LIVE_EPIC,75,18,10,0,TRUE,2019
SAMSUNG_1989_PLY_000541_LN,PLY_000541,1,LIVE_NORMAL,56,12,10,0,TRUE,1989
SAMSUNG_1989_PLY_000541_AS,PLY_000541,3,ALLSTAR,75,24,10,10,TRUE,1989
SAMSUNG_1992_PLY_000541_TH,PLY_000541,4,TITLE_HOLDER,82,30,10,10,FALSE,1992
SAMSUNG_1990_PLY_000541_TH,PLY_000541,4,TITLE_HOLDER,84,30,10,10,FALSE,1990
SAMSUNG_1989_PLY_000541_SIG,PLY_000541,6,SIGNATURE,92,40,10,10,FALSE,1989
SAMSUNG_1991_PLY_000541_EPIC,PLY_000541,2,LIVE_EPIC,75,18,10,0,TRUE,1991
SAMSUNG_1990_PLY_000541_LN,PLY_000541,1,LIVE_NORMAL,62,12,10,0,TRUE,1990
SAMSUNG_1992_PLY_000541_LN,PLY_000541,1,LIVE_NORMAL,59,12,10,0,TRUE,1992
SAMSUNG_2007_PLY_000542_LN,PLY_000542,1,LIVE_NORMAL,59,12,10,0,TRUE,2007
SAMSUNG_2006_PLY_000542_EPIC,PLY_000542,2,LIVE_EPIC,74,18,10,0,TRUE,2006
SAMSUNG_2008_PLY_000542_EPIC,PLY_000542,2,LIVE_EPIC,72,18,10,0,TRUE,2008
SAMSUNG_2006_PLY_000542_LN,PLY_000542,1,LIVE_NORMAL,62,12,10,0,TRUE,2006
SAMSUNG_2005_PLY_000542_AS,PLY_000542,3,ALLSTAR,79,24,10,10,TRUE,2005
SAMSUNG_2004_PLY_000542_LN,PLY_000542,1,LIVE_NORMAL,63,12,10,0,TRUE,2004
SAMSUNG_2015_PLY_000543_AS,PLY_000543,3,ALLSTAR,78,24,10,10,TRUE,2015
SAMSUNG_2019_PLY_000543_TH,PLY_000543,4,TITLE_HOLDER,83,30,10,10,FALSE,2019
SAMSUNG_2014_PLY_000543_EPIC,PLY_000543,2,LIVE_EPIC,70,18,10,0,TRUE,2014
SAMSUNG_2019_PLY_000543_LN,PLY_000543,1,LIVE_NORMAL,57,12,10,0,TRUE,2019
SAMSUNG_2024_PLY_000543_TH,PLY_000543,4,TITLE_HOLDER,80,30,10,10,FALSE,2024
SAMSUNG_2021_PLY_000543_LN,PLY_000543,1,LIVE_NORMAL,61,12,10,0,TRUE,2021
SAMSUNG_2018_PLY_000543_LN,PLY_000543,1,LIVE_NORMAL,66,12,10,0,TRUE,2018
SAMSUNG_2016_PLY_000543_LN,PLY_000543,1,LIVE_NORMAL,67,12,10,0,TRUE,2016
SAMSUNG_1999_PLY_000544_EPIC,PLY_000544,2,LIVE_EPIC,65,18,10,0,TRUE,1999
SAMSUNG_1995_PLY_000544_EPIC,PLY_000544,2,LIVE_EPIC,75,18,10,0,TRUE,1995
SAMSUNG_1996_PLY_000544_TH,PLY_000544,4,TITLE_HOLDER,86,30,10,10,FALSE,1996
SAMSUNG_1996_PLY_000544_SIG,PLY_000544,6,SIGNATURE,91,40,10,10,FALSE,1996
SAMSUNG_1997_PLY_000544_EPIC,PLY_000544,2,LIVE_EPIC,76,18,10,0,TRUE,1997
SAMSUNG_1994_PLY_000544_TH,PLY_000544,4,TITLE_HOLDER,82,30,10,10,FALSE,1994
SAMSUNG_1997_PLY_000544_TH,PLY_000544,4,TITLE_HOLDER,85,30,10,10,FALSE,1997
SAMSUNG_1994_PLY_000544_LN,PLY_000544,1,LIVE_NORMAL,55,12,10,0,TRUE,1994
SAMSUNG_2010_PLY_000545_LN,PLY_000545,1,LIVE_NORMAL,66,12,10,0,TRUE,2010
SAMSUNG_2019_PLY_000545_AS,PLY_000545,3,ALLSTAR,80,24,10,10,TRUE,2019
SAMSUNG_2021_PLY_000545_LN,PLY_000545,1,LIVE_NORMAL,65,12,10,0,TRUE,2021
SAMSUNG_2016_PLY_000545_LN,PLY_000545,1,LIVE_NORMAL,68,12,10,0,TRUE,2016
SAMSUNG_2017_PLY_000545_EPIC,PLY_000545,2,LIVE_EPIC,69,18,10,0,TRUE,2017
SAMSUNG_2020_PLY_000545_EPIC,PLY_000545,2,LIVE_EPIC,74,18,10,0,TRUE,2020
SAMSUNG_2020_PLY_000545_LN,PLY_000545,1,LIVE_NORMAL,68,12,10,0,TRUE,2020
SAMSUNG_2019_PLY_000545_TH,PLY_000545,4,TITLE_HOLDER,84,30,10,10,FALSE,2019
SAMSUNG_2021_PLY_000546_EPIC,PLY_000546,2,LIVE_EPIC,65,18,10,0,TRUE,2021
SAMSUNG_2025_PLY_000546_TH,PLY_000546,4,TITLE_HOLDER,86,30,10,10,FALSE,2025
SAMSUNG_2002_PLY_000547_LN,PLY_000547,1,LIVE_NORMAL,63,12,10,0,TRUE,2002
SAMSUNG_2006_PLY_000547_AS,PLY_000547,3,ALLSTAR,83,24,10,10,TRUE,2006
SAMSUNG_2006_PLY_000547_TH,PLY_000547,4,TITLE_HOLDER,82,30,10,10,FALSE,2006
SAMSUNG_2003_PLY_000547_EPIC,PLY_000547,2,LIVE_EPIC,76,18,10,0,TRUE,2003
SAMSUNG_2003_PLY_000547_TH,PLY_000547,4,TITLE_HOLDER,85,30,10,10,FALSE,2003
SAMSUNG_2005_PLY_000547_EPIC,PLY_000547,2,LIVE_EPIC,68,18,10,0,TRUE,2005
SAMSUNG_2004_PLY_000547_LN,PLY_000547,1,LIVE_NORMAL,59,12,10,0,TRUE,2004
SAMSUNG_2004_PLY_000547_TH,PLY_000547,4,TITLE_HOLDER,82,30,10,10,FALSE,2004
SAMSUNG_2006_PLY_000547_LN,PLY_000547,1,LIVE_NORMAL,67,12,10,0,TRUE,2006
SAMSUNG_2026_PLY_000548_GG,PLY_000548,7,GOLDEN_GLOVE,85,35,10,10,FALSE,2026
SAMSUNG_2026_PLY_000548_LN,PLY_000548,1,LIVE_NORMAL,67,12,10,0,TRUE,2026
SAMSUNG_2025_PLY_000548_LN,PLY_000548,1,LIVE_NORMAL,68,12,10,0,TRUE,2025
SAMSUNG_2024_PLY_000548_SIG,PLY_000548,6,SIGNATURE,92,40,10,10,FALSE,2024
SAMSUNG_2019_PLY_000549_LN,PLY_000549,1,LIVE_NORMAL,58,12,10,0,TRUE,2019
SAMSUNG_2012_PLY_000549_AS,PLY_000549,3,ALLSTAR,76,24,10,10,TRUE,2012
SAMSUNG_2012_PLY_000549_LN,PLY_000549,1,LIVE_NORMAL,56,12,10,0,TRUE,2012
SAMSUNG_2022_PLY_000549_EPIC,PLY_000549,2,LIVE_EPIC,73,18,10,0,TRUE,2022
SAMSUNG_2018_PLY_000549_AS,PLY_000549,3,ALLSTAR,83,24,10,10,TRUE,2018
SAMSUNG_2013_PLY_000549_EPIC,PLY_000549,2,LIVE_EPIC,71,18,10,0,TRUE,2013
SAMSUNG_2013_PLY_000549_LN,PLY_000549,1,LIVE_NORMAL,58,12,10,0,TRUE,2013
SAMSUNG_2020_PLY_000550_EPIC,PLY_000550,2,LIVE_EPIC,69,18,10,0,TRUE,2020
SAMSUNG_2023_PLY_000550_EPIC,PLY_000550,2,LIVE_EPIC,71,18,10,0,TRUE,2023
SAMSUNG_2025_PLY_000550_LN,PLY_000550,1,LIVE_NORMAL,64,12,10,0,TRUE,2025
SAMSUNG_2023_PLY_000550_SIG,PLY_000550,6,SIGNATURE,92,40,10,10,FALSE,2023
SAMSUNG_2016_PLY_000550_LN,PLY_000550,1,LIVE_NORMAL,62,12,10,0,TRUE,2016
SAMSUNG_2003_PLY_000551_LN,PLY_000551,1,LIVE_NORMAL,57,12,10,0,TRUE,2003
SAMSUNG_2004_PLY_000551_LN,PLY_000551,1,LIVE_NORMAL,56,12,10,0,TRUE,2004
SAMSUNG_2001_PLY_000551_AS,PLY_000551,3,ALLSTAR,74,24,10,10,TRUE,2001
SAMSUNG_1998_PLY_000551_EPIC,PLY_000551,2,LIVE_EPIC,65,18,10,0,TRUE,1998
SAMSUNG_2004_PLY_000551_EPIC,PLY_000551,2,LIVE_EPIC,66,18,10,0,TRUE,2004
SAMSUNG_1999_PLY_000551_EPIC,PLY_000551,2,LIVE_EPIC,76,18,10,0,TRUE,1999
SAMSUNG_2000_PLY_000551_SIG,PLY_000551,6,SIGNATURE,94,40,10,10,FALSE,2000
SAMSUNG_2000_PLY_000551_AS,PLY_000551,3,ALLSTAR,77,24,10,10,TRUE,2000
SAMSUNG_2003_PLY_000551_EPIC,PLY_000551,2,LIVE_EPIC,71,18,10,0,TRUE,2003
SAMSUNG_2003_PLY_000551_TH,PLY_000551,4,TITLE_HOLDER,84,30,10,10,FALSE,2003
SAMSUNG_2002_PLY_000552_EPIC,PLY_000552,2,LIVE_EPIC,68,18,10,0,TRUE,2002
SAMSUNG_2000_PLY_000552_LN,PLY_000552,1,LIVE_NORMAL,62,12,10,0,TRUE,2000
SAMSUNG_2001_PLY_000552_AS,PLY_000552,3,ALLSTAR,74,24,10,10,TRUE,2001
SAMSUNG_2002_PLY_000552_AS,PLY_000552,3,ALLSTAR,83,24,10,10,TRUE,2002
SAMSUNG_1994_PLY_000553_LN,PLY_000553,1,LIVE_NORMAL,61,12,10,0,TRUE,1994
SAMSUNG_1995_PLY_000553_EPIC,PLY_000553,2,LIVE_EPIC,74,18,10,0,TRUE,1995
SAMSUNG_1992_PLY_000553_LN,PLY_000553,1,LIVE_NORMAL,57,12,10,0,TRUE,1992
SAMSUNG_1997_PLY_000553_LN,PLY_000553,1,LIVE_NORMAL,65,12,10,0,TRUE,1997
SAMSUNG_1994_PLY_000553_EPIC,PLY_000553,2,LIVE_EPIC,66,18,10,0,TRUE,1994
SAMSUNG_2002_PLY_000553_AS,PLY_000553,3,ALLSTAR,81,24,10,10,TRUE,2002
SAMSUNG_1992_PLY_000553_TH,PLY_000553,4,TITLE_HOLDER,87,30,10,10,FALSE,1992
SAMSUNG_1990_PLY_000554_GG,PLY_000554,7,GOLDEN_GLOVE,84,35,10,10,FALSE,1990
SAMSUNG_1992_PLY_000554_LN,PLY_000554,1,LIVE_NORMAL,60,12,10,0,TRUE,1992
SAMSUNG_1993_PLY_000554_LN,PLY_000554,1,LIVE_NORMAL,58,12,10,0,TRUE,1993
SAMSUNG_1990_PLY_000554_LN,PLY_000554,1,LIVE_NORMAL,58,12,10,0,TRUE,1990
SAMSUNG_1991_PLY_000554_SIG,PLY_000554,6,SIGNATURE,92,40,10,10,FALSE,1991
SAMSUNG_1990_PLY_000554_TH,PLY_000554,4,TITLE_HOLDER,82,30,10,10,FALSE,1990
SAMSUNG_1993_PLY_000554_SIG,PLY_000554,6,SIGNATURE,89,40,10,10,FALSE,1993
SAMSUNG_2000_PLY_000555_LN,PLY_000555,1,LIVE_NORMAL,66,12,10,0,TRUE,2000
SAMSUNG_2005_PLY_000555_EPIC,PLY_000555,2,LIVE_EPIC,75,18,10,0,TRUE,2005
SAMSUNG_2004_PLY_000555_GG,PLY_000555,7,GOLDEN_GLOVE,89,35,10,10,FALSE,2004
SAMSUNG_2007_PLY_000555_EPIC,PLY_000555,2,LIVE_EPIC,74,18,10,0,TRUE,2007
SAMSUNG_2022_PLY_000556_LN,PLY_000556,1,LIVE_NORMAL,62,12,10,0,TRUE,2022
SAMSUNG_2024_PLY_000556_TH,PLY_000556,4,TITLE_HOLDER,80,30,10,10,FALSE,2024
SAMSUNG_2024_PLY_000556_LN,PLY_000556,1,LIVE_NORMAL,67,12,10,0,TRUE,2024
SAMSUNG_2025_PLY_000556_EPIC,PLY_000556,2,LIVE_EPIC,65,18,10,0,TRUE,2025
SAMSUNG_2024_PLY_000556_AS,PLY_000556,3,ALLSTAR,78,24,10,10,TRUE,2024
SAMSUNG_2025_PLY_000556_LN,PLY_000556,1,LIVE_NORMAL,60,12,10,0,TRUE,2025
SAMSUNG_2026_PLY_000556_AS,PLY_000556,3,ALLSTAR,82,24,10,10,TRUE,2026
SAMSUNG_2026_PLY_000556_LN,PLY_000556,1,LIVE_NORMAL,55,12,10,0,TRUE,2026
SAMSUNG_2005_PLY_000557_LN,PLY_000557,1,LIVE_NORMAL,61,12,10,0,TRUE,2005
SAMSUNG_2001_PLY_000557_AS,PLY_000557,3,ALLSTAR,75,24,10,10,TRUE,2001
SAMSUNG_2001_PLY_000557_LN,PLY_000557,1,LIVE_NORMAL,56,12,10,0,TRUE,2001
SAMSUNG_2003_PLY_000557_EPIC,PLY_000557,2,LIVE_EPIC,71,18,10,0,TRUE,2003
SAMSUNG_2000_PLY_000557_GG,PLY_000557,7,GOLDEN_GLOVE,85,35,10,10,FALSE,2000
SAMSUNG_2003_PLY_000557_AS,PLY_000557,3,ALLSTAR,79,24,10,10,TRUE,2003
SAMSUNG_1999_PLY_000557_LN,PLY_000557,1,LIVE_NORMAL,56,12,10,0,TRUE,1999
SAMSUNG_1999_PLY_000557_EPIC,PLY_000557,2,LIVE_EPIC,75,18,10,0,TRUE,1999
SAMSUNG_2001_PLY_000557_TH,PLY_000557,4,TITLE_HOLDER,87,30,10,10,FALSE,2001
SAMSUNG_2004_PLY_000557_LN,PLY_000557,1,LIVE_NORMAL,61,12,10,0,TRUE,2004
SAMSUNG_2012_PLY_000558_LN,PLY_000558,1,LIVE_NORMAL,57,12,10,0,TRUE,2012
SAMSUNG_2000_PLY_000558_LN,PLY_000558,1,LIVE_NORMAL,57,12,10,0,TRUE,2000
SAMSUNG_2000_PLY_000558_AS,PLY_000558,3,ALLSTAR,74,24,10,10,TRUE,2000
SAMSUNG_2011_PLY_000558_AS,PLY_000558,3,ALLSTAR,78,24,10,10,TRUE,2011
SAMSUNG_2005_PLY_000558_EPIC,PLY_000558,2,LIVE_EPIC,75,18,10,0,TRUE,2005
SAMSUNG_1999_PLY_000558_SIG,PLY_000558,6,SIGNATURE,87,40,10,10,FALSE,1999
SAMSUNG_1997_PLY_000558_EPIC,PLY_000558,2,LIVE_EPIC,75,18,10,0,TRUE,1997
SAMSUNG_2003_PLY_000558_SIG,PLY_000558,6,SIGNATURE,90,40,10,10,FALSE,2003
SAMSUNG_2026_PLY_000559_LN,PLY_000559,1,LIVE_NORMAL,56,12,10,0,TRUE,2026
SAMSUNG_2025_PLY_000559_AS,PLY_000559,3,ALLSTAR,78,24,10,10,TRUE,2025
SAMSUNG_2022_PLY_000559_EPIC,PLY_000559,2,LIVE_EPIC,66,18,10,0,TRUE,2022
SAMSUNG_2022_PLY_000559_LN,PLY_000559,1,LIVE_NORMAL,68,12,10,0,TRUE,2022
SAMSUNG_2024_PLY_000559_EPIC,PLY_000559,2,LIVE_EPIC,72,18,10,0,TRUE,2024
SAMSUNG_2024_PLY_000559_LN,PLY_000559,1,LIVE_NORMAL,64,12,10,0,TRUE,2024
SAMSUNG_2023_PLY_000559_LN,PLY_000559,1,LIVE_NORMAL,64,12,10,0,TRUE,2023
SAMSUNG_2023_PLY_000559_EPIC,PLY_000559,2,LIVE_EPIC,69,18,10,0,TRUE,2023
SAMSUNG_2026_PLY_000559_AS,PLY_000559,3,ALLSTAR,75,24,10,10,TRUE,2026
SAMSUNG_2001_PLY_000560_LN,PLY_000560,1,LIVE_NORMAL,62,12,10,0,TRUE,2001
SAMSUNG_2005_PLY_000560_LN,PLY_000560,1,LIVE_NORMAL,58,12,10,0,TRUE,2005
SAMSUNG_2004_PLY_000560_EPIC,PLY_000560,2,LIVE_EPIC,69,18,10,0,TRUE,2004
SAMSUNG_2004_PLY_000560_LN,PLY_000560,1,LIVE_NORMAL,55,12,10,0,TRUE,2004
SAMSUNG_2003_PLY_000560_TH,PLY_000560,4,TITLE_HOLDER,81,30,10,10,FALSE,2003
SAMSUNG_2003_PLY_000560_EPIC,PLY_000560,2,LIVE_EPIC,74,18,10,0,TRUE,2003
SAMSUNG_2002_PLY_000560_EPIC,PLY_000560,2,LIVE_EPIC,74,18,10,0,TRUE,2002
SAMSUNG_2000_PLY_000560_SIG,PLY_000560,6,SIGNATURE,89,40,10,10,FALSE,2000
SAMSUNG_2006_PLY_000560_LN,PLY_000560,1,LIVE_NORMAL,63,12,10,0,TRUE,2006
SAMSUNG_2004_PLY_000560_AS,PLY_000560,3,ALLSTAR,75,24,10,10,TRUE,2004
SAMSUNG_2020_PLY_000561_AS,PLY_000561,3,ALLSTAR,75,24,10,10,TRUE,2020
SAMSUNG_2023_PLY_000561_EPIC,PLY_000561,2,LIVE_EPIC,68,18,10,0,TRUE,2023
SAMSUNG_2015_PLY_000561_GG,PLY_000561,7,GOLDEN_GLOVE,87,35,10,10,FALSE,2015
SAMSUNG_2023_PLY_000561_LN,PLY_000561,1,LIVE_NORMAL,66,12,10,0,TRUE,2023
SAMSUNG_2016_PLY_000561_EPIC,PLY_000561,2,LIVE_EPIC,70,18,10,0,TRUE,2016
SAMSUNG_2018_PLY_000561_LN,PLY_000561,1,LIVE_NORMAL,61,12,10,0,TRUE,2018
SAMSUNG_2022_PLY_000561_LN,PLY_000561,1,LIVE_NORMAL,67,12,10,0,TRUE,2022
SAMSUNG_2017_PLY_000561_LN,PLY_000561,1,LIVE_NORMAL,67,12,10,0,TRUE,2017
SAMSUNG_2021_PLY_000561_GG,PLY_000561,7,GOLDEN_GLOVE,84,35,10,10,FALSE,2021
SAMSUNG_2015_PLY_000561_AS,PLY_000561,3,ALLSTAR,81,24,10,10,TRUE,2015
SAMSUNG_1986_PLY_000562_TH,PLY_000562,4,TITLE_HOLDER,87,30,10,10,FALSE,1986
SAMSUNG_1990_PLY_000562_LN,PLY_000562,1,LIVE_NORMAL,68,12,10,0,TRUE,1990
SAMSUNG_1989_PLY_000562_LN,PLY_000562,1,LIVE_NORMAL,57,12,10,0,TRUE,1989
SAMSUNG_1993_PLY_000562_EPIC,PLY_000562,2,LIVE_EPIC,72,18,10,0,TRUE,1993
SAMSUNG_1991_PLY_000562_LN,PLY_000562,1,LIVE_NORMAL,57,12,10,0,TRUE,1991
SAMSUNG_1987_PLY_000562_AS,PLY_000562,3,ALLSTAR,80,24,10,10,TRUE,1987
SAMSUNG_1996_PLY_000562_AS,PLY_000562,3,ALLSTAR,76,24,10,10,TRUE,1996
SAMSUNG_2024_PLY_000563_EPIC,PLY_000563,2,LIVE_EPIC,74,18,10,0,TRUE,2024
SAMSUNG_2026_PLY_000563_EPIC,PLY_000563,2,LIVE_EPIC,70,18,10,0,TRUE,2026
SAMSUNG_2022_PLY_000563_TH,PLY_000563,4,TITLE_HOLDER,85,30,10,10,FALSE,2022
SAMSUNG_2023_PLY_000563_EPIC,PLY_000563,2,LIVE_EPIC,70,18,10,0,TRUE,2023
SAMSUNG_2026_PLY_000563_LN,PLY_000563,1,LIVE_NORMAL,59,12,10,0,TRUE,2026
SAMSUNG_2023_PLY_000563_LN,PLY_000563,1,LIVE_NORMAL,67,12,10,0,TRUE,2023
SAMSUNG_2024_PLY_000563_GG,PLY_000563,7,GOLDEN_GLOVE,87,35,10,10,FALSE,2024
SAMSUNG_2025_PLY_000563_EPIC,PLY_000563,2,LIVE_EPIC,75,18,10,0,TRUE,2025
SAMSUNG_2016_PLY_000564_EPIC,PLY_000564,2,LIVE_EPIC,76,18,10,0,TRUE,2016
SAMSUNG_2017_PLY_000564_EPIC,PLY_000564,2,LIVE_EPIC,69,18,10,0,TRUE,2017
SAMSUNG_2015_PLY_000564_LN,PLY_000564,1,LIVE_NORMAL,62,12,10,0,TRUE,2015
SAMSUNG_2014_PLY_000564_AS,PLY_000564,3,ALLSTAR,75,24,10,10,TRUE,2014
SAMSUNG_2014_PLY_000564_TH,PLY_000564,4,TITLE_HOLDER,86,30,10,10,FALSE,2014
SAMSUNG_2014_PLY_000564_SIG,PLY_000564,6,SIGNATURE,88,40,10,10,FALSE,2014
SAMSUNG_2014_PLY_000564_EPIC,PLY_000564,2,LIVE_EPIC,74,18,10,0,TRUE,2014
SAMSUNG_2009_PLY_000565_LN,PLY_000565,1,LIVE_NORMAL,58,12,10,0,TRUE,2009
SAMSUNG_2008_PLY_000565_AS,PLY_000565,3,ALLSTAR,82,24,10,10,TRUE,2008
SAMSUNG_1996_PLY_000565_TH,PLY_000565,4,TITLE_HOLDER,80,30,10,10,FALSE,1996
SAMSUNG_2012_PLY_000565_TH,PLY_000565,4,TITLE_HOLDER,85,30,10,10,FALSE,2012
SAMSUNG_1998_PLY_000565_AS,PLY_000565,3,ALLSTAR,83,24,10,10,TRUE,1998
SAMSUNG_2002_PLY_000565_EPIC,PLY_000565,2,LIVE_EPIC,73,18,10,0,TRUE,2002
SAMSUNG_2005_PLY_000565_LN,PLY_000565,1,LIVE_NORMAL,62,12,10,0,TRUE,2005
SAMSUNG_2014_PLY_000565_AS,PLY_000565,3,ALLSTAR,79,24,10,10,TRUE,2014
SAMSUNG_1996_PLY_000565_LN,PLY_000565,1,LIVE_NORMAL,67,12,10,0,TRUE,1996
SAMSUNG_1999_PLY_000565_LN,PLY_000565,1,LIVE_NORMAL,55,12,10,0,TRUE,1999
SAMSUNG_1998_PLY_000565_GG,PLY_000565,7,GOLDEN_GLOVE,89,35,10,10,FALSE,1998
SAMSUNG_2000_PLY_000566_LN,PLY_000566,1,LIVE_NORMAL,59,12,10,0,TRUE,2000
SAMSUNG_1990_PLY_000566_AS,PLY_000566,3,ALLSTAR,76,24,10,10,TRUE,1990
SAMSUNG_1988_PLY_000566_LN,PLY_000566,1,LIVE_NORMAL,56,12,10,0,TRUE,1988
SAMSUNG_2002_PLY_000566_LN,PLY_000566,1,LIVE_NORMAL,55,12,10,0,TRUE,2002
SAMSUNG_1995_PLY_000566_TH,PLY_000566,4,TITLE_HOLDER,82,30,10,10,FALSE,1995
SAMSUNG_2003_PLY_000566_LN,PLY_000566,1,LIVE_NORMAL,63,12,10,0,TRUE,2003
SAMSUNG_1992_PLY_000566_EPIC,PLY_000566,2,LIVE_EPIC,70,18,10,0,TRUE,1992
SAMSUNG_1993_PLY_000566_LN,PLY_000566,1,LIVE_NORMAL,68,12,10,0,TRUE,1993
SAMSUNG_2003_PLY_000567_GG,PLY_000567,7,GOLDEN_GLOVE,87,35,10,10,FALSE,2003
SAMSUNG_1999_PLY_000567_EPIC,PLY_000567,2,LIVE_EPIC,66,18,10,0,TRUE,1999
SAMSUNG_2003_PLY_000567_EPIC,PLY_000567,2,LIVE_EPIC,73,18,10,0,TRUE,2003
SAMSUNG_2000_PLY_000567_LN,PLY_000567,1,LIVE_NORMAL,68,12,10,0,TRUE,2000
SAMSUNG_2016_PLY_000568_LN,PLY_000568,1,LIVE_NORMAL,60,12,10,0,TRUE,2016
SAMSUNG_2014_PLY_000568_LN,PLY_000568,1,LIVE_NORMAL,63,12,10,0,TRUE,2014
SAMSUNG_2015_PLY_000568_AS,PLY_000568,3,ALLSTAR,76,24,10,10,TRUE,2015
SAMSUNG_2011_PLY_000568_SIG,PLY_000568,6,SIGNATURE,89,40,10,10,FALSE,2011
SAMSUNG_2006_PLY_000569_EPIC,PLY_000569,2,LIVE_EPIC,72,18,10,0,TRUE,2006
SAMSUNG_1997_PLY_000569_LN,PLY_000569,1,LIVE_NORMAL,59,12,10,0,TRUE,1997
SAMSUNG_2009_PLY_000569_TH,PLY_000569,4,TITLE_HOLDER,84,30,10,10,FALSE,2009
SAMSUNG_2013_PLY_000569_LN,PLY_000569,1,LIVE_NORMAL,57,12,10,0,TRUE,2013
SAMSUNG_2001_PLY_000569_AS,PLY_000569,3,ALLSTAR,81,24,10,10,TRUE,2001
SAMSUNG_2003_PLY_000569_AS,PLY_000569,3,ALLSTAR,78,24,10,10,TRUE,2003
SAMSUNG_2007_PLY_000569_EPIC,PLY_000569,2,LIVE_EPIC,66,18,10,0,TRUE,2007
SAMSUNG_2006_PLY_000569_AS,PLY_000569,3,ALLSTAR,77,24,10,10,TRUE,2006
SAMSUNG_2008_PLY_000569_TH,PLY_000569,4,TITLE_HOLDER,87,30,10,10,FALSE,2008
SAMSUNG_2004_PLY_000569_SIG,PLY_000569,6,SIGNATURE,89,40,10,10,FALSE,2004
SAMSUNG_2005_PLY_000570_LN,PLY_000570,1,LIVE_NORMAL,63,12,10,0,TRUE,2005
SAMSUNG_2007_PLY_000570_AS,PLY_000570,3,ALLSTAR,75,24,10,10,TRUE,2007
SAMSUNG_2001_PLY_000570_LN,PLY_000570,1,LIVE_NORMAL,64,12,10,0,TRUE,2001
SAMSUNG_2007_PLY_000570_LN,PLY_000570,1,LIVE_NORMAL,66,12,10,0,TRUE,2007
SAMSUNG_1999_PLY_000570_LN,PLY_000570,1,LIVE_NORMAL,60,12,10,0,TRUE,1999
SAMSUNG_1994_PLY_000570_LN,PLY_000570,1,LIVE_NORMAL,60,12,10,0,TRUE,1994
SAMSUNG_2000_PLY_000570_TH,PLY_000570,4,TITLE_HOLDER,82,30,10,10,FALSE,2000
SAMSUNG_1996_PLY_000570_AS,PLY_000570,3,ALLSTAR,75,24,10,10,TRUE,1996
SAMSUNG_2006_PLY_000571_LN,PLY_000571,1,LIVE_NORMAL,64,12,10,0,TRUE,2006
SAMSUNG_2009_PLY_000571_LN,PLY_000571,1,LIVE_NORMAL,55,12,10,0,TRUE,2009
SAMSUNG_1999_PLY_000571_TH,PLY_000571,4,TITLE_HOLDER,82,30,10,10,FALSE,1999
SAMSUNG_2007_PLY_000571_LN,PLY_000571,1,LIVE_NORMAL,67,12,10,0,TRUE,2007
SAMSUNG_2004_PLY_000571_LN,PLY_000571,1,LIVE_NORMAL,67,12,10,0,TRUE,2004
SAMSUNG_2005_PLY_000571_LN,PLY_000571,1,LIVE_NORMAL,58,12,10,0,TRUE,2005
SAMSUNG_2010_PLY_000571_EPIC,PLY_000571,2,LIVE_EPIC,70,18,10,0,TRUE,2010
SAMSUNG_2003_PLY_000571_TH,PLY_000571,4,TITLE_HOLDER,87,30,10,10,FALSE,2003
SAMSUNG_2004_PLY_000571_EPIC,PLY_000571,2,LIVE_EPIC,66,18,10,0,TRUE,2004
SAMSUNG_2003_PLY_000572_LN,PLY_000572,1,LIVE_NORMAL,59,12,10,0,TRUE,2003
SAMSUNG_1999_PLY_000572_EPIC,PLY_000572,2,LIVE_EPIC,74,18,10,0,TRUE,1999
SAMSUNG_1998_PLY_000572_EPIC,PLY_000572,2,LIVE_EPIC,65,18,10,0,TRUE,1998
SAMSUNG_2001_PLY_000572_LN,PLY_000572,1,LIVE_NORMAL,58,12,10,0,TRUE,2001
SAMSUNG_2004_PLY_000573_LN,PLY_000573,1,LIVE_NORMAL,56,12,10,0,TRUE,2004
SAMSUNG_2012_PLY_000573_EPIC,PLY_000573,2,LIVE_EPIC,68,18,10,0,TRUE,2012
SAMSUNG_2007_PLY_000573_EPIC,PLY_000573,2,LIVE_EPIC,73,18,10,0,TRUE,2007
SAMSUNG_2011_PLY_000574_LN,PLY_000574,1,LIVE_NORMAL,65,12,10,0,TRUE,2011
SAMSUNG_2006_PLY_000574_GG,PLY_000574,7,GOLDEN_GLOVE,87,35,10,10,FALSE,2006
SAMSUNG_2009_PLY_000574_AS,PLY_000574,3,ALLSTAR,77,24,10,10,TRUE,2009
SAMSUNG_2007_PLY_000575_LN,PLY_000575,1,LIVE_NORMAL,62,12,10,0,TRUE,2007
SAMSUNG_2018_PLY_000575_EPIC,PLY_000575,2,LIVE_EPIC,75,18,10,0,TRUE,2018
SAMSUNG_2008_PLY_000575_LN,PLY_000575,1,LIVE_NORMAL,59,12,10,0,TRUE,2008
SAMSUNG_2013_PLY_000575_LN,PLY_000575,1,LIVE_NORMAL,67,12,10,0,TRUE,2013
SAMSUNG_2019_PLY_000575_LN,PLY_000575,1,LIVE_NORMAL,56,12,10,0,TRUE,2019
SAMSUNG_2012_PLY_000575_LN,PLY_000575,1,LIVE_NORMAL,57,12,10,0,TRUE,2012
SAMSUNG_2020_PLY_000575_GG,PLY_000575,7,GOLDEN_GLOVE,89,35,10,10,FALSE,2020
SAMSUNG_2010_PLY_000575_EPIC,PLY_000575,2,LIVE_EPIC,74,18,10,0,TRUE,2010
SAMSUNG_2020_PLY_000576_LN,PLY_000576,1,LIVE_NORMAL,58,12,10,0,TRUE,2020
SAMSUNG_2019_PLY_000576_EPIC,PLY_000576,2,LIVE_EPIC,65,18,10,0,TRUE,2019
SAMSUNG_2025_PLY_000576_LN,PLY_000576,1,LIVE_NORMAL,63,12,10,0,TRUE,2025
SAMSUNG_2024_PLY_000576_LN,PLY_000576,1,LIVE_NORMAL,60,12,10,0,TRUE,2024
SAMSUNG_2021_PLY_000576_LN,PLY_000576,1,LIVE_NORMAL,60,12,10,0,TRUE,2021
SAMSUNG_2012_PLY_000577_LN,PLY_000577,1,LIVE_NORMAL,62,12,10,0,TRUE,2012
SAMSUNG_2018_PLY_000577_EPIC,PLY_000577,2,LIVE_EPIC,68,18,10,0,TRUE,2018
SAMSUNG_2016_PLY_000577_LN,PLY_000577,1,LIVE_NORMAL,59,12,10,0,TRUE,2016
SAMSUNG_2018_PLY_000577_AS,PLY_000577,3,ALLSTAR,83,24,10,10,TRUE,2018
SAMSUNG_2018_PLY_000577_LN,PLY_000577,1,LIVE_NORMAL,64,12,10,0,TRUE,2018
SAMSUNG_2013_PLY_000577_LN,PLY_000577,1,LIVE_NORMAL,65,12,10,0,TRUE,2013
SAMSUNG_2013_PLY_000577_EPIC,PLY_000577,2,LIVE_EPIC,70,18,10,0,TRUE,2013
SAMSUNG_2018_PLY_000577_TH,PLY_000577,4,TITLE_HOLDER,82,30,10,10,FALSE,2018
SAMSUNG_2026_PLY_000578_EPIC,PLY_000578,2,LIVE_EPIC,67,18,10,0,TRUE,2026
SAMSUNG_2024_PLY_000578_EPIC,PLY_000578,2,LIVE_EPIC,72,18,10,0,TRUE,2024
SAMSUNG_2026_PLY_000578_TH,PLY_000578,4,TITLE_HOLDER,86,30,10,10,FALSE,2026
SAMSUNG_2023_PLY_000578_EPIC,PLY_000578,2,LIVE_EPIC,70,18,10,0,TRUE,2023
SAMSUNG_2024_PLY_000578_TH,PLY_000578,4,TITLE_HOLDER,80,30,10,10,FALSE,2024
SAMSUNG_2002_PLY_000579_EPIC,PLY_000579,2,LIVE_EPIC,66,18,10,0,TRUE,2002
SAMSUNG_2005_PLY_000579_TH,PLY_000579,4,TITLE_HOLDER,85,30,10,10,FALSE,2005
SAMSUNG_2002_PLY_000579_AS,PLY_000579,3,ALLSTAR,77,24,10,10,TRUE,2002
SAMSUNG_2004_PLY_000579_LN,PLY_000579,1,LIVE_NORMAL,64,12,10,0,TRUE,2004
SAMSUNG_2003_PLY_000579_AS,PLY_000579,3,ALLSTAR,75,24,10,10,TRUE,2003
SAMSUNG_2006_PLY_000579_AS,PLY_000579,3,ALLSTAR,79,24,10,10,TRUE,2006
SAMSUNG_2006_PLY_000579_EPIC,PLY_000579,2,LIVE_EPIC,75,18,10,0,TRUE,2006
SAMSUNG_2003_PLY_000579_LN,PLY_000579,1,LIVE_NORMAL,61,12,10,0,TRUE,2003
SAMSUNG_2003_PLY_000579_EPIC,PLY_000579,2,LIVE_EPIC,75,18,10,0,TRUE,2003
SAMSUNG_2004_PLY_000579_AS,PLY_000579,3,ALLSTAR,77,24,10,10,TRUE,2004
SAMSUNG_1998_PLY_000580_AS,PLY_000580,3,ALLSTAR,81,24,10,10,TRUE,1998
SAMSUNG_1997_PLY_000580_EPIC,PLY_000580,2,LIVE_EPIC,71,18,10,0,TRUE,1997
SAMSUNG_1998_PLY_000580_LN,PLY_000580,1,LIVE_NORMAL,56,12,10,0,TRUE,1998
SAMSUNG_2002_PLY_000580_EPIC,PLY_000580,2,LIVE_EPIC,69,18,10,0,TRUE,2002
SAMSUNG_2011_PLY_000580_EPIC,PLY_000580,2,LIVE_EPIC,74,18,10,0,TRUE,2011
SAMSUNG_2016_PLY_000580_EPIC,PLY_000580,2,LIVE_EPIC,76,18,10,0,TRUE,2016
SAMSUNG_2005_PLY_000580_AS,PLY_000580,3,ALLSTAR,74,24,10,10,TRUE,2005
SAMSUNG_2011_PLY_000580_AS,PLY_000580,3,ALLSTAR,83,24,10,10,TRUE,2011
SAMSUNG_2002_PLY_000580_LN,PLY_000580,1,LIVE_NORMAL,56,12,10,0,TRUE,2002
SAMSUNG_2021_PLY_000581_LN,PLY_000581,1,LIVE_NORMAL,55,12,10,0,TRUE,2021
SAMSUNG_2023_PLY_000581_EPIC,PLY_000581,2,LIVE_EPIC,67,18,10,0,TRUE,2023
SAMSUNG_2022_PLY_000581_LN,PLY_000581,1,LIVE_NORMAL,66,12,10,0,TRUE,2022
SAMSUNG_2022_PLY_000581_TH,PLY_000581,4,TITLE_HOLDER,86,30,10,10,FALSE,2022
SAMSUNG_2025_PLY_000581_EPIC,PLY_000581,2,LIVE_EPIC,66,18,10,0,TRUE,2025
SAMSUNG_2026_PLY_000581_EPIC,PLY_000581,2,LIVE_EPIC,76,18,10,0,TRUE,2026
SAMSUNG_2026_PLY_000581_SIG,PLY_000581,6,SIGNATURE,91,40,10,10,FALSE,2026
SAMSUNG_2021_PLY_000581_EPIC,PLY_000581,2,LIVE_EPIC,66,18,10,0,TRUE,2021
SAMSUNG_2026_PLY_000582_LN,PLY_000582,1,LIVE_NORMAL,63,12,10,0,TRUE,2026
SAMSUNG_2022_PLY_000582_GG,PLY_000582,7,GOLDEN_GLOVE,85,35,10,10,FALSE,2022
SAMSUNG_2023_PLY_000582_TH,PLY_000582,4,TITLE_HOLDER,87,30,10,10,FALSE,2023
SAMSUNG_2022_PLY_000582_EPIC,PLY_000582,2,LIVE_EPIC,71,18,10,0,TRUE,2022
SAMSUNG_2023_PLY_000582_EPIC,PLY_000582,2,LIVE_EPIC,75,18,10,0,TRUE,2023
SAMSUNG_2024_PLY_000582_GG,PLY_000582,7,GOLDEN_GLOVE,88,35,10,10,FALSE,2024
SAMSUNG_2025_PLY_000582_TH,PLY_000582,4,TITLE_HOLDER,86,30,10,10,FALSE,2025
SAMSUNG_2002_PLY_000583_AS,PLY_000583,3,ALLSTAR,81,24,10,10,TRUE,2002
SAMSUNG_2006_PLY_000583_AS,PLY_000583,3,ALLSTAR,81,24,10,10,TRUE,2006
SAMSUNG_2006_PLY_000583_EPIC,PLY_000583,2,LIVE_EPIC,67,18,10,0,TRUE,2006
SAMSUNG_2001_PLY_000583_LN,PLY_000583,1,LIVE_NORMAL,57,12,10,0,TRUE,2001
SAMSUNG_1997_PLY_000584_LN,PLY_000584,1,LIVE_NORMAL,58,12,10,0,TRUE,1997
SAMSUNG_1995_PLY_000584_EPIC,PLY_000584,2,LIVE_EPIC,76,18,10,0,TRUE,1995
SAMSUNG_1998_PLY_000584_LN,PLY_000584,1,LIVE_NORMAL,67,12,10,0,TRUE,1998
SAMSUNG_1995_PLY_000584_AS,PLY_000584,3,ALLSTAR,78,24,10,10,TRUE,1995
SAMSUNG_1996_PLY_000584_EPIC,PLY_000584,2,LIVE_EPIC,68,18,10,0,TRUE,1996
SAMSUNG_1999_PLY_000584_AS,PLY_000584,3,ALLSTAR,74,24,10,10,TRUE,1999
SAMSUNG_2001_PLY_000584_EPIC,PLY_000584,2,LIVE_EPIC,69,18,10,0,TRUE,2001
SAMSUNG_2014_PLY_000585_LN,PLY_000585,1,LIVE_NORMAL,55,12,10,0,TRUE,2014
SAMSUNG_2013_PLY_000585_EPIC,PLY_000585,2,LIVE_EPIC,75,18,10,0,TRUE,2013
SAMSUNG_2017_PLY_000585_TH,PLY_000585,4,TITLE_HOLDER,87,30,10,10,FALSE,2017
SAMSUNG_2019_PLY_000585_AS,PLY_000585,3,ALLSTAR,79,24,10,10,TRUE,2019
SAMSUNG_2010_PLY_000585_GG,PLY_000585,7,GOLDEN_GLOVE,90,35,10,10,FALSE,2010
SAMSUNG_2019_PLY_000585_TH,PLY_000585,4,TITLE_HOLDER,81,30,10,10,FALSE,2019
SAMSUNG_2019_PLY_000585_LN,PLY_000585,1,LIVE_NORMAL,61,12,10,0,TRUE,2019
SAMSUNG_2018_PLY_000585_EPIC,PLY_000585,2,LIVE_EPIC,66,18,10,0,TRUE,2018
SAMSUNG_2012_PLY_000586_AS,PLY_000586,3,ALLSTAR,81,24,10,10,TRUE,2012
SAMSUNG_2011_PLY_000586_LN,PLY_000586,1,LIVE_NORMAL,57,12,10,0,TRUE,2011
SAMSUNG_2008_PLY_000586_EPIC,PLY_000586,2,LIVE_EPIC,70,18,10,0,TRUE,2008
SAMSUNG_2007_PLY_000586_EPIC,PLY_000586,2,LIVE_EPIC,65,18,10,0,TRUE,2007
SAMSUNG_2009_PLY_000586_EPIC,PLY_000586,2,LIVE_EPIC,74,18,10,0,TRUE,2009
SAMSUNG_2009_PLY_000586_LN,PLY_000586,1,LIVE_NORMAL,65,12,10,0,TRUE,2009
SAMSUNG_2022_PLY_000587_EPIC,PLY_000587,2,LIVE_EPIC,69,18,10,0,TRUE,2022
SAMSUNG_2022_PLY_000587_AS,PLY_000587,3,ALLSTAR,77,24,10,10,TRUE,2022
SAMSUNG_2024_PLY_000587_TH,PLY_000587,4,TITLE_HOLDER,83,30,10,10,FALSE,2024
SAMSUNG_2024_PLY_000587_AS,PLY_000587,3,ALLSTAR,83,24,10,10,TRUE,2024
SAMSUNG_2025_PLY_000587_EPIC,PLY_000587,2,LIVE_EPIC,69,18,10,0,TRUE,2025
SAMSUNG_2023_PLY_000587_LN,PLY_000587,1,LIVE_NORMAL,64,12,10,0,TRUE,2023
SAMSUNG_2012_PLY_000588_GG,PLY_000588,7,GOLDEN_GLOVE,90,35,10,10,FALSE,2012
SAMSUNG_2005_PLY_000588_EPIC,PLY_000588,2,LIVE_EPIC,70,18,10,0,TRUE,2005
SAMSUNG_2011_PLY_000588_LN,PLY_000588,1,LIVE_NORMAL,63,12,10,0,TRUE,2011
SAMSUNG_2010_PLY_000588_GG,PLY_000588,7,GOLDEN_GLOVE,84,35,10,10,FALSE,2010
SAMSUNG_2008_PLY_000588_EPIC,PLY_000588,2,LIVE_EPIC,67,18,10,0,TRUE,2008
SAMSUNG_2022_PLY_000589_EPIC,PLY_000589,2,LIVE_EPIC,75,18,10,0,TRUE,2022
SAMSUNG_2025_PLY_000589_LN,PLY_000589,1,LIVE_NORMAL,59,12,10,0,TRUE,2025
SAMSUNG_2021_PLY_000589_LN,PLY_000589,1,LIVE_NORMAL,63,12,10,0,TRUE,2021
SAMSUNG_2023_PLY_000589_EPIC,PLY_000589,2,LIVE_EPIC,67,18,10,0,TRUE,2023
SAMSUNG_2023_PLY_000589_TH,PLY_000589,4,TITLE_HOLDER,85,30,10,10,FALSE,2023
SAMSUNG_2023_PLY_000590_GG,PLY_000590,7,GOLDEN_GLOVE,88,35,10,10,FALSE,2023
SAMSUNG_2023_PLY_000590_LN,PLY_000590,1,LIVE_NORMAL,56,12,10,0,TRUE,2023
SAMSUNG_2026_PLY_000590_EPIC,PLY_000590,2,LIVE_EPIC,68,18,10,0,TRUE,2026
SAMSUNG_2021_PLY_000590_LN,PLY_000590,1,LIVE_NORMAL,61,12,10,0,TRUE,2021
SAMSUNG_2024_PLY_000590_LN,PLY_000590,1,LIVE_NORMAL,57,12,10,0,TRUE,2024
SAMSUNG_2021_PLY_000590_EPIC,PLY_000590,2,LIVE_EPIC,72,18,10,0,TRUE,2021
SAMSUNG_2026_PLY_000590_GG,PLY_000590,7,GOLDEN_GLOVE,86,35,10,10,FALSE,2026
SAMSUNG_2021_PLY_000590_TH,PLY_000590,4,TITLE_HOLDER,81,30,10,10,FALSE,2021
SAMSUNG_2020_PLY_000590_LN,PLY_000590,1,LIVE_NORMAL,58,12,10,0,TRUE,2020
SAMSUNG_2026_PLY_000590_LN,PLY_000590,1,LIVE_NORMAL,61,12,10,0,TRUE,2026
SAMSUNG_2010_PLY_000591_LN,PLY_000591,1,LIVE_NORMAL,65,12,10,0,TRUE,2010
SAMSUNG_2013_PLY_000591_AS,PLY_000591,3,ALLSTAR,78,24,10,10,TRUE,2013
SAMSUNG_2011_PLY_000591_TH,PLY_000591,4,TITLE_HOLDER,87,30,10,10,FALSE,2011
SAMSUNG_2013_PLY_000591_EPIC,PLY_000591,2,LIVE_EPIC,67,18,10,0,TRUE,2013
SAMSUNG_2011_PLY_000591_AS,PLY_000591,3,ALLSTAR,81,24,10,10,TRUE,2011
SAMSUNG_2016_PLY_000591_LN,PLY_000591,1,LIVE_NORMAL,56,12,10,0,TRUE,2016
SAMSUNG_2016_PLY_000591_EPIC,PLY_000591,2,LIVE_EPIC,76,18,10,0,TRUE,2016
SAMSUNG_2014_PLY_000591_LN,PLY_000591,1,LIVE_NORMAL,60,12,10,0,TRUE,2014
SAMSUNG_2026_PLY_000592_LN,PLY_000592,1,LIVE_NORMAL,65,12,10,0,TRUE,2026
SAMSUNG_2023_PLY_000592_LN,PLY_000592,1,LIVE_NORMAL,63,12,10,0,TRUE,2023
SAMSUNG_2021_PLY_000592_GG,PLY_000592,7,GOLDEN_GLOVE,84,35,10,10,FALSE,2021
SAMSUNG_2022_PLY_000592_AS,PLY_000592,3,ALLSTAR,83,24,10,10,TRUE,2022
SAMSUNG_2022_PLY_000592_EPIC,PLY_000592,2,LIVE_EPIC,66,18,10,0,TRUE,2022
SAMSUNG_2025_PLY_000592_LN,PLY_000592,1,LIVE_NORMAL,55,12,10,0,TRUE,2025
SAMSUNG_2023_PLY_000593_SIG,PLY_000593,6,SIGNATURE,92,40,10,10,FALSE,2023
SAMSUNG_2024_PLY_000593_LN,PLY_000593,1,LIVE_NORMAL,67,12,10,0,TRUE,2024
SAMSUNG_2021_PLY_000593_AS,PLY_000593,3,ALLSTAR,81,24,10,10,TRUE,2021
SAMSUNG_2023_PLY_000593_LN,PLY_000593,1,LIVE_NORMAL,67,12,10,0,TRUE,2023
SAMSUNG_2020_PLY_000593_LN,PLY_000593,1,LIVE_NORMAL,64,12,10,0,TRUE,2020
SAMSUNG_2025_PLY_000593_AS,PLY_000593,3,ALLSTAR,77,24,10,10,TRUE,2025
SAMSUNG_2025_PLY_000593_LN,PLY_000593,1,LIVE_NORMAL,61,12,10,0,TRUE,2025
SAMSUNG_2020_PLY_000593_EPIC,PLY_000593,2,LIVE_EPIC,75,18,10,0,TRUE,2020
SAMSUNG_2024_PLY_000593_AS,PLY_000593,3,ALLSTAR,81,24,10,10,TRUE,2024
SAMSUNG_2022_PLY_000593_AS,PLY_000593,3,ALLSTAR,81,24,10,10,TRUE,2022
SAMSUNG_2023_PLY_000593_AS,PLY_000593,3,ALLSTAR,83,24,10,10,TRUE,2023
SAMSUNG_2014_PLY_000594_LN,PLY_000594,1,LIVE_NORMAL,55,12,10,0,TRUE,2014
SAMSUNG_2013_PLY_000594_LN,PLY_000594,1,LIVE_NORMAL,59,12,10,0,TRUE,2013
SAMSUNG_2003_PLY_000595_SIG,PLY_000595,6,SIGNATURE,93,40,10,10,FALSE,2003
SAMSUNG_2002_PLY_000595_AS,PLY_000595,3,ALLSTAR,76,24,10,10,TRUE,2002
SAMSUNG_1999_PLY_000595_EPIC,PLY_000595,2,LIVE_EPIC,65,18,10,0,TRUE,1999
SAMSUNG_2001_PLY_000595_LN,PLY_000595,1,LIVE_NORMAL,67,12,10,0,TRUE,2001
SAMSUNG_2000_PLY_000595_LN,PLY_000595,1,LIVE_NORMAL,56,12,10,0,TRUE,2000
SAMSUNG_2002_PLY_000595_LN,PLY_000595,1,LIVE_NORMAL,63,12,10,0,TRUE,2002
SAMSUNG_2001_PLY_000595_EPIC,PLY_000595,2,LIVE_EPIC,75,18,10,0,TRUE,2001
SAMSUNG_2003_PLY_000595_EPIC,PLY_000595,2,LIVE_EPIC,67,18,10,0,TRUE,2003
SAMSUNG_2001_PLY_000595_AS,PLY_000595,3,ALLSTAR,76,24,10,10,TRUE,2001
SAMSUNG_2019_PLY_000596_EPIC,PLY_000596,2,LIVE_EPIC,72,18,10,0,TRUE,2019
SAMSUNG_2019_PLY_000596_LN,PLY_000596,1,LIVE_NORMAL,62,12,10,0,TRUE,2019
SAMSUNG_2016_PLY_000596_EPIC,PLY_000596,2,LIVE_EPIC,67,18,10,0,TRUE,2016
SAMSUNG_2016_PLY_000596_AS,PLY_000596,3,ALLSTAR,77,24,10,10,TRUE,2016
SAMSUNG_2017_PLY_000596_EPIC,PLY_000596,2,LIVE_EPIC,76,18,10,0,TRUE,2017
SAMSUNG_2018_PLY_000596_LN,PLY_000596,1,LIVE_NORMAL,58,12,10,0,TRUE,2018
SAMSUNG_2013_PLY_000597_SIG,PLY_000597,6,SIGNATURE,89,40,10,10,FALSE,2013
SAMSUNG_2014_PLY_000597_LN,PLY_000597,1,LIVE_NORMAL,63,12,10,0,TRUE,2014
SAMSUNG_2010_PLY_000597_SIG,PLY_000597,6,SIGNATURE,88,40,10,10,FALSE,2010
SAMSUNG_2006_PLY_000597_TH,PLY_000597,4,TITLE_HOLDER,80,30,10,10,FALSE,2006
SAMSUNG_2008_PLY_000597_LN,PLY_000597,1,LIVE_NORMAL,67,12,10,0,TRUE,2008
SAMSUNG_2014_PLY_000597_EPIC,PLY_000597,2,LIVE_EPIC,76,18,10,0,TRUE,2014
SAMSUNG_2001_PLY_000597_SIG,PLY_000597,6,SIGNATURE,90,40,10,10,FALSE,2001
SAMSUNG_2007_PLY_000597_LN,PLY_000597,1,LIVE_NORMAL,61,12,10,0,TRUE,2007
SAMSUNG_2003_PLY_000597_LN,PLY_000597,1,LIVE_NORMAL,63,12,10,0,TRUE,2003
SAMSUNG_2002_PLY_000597_TH,PLY_000597,4,TITLE_HOLDER,84,30,10,10,FALSE,2002
SAMSUNG_2002_PLY_000597_LN,PLY_000597,1,LIVE_NORMAL,62,12,10,0,TRUE,2002
SAMSUNG_2026_PLY_000598_LN,PLY_000598,1,LIVE_NORMAL,68,12,10,0,TRUE,2026
SAMSUNG_2025_PLY_000598_LN,PLY_000598,1,LIVE_NORMAL,64,12,10,0,TRUE,2025
SAMSUNG_2016_PLY_000598_EPIC,PLY_000598,2,LIVE_EPIC,69,18,10,0,TRUE,2016
SAMSUNG_2007_PLY_000599_EPIC,PLY_000599,2,LIVE_EPIC,75,18,10,0,TRUE,2007
SAMSUNG_2006_PLY_000599_AS,PLY_000599,3,ALLSTAR,81,24,10,10,TRUE,2006
SAMSUNG_2006_PLY_000599_EPIC,PLY_000599,2,LIVE_EPIC,71,18,10,0,TRUE,2006
SAMSUNG_2008_PLY_000599_LN,PLY_000599,1,LIVE_NORMAL,67,12,10,0,TRUE,2008
SAMSUNG_2007_PLY_000599_AS,PLY_000599,3,ALLSTAR,79,24,10,10,TRUE,2007
SAMSUNG_2005_PLY_000599_TH,PLY_000599,4,TITLE_HOLDER,85,30,10,10,FALSE,2005
SAMSUNG_2005_PLY_000599_LN,PLY_000599,1,LIVE_NORMAL,60,12,10,0,TRUE,2005
SAMSUNG_2001_PLY_000599_AS,PLY_000599,3,ALLSTAR,77,24,10,10,TRUE,2001
SAMSUNG_2008_PLY_000599_GG,PLY_000599,7,GOLDEN_GLOVE,90,35,10,10,FALSE,2008
SAMSUNG_1998_PLY_000599_EPIC,PLY_000599,2,LIVE_EPIC,75,18,10,0,TRUE,1998
SAMSUNG_2005_PLY_000600_EPIC,PLY_000600,2,LIVE_EPIC,69,18,10,0,TRUE,2005
SAMSUNG_2008_PLY_000600_LN,PLY_000600,1,LIVE_NORMAL,61,12,10,0,TRUE,2008
SAMSUNG_2010_PLY_000600_LN,PLY_000600,1,LIVE_NORMAL,61,12,10,0,TRUE,2010
SAMSUNG_2009_PLY_000600_AS,PLY_000600,3,ALLSTAR,82,24,10,10,TRUE,2009
SAMSUNG_2012_PLY_000600_LN,PLY_000600,1,LIVE_NORMAL,55,12,10,0,TRUE,2012
SAMSUNG_2018_PLY_000601_AS,PLY_000601,3,ALLSTAR,80,24,10,10,TRUE,2018
SAMSUNG_2024_PLY_000601_SIG,PLY_000601,6,SIGNATURE,87,40,10,10,FALSE,2024
SAMSUNG_2023_PLY_000601_EPIC,PLY_000601,2,LIVE_EPIC,69,18,10,0,TRUE,2023
SAMSUNG_2022_PLY_000601_LN,PLY_000601,1,LIVE_NORMAL,66,12,10,0,TRUE,2022
SAMSUNG_2016_PLY_000601_LN,PLY_000601,1,LIVE_NORMAL,66,12,10,0,TRUE,2016
SAMSUNG_2019_PLY_000601_LN,PLY_000601,1,LIVE_NORMAL,68,12,10,0,TRUE,2019
SAMSUNG_2016_PLY_000601_TH,PLY_000601,4,TITLE_HOLDER,85,30,10,10,FALSE,2016
SAMSUNG_2023_PLY_000602_LN,PLY_000602,1,LIVE_NORMAL,63,12,10,0,TRUE,2023
SAMSUNG_2021_PLY_000602_LN,PLY_000602,1,LIVE_NORMAL,57,12,10,0,TRUE,2021
SAMSUNG_2020_PLY_000602_EPIC,PLY_000602,2,LIVE_EPIC,74,18,10,0,TRUE,2020
SAMSUNG_2018_PLY_000602_LN,PLY_000602,1,LIVE_NORMAL,63,12,10,0,TRUE,2018
SAMSUNG_2024_PLY_000602_LN,PLY_000602,1,LIVE_NORMAL,55,12,10,0,TRUE,2024
SAMSUNG_2017_PLY_000602_LN,PLY_000602,1,LIVE_NORMAL,61,12,10,0,TRUE,2017
SAMSUNG_2018_PLY_000603_LN,PLY_000603,1,LIVE_NORMAL,65,12,10,0,TRUE,2018
SAMSUNG_2019_PLY_000603_AS,PLY_000603,3,ALLSTAR,76,24,10,10,TRUE,2019
SAMSUNG_2020_PLY_000603_AS,PLY_000603,3,ALLSTAR,78,24,10,10,TRUE,2020
SAMSUNG_2018_PLY_000603_EPIC,PLY_000603,2,LIVE_EPIC,68,18,10,0,TRUE,2018
SAMSUNG_2017_PLY_000603_LN,PLY_000603,1,LIVE_NORMAL,66,12,10,0,TRUE,2017
SAMSUNG_2020_PLY_000603_EPIC,PLY_000603,2,LIVE_EPIC,69,18,10,0,TRUE,2020
SAMSUNG_2017_PLY_000603_EPIC,PLY_000603,2,LIVE_EPIC,69,18,10,0,TRUE,2017
SAMSUNG_1991_PLY_000604_LN,PLY_000604,1,LIVE_NORMAL,66,12,10,0,TRUE,1991
SAMSUNG_1992_PLY_000604_EPIC,PLY_000604,2,LIVE_EPIC,71,18,10,0,TRUE,1992
SAMSUNG_1995_PLY_000604_LN,PLY_000604,1,LIVE_NORMAL,55,12,10,0,TRUE,1995
SAMSUNG_1992_PLY_000604_LN,PLY_000604,1,LIVE_NORMAL,59,12,10,0,TRUE,1992
SAMSUNG_2009_PLY_000605_LN,PLY_000605,1,LIVE_NORMAL,64,12,10,0,TRUE,2009
SAMSUNG_2018_PLY_000605_LN,PLY_000605,1,LIVE_NORMAL,67,12,10,0,TRUE,2018
SAMSUNG_2009_PLY_000605_EPIC,PLY_000605,2,LIVE_EPIC,74,18,10,0,TRUE,2009
SAMSUNG_1998_PLY_000606_SIG,PLY_000606,6,SIGNATURE,93,40,10,10,FALSE,1998
SAMSUNG_1996_PLY_000606_LN,PLY_000606,1,LIVE_NORMAL,67,12,10,0,TRUE,1996
SAMSUNG_1995_PLY_000606_LN,PLY_000606,1,LIVE_NORMAL,63,12,10,0,TRUE,1995
SAMSUNG_1997_PLY_000606_EPIC,PLY_000606,2,LIVE_EPIC,76,18,10,0,TRUE,1997
SAMSUNG_1996_PLY_000606_EPIC,PLY_000606,2,LIVE_EPIC,73,18,10,0,TRUE,1996
SAMSUNG_1997_PLY_000606_LN,PLY_000606,1,LIVE_NORMAL,56,12,10,0,TRUE,1997
SAMSUNG_1998_PLY_000606_GG,PLY_000606,7,GOLDEN_GLOVE,84,35,10,10,FALSE,1998
SAMSUNG_1998_PLY_000606_AS,PLY_000606,3,ALLSTAR,74,24,10,10,TRUE,1998
SAMSUNG_2000_PLY_000607_AS,PLY_000607,3,ALLSTAR,74,24,10,10,TRUE,2000
SAMSUNG_1997_PLY_000607_EPIC,PLY_000607,2,LIVE_EPIC,73,18,10,0,TRUE,1997
SAMSUNG_1994_PLY_000607_EPIC,PLY_000607,2,LIVE_EPIC,74,18,10,0,TRUE,1994
SAMSUNG_1993_PLY_000607_AS,PLY_000607,3,ALLSTAR,75,24,10,10,TRUE,1993
SAMSUNG_1999_PLY_000607_AS,PLY_000607,3,ALLSTAR,76,24,10,10,TRUE,1999
SAMSUNG_1992_PLY_000607_AS,PLY_000607,3,ALLSTAR,76,24,10,10,TRUE,1992
SAMSUNG_2008_PLY_000608_LN,PLY_000608,1,LIVE_NORMAL,61,12,10,0,TRUE,2008
SAMSUNG_2005_PLY_000609_EPIC,PLY_000609,2,LIVE_EPIC,74,18,10,0,TRUE,2005
SAMSUNG_1998_PLY_000609_LN,PLY_000609,1,LIVE_NORMAL,68,12,10,0,TRUE,1998
SAMSUNG_1997_PLY_000609_EPIC,PLY_000609,2,LIVE_EPIC,69,18,10,0,TRUE,1997
SAMSUNG_2003_PLY_000609_LN,PLY_000609,1,LIVE_NORMAL,56,12,10,0,TRUE,2003
SAMSUNG_2009_PLY_000609_EPIC,PLY_000609,2,LIVE_EPIC,70,18,10,0,TRUE,2009
SAMSUNG_1995_PLY_000609_AS,PLY_000609,3,ALLSTAR,74,24,10,10,TRUE,1995
SAMSUNG_2001_PLY_000609_AS,PLY_000609,3,ALLSTAR,78,24,10,10,TRUE,2001
SAMSUNG_2006_PLY_000609_LN,PLY_000609,1,LIVE_NORMAL,62,12,10,0,TRUE,2006
SAMSUNG_1995_PLY_000610_AS,PLY_000610,3,ALLSTAR,82,24,10,10,TRUE,1995
SAMSUNG_1995_PLY_000610_LN,PLY_000610,1,LIVE_NORMAL,62,12,10,0,TRUE,1995
SAMSUNG_2000_PLY_000610_AS,PLY_000610,3,ALLSTAR,80,24,10,10,TRUE,2000
SAMSUNG_1993_PLY_000610_EPIC,PLY_000610,2,LIVE_EPIC,66,18,10,0,TRUE,1993
SAMSUNG_1990_PLY_000610_EPIC,PLY_000610,2,LIVE_EPIC,66,18,10,0,TRUE,1990
SAMSUNG_1992_PLY_000610_AS,PLY_000610,3,ALLSTAR,74,24,10,10,TRUE,1992
SAMSUNG_2009_PLY_000611_LN,PLY_000611,1,LIVE_NORMAL,64,12,10,0,TRUE,2009
SAMSUNG_2007_PLY_000611_LN,PLY_000611,1,LIVE_NORMAL,60,12,10,0,TRUE,2007
SAMSUNG_2006_PLY_000611_LN,PLY_000611,1,LIVE_NORMAL,60,12,10,0,TRUE,2006
SAMSUNG_2002_PLY_000611_LN,PLY_000611,1,LIVE_NORMAL,56,12,10,0,TRUE,2002
SAMSUNG_1994_PLY_000611_EPIC,PLY_000611,2,LIVE_EPIC,67,18,10,0,TRUE,1994
SAMSUNG_1996_PLY_000611_LN,PLY_000611,1,LIVE_NORMAL,61,12,10,0,TRUE,1996
SAMSUNG_1993_PLY_000611_GG,PLY_000611,7,GOLDEN_GLOVE,87,35,10,10,FALSE,1993
SAMSUNG_2001_PLY_000611_SIG,PLY_000611,6,SIGNATURE,89,40,10,10,FALSE,2001
SAMSUNG_2020_PLY_000612_EPIC,PLY_000612,2,LIVE_EPIC,73,18,10,0,TRUE,2020
SAMSUNG_2019_PLY_000612_LN,PLY_000612,1,LIVE_NORMAL,66,12,10,0,TRUE,2019
SAMSUNG_2017_PLY_000612_EPIC,PLY_000612,2,LIVE_EPIC,71,18,10,0,TRUE,2017
SAMSUNG_2015_PLY_000612_LN,PLY_000612,1,LIVE_NORMAL,57,12,10,0,TRUE,2015
SAMSUNG_2018_PLY_000612_LN,PLY_000612,1,LIVE_NORMAL,67,12,10,0,TRUE,2018
SAMSUNG_2018_PLY_000612_AS,PLY_000612,3,ALLSTAR,80,24,10,10,TRUE,2018
SAMSUNG_2010_PLY_000613_SIG,PLY_000613,6,SIGNATURE,90,40,10,10,FALSE,2010
SAMSUNG_2011_PLY_000613_AS,PLY_000613,3,ALLSTAR,80,24,10,10,TRUE,2011
SAMSUNG_2007_PLY_000613_EPIC,PLY_000613,2,LIVE_EPIC,76,18,10,0,TRUE,2007
SAMSUNG_2007_PLY_000613_LN,PLY_000613,1,LIVE_NORMAL,62,12,10,0,TRUE,2007
SAMSUNG_2001_PLY_000613_EPIC,PLY_000613,2,LIVE_EPIC,70,18,10,0,TRUE,2001
SAMSUNG_2020_PLY_000614_EPIC,PLY_000614,2,LIVE_EPIC,66,18,10,0,TRUE,2020
SAMSUNG_2017_PLY_000614_LN,PLY_000614,1,LIVE_NORMAL,67,12,10,0,TRUE,2017
SAMSUNG_2019_PLY_000614_EPIC,PLY_000614,2,LIVE_EPIC,69,18,10,0,TRUE,2019
SAMSUNG_2015_PLY_000614_TH,PLY_000614,4,TITLE_HOLDER,85,30,10,10,FALSE,2015
SAMSUNG_2018_PLY_000615_LN,PLY_000615,1,LIVE_NORMAL,61,12,10,0,TRUE,2018
SAMSUNG_2014_PLY_000615_EPIC,PLY_000615,2,LIVE_EPIC,72,18,10,0,TRUE,2014
SAMSUNG_2022_PLY_000615_TH,PLY_000615,4,TITLE_HOLDER,84,30,10,10,FALSE,2022
SAMSUNG_2011_PLY_000615_AS,PLY_000615,3,ALLSTAR,75,24,10,10,TRUE,2011
SAMSUNG_2016_PLY_000615_LN,PLY_000615,1,LIVE_NORMAL,56,12,10,0,TRUE,2016
SAMSUNG_2017_PLY_000615_SIG,PLY_000615,6,SIGNATURE,91,40,10,10,FALSE,2017
SAMSUNG_2015_PLY_000615_AS,PLY_000615,3,ALLSTAR,74,24,10,10,TRUE,2015
SAMSUNG_2022_PLY_000616_EPIC,PLY_000616,2,LIVE_EPIC,74,18,10,0,TRUE,2022
SAMSUNG_2025_PLY_000616_AS,PLY_000616,3,ALLSTAR,80,24,10,10,TRUE,2025
SAMSUNG_2024_PLY_000616_LN,PLY_000616,1,LIVE_NORMAL,60,12,10,0,TRUE,2024
SAMSUNG_2025_PLY_000616_LN,PLY_000616,1,LIVE_NORMAL,60,12,10,0,TRUE,2025
SAMSUNG_2024_PLY_000616_EPIC,PLY_000616,2,LIVE_EPIC,74,18,10,0,TRUE,2024
SAMSUNG_2021_PLY_000616_EPIC,PLY_000616,2,LIVE_EPIC,67,18,10,0,TRUE,2021
SAMSUNG_2022_PLY_000616_LN,PLY_000616,1,LIVE_NORMAL,65,12,10,0,TRUE,2022
SAMSUNG_2007_PLY_000617_AS,PLY_000617,3,ALLSTAR,78,24,10,10,TRUE,2007
SAMSUNG_2014_PLY_000617_LN,PLY_000617,1,LIVE_NORMAL,64,12,10,0,TRUE,2014
SAMSUNG_2009_PLY_000617_LN,PLY_000617,1,LIVE_NORMAL,65,12,10,0,TRUE,2009
SAMSUNG_2003_PLY_000617_LN,PLY_000617,1,LIVE_NORMAL,61,12,10,0,TRUE,2003
SAMSUNG_2014_PLY_000617_AS,PLY_000617,3,ALLSTAR,78,24,10,10,TRUE,2014
SAMSUNG_2004_PLY_000617_EPIC,PLY_000617,2,LIVE_EPIC,66,18,10,0,TRUE,2004
SAMSUNG_2007_PLY_000617_EPIC,PLY_000617,2,LIVE_EPIC,69,18,10,0,TRUE,2007
SAMSUNG_2003_PLY_000618_LN,PLY_000618,1,LIVE_NORMAL,56,12,10,0,TRUE,2003
SAMSUNG_1998_PLY_000618_AS,PLY_000618,3,ALLSTAR,76,24,10,10,TRUE,1998
SAMSUNG_2008_PLY_000618_LN,PLY_000618,1,LIVE_NORMAL,59,12,10,0,TRUE,2008
SAMSUNG_2010_PLY_000618_AS,PLY_000618,3,ALLSTAR,81,24,10,10,TRUE,2010
SAMSUNG_2005_PLY_000618_LN,PLY_000618,1,LIVE_NORMAL,60,12,10,0,TRUE,2005
SAMSUNG_2001_PLY_000618_LN,PLY_000618,1,LIVE_NORMAL,65,12,10,0,TRUE,2001
SAMSUNG_2005_PLY_000618_EPIC,PLY_000618,2,LIVE_EPIC,70,18,10,0,TRUE,2005
SAMSUNG_2004_PLY_000618_LN,PLY_000618,1,LIVE_NORMAL,58,12,10,0,TRUE,2004
SAMSUNG_2010_PLY_000618_LN,PLY_000618,1,LIVE_NORMAL,68,12,10,0,TRUE,2010
SAMSUNG_1997_PLY_000618_LN,PLY_000618,1,LIVE_NORMAL,64,12,10,0,TRUE,1997
SAMSUNG_2008_PLY_000619_LN,PLY_000619,1,LIVE_NORMAL,63,12,10,0,TRUE,2008
SAMSUNG_2007_PLY_000619_EPIC,PLY_000619,2,LIVE_EPIC,66,18,10,0,TRUE,2007
SAMSUNG_2011_PLY_000619_LN,PLY_000619,1,LIVE_NORMAL,67,12,10,0,TRUE,2011
SAMSUNG_2010_PLY_000619_LN,PLY_000619,1,LIVE_NORMAL,61,12,10,0,TRUE,2010
SAMSUNG_2015_PLY_000619_AS,PLY_000619,3,ALLSTAR,78,24,10,10,TRUE,2015
SAMSUNG_2009_PLY_000619_GG,PLY_000619,7,GOLDEN_GLOVE,86,35,10,10,FALSE,2009
SAMSUNG_2014_PLY_000619_LN,PLY_000619,1,LIVE_NORMAL,58,12,10,0,TRUE,2014
SAMSUNG_2015_PLY_000619_GG,PLY_000619,7,GOLDEN_GLOVE,89,35,10,10,FALSE,2015
SAMSUNG_2007_PLY_000619_LN,PLY_000619,1,LIVE_NORMAL,66,12,10,0,TRUE,2007
SAMSUNG_2006_PLY_000620_EPIC,PLY_000620,2,LIVE_EPIC,76,18,10,0,TRUE,2006
SAMSUNG_2012_PLY_000620_EPIC,PLY_000620,2,LIVE_EPIC,71,18,10,0,TRUE,2012
SAMSUNG_2011_PLY_000620_LN,PLY_000620,1,LIVE_NORMAL,60,12,10,0,TRUE,2011
SAMSUNG_2005_PLY_000620_LN,PLY_000620,1,LIVE_NORMAL,59,12,10,0,TRUE,2005
SAMSUNG_2010_PLY_000620_AS,PLY_000620,3,ALLSTAR,77,24,10,10,TRUE,2010
SAMSUNG_2011_PLY_000620_EPIC,PLY_000620,2,LIVE_EPIC,69,18,10,0,TRUE,2011
SAMSUNG_2008_PLY_000620_LN,PLY_000620,1,LIVE_NORMAL,62,12,10,0,TRUE,2008
SAMSUNG_2014_PLY_000620_LN,PLY_000620,1,LIVE_NORMAL,68,12,10,0,TRUE,2014
SAMSUNG_2001_PLY_000620_LN,PLY_000620,1,LIVE_NORMAL,59,12,10,0,TRUE,2001
SAMSUNG_2017_PLY_000621_AS,PLY_000621,3,ALLSTAR,77,24,10,10,TRUE,2017
SAMSUNG_2018_PLY_000621_AS,PLY_000621,3,ALLSTAR,77,24,10,10,TRUE,2018
SAMSUNG_2015_PLY_000621_EPIC,PLY_000621,2,LIVE_EPIC,71,18,10,0,TRUE,2015
SAMSUNG_2017_PLY_000621_LN,PLY_000621,1,LIVE_NORMAL,58,12,10,0,TRUE,2017
SAMSUNG_2016_PLY_000621_LN,PLY_000621,1,LIVE_NORMAL,68,12,10,0,TRUE,2016
SAMSUNG_2018_PLY_000621_TH,PLY_000621,4,TITLE_HOLDER,83,30,10,10,FALSE,2018
SAMSUNG_2015_PLY_000621_LN,PLY_000621,1,LIVE_NORMAL,62,12,10,0,TRUE,2015
SAMSUNG_2017_PLY_000621_EPIC,PLY_000621,2,LIVE_EPIC,74,18,10,0,TRUE,2017
SAMSUNG_2016_PLY_000621_EPIC,PLY_000621,2,LIVE_EPIC,67,18,10,0,TRUE,2016
SAMSUNG_2015_PLY_000621_TH,PLY_000621,4,TITLE_HOLDER,84,30,10,10,FALSE,2015
SAMSUNG_2016_PLY_000621_TH,PLY_000621,4,TITLE_HOLDER,83,30,10,10,FALSE,2016
SAMSUNG_2013_PLY_000622_LN,PLY_000622,1,LIVE_NORMAL,64,12,10,0,TRUE,2013
SAMSUNG_2017_PLY_000622_EPIC,PLY_000622,2,LIVE_EPIC,75,18,10,0,TRUE,2017
SAMSUNG_2018_PLY_000623_GG,PLY_000623,7,GOLDEN_GLOVE,85,35,10,10,FALSE,2018
SAMSUNG_2023_PLY_000623_AS,PLY_000623,3,ALLSTAR,76,24,10,10,TRUE,2023
SAMSUNG_2025_PLY_000623_SIG,PLY_000623,6,SIGNATURE,92,40,10,10,FALSE,2025
SAMSUNG_2025_PLY_000623_GG,PLY_000623,7,GOLDEN_GLOVE,86,35,10,10,FALSE,2025
SAMSUNG_2021_PLY_000623_AS,PLY_000623,3,ALLSTAR,78,24,10,10,TRUE,2021
SAMSUNG_2023_PLY_000623_EPIC,PLY_000623,2,LIVE_EPIC,74,18,10,0,TRUE,2023
SAMSUNG_2008_PLY_000623_EPIC,PLY_000623,2,LIVE_EPIC,71,18,10,0,TRUE,2008
SAMSUNG_2024_PLY_000623_EPIC,PLY_000623,2,LIVE_EPIC,65,18,10,0,TRUE,2024
SAMSUNG_2019_PLY_000623_EPIC,PLY_000623,2,LIVE_EPIC,75,18,10,0,TRUE,2019
SAMSUNG_2021_PLY_000623_LN,PLY_000623,1,LIVE_NORMAL,55,12,10,0,TRUE,2021
SAMSUNG_2017_PLY_000623_LN,PLY_000623,1,LIVE_NORMAL,61,12,10,0,TRUE,2017
SAMSUNG_2014_PLY_000623_LN,PLY_000623,1,LIVE_NORMAL,59,12,10,0,TRUE,2014
SAMSUNG_2015_PLY_000624_EPIC,PLY_000624,2,LIVE_EPIC,69,18,10,0,TRUE,2015
SAMSUNG_2021_PLY_000624_LN,PLY_000624,1,LIVE_NORMAL,66,12,10,0,TRUE,2021
SAMSUNG_2022_PLY_000624_TH,PLY_000624,4,TITLE_HOLDER,84,30,10,10,FALSE,2022
SAMSUNG_2017_PLY_000624_AS,PLY_000624,3,ALLSTAR,82,24,10,10,TRUE,2017
SAMSUNG_2018_PLY_000624_EPIC,PLY_000624,2,LIVE_EPIC,74,18,10,0,TRUE,2018
SAMSUNG_2022_PLY_000624_LN,PLY_000624,1,LIVE_NORMAL,59,12,10,0,TRUE,2022
SAMSUNG_2024_PLY_000624_LN,PLY_000624,1,LIVE_NORMAL,61,12,10,0,TRUE,2024
SAMSUNG_2016_PLY_000624_AS,PLY_000624,3,ALLSTAR,75,24,10,10,TRUE,2016
SAMSUNG_2007_PLY_000625_LN,PLY_000625,1,LIVE_NORMAL,63,12,10,0,TRUE,2007
SAMSUNG_2004_PLY_000625_GG,PLY_000625,7,GOLDEN_GLOVE,89,35,10,10,FALSE,2004
SAMSUNG_2006_PLY_000625_TH,PLY_000625,4,TITLE_HOLDER,84,30,10,10,FALSE,2006
SAMSUNG_2007_PLY_000625_TH,PLY_000625,4,TITLE_HOLDER,82,30,10,10,FALSE,2007
SAMSUNG_2005_PLY_000625_LN,PLY_000625,1,LIVE_NORMAL,62,12,10,0,TRUE,2005
SAMSUNG_2009_PLY_000625_LN,PLY_000625,1,LIVE_NORMAL,62,12,10,0,TRUE,2009
SAMSUNG_2006_PLY_000625_EPIC,PLY_000625,2,LIVE_EPIC,73,18,10,0,TRUE,2006
SAMSUNG_2007_PLY_000625_AS,PLY_000625,3,ALLSTAR,80,24,10,10,TRUE,2007
SAMSUNG_2005_PLY_000625_TH,PLY_000625,4,TITLE_HOLDER,84,30,10,10,FALSE,2005
SAMSUNG_2006_PLY_000625_AS,PLY_000625,3,ALLSTAR,82,24,10,10,TRUE,2006
SAMSUNG_2004_PLY_000626_LN,PLY_000626,1,LIVE_NORMAL,56,12,10,0,TRUE,2004
SAMSUNG_2006_PLY_000626_EPIC,PLY_000626,2,LIVE_EPIC,76,18,10,0,TRUE,2006
SAMSUNG_1993_PLY_000626_TH,PLY_000626,4,TITLE_HOLDER,85,30,10,10,FALSE,1993
SAMSUNG_2001_PLY_000626_SIG,PLY_000626,6,SIGNATURE,91,40,10,10,FALSE,2001
SAMSUNG_2001_PLY_000626_TH,PLY_000626,4,TITLE_HOLDER,81,30,10,10,FALSE,2001
SAMSUNG_2008_PLY_000627_EPIC,PLY_000627,2,LIVE_EPIC,73,18,10,0,TRUE,2008
SAMSUNG_2008_PLY_000627_AS,PLY_000627,3,ALLSTAR,80,24,10,10,TRUE,2008
SAMSUNG_2010_PLY_000627_LN,PLY_000627,1,LIVE_NORMAL,60,12,10,0,TRUE,2010
SAMSUNG_2011_PLY_000627_EPIC,PLY_000627,2,LIVE_EPIC,71,18,10,0,TRUE,2011
SAMSUNG_2008_PLY_000627_LN,PLY_000627,1,LIVE_NORMAL,62,12,10,0,TRUE,2008
SAMSUNG_2008_PLY_000627_TH,PLY_000627,4,TITLE_HOLDER,84,30,10,10,FALSE,2008
SAMSUNG_2008_PLY_000627_GG,PLY_000627,7,GOLDEN_GLOVE,86,35,10,10,FALSE,2008
SAMSUNG_2010_PLY_000627_EPIC,PLY_000627,2,LIVE_EPIC,74,18,10,0,TRUE,2010
SAMSUNG_1986_PLY_000628_EPIC,PLY_000628,2,LIVE_EPIC,73,18,10,0,TRUE,1986
SAMSUNG_1990_PLY_000628_TH,PLY_000628,4,TITLE_HOLDER,82,30,10,10,FALSE,1990
SAMSUNG_1986_PLY_000628_TH,PLY_000628,4,TITLE_HOLDER,86,30,10,10,FALSE,1986
SAMSUNG_1986_PLY_000628_LN,PLY_000628,1,LIVE_NORMAL,56,12,10,0,TRUE,1986
SAMSUNG_1989_PLY_000628_LN,PLY_000628,1,LIVE_NORMAL,59,12,10,0,TRUE,1989
SAMSUNG_1988_PLY_000628_EPIC,PLY_000628,2,LIVE_EPIC,65,18,10,0,TRUE,1988
SAMSUNG_1988_PLY_000628_LN,PLY_000628,1,LIVE_NORMAL,61,12,10,0,TRUE,1988
SAMSUNG_2009_PLY_000629_LN,PLY_000629,1,LIVE_NORMAL,61,12,10,0,TRUE,2009
SAMSUNG_2019_PLY_000629_SIG,PLY_000629,6,SIGNATURE,92,40,10,10,FALSE,2019
SAMSUNG_2018_PLY_000630_LN,PLY_000630,1,LIVE_NORMAL,59,12,10,0,TRUE,2018
SAMSUNG_2010_PLY_000630_LN,PLY_000630,1,LIVE_NORMAL,60,12,10,0,TRUE,2010
SAMSUNG_2017_PLY_000630_AS,PLY_000630,3,ALLSTAR,76,24,10,10,TRUE,2017
SAMSUNG_2015_PLY_000630_EPIC,PLY_000630,2,LIVE_EPIC,72,18,10,0,TRUE,2015
SAMSUNG_2010_PLY_000631_EPIC,PLY_000631,2,LIVE_EPIC,76,18,10,0,TRUE,2010
SAMSUNG_2011_PLY_000631_LN,PLY_000631,1,LIVE_NORMAL,58,12,10,0,TRUE,2011
SAMSUNG_2013_PLY_000631_AS,PLY_000631,3,ALLSTAR,83,24,10,10,TRUE,2013
SAMSUNG_2005_PLY_000631_GG,PLY_000631,7,GOLDEN_GLOVE,89,35,10,10,FALSE,2005
SAMSUNG_2006_PLY_000631_GG,PLY_000631,7,GOLDEN_GLOVE,83,35,10,10,FALSE,2006
SAMSUNG_2014_PLY_000631_EPIC,PLY_000631,2,LIVE_EPIC,70,18,10,0,TRUE,2014
SAMSUNG_2013_PLY_000631_LN,PLY_000631,1,LIVE_NORMAL,55,12,10,0,TRUE,2013
SAMSUNG_2005_PLY_000631_LN,PLY_000631,1,LIVE_NORMAL,55,12,10,0,TRUE,2005
SAMSUNG_2002_PLY_000631_EPIC,PLY_000631,2,LIVE_EPIC,70,18,10,0,TRUE,2002
SAMSUNG_2007_PLY_000631_AS,PLY_000631,3,ALLSTAR,75,24,10,10,TRUE,2007
SAMSUNG_2025_PLY_000632_EPIC,PLY_000632,2,LIVE_EPIC,76,18,10,0,TRUE,2025
SAMSUNG_2022_PLY_000632_LN,PLY_000632,1,LIVE_NORMAL,65,12,10,0,TRUE,2022
SAMSUNG_2005_PLY_000633_EPIC,PLY_000633,2,LIVE_EPIC,72,18,10,0,TRUE,2005
SAMSUNG_2007_PLY_000633_LN,PLY_000633,1,LIVE_NORMAL,62,12,10,0,TRUE,2007
SAMSUNG_2015_PLY_000634_EPIC,PLY_000634,2,LIVE_EPIC,74,18,10,0,TRUE,2015
SAMSUNG_2018_PLY_000634_AS,PLY_000634,3,ALLSTAR,76,24,10,10,TRUE,2018
SAMSUNG_2022_PLY_000634_LN,PLY_000634,1,LIVE_NORMAL,67,12,10,0,TRUE,2022
SAMSUNG_2017_PLY_000634_EPIC,PLY_000634,2,LIVE_EPIC,68,18,10,0,TRUE,2017
SAMSUNG_2026_PLY_000634_LN,PLY_000634,1,LIVE_NORMAL,66,12,10,0,TRUE,2026
SAMSUNG_2014_PLY_000634_LN,PLY_000634,1,LIVE_NORMAL,58,12,10,0,TRUE,2014
SAMSUNG_2021_PLY_000634_EPIC,PLY_000634,2,LIVE_EPIC,69,18,10,0,TRUE,2021
SAMSUNG_2019_PLY_000634_LN,PLY_000634,1,LIVE_NORMAL,61,12,10,0,TRUE,2019
SAMSUNG_2016_PLY_000634_LN,PLY_000634,1,LIVE_NORMAL,61,12,10,0,TRUE,2016
SAMSUNG_2024_PLY_000634_LN,PLY_000634,1,LIVE_NORMAL,68,12,10,0,TRUE,2024
SAMSUNG_2009_PLY_000635_LN,PLY_000635,1,LIVE_NORMAL,58,12,10,0,TRUE,2009
SAMSUNG_2008_PLY_000635_AS,PLY_000635,3,ALLSTAR,83,24,10,10,TRUE,2008
SAMSUNG_1997_PLY_000636_AS,PLY_000636,3,ALLSTAR,81,24,10,10,TRUE,1997
SAMSUNG_2000_PLY_000636_AS,PLY_000636,3,ALLSTAR,75,24,10,10,TRUE,2000
SAMSUNG_1998_PLY_000636_AS,PLY_000636,3,ALLSTAR,77,24,10,10,TRUE,1998
SAMSUNG_1999_PLY_000636_LN,PLY_000636,1,LIVE_NORMAL,60,12,10,0,TRUE,1999
SAMSUNG_2004_PLY_000637_TH,PLY_000637,4,TITLE_HOLDER,81,30,10,10,FALSE,2004
SAMSUNG_2000_PLY_000637_LN,PLY_000637,1,LIVE_NORMAL,65,12,10,0,TRUE,2000
SAMSUNG_2000_PLY_000637_SIG,PLY_000637,6,SIGNATURE,90,40,10,10,FALSE,2000
SAMSUNG_2003_PLY_000637_GG,PLY_000637,7,GOLDEN_GLOVE,90,35,10,10,FALSE,2003
SAMSUNG_2001_PLY_000637_GG,PLY_000637,7,GOLDEN_GLOVE,85,35,10,10,FALSE,2001
SAMSUNG_2000_PLY_000637_GG,PLY_000637,7,GOLDEN_GLOVE,90,35,10,10,FALSE,2000
SAMSUNG_1999_PLY_000637_LN,PLY_000637,1,LIVE_NORMAL,67,12,10,0,TRUE,1999
SAMSUNG_2004_PLY_000637_EPIC,PLY_000637,2,LIVE_EPIC,70,18,10,0,TRUE,2004
SAMSUNG_2000_PLY_000637_EPIC,PLY_000637,2,LIVE_EPIC,76,18,10,0,TRUE,2000
SAMSUNG_2003_PLY_000638_EPIC,PLY_000638,2,LIVE_EPIC,70,18,10,0,TRUE,2003
SAMSUNG_2000_PLY_000638_AS,PLY_000638,3,ALLSTAR,74,24,10,10,TRUE,2000
SAMSUNG_1992_PLY_000638_EPIC,PLY_000638,2,LIVE_EPIC,72,18,10,0,TRUE,1992
SAMSUNG_1995_PLY_000639_LN,PLY_000639,1,LIVE_NORMAL,55,12,10,0,TRUE,1995
SAMSUNG_1997_PLY_000639_SIG,PLY_000639,6,SIGNATURE,87,40,10,10,FALSE,1997
SAMSUNG_1998_PLY_000639_AS,PLY_000639,3,ALLSTAR,78,24,10,10,TRUE,1998
SAMSUNG_2002_PLY_000639_EPIC,PLY_000639,2,LIVE_EPIC,70,18,10,0,TRUE,2002
SAMSUNG_2018_PLY_000640_AS,PLY_000640,3,ALLSTAR,74,24,10,10,TRUE,2018
SAMSUNG_2023_PLY_000640_AS,PLY_000640,3,ALLSTAR,78,24,10,10,TRUE,2023
SAMSUNG_2018_PLY_000640_EPIC,PLY_000640,2,LIVE_EPIC,70,18,10,0,TRUE,2018
SAMSUNG_2022_PLY_000640_EPIC,PLY_000640,2,LIVE_EPIC,71,18,10,0,TRUE,2022
SAMSUNG_2022_PLY_000640_AS,PLY_000640,3,ALLSTAR,79,24,10,10,TRUE,2022
SAMSUNG_1991_PLY_000641_TH,PLY_000641,4,TITLE_HOLDER,80,30,10,10,FALSE,1991
SAMSUNG_2002_PLY_000641_AS,PLY_000641,3,ALLSTAR,80,24,10,10,TRUE,2002
SAMSUNG_1989_PLY_000641_EPIC,PLY_000641,2,LIVE_EPIC,70,18,10,0,TRUE,1989
SAMSUNG_1989_PLY_000641_LN,PLY_000641,1,LIVE_NORMAL,66,12,10,0,TRUE,1989
SAMSUNG_1995_PLY_000641_AS,PLY_000641,3,ALLSTAR,81,24,10,10,TRUE,1995
SAMSUNG_1993_PLY_000641_LN,PLY_000641,1,LIVE_NORMAL,61,12,10,0,TRUE,1993
SAMSUNG_1999_PLY_000641_EPIC,PLY_000641,2,LIVE_EPIC,66,18,10,0,TRUE,1999
SAMSUNG_1997_PLY_000641_EPIC,PLY_000641,2,LIVE_EPIC,75,18,10,0,TRUE,1997
SAMSUNG_2008_PLY_000642_LN,PLY_000642,1,LIVE_NORMAL,63,12,10,0,TRUE,2008
SAMSUNG_2004_PLY_000642_TH,PLY_000642,4,TITLE_HOLDER,86,30,10,10,FALSE,2004
SAMSUNG_2010_PLY_000642_LN,PLY_000642,1,LIVE_NORMAL,67,12,10,0,TRUE,2010
SAMSUNG_2014_PLY_000642_TH,PLY_000642,4,TITLE_HOLDER,84,30,10,10,FALSE,2014
SAMSUNG_2014_PLY_000642_AS,PLY_000642,3,ALLSTAR,80,24,10,10,TRUE,2014
SAMSUNG_2012_PLY_000642_LN,PLY_000642,1,LIVE_NORMAL,62,12,10,0,TRUE,2012
SAMSUNG_2005_PLY_000642_EPIC,PLY_000642,2,LIVE_EPIC,76,18,10,0,TRUE,2005
SAMSUNG_2003_PLY_000642_LN,PLY_000642,1,LIVE_NORMAL,56,12,10,0,TRUE,2003
SAMSUNG_2014_PLY_000642_LN,PLY_000642,1,LIVE_NORMAL,64,12,10,0,TRUE,2014
SAMSUNG_2010_PLY_000642_TH,PLY_000642,4,TITLE_HOLDER,80,30,10,10,FALSE,2010
SAMSUNG_2002_PLY_000642_LN,PLY_000642,1,LIVE_NORMAL,59,12,10,0,TRUE,2002
SAMSUNG_2026_PLY_000643_LN,PLY_000643,1,LIVE_NORMAL,55,12,10,0,TRUE,2026
SAMSUNG_2018_PLY_000643_LN,PLY_000643,1,LIVE_NORMAL,58,12,10,0,TRUE,2018
SAMSUNG_2025_PLY_000643_AS,PLY_000643,3,ALLSTAR,79,24,10,10,TRUE,2025
SAMSUNG_2024_PLY_000643_AS,PLY_000643,3,ALLSTAR,82,24,10,10,TRUE,2024
SAMSUNG_2018_PLY_000643_EPIC,PLY_000643,2,LIVE_EPIC,75,18,10,0,TRUE,2018
SAMSUNG_2024_PLY_000643_TH,PLY_000643,4,TITLE_HOLDER,85,30,10,10,FALSE,2024
SAMSUNG_2025_PLY_000643_LN,PLY_000643,1,LIVE_NORMAL,61,12,10,0,TRUE,2025
SAMSUNG_2007_PLY_000644_GG,PLY_000644,7,GOLDEN_GLOVE,84,35,10,10,FALSE,2007
SAMSUNG_2003_PLY_000644_LN,PLY_000644,1,LIVE_NORMAL,55,12,10,0,TRUE,2003
SAMSUNG_1999_PLY_000644_EPIC,PLY_000644,2,LIVE_EPIC,70,18,10,0,TRUE,1999
SAMSUNG_2011_PLY_000644_LN,PLY_000644,1,LIVE_NORMAL,66,12,10,0,TRUE,2011
SAMSUNG_2009_PLY_000644_TH,PLY_000644,4,TITLE_HOLDER,86,30,10,10,FALSE,2009
SAMSUNG_2026_PLY_000645_EPIC,PLY_000645,2,LIVE_EPIC,76,18,10,0,TRUE,2026
SAMSUNG_2022_PLY_000645_LN,PLY_000645,1,LIVE_NORMAL,60,12,10,0,TRUE,2022
SAMSUNG_2023_PLY_000645_TH,PLY_000645,4,TITLE_HOLDER,83,30,10,10,FALSE,2023
SAMSUNG_2021_PLY_000645_LN,PLY_000645,1,LIVE_NORMAL,57,12,10,0,TRUE,2021
SAMSUNG_2023_PLY_000645_AS,PLY_000645,3,ALLSTAR,74,24,10,10,TRUE,2023
SAMSUNG_2026_PLY_000645_LN,PLY_000645,1,LIVE_NORMAL,59,12,10,0,TRUE,2026
SAMSUNG_2022_PLY_000645_AS,PLY_000645,3,ALLSTAR,79,24,10,10,TRUE,2022
SAMSUNG_2024_PLY_000645_LN,PLY_000645,1,LIVE_NORMAL,68,12,10,0,TRUE,2024
SAMSUNG_2023_PLY_000645_LN,PLY_000645,1,LIVE_NORMAL,68,12,10,0,TRUE,2023
SAMSUNG_2017_PLY_000646_LN,PLY_000646,1,LIVE_NORMAL,55,12,10,0,TRUE,2017
SAMSUNG_2016_PLY_000646_LN,PLY_000646,1,LIVE_NORMAL,67,12,10,0,TRUE,2016
SAMSUNG_2014_PLY_000646_LN,PLY_000646,1,LIVE_NORMAL,67,12,10,0,TRUE,2014
SAMSUNG_2017_PLY_000646_EPIC,PLY_000646,2,LIVE_EPIC,66,18,10,0,TRUE,2017
SAMSUNG_2016_PLY_000646_EPIC,PLY_000646,2,LIVE_EPIC,73,18,10,0,TRUE,2016
SAMSUNG_2015_PLY_000646_EPIC,PLY_000646,2,LIVE_EPIC,66,18,10,0,TRUE,2015
SAMSUNG_2015_PLY_000646_AS,PLY_000646,3,ALLSTAR,75,24,10,10,TRUE,2015
SAMSUNG_2015_PLY_000646_LN,PLY_000646,1,LIVE_NORMAL,61,12,10,0,TRUE,2015
SAMSUNG_1992_PLY_000647_GG,PLY_000647,7,GOLDEN_GLOVE,85,35,10,10,FALSE,1992
SAMSUNG_1995_PLY_000647_AS,PLY_000647,3,ALLSTAR,76,24,10,10,TRUE,1995
SAMSUNG_2005_PLY_000647_AS,PLY_000647,3,ALLSTAR,82,24,10,10,TRUE,2005
SAMSUNG_1990_PLY_000647_EPIC,PLY_000647,2,LIVE_EPIC,73,18,10,0,TRUE,1990
SAMSUNG_1992_PLY_000647_SIG,PLY_000647,6,SIGNATURE,87,40,10,10,FALSE,1992
SAMSUNG_2022_PLY_000648_EPIC,PLY_000648,2,LIVE_EPIC,73,18,10,0,TRUE,2022
SAMSUNG_2024_PLY_000648_LN,PLY_000648,1,LIVE_NORMAL,57,12,10,0,TRUE,2024
SAMSUNG_2024_PLY_000648_EPIC,PLY_000648,2,LIVE_EPIC,69,18,10,0,TRUE,2024
SAMSUNG_2023_PLY_000648_LN,PLY_000648,1,LIVE_NORMAL,60,12,10,0,TRUE,2023
SAMSUNG_2025_PLY_000648_LN,PLY_000648,1,LIVE_NORMAL,65,12,10,0,TRUE,2025
SAMSUNG_2021_PLY_000649_EPIC,PLY_000649,2,LIVE_EPIC,66,18,10,0,TRUE,2021
SAMSUNG_2019_PLY_000649_LN,PLY_000649,1,LIVE_NORMAL,57,12,10,0,TRUE,2019
SAMSUNG_2023_PLY_000649_LN,PLY_000649,1,LIVE_NORMAL,57,12,10,0,TRUE,2023
SAMSUNG_2021_PLY_000649_TH,PLY_000649,4,TITLE_HOLDER,87,30,10,10,FALSE,2021
SAMSUNG_2024_PLY_000649_AS,PLY_000649,3,ALLSTAR,79,24,10,10,TRUE,2024
SAMSUNG_2020_PLY_000649_LN,PLY_000649,1,LIVE_NORMAL,56,12,10,0,TRUE,2020
SAMSUNG_2012_PLY_000650_LN,PLY_000650,1,LIVE_NORMAL,63,12,10,0,TRUE,2012
SAMSUNG_2023_PLY_000650_EPIC,PLY_000650,2,LIVE_EPIC,71,18,10,0,TRUE,2023
SAMSUNG_2020_PLY_000650_LN,PLY_000650,1,LIVE_NORMAL,59,12,10,0,TRUE,2020
SAMSUNG_2020_PLY_000650_SIG,PLY_000650,6,SIGNATURE,87,40,10,10,FALSE,2020
SAMSUNG_2018_PLY_000650_LN,PLY_000650,1,LIVE_NORMAL,68,12,10,0,TRUE,2018
SAMSUNG_1994_PLY_000651_EPIC,PLY_000651,2,LIVE_EPIC,75,18,10,0,TRUE,1994
SAMSUNG_1991_PLY_000651_LN,PLY_000651,1,LIVE_NORMAL,66,12,10,0,TRUE,1991
SAMSUNG_2001_PLY_000651_EPIC,PLY_000651,2,LIVE_EPIC,76,18,10,0,TRUE,2001
SAMSUNG_1998_PLY_000651_AS,PLY_000651,3,ALLSTAR,76,24,10,10,TRUE,1998
SAMSUNG_2001_PLY_000651_TH,PLY_000651,4,TITLE_HOLDER,87,30,10,10,FALSE,2001
SAMSUNG_1992_PLY_000651_LN,PLY_000651,1,LIVE_NORMAL,58,12,10,0,TRUE,1992
SAMSUNG_2006_PLY_000652_LN,PLY_000652,1,LIVE_NORMAL,67,12,10,0,TRUE,2006
SAMSUNG_2008_PLY_000652_TH,PLY_000652,4,TITLE_HOLDER,80,30,10,10,FALSE,2008
SAMSUNG_2010_PLY_000652_LN,PLY_000652,1,LIVE_NORMAL,66,12,10,0,TRUE,2010
SAMSUNG_2011_PLY_000652_LN,PLY_000652,1,LIVE_NORMAL,67,12,10,0,TRUE,2011
SAMSUNG_2007_PLY_000652_LN,PLY_000652,1,LIVE_NORMAL,67,12,10,0,TRUE,2007
SAMSUNG_1997_PLY_000653_TH,PLY_000653,4,TITLE_HOLDER,85,30,10,10,FALSE,1997
SAMSUNG_1991_PLY_000653_EPIC,PLY_000653,2,LIVE_EPIC,65,18,10,0,TRUE,1991
SAMSUNG_1998_PLY_000653_LN,PLY_000653,1,LIVE_NORMAL,65,12,10,0,TRUE,1998
SAMSUNG_1999_PLY_000653_EPIC,PLY_000653,2,LIVE_EPIC,71,18,10,0,TRUE,1999
SAMSUNG_1997_PLY_000653_GG,PLY_000653,7,GOLDEN_GLOVE,85,35,10,10,FALSE,1997
SAMSUNG_2015_PLY_000654_EPIC,PLY_000654,2,LIVE_EPIC,66,18,10,0,TRUE,2015
SAMSUNG_2022_PLY_000654_LN,PLY_000654,1,LIVE_NORMAL,63,12,10,0,TRUE,2022
SAMSUNG_2018_PLY_000654_AS,PLY_000654,3,ALLSTAR,78,24,10,10,TRUE,2018
SAMSUNG_2012_PLY_000655_LN,PLY_000655,1,LIVE_NORMAL,63,12,10,0,TRUE,2012
SAMSUNG_2009_PLY_000655_LN,PLY_000655,1,LIVE_NORMAL,65,12,10,0,TRUE,2009
SAMSUNG_2004_PLY_000655_TH,PLY_000655,4,TITLE_HOLDER,80,30,10,10,FALSE,2004
SAMSUNG_2011_PLY_000655_LN,PLY_000655,1,LIVE_NORMAL,65,12,10,0,TRUE,2011
SAMSUNG_2004_PLY_000655_LN,PLY_000655,1,LIVE_NORMAL,55,12,10,0,TRUE,2004
SAMSUNG_2013_PLY_000656_LN,PLY_000656,1,LIVE_NORMAL,64,12,10,0,TRUE,2013
SAMSUNG_2008_PLY_000656_EPIC,PLY_000656,2,LIVE_EPIC,72,18,10,0,TRUE,2008
SAMSUNG_2001_PLY_000656_AS,PLY_000656,3,ALLSTAR,76,24,10,10,TRUE,2001
SAMSUNG_1996_PLY_000656_SIG,PLY_000656,6,SIGNATURE,89,40,10,10,FALSE,1996
SAMSUNG_2000_PLY_000656_AS,PLY_000656,3,ALLSTAR,77,24,10,10,TRUE,2000
SAMSUNG_2003_PLY_000656_AS,PLY_000656,3,ALLSTAR,75,24,10,10,TRUE,2003
SAMSUNG_2003_PLY_000656_EPIC,PLY_000656,2,LIVE_EPIC,68,18,10,0,TRUE,2003
SAMSUNG_2010_PLY_000656_LN,PLY_000656,1,LIVE_NORMAL,57,12,10,0,TRUE,2010
SAMSUNG_2002_PLY_000656_EPIC,PLY_000656,2,LIVE_EPIC,76,18,10,0,TRUE,2002
SAMSUNG_2005_PLY_000656_TH,PLY_000656,4,TITLE_HOLDER,80,30,10,10,FALSE,2005
SAMSUNG_2025_PLY_000657_LN,PLY_000657,1,LIVE_NORMAL,62,12,10,0,TRUE,2025
SAMSUNG_2011_PLY_000657_LN,PLY_000657,1,LIVE_NORMAL,66,12,10,0,TRUE,2011
SAMSUNG_2016_PLY_000657_LN,PLY_000657,1,LIVE_NORMAL,60,12,10,0,TRUE,2016
SAMSUNG_2021_PLY_000657_TH,PLY_000657,4,TITLE_HOLDER,84,30,10,10,FALSE,2021
SAMSUNG_2011_PLY_000657_EPIC,PLY_000657,2,LIVE_EPIC,69,18,10,0,TRUE,2011
SAMSUNG_2013_PLY_000657_EPIC,PLY_000657,2,LIVE_EPIC,66,18,10,0,TRUE,2013
SAMSUNG_2017_PLY_000657_SIG,PLY_000657,6,SIGNATURE,88,40,10,10,FALSE,2017
SAMSUNG_2022_PLY_000658_LN,PLY_000658,1,LIVE_NORMAL,68,12,10,0,TRUE,2022
SAMSUNG_2024_PLY_000658_LN,PLY_000658,1,LIVE_NORMAL,56,12,10,0,TRUE,2024
SAMSUNG_2022_PLY_000658_EPIC,PLY_000658,2,LIVE_EPIC,74,18,10,0,TRUE,2022
SAMSUNG_2012_PLY_000658_TH,PLY_000658,4,TITLE_HOLDER,87,30,10,10,FALSE,2012
SAMSUNG_2023_PLY_000659_EPIC,PLY_000659,2,LIVE_EPIC,75,18,10,0,TRUE,2023
SAMSUNG_2024_PLY_000659_AS,PLY_000659,3,ALLSTAR,76,24,10,10,TRUE,2024
SAMSUNG_2020_PLY_000659_TH,PLY_000659,4,TITLE_HOLDER,80,30,10,10,FALSE,2020
SAMSUNG_2026_PLY_000659_TH,PLY_000659,4,TITLE_HOLDER,84,30,10,10,FALSE,2026
SAMSUNG_2021_PLY_000659_SIG,PLY_000659,6,SIGNATURE,93,40,10,10,FALSE,2021
SAMSUNG_2025_PLY_000659_EPIC,PLY_000659,2,LIVE_EPIC,68,18,10,0,TRUE,2025
SAMSUNG_2025_PLY_000659_LN,PLY_000659,1,LIVE_NORMAL,65,12,10,0,TRUE,2025
SAMSUNG_2002_PLY_000660_EPIC,PLY_000660,2,LIVE_EPIC,75,18,10,0,TRUE,2002
SAMSUNG_2005_PLY_000660_LN,PLY_000660,1,LIVE_NORMAL,57,12,10,0,TRUE,2005
SAMSUNG_2021_PLY_000661_EPIC,PLY_000661,2,LIVE_EPIC,75,18,10,0,TRUE,2021
SAMSUNG_2024_PLY_000661_GG,PLY_000661,7,GOLDEN_GLOVE,88,35,10,10,FALSE,2024
SAMSUNG_2022_PLY_000661_AS,PLY_000661,3,ALLSTAR,82,24,10,10,TRUE,2022
SAMSUNG_2024_PLY_000661_LN,PLY_000661,1,LIVE_NORMAL,65,12,10,0,TRUE,2024
SAMSUNG_2025_PLY_000661_LN,PLY_000661,1,LIVE_NORMAL,65,12,10,0,TRUE,2025
SAMSUNG_2021_PLY_000661_LN,PLY_000661,1,LIVE_NORMAL,63,12,10,0,TRUE,2021
SAMSUNG_2023_PLY_000661_AS,PLY_000661,3,ALLSTAR,75,24,10,10,TRUE,2023
SAMSUNG_2022_PLY_000661_GG,PLY_000661,7,GOLDEN_GLOVE,85,35,10,10,FALSE,2022
SAMSUNG_2024_PLY_000661_AS,PLY_000661,3,ALLSTAR,79,24,10,10,TRUE,2024
SAMSUNG_2020_PLY_000662_LN,PLY_000662,1,LIVE_NORMAL,64,12,10,0,TRUE,2020
SAMSUNG_2016_PLY_000662_EPIC,PLY_000662,2,LIVE_EPIC,70,18,10,0,TRUE,2016
SAMSUNG_2018_PLY_000662_TH,PLY_000662,4,TITLE_HOLDER,87,30,10,10,FALSE,2018
SAMSUNG_2022_PLY_000662_AS,PLY_000662,3,ALLSTAR,81,24,10,10,TRUE,2022
SAMSUNG_2017_PLY_000662_LN,PLY_000662,1,LIVE_NORMAL,65,12,10,0,TRUE,2017
SAMSUNG_2015_PLY_000662_LN,PLY_000662,1,LIVE_NORMAL,64,12,10,0,TRUE,2015
SAMSUNG_2016_PLY_000662_AS,PLY_000662,3,ALLSTAR,81,24,10,10,TRUE,2016
SAMSUNG_1998_PLY_000663_LN,PLY_000663,1,LIVE_NORMAL,56,12,10,0,TRUE,1998
SAMSUNG_1994_PLY_000663_EPIC,PLY_000663,2,LIVE_EPIC,68,18,10,0,TRUE,1994
SAMSUNG_2009_PLY_000663_GG,PLY_000663,7,GOLDEN_GLOVE,89,35,10,10,FALSE,2009
SAMSUNG_2013_PLY_000663_EPIC,PLY_000663,2,LIVE_EPIC,73,18,10,0,TRUE,2013
SAMSUNG_1999_PLY_000663_LN,PLY_000663,1,LIVE_NORMAL,56,12,10,0,TRUE,1999
SAMSUNG_2004_PLY_000663_AS,PLY_000663,3,ALLSTAR,80,24,10,10,TRUE,2004
SAMSUNG_1996_PLY_000663_AS,PLY_000663,3,ALLSTAR,82,24,10,10,TRUE,1996
SAMSUNG_2002_PLY_000663_TH,PLY_000663,4,TITLE_HOLDER,83,30,10,10,FALSE,2002
SAMSUNG_2006_PLY_000663_LN,PLY_000663,1,LIVE_NORMAL,68,12,10,0,TRUE,2006
SAMSUNG_2005_PLY_000664_LN,PLY_000664,1,LIVE_NORMAL,62,12,10,0,TRUE,2005
SAMSUNG_2003_PLY_000664_AS,PLY_000664,3,ALLSTAR,83,24,10,10,TRUE,2003
SAMSUNG_2006_PLY_000664_LN,PLY_000664,1,LIVE_NORMAL,59,12,10,0,TRUE,2006
SAMSUNG_2003_PLY_000664_LN,PLY_000664,1,LIVE_NORMAL,63,12,10,0,TRUE,2003
SAMSUNG_2020_PLY_000665_LN,PLY_000665,1,LIVE_NORMAL,64,12,10,0,TRUE,2020
SAMSUNG_2025_PLY_000665_TH,PLY_000665,4,TITLE_HOLDER,86,30,10,10,FALSE,2025
SAMSUNG_1993_PLY_000666_EPIC,PLY_000666,2,LIVE_EPIC,66,18,10,0,TRUE,1993
SAMSUNG_1992_PLY_000666_LN,PLY_000666,1,LIVE_NORMAL,66,12,10,0,TRUE,1992
SAMSUNG_1989_PLY_000666_AS,PLY_000666,3,ALLSTAR,79,24,10,10,TRUE,1989
SAMSUNG_1989_PLY_000666_LN,PLY_000666,1,LIVE_NORMAL,59,12,10,0,TRUE,1989
SAMSUNG_1988_PLY_000666_LN,PLY_000666,1,LIVE_NORMAL,59,12,10,0,TRUE,1988
SAMSUNG_1992_PLY_000666_TH,PLY_000666,4,TITLE_HOLDER,82,30,10,10,FALSE,1992
SAMSUNG_1992_PLY_000666_EPIC,PLY_000666,2,LIVE_EPIC,68,18,10,0,TRUE,1992
SAMSUNG_1993_PLY_000666_LN,PLY_000666,1,LIVE_NORMAL,60,12,10,0,TRUE,1993
SAMSUNG_2010_PLY_000667_EPIC,PLY_000667,2,LIVE_EPIC,72,18,10,0,TRUE,2010
SAMSUNG_2007_PLY_000667_EPIC,PLY_000667,2,LIVE_EPIC,74,18,10,0,TRUE,2007
SAMSUNG_2012_PLY_000667_EPIC,PLY_000667,2,LIVE_EPIC,70,18,10,0,TRUE,2012
SAMSUNG_2008_PLY_000667_EPIC,PLY_000667,2,LIVE_EPIC,68,18,10,0,TRUE,2008
SAMSUNG_2006_PLY_000667_LN,PLY_000667,1,LIVE_NORMAL,57,12,10,0,TRUE,2006
SAMSUNG_2006_PLY_000668_AS,PLY_000668,3,ALLSTAR,82,24,10,10,TRUE,2006
SAMSUNG_2024_PLY_000668_LN,PLY_000668,1,LIVE_NORMAL,67,12,10,0,TRUE,2024
SAMSUNG_2020_PLY_000668_EPIC,PLY_000668,2,LIVE_EPIC,69,18,10,0,TRUE,2020
SAMSUNG_2010_PLY_000668_LN,PLY_000668,1,LIVE_NORMAL,59,12,10,0,TRUE,2010
SAMSUNG_2005_PLY_000668_AS,PLY_000668,3,ALLSTAR,74,24,10,10,TRUE,2005
SAMSUNG_2023_PLY_000668_EPIC,PLY_000668,2,LIVE_EPIC,69,18,10,0,TRUE,2023
SAMSUNG_2017_PLY_000668_LN,PLY_000668,1,LIVE_NORMAL,58,12,10,0,TRUE,2017
SAMSUNG_2016_PLY_000669_LN,PLY_000669,1,LIVE_NORMAL,63,12,10,0,TRUE,2016
SAMSUNG_2012_PLY_000669_LN,PLY_000669,1,LIVE_NORMAL,66,12,10,0,TRUE,2012
SAMSUNG_2013_PLY_000669_EPIC,PLY_000669,2,LIVE_EPIC,69,18,10,0,TRUE,2013
SAMSUNG_2012_PLY_000669_GG,PLY_000669,7,GOLDEN_GLOVE,83,35,10,10,FALSE,2012
SAMSUNG_2017_PLY_000669_LN,PLY_000669,1,LIVE_NORMAL,58,12,10,0,TRUE,2017
SAMSUNG_2012_PLY_000669_EPIC,PLY_000669,2,LIVE_EPIC,73,18,10,0,TRUE,2012
SAMSUNG_2016_PLY_000669_GG,PLY_000669,7,GOLDEN_GLOVE,90,35,10,10,FALSE,2016
SAMSUNG_2017_PLY_000669_EPIC,PLY_000669,2,LIVE_EPIC,65,18,10,0,TRUE,2017
SAMSUNG_2013_PLY_000669_TH,PLY_000669,4,TITLE_HOLDER,83,30,10,10,FALSE,2013
SAMSUNG_2015_PLY_000669_LN,PLY_000669,1,LIVE_NORMAL,57,12,10,0,TRUE,2015
SAMSUNG_2022_PLY_000670_SIG,PLY_000670,6,SIGNATURE,90,40,10,10,FALSE,2022
SAMSUNG_2021_PLY_000670_LN,PLY_000670,1,LIVE_NORMAL,66,12,10,0,TRUE,2021
SAMSUNG_2018_PLY_000670_AS,PLY_000670,3,ALLSTAR,74,24,10,10,TRUE,2018
SAMSUNG_2020_PLY_000670_LN,PLY_000670,1,LIVE_NORMAL,66,12,10,0,TRUE,2020
SAMSUNG_2024_PLY_000670_EPIC,PLY_000670,2,LIVE_EPIC,74,18,10,0,TRUE,2024
SAMSUNG_2024_PLY_000670_LN,PLY_000670,1,LIVE_NORMAL,57,12,10,0,TRUE,2024
SAMSUNG_2025_PLY_000670_LN,PLY_000670,1,LIVE_NORMAL,65,12,10,0,TRUE,2025
SAMSUNG_2019_PLY_000670_AS,PLY_000670,3,ALLSTAR,81,24,10,10,TRUE,2019
SAMSUNG_2023_PLY_000670_SIG,PLY_000670,6,SIGNATURE,88,40,10,10,FALSE,2023
SAMSUNG_1998_PLY_000671_EPIC,PLY_000671,2,LIVE_EPIC,76,18,10,0,TRUE,1998
SAMSUNG_1999_PLY_000671_GG,PLY_000671,7,GOLDEN_GLOVE,85,35,10,10,FALSE,1999
SAMSUNG_2001_PLY_000672_EPIC,PLY_000672,2,LIVE_EPIC,68,18,10,0,TRUE,2001
SAMSUNG_2002_PLY_000672_EPIC,PLY_000672,2,LIVE_EPIC,75,18,10,0,TRUE,2002
SAMSUNG_2002_PLY_000672_AS,PLY_000672,3,ALLSTAR,81,24,10,10,TRUE,2002
SAMSUNG_2003_PLY_000672_LN,PLY_000672,1,LIVE_NORMAL,59,12,10,0,TRUE,2003
SAMSUNG_2000_PLY_000672_LN,PLY_000672,1,LIVE_NORMAL,58,12,10,0,TRUE,2000
SAMSUNG_2003_PLY_000672_EPIC,PLY_000672,2,LIVE_EPIC,75,18,10,0,TRUE,2003
SAMSUNG_1999_PLY_000672_LN,PLY_000672,1,LIVE_NORMAL,64,12,10,0,TRUE,1999
SAMSUNG_2019_PLY_000673_LN,PLY_000673,1,LIVE_NORMAL,56,12,10,0,TRUE,2019
SAMSUNG_2016_PLY_000673_LN,PLY_000673,1,LIVE_NORMAL,58,12,10,0,TRUE,2016
SAMSUNG_2016_PLY_000673_TH,PLY_000673,4,TITLE_HOLDER,81,30,10,10,FALSE,2016
SAMSUNG_2018_PLY_000673_EPIC,PLY_000673,2,LIVE_EPIC,74,18,10,0,TRUE,2018
SAMSUNG_2018_PLY_000673_TH,PLY_000673,4,TITLE_HOLDER,80,30,10,10,FALSE,2018
SAMSUNG_2014_PLY_000673_EPIC,PLY_000673,2,LIVE_EPIC,70,18,10,0,TRUE,2014
SAMSUNG_2019_PLY_000674_AS,PLY_000674,3,ALLSTAR,81,24,10,10,TRUE,2019
SAMSUNG_2025_PLY_000674_LN,PLY_000674,1,LIVE_NORMAL,60,12,10,0,TRUE,2025
SAMSUNG_2024_PLY_000674_LN,PLY_000674,1,LIVE_NORMAL,55,12,10,0,TRUE,2024
SAMSUNG_1997_PLY_000675_EPIC,PLY_000675,2,LIVE_EPIC,65,18,10,0,TRUE,1997
SAMSUNG_2006_PLY_000675_TH,PLY_000675,4,TITLE_HOLDER,83,30,10,10,FALSE,2006
SAMSUNG_1990_PLY_000675_LN,PLY_000675,1,LIVE_NORMAL,67,12,10,0,TRUE,1990
SAMSUNG_1995_PLY_000675_AS,PLY_000675,3,ALLSTAR,74,24,10,10,TRUE,1995
SAMSUNG_2002_PLY_000676_TH,PLY_000676,4,TITLE_HOLDER,87,30,10,10,FALSE,2002
SAMSUNG_2007_PLY_000676_AS,PLY_000676,3,ALLSTAR,80,24,10,10,TRUE,2007
SAMSUNG_2009_PLY_000676_SIG,PLY_000676,6,SIGNATURE,91,40,10,10,FALSE,2009
SAMSUNG_2005_PLY_000676_LN,PLY_000676,1,LIVE_NORMAL,61,12,10,0,TRUE,2005
SAMSUNG_2009_PLY_000676_LN,PLY_000676,1,LIVE_NORMAL,63,12,10,0,TRUE,2009
SAMSUNG_2011_PLY_000676_EPIC,PLY_000676,2,LIVE_EPIC,72,18,10,0,TRUE,2011
SAMSUNG_2012_PLY_000676_TH,PLY_000676,4,TITLE_HOLDER,87,30,10,10,FALSE,2012
SAMSUNG_2012_PLY_000676_LN,PLY_000676,1,LIVE_NORMAL,61,12,10,0,TRUE,2012
SAMSUNG_2018_PLY_000677_EPIC,PLY_000677,2,LIVE_EPIC,73,18,10,0,TRUE,2018
SAMSUNG_2020_PLY_000677_AS,PLY_000677,3,ALLSTAR,79,24,10,10,TRUE,2020
SAMSUNG_2004_PLY_000678_EPIC,PLY_000678,2,LIVE_EPIC,75,18,10,0,TRUE,2004
SAMSUNG_2004_PLY_000678_LN,PLY_000678,1,LIVE_NORMAL,64,12,10,0,TRUE,2004
SAMSUNG_2008_PLY_000678_LN,PLY_000678,1,LIVE_NORMAL,61,12,10,0,TRUE,2008
SAMSUNG_2011_PLY_000678_EPIC,PLY_000678,2,LIVE_EPIC,69,18,10,0,TRUE,2011
SAMSUNG_1992_PLY_000679_LN,PLY_000679,1,LIVE_NORMAL,57,12,10,0,TRUE,1992
SAMSUNG_2002_PLY_000679_TH,PLY_000679,4,TITLE_HOLDER,86,30,10,10,FALSE,2002
SAMSUNG_1999_PLY_000679_EPIC,PLY_000679,2,LIVE_EPIC,65,18,10,0,TRUE,1999
SAMSUNG_2007_PLY_000679_TH,PLY_000679,4,TITLE_HOLDER,82,30,10,10,FALSE,2007
SAMSUNG_2003_PLY_000679_TH,PLY_000679,4,TITLE_HOLDER,85,30,10,10,FALSE,2003
SAMSUNG_2023_PLY_000680_EPIC,PLY_000680,2,LIVE_EPIC,76,18,10,0,TRUE,2023
SAMSUNG_2016_PLY_000680_LN,PLY_000680,1,LIVE_NORMAL,67,12,10,0,TRUE,2016
SAMSUNG_2005_PLY_000680_EPIC,PLY_000680,2,LIVE_EPIC,65,18,10,0,TRUE,2005
SAMSUNG_2015_PLY_000680_AS,PLY_000680,3,ALLSTAR,80,24,10,10,TRUE,2015
SAMSUNG_2012_PLY_000680_AS,PLY_000680,3,ALLSTAR,81,24,10,10,TRUE,2012
SAMSUNG_2009_PLY_000680_GG,PLY_000680,7,GOLDEN_GLOVE,90,35,10,10,FALSE,2009
SAMSUNG_2021_PLY_000681_TH,PLY_000681,4,TITLE_HOLDER,86,30,10,10,FALSE,2021
SAMSUNG_2018_PLY_000681_LN,PLY_000681,1,LIVE_NORMAL,63,12,10,0,TRUE,2018
SAMSUNG_2014_PLY_000681_EPIC,PLY_000681,2,LIVE_EPIC,67,18,10,0,TRUE,2014
SAMSUNG_2022_PLY_000681_LN,PLY_000681,1,LIVE_NORMAL,65,12,10,0,TRUE,2022
SAMSUNG_2016_PLY_000681_LN,PLY_000681,1,LIVE_NORMAL,56,12,10,0,TRUE,2016
SAMSUNG_2020_PLY_000682_LN,PLY_000682,1,LIVE_NORMAL,57,12,10,0,TRUE,2020
SAMSUNG_2016_PLY_000682_EPIC,PLY_000682,2,LIVE_EPIC,72,18,10,0,TRUE,2016
SAMSUNG_2023_PLY_000682_LN,PLY_000682,1,LIVE_NORMAL,68,12,10,0,TRUE,2023
SAMSUNG_2016_PLY_000682_LN,PLY_000682,1,LIVE_NORMAL,57,12,10,0,TRUE,2016
SAMSUNG_2019_PLY_000682_TH,PLY_000682,4,TITLE_HOLDER,81,30,10,10,FALSE,2019
SAMSUNG_2022_PLY_000682_SIG,PLY_000682,6,SIGNATURE,92,40,10,10,FALSE,2022
SAMSUNG_2017_PLY_000682_TH,PLY_000682,4,TITLE_HOLDER,87,30,10,10,FALSE,2017
SAMSUNG_2024_PLY_000682_LN,PLY_000682,1,LIVE_NORMAL,61,12,10,0,TRUE,2024
SAMSUNG_2023_PLY_000682_EPIC,PLY_000682,2,LIVE_EPIC,72,18,10,0,TRUE,2023
SAMSUNG_2020_PLY_000683_LN,PLY_000683,1,LIVE_NORMAL,65,12,10,0,TRUE,2020
SAMSUNG_2023_PLY_000683_EPIC,PLY_000683,2,LIVE_EPIC,69,18,10,0,TRUE,2023
SAMSUNG_1994_PLY_000684_EPIC,PLY_000684,2,LIVE_EPIC,74,18,10,0,TRUE,1994
SAMSUNG_1997_PLY_000684_LN,PLY_000684,1,LIVE_NORMAL,67,12,10,0,TRUE,1997
SAMSUNG_1993_PLY_000684_AS,PLY_000684,3,ALLSTAR,75,24,10,10,TRUE,1993
SAMSUNG_1995_PLY_000684_EPIC,PLY_000684,2,LIVE_EPIC,65,18,10,0,TRUE,1995
SAMSUNG_2014_PLY_000685_LN,PLY_000685,1,LIVE_NORMAL,55,12,10,0,TRUE,2014
SAMSUNG_2013_PLY_000685_AS,PLY_000685,3,ALLSTAR,76,24,10,10,TRUE,2013
SAMSUNG_2017_PLY_000685_GG,PLY_000685,7,GOLDEN_GLOVE,88,35,10,10,FALSE,2017
SAMSUNG_2016_PLY_000685_EPIC,PLY_000685,2,LIVE_EPIC,71,18,10,0,TRUE,2016
SAMSUNG_2018_PLY_000685_TH,PLY_000685,4,TITLE_HOLDER,87,30,10,10,FALSE,2018
SAMSUNG_2015_PLY_000685_GG,PLY_000685,7,GOLDEN_GLOVE,84,35,10,10,FALSE,2015
SAMSUNG_2015_PLY_000685_LN,PLY_000685,1,LIVE_NORMAL,65,12,10,0,TRUE,2015
SAMSUNG_2019_PLY_000685_LN,PLY_000685,1,LIVE_NORMAL,63,12,10,0,TRUE,2019
SAMSUNG_2012_PLY_000685_EPIC,PLY_000685,2,LIVE_EPIC,68,18,10,0,TRUE,2012
SAMSUNG_2013_PLY_000685_TH,PLY_000685,4,TITLE_HOLDER,81,30,10,10,FALSE,2013
SAMSUNG_2016_PLY_000685_TH,PLY_000685,4,TITLE_HOLDER,85,30,10,10,FALSE,2016
SAMSUNG_2018_PLY_000686_LN,PLY_000686,1,LIVE_NORMAL,57,12,10,0,TRUE,2018
SAMSUNG_2012_PLY_000686_SIG,PLY_000686,6,SIGNATURE,91,40,10,10,FALSE,2012
SAMSUNG_2016_PLY_000686_AS,PLY_000686,3,ALLSTAR,76,24,10,10,TRUE,2016
SAMSUNG_1995_PLY_000687_GG,PLY_000687,7,GOLDEN_GLOVE,90,35,10,10,FALSE,1995
SAMSUNG_1994_PLY_000687_LN,PLY_000687,1,LIVE_NORMAL,68,12,10,0,TRUE,1994
SAMSUNG_1997_PLY_000687_LN,PLY_000687,1,LIVE_NORMAL,59,12,10,0,TRUE,1997
SAMSUNG_1987_PLY_000688_LN,PLY_000688,1,LIVE_NORMAL,68,12,10,0,TRUE,1987
SAMSUNG_1990_PLY_000688_AS,PLY_000688,3,ALLSTAR,76,24,10,10,TRUE,1990
SAMSUNG_1991_PLY_000688_LN,PLY_000688,1,LIVE_NORMAL,67,12,10,0,TRUE,1991
SAMSUNG_2023_PLY_000689_AS,PLY_000689,3,ALLSTAR,81,24,10,10,TRUE,2023
SAMSUNG_2026_PLY_000689_EPIC,PLY_000689,2,LIVE_EPIC,71,18,10,0,TRUE,2026
SAMSUNG_2025_PLY_000689_EPIC,PLY_000689,2,LIVE_EPIC,74,18,10,0,TRUE,2025
SAMSUNG_2025_PLY_000689_LN,PLY_000689,1,LIVE_NORMAL,65,12,10,0,TRUE,2025
SAMSUNG_2024_PLY_000689_TH,PLY_000689,4,TITLE_HOLDER,84,30,10,10,FALSE,2024
SAMSUNG_2023_PLY_000689_LN,PLY_000689,1,LIVE_NORMAL,57,12,10,0,TRUE,2023
SAMSUNG_2024_PLY_000689_LN,PLY_000689,1,LIVE_NORMAL,59,12,10,0,TRUE,2024
SAMSUNG_2018_PLY_000690_EPIC,PLY_000690,2,LIVE_EPIC,73,18,10,0,TRUE,2018
SAMSUNG_2012_PLY_000690_AS,PLY_000690,3,ALLSTAR,79,24,10,10,TRUE,2012
SAMSUNG_2020_PLY_000690_EPIC,PLY_000690,2,LIVE_EPIC,72,18,10,0,TRUE,2020
SAMSUNG_2011_PLY_000690_EPIC,PLY_000690,2,LIVE_EPIC,75,18,10,0,TRUE,2011
SAMSUNG_2022_PLY_000690_EPIC,PLY_000690,2,LIVE_EPIC,69,18,10,0,TRUE,2022
SAMSUNG_2015_PLY_000690_LN,PLY_000690,1,LIVE_NORMAL,66,12,10,0,TRUE,2015
SAMSUNG_2016_PLY_000690_LN,PLY_000690,1,LIVE_NORMAL,57,12,10,0,TRUE,2016
SAMSUNG_2017_PLY_000690_GG,PLY_000690,7,GOLDEN_GLOVE,88,35,10,10,FALSE,2017
SAMSUNG_2018_PLY_000690_SIG,PLY_000690,6,SIGNATURE,89,40,10,10,FALSE,2018
SAMSUNG_1990_PLY_000691_GG,PLY_000691,7,GOLDEN_GLOVE,90,35,10,10,FALSE,1990
SAMSUNG_1992_PLY_000691_EPIC,PLY_000691,2,LIVE_EPIC,73,18,10,0,TRUE,1992
SAMSUNG_1997_PLY_000691_LN,PLY_000691,1,LIVE_NORMAL,57,12,10,0,TRUE,1997
SAMSUNG_1996_PLY_000691_AS,PLY_000691,3,ALLSTAR,77,24,10,10,TRUE,1996
SAMSUNG_1997_PLY_000691_SIG,PLY_000691,6,SIGNATURE,90,40,10,10,FALSE,1997
SAMSUNG_1995_PLY_000691_EPIC,PLY_000691,2,LIVE_EPIC,65,18,10,0,TRUE,1995
SAMSUNG_2013_PLY_000692_LN,PLY_000692,1,LIVE_NORMAL,55,12,10,0,TRUE,2013
SAMSUNG_2021_PLY_000692_EPIC,PLY_000692,2,LIVE_EPIC,70,18,10,0,TRUE,2021
SAMSUNG_2017_PLY_000692_GG,PLY_000692,7,GOLDEN_GLOVE,89,35,10,10,FALSE,2017
SAMSUNG_1989_PLY_000693_LN,PLY_000693,1,LIVE_NORMAL,66,12,10,0,TRUE,1989
SAMSUNG_1995_PLY_000693_LN,PLY_000693,1,LIVE_NORMAL,63,12,10,0,TRUE,1995
SAMSUNG_1994_PLY_000693_EPIC,PLY_000693,2,LIVE_EPIC,65,18,10,0,TRUE,1994
SAMSUNG_1994_PLY_000693_AS,PLY_000693,3,ALLSTAR,76,24,10,10,TRUE,1994
SAMSUNG_1987_PLY_000693_LN,PLY_000693,1,LIVE_NORMAL,55,12,10,0,TRUE,1987
SAMSUNG_1992_PLY_000693_LN,PLY_000693,1,LIVE_NORMAL,67,12,10,0,TRUE,1992
SAMSUNG_1988_PLY_000693_TH,PLY_000693,4,TITLE_HOLDER,83,30,10,10,FALSE,1988
SAMSUNG_1991_PLY_000693_TH,PLY_000693,4,TITLE_HOLDER,86,30,10,10,FALSE,1991
SAMSUNG_2006_PLY_000694_LN,PLY_000694,1,LIVE_NORMAL,61,12,10,0,TRUE,2006
SAMSUNG_1997_PLY_000694_GG,PLY_000694,7,GOLDEN_GLOVE,85,35,10,10,FALSE,1997
SAMSUNG_1998_PLY_000694_LN,PLY_000694,1,LIVE_NORMAL,56,12,10,0,TRUE,1998
SAMSUNG_2011_PLY_000694_TH,PLY_000694,4,TITLE_HOLDER,85,30,10,10,FALSE,2011
SAMSUNG_1997_PLY_000694_LN,PLY_000694,1,LIVE_NORMAL,67,12,10,0,TRUE,1997
SAMSUNG_1998_PLY_000694_TH,PLY_000694,4,TITLE_HOLDER,86,30,10,10,FALSE,1998
SAMSUNG_1996_PLY_000694_TH,PLY_000694,4,TITLE_HOLDER,83,30,10,10,FALSE,1996
SAMSUNG_2008_PLY_000694_SIG,PLY_000694,6,SIGNATURE,87,40,10,10,FALSE,2008
SAMSUNG_2012_PLY_000694_TH,PLY_000694,4,TITLE_HOLDER,86,30,10,10,FALSE,2012
SAMSUNG_2024_PLY_000695_AS,PLY_000695,3,ALLSTAR,78,24,10,10,TRUE,2024
SAMSUNG_2026_PLY_000695_AS,PLY_000695,3,ALLSTAR,77,24,10,10,TRUE,2026
SAMSUNG_2023_PLY_000695_AS,PLY_000695,3,ALLSTAR,79,24,10,10,TRUE,2023
SAMSUNG_2024_PLY_000695_LN,PLY_000695,1,LIVE_NORMAL,57,12,10,0,TRUE,2024
SAMSUNG_2023_PLY_000695_EPIC,PLY_000695,2,LIVE_EPIC,67,18,10,0,TRUE,2023
SAMSUNG_2024_PLY_000695_EPIC,PLY_000695,2,LIVE_EPIC,72,18,10,0,TRUE,2024
SAMSUNG_2025_PLY_000695_TH,PLY_000695,4,TITLE_HOLDER,84,30,10,10,FALSE,2025
SAMSUNG_2023_PLY_000695_TH,PLY_000695,4,TITLE_HOLDER,82,30,10,10,FALSE,2023
SAMSUNG_2011_PLY_000696_LN,PLY_000696,1,LIVE_NORMAL,68,12,10,0,TRUE,2011
SAMSUNG_2011_PLY_000696_SIG,PLY_000696,6,SIGNATURE,91,40,10,10,FALSE,2011
SAMSUNG_2012_PLY_000696_EPIC,PLY_000696,2,LIVE_EPIC,74,18,10,0,TRUE,2012
SAMSUNG_2012_PLY_000696_LN,PLY_000696,1,LIVE_NORMAL,68,12,10,0,TRUE,2012
SAMSUNG_2022_PLY_000697_EPIC,PLY_000697,2,LIVE_EPIC,73,18,10,0,TRUE,2022
SAMSUNG_2025_PLY_000697_LN,PLY_000697,1,LIVE_NORMAL,63,12,10,0,TRUE,2025
SAMSUNG_2023_PLY_000697_LN,PLY_000697,1,LIVE_NORMAL,68,12,10,0,TRUE,2023
SAMSUNG_2023_PLY_000697_EPIC,PLY_000697,2,LIVE_EPIC,67,18,10,0,TRUE,2023
SAMSUNG_2020_PLY_000697_LN,PLY_000697,1,LIVE_NORMAL,58,12,10,0,TRUE,2020
SAMSUNG_2021_PLY_000697_TH,PLY_000697,4,TITLE_HOLDER,83,30,10,10,FALSE,2021
SAMSUNG_2026_PLY_000697_LN,PLY_000697,1,LIVE_NORMAL,64,12,10,0,TRUE,2026
SAMSUNG_2022_PLY_000697_LN,PLY_000697,1,LIVE_NORMAL,64,12,10,0,TRUE,2022
SAMSUNG_2008_PLY_000698_EPIC,PLY_000698,2,LIVE_EPIC,75,18,10,0,TRUE,2008
SAMSUNG_2014_PLY_000698_EPIC,PLY_000698,2,LIVE_EPIC,68,18,10,0,TRUE,2014
SAMSUNG_2009_PLY_000698_LN,PLY_000698,1,LIVE_NORMAL,55,12,10,0,TRUE,2009
SAMSUNG_2007_PLY_000698_AS,PLY_000698,3,ALLSTAR,77,24,10,10,TRUE,2007
SAMSUNG_2019_PLY_000698_EPIC,PLY_000698,2,LIVE_EPIC,65,18,10,0,TRUE,2019
SAMSUNG_2019_PLY_000698_AS,PLY_000698,3,ALLSTAR,74,24,10,10,TRUE,2019
SAMSUNG_2011_PLY_000699_LN,PLY_000699,1,LIVE_NORMAL,63,12,10,0,TRUE,2011
SAMSUNG_2009_PLY_000699_GG,PLY_000699,7,GOLDEN_GLOVE,88,35,10,10,FALSE,2009
SAMSUNG_2011_PLY_000699_TH,PLY_000699,4,TITLE_HOLDER,85,30,10,10,FALSE,2011
SAMSUNG_2012_PLY_000699_SIG,PLY_000699,6,SIGNATURE,89,40,10,10,FALSE,2012
SAMSUNG_2006_PLY_000699_LN,PLY_000699,1,LIVE_NORMAL,57,12,10,0,TRUE,2006
SAMSUNG_2007_PLY_000699_AS,PLY_000699,3,ALLSTAR,83,24,10,10,TRUE,2007
SAMSUNG_2012_PLY_000699_LN,PLY_000699,1,LIVE_NORMAL,65,12,10,0,TRUE,2012
SAMSUNG_2011_PLY_000700_LN,PLY_000700,1,LIVE_NORMAL,63,12,10,0,TRUE,2011
SAMSUNG_2010_PLY_000700_LN,PLY_000700,1,LIVE_NORMAL,65,12,10,0,TRUE,2010
SAMSUNG_2008_PLY_000700_LN,PLY_000700,1,LIVE_NORMAL,60,12,10,0,TRUE,2008
SAMSUNG_2010_PLY_000700_AS,PLY_000700,3,ALLSTAR,82,24,10,10,TRUE,2010
SAMSUNG_1993_PLY_000701_TH,PLY_000701,4,TITLE_HOLDER,85,30,10,10,FALSE,1993
SAMSUNG_1990_PLY_000701_LN,PLY_000701,1,LIVE_NORMAL,55,12,10,0,TRUE,1990
SAMSUNG_1989_PLY_000701_TH,PLY_000701,4,TITLE_HOLDER,81,30,10,10,FALSE,1989
SAMSUNG_1990_PLY_000701_TH,PLY_000701,4,TITLE_HOLDER,82,30,10,10,FALSE,1990
SAMSUNG_1990_PLY_000701_EPIC,PLY_000701,2,LIVE_EPIC,75,18,10,0,TRUE,1990
SAMSUNG_1993_PLY_000701_GG,PLY_000701,7,GOLDEN_GLOVE,83,35,10,10,FALSE,1993
SAMSUNG_2019_PLY_000702_LN,PLY_000702,1,LIVE_NORMAL,63,12,10,0,TRUE,2019
SAMSUNG_2010_PLY_000702_TH,PLY_000702,4,TITLE_HOLDER,84,30,10,10,FALSE,2010
SAMSUNG_2008_PLY_000702_EPIC,PLY_000702,2,LIVE_EPIC,66,18,10,0,TRUE,2008
SAMSUNG_2006_PLY_000702_LN,PLY_000702,1,LIVE_NORMAL,62,12,10,0,TRUE,2006
SAMSUNG_2011_PLY_000702_LN,PLY_000702,1,LIVE_NORMAL,64,12,10,0,TRUE,2011
SAMSUNG_2015_PLY_000702_LN,PLY_000702,1,LIVE_NORMAL,55,12,10,0,TRUE,2015
SAMSUNG_2017_PLY_000702_LN,PLY_000702,1,LIVE_NORMAL,61,12,10,0,TRUE,2017
SAMSUNG_2008_PLY_000702_LN,PLY_000702,1,LIVE_NORMAL,55,12,10,0,TRUE,2008
SAMSUNG_2007_PLY_000702_LN,PLY_000702,1,LIVE_NORMAL,62,12,10,0,TRUE,2007
SAMSUNG_1992_PLY_000703_EPIC,PLY_000703,2,LIVE_EPIC,74,18,10,0,TRUE,1992
SAMSUNG_1991_PLY_000703_AS,PLY_000703,3,ALLSTAR,76,24,10,10,TRUE,1991
SAMSUNG_1999_PLY_000703_EPIC,PLY_000703,2,LIVE_EPIC,73,18,10,0,TRUE,1999
SAMSUNG_1987_PLY_000703_AS,PLY_000703,3,ALLSTAR,76,24,10,10,TRUE,1987
SAMSUNG_2007_PLY_000704_EPIC,PLY_000704,2,LIVE_EPIC,65,18,10,0,TRUE,2007
SAMSUNG_2008_PLY_000704_AS,PLY_000704,3,ALLSTAR,83,24,10,10,TRUE,2008
SAMSUNG_2007_PLY_000704_LN,PLY_000704,1,LIVE_NORMAL,58,12,10,0,TRUE,2007
SAMSUNG_2006_PLY_000704_LN,PLY_000704,1,LIVE_NORMAL,61,12,10,0,TRUE,2006
SAMSUNG_2003_PLY_000704_AS,PLY_000704,3,ALLSTAR,82,24,10,10,TRUE,2003
SAMSUNG_2006_PLY_000704_GG,PLY_000704,7,GOLDEN_GLOVE,88,35,10,10,FALSE,2006
SAMSUNG_2006_PLY_000704_EPIC,PLY_000704,2,LIVE_EPIC,65,18,10,0,TRUE,2006
SAMSUNG_2004_PLY_000704_AS,PLY_000704,3,ALLSTAR,74,24,10,10,TRUE,2004
SAMSUNG_2008_PLY_000704_GG,PLY_000704,7,GOLDEN_GLOVE,85,35,10,10,FALSE,2008
SAMSUNG_2008_PLY_000704_LN,PLY_000704,1,LIVE_NORMAL,59,12,10,0,TRUE,2008
SAMSUNG_2011_PLY_000705_LN,PLY_000705,1,LIVE_NORMAL,59,12,10,0,TRUE,2011
SAMSUNG_2021_PLY_000705_LN,PLY_000705,1,LIVE_NORMAL,57,12,10,0,TRUE,2021
SAMSUNG_2014_PLY_000705_AS,PLY_000705,3,ALLSTAR,80,24,10,10,TRUE,2014
SAMSUNG_2004_PLY_000705_GG,PLY_000705,7,GOLDEN_GLOVE,83,35,10,10,FALSE,2004
SAMSUNG_2011_PLY_000705_TH,PLY_000705,4,TITLE_HOLDER,80,30,10,10,FALSE,2011
SAMSUNG_2015_PLY_000705_LN,PLY_000705,1,LIVE_NORMAL,66,12,10,0,TRUE,2015
SAMSUNG_2005_PLY_000705_LN,PLY_000705,1,LIVE_NORMAL,63,12,10,0,TRUE,2005
SAMSUNG_2007_PLY_000706_LN,PLY_000706,1,LIVE_NORMAL,67,12,10,0,TRUE,2007
SAMSUNG_2009_PLY_000706_AS,PLY_000706,3,ALLSTAR,74,24,10,10,TRUE,2009
SAMSUNG_2006_PLY_000706_AS,PLY_000706,3,ALLSTAR,78,24,10,10,TRUE,2006
SAMSUNG_2006_PLY_000706_EPIC,PLY_000706,2,LIVE_EPIC,67,18,10,0,TRUE,2006
SAMSUNG_2005_PLY_000706_EPIC,PLY_000706,2,LIVE_EPIC,70,18,10,0,TRUE,2005
SAMSUNG_2006_PLY_000706_TH,PLY_000706,4,TITLE_HOLDER,86,30,10,10,FALSE,2006
SAMSUNG_2011_PLY_000706_SIG,PLY_000706,6,SIGNATURE,91,40,10,10,FALSE,2011
SAMSUNG_2010_PLY_000706_EPIC,PLY_000706,2,LIVE_EPIC,65,18,10,0,TRUE,2010
SAMSUNG_2025_PLY_000707_LN,PLY_000707,1,LIVE_NORMAL,56,12,10,0,TRUE,2025
SAMSUNG_2025_PLY_000707_EPIC,PLY_000707,2,LIVE_EPIC,72,18,10,0,TRUE,2025
SAMSUNG_2024_PLY_000707_GG,PLY_000707,7,GOLDEN_GLOVE,88,35,10,10,FALSE,2024
SAMSUNG_2023_PLY_000707_AS,PLY_000707,3,ALLSTAR,83,24,10,10,TRUE,2023
SAMSUNG_2024_PLY_000707_AS,PLY_000707,3,ALLSTAR,75,24,10,10,TRUE,2024
SAMSUNG_2025_PLY_000707_TH,PLY_000707,4,TITLE_HOLDER,87,30,10,10,FALSE,2025
SAMSUNG_2026_PLY_000707_EPIC,PLY_000707,2,LIVE_EPIC,69,18,10,0,TRUE,2026
SAMSUNG_2023_PLY_000707_EPIC,PLY_000707,2,LIVE_EPIC,65,18,10,0,TRUE,2023
SAMSUNG_2024_PLY_000708_EPIC,PLY_000708,2,LIVE_EPIC,76,18,10,0,TRUE,2024
SAMSUNG_2023_PLY_000708_AS,PLY_000708,3,ALLSTAR,78,24,10,10,TRUE,2023
SAMSUNG_2025_PLY_000708_EPIC,PLY_000708,2,LIVE_EPIC,74,18,10,0,TRUE,2025
SAMSUNG_2025_PLY_000708_TH,PLY_000708,4,TITLE_HOLDER,80,30,10,10,FALSE,2025
SAMSUNG_2025_PLY_000708_LN,PLY_000708,1,LIVE_NORMAL,66,12,10,0,TRUE,2025
SAMSUNG_2021_PLY_000708_LN,PLY_000708,1,LIVE_NORMAL,62,12,10,0,TRUE,2021
SAMSUNG_2022_PLY_000708_EPIC,PLY_000708,2,LIVE_EPIC,73,18,10,0,TRUE,2022
SAMSUNG_2020_PLY_000708_LN,PLY_000708,1,LIVE_NORMAL,59,12,10,0,TRUE,2020
SAMSUNG_2023_PLY_000708_EPIC,PLY_000708,2,LIVE_EPIC,65,18,10,0,TRUE,2023
SAMSUNG_2026_PLY_000708_AS,PLY_000708,3,ALLSTAR,75,24,10,10,TRUE,2026
SAMSUNG_2001_PLY_000709_LN,PLY_000709,1,LIVE_NORMAL,55,12,10,0,TRUE,2001
SAMSUNG_1997_PLY_000709_GG,PLY_000709,7,GOLDEN_GLOVE,89,35,10,10,FALSE,1997
SAMSUNG_1996_PLY_000709_AS,PLY_000709,3,ALLSTAR,82,24,10,10,TRUE,1996
SAMSUNG_1999_PLY_000709_AS,PLY_000709,3,ALLSTAR,74,24,10,10,TRUE,1999
SAMSUNG_1996_PLY_000709_LN,PLY_000709,1,LIVE_NORMAL,65,12,10,0,TRUE,1996
SAMSUNG_1999_PLY_000709_GG,PLY_000709,7,GOLDEN_GLOVE,85,35,10,10,FALSE,1999
SAMSUNG_1995_PLY_000709_LN,PLY_000709,1,LIVE_NORMAL,62,12,10,0,TRUE,1995
SAMSUNG_2000_PLY_000710_EPIC,PLY_000710,2,LIVE_EPIC,72,18,10,0,TRUE,2000
SAMSUNG_2004_PLY_000710_GG,PLY_000710,7,GOLDEN_GLOVE,85,35,10,10,FALSE,2004
SAMSUNG_1996_PLY_000710_TH,PLY_000710,4,TITLE_HOLDER,84,30,10,10,FALSE,1996
SAMSUNG_1997_PLY_000710_EPIC,PLY_000710,2,LIVE_EPIC,65,18,10,0,TRUE,1997
SAMSUNG_1999_PLY_000710_EPIC,PLY_000710,2,LIVE_EPIC,65,18,10,0,TRUE,1999
SAMSUNG_2004_PLY_000710_LN,PLY_000710,1,LIVE_NORMAL,67,12,10,0,TRUE,2004
SAMSUNG_2003_PLY_000710_EPIC,PLY_000710,2,LIVE_EPIC,68,18,10,0,TRUE,2003
SAMSUNG_2003_PLY_000710_LN,PLY_000710,1,LIVE_NORMAL,60,12,10,0,TRUE,2003
SAMSUNG_1996_PLY_000710_AS,PLY_000710,3,ALLSTAR,80,24,10,10,TRUE,1996
SAMSUNG_2025_PLY_000711_AS,PLY_000711,3,ALLSTAR,80,24,10,10,TRUE,2025
SAMSUNG_2023_PLY_000711_AS,PLY_000711,3,ALLSTAR,76,24,10,10,TRUE,2023
SAMSUNG_2024_PLY_000711_GG,PLY_000711,7,GOLDEN_GLOVE,86,35,10,10,FALSE,2024
SAMSUNG_2024_PLY_000711_TH,PLY_000711,4,TITLE_HOLDER,81,30,10,10,FALSE,2024
SAMSUNG_2023_PLY_000711_LN,PLY_000711,1,LIVE_NORMAL,56,12,10,0,TRUE,2023
SAMSUNG_2022_PLY_000711_LN,PLY_000711,1,LIVE_NORMAL,68,12,10,0,TRUE,2022
SAMSUNG_2025_PLY_000711_LN,PLY_000711,1,LIVE_NORMAL,60,12,10,0,TRUE,2025
SAMSUNG_2017_PLY_000712_TH,PLY_000712,4,TITLE_HOLDER,83,30,10,10,FALSE,2017
SAMSUNG_2016_PLY_000712_LN,PLY_000712,1,LIVE_NORMAL,62,12,10,0,TRUE,2016
SAMSUNG_2016_PLY_000712_AS,PLY_000712,3,ALLSTAR,83,24,10,10,TRUE,2016
SAMSUNG_2013_PLY_000712_LN,PLY_000712,1,LIVE_NORMAL,58,12,10,0,TRUE,2013
SAMSUNG_2008_PLY_000712_AS,PLY_000712,3,ALLSTAR,82,24,10,10,TRUE,2008
SAMSUNG_2011_PLY_000712_AS,PLY_000712,3,ALLSTAR,79,24,10,10,TRUE,2011
SAMSUNG_2014_PLY_000712_LN,PLY_000712,1,LIVE_NORMAL,62,12,10,0,TRUE,2014
SAMSUNG_1994_PLY_000713_EPIC,PLY_000713,2,LIVE_EPIC,73,18,10,0,TRUE,1994
SAMSUNG_1996_PLY_000713_TH,PLY_000713,4,TITLE_HOLDER,81,30,10,10,FALSE,1996
SAMSUNG_1991_PLY_000713_EPIC,PLY_000713,2,LIVE_EPIC,65,18,10,0,TRUE,1991
SAMSUNG_1988_PLY_000713_EPIC,PLY_000713,2,LIVE_EPIC,66,18,10,0,TRUE,1988
SAMSUNG_1994_PLY_000713_AS,PLY_000713,3,ALLSTAR,76,24,10,10,TRUE,1994
SAMSUNG_1993_PLY_000713_AS,PLY_000713,3,ALLSTAR,83,24,10,10,TRUE,1993
SAMSUNG_1996_PLY_000713_LN,PLY_000713,1,LIVE_NORMAL,59,12,10,0,TRUE,1996
SAMSUNG_2012_PLY_000714_EPIC,PLY_000714,2,LIVE_EPIC,76,18,10,0,TRUE,2012
SAMSUNG_2018_PLY_000714_LN,PLY_000714,1,LIVE_NORMAL,66,12,10,0,TRUE,2018
SAMSUNG_2023_PLY_000715_EPIC,PLY_000715,2,LIVE_EPIC,73,18,10,0,TRUE,2023
SAMSUNG_2022_PLY_000715_LN,PLY_000715,1,LIVE_NORMAL,55,12,10,0,TRUE,2022
SAMSUNG_2024_PLY_000715_EPIC,PLY_000715,2,LIVE_EPIC,75,18,10,0,TRUE,2024
SAMSUNG_2022_PLY_000715_AS,PLY_000715,3,ALLSTAR,78,24,10,10,TRUE,2022
SAMSUNG_2025_PLY_000715_EPIC,PLY_000715,2,LIVE_EPIC,71,18,10,0,TRUE,2025
SAMSUNG_2026_PLY_000715_SIG,PLY_000715,6,SIGNATURE,90,40,10,10,FALSE,2026
SAMSUNG_2024_PLY_000715_LN,PLY_000715,1,LIVE_NORMAL,66,12,10,0,TRUE,2024
SAMSUNG_2024_PLY_000716_EPIC,PLY_000716,2,LIVE_EPIC,69,18,10,0,TRUE,2024
SAMSUNG_2012_PLY_000716_LN,PLY_000716,1,LIVE_NORMAL,56,12,10,0,TRUE,2012
SAMSUNG_2015_PLY_000716_LN,PLY_000716,1,LIVE_NORMAL,58,12,10,0,TRUE,2015
SAMSUNG_2014_PLY_000716_LN,PLY_000716,1,LIVE_NORMAL,56,12,10,0,TRUE,2014
SAMSUNG_2014_PLY_000716_EPIC,PLY_000716,2,LIVE_EPIC,69,18,10,0,TRUE,2014
SAMSUNG_2012_PLY_000716_SIG,PLY_000716,6,SIGNATURE,91,40,10,10,FALSE,2012
SAMSUNG_2021_PLY_000716_LN,PLY_000716,1,LIVE_NORMAL,57,12,10,0,TRUE,2021
SAMSUNG_2024_PLY_000716_TH,PLY_000716,4,TITLE_HOLDER,85,30,10,10,FALSE,2024
SAMSUNG_2020_PLY_000716_LN,PLY_000716,1,LIVE_NORMAL,60,12,10,0,TRUE,2020
SAMSUNG_2011_PLY_000716_EPIC,PLY_000716,2,LIVE_EPIC,65,18,10,0,TRUE,2011
SAMSUNG_2017_PLY_000716_AS,PLY_000716,3,ALLSTAR,75,24,10,10,TRUE,2017
SAMSUNG_2019_PLY_000716_LN,PLY_000716,1,LIVE_NORMAL,61,12,10,0,TRUE,2019
SAMSUNG_2016_PLY_000717_TH,PLY_000717,4,TITLE_HOLDER,85,30,10,10,FALSE,2016
SAMSUNG_2020_PLY_000717_LN,PLY_000717,1,LIVE_NORMAL,66,12,10,0,TRUE,2020
SAMSUNG_2026_PLY_000717_GG,PLY_000717,7,GOLDEN_GLOVE,83,35,10,10,FALSE,2026
SAMSUNG_2026_PLY_000717_LN,PLY_000717,1,LIVE_NORMAL,65,12,10,0,TRUE,2026
SAMSUNG_2022_PLY_000717_EPIC,PLY_000717,2,LIVE_EPIC,75,18,10,0,TRUE,2022
SAMSUNG_2025_PLY_000718_EPIC,PLY_000718,2,LIVE_EPIC,75,18,10,0,TRUE,2025
SAMSUNG_2017_PLY_000718_LN,PLY_000718,1,LIVE_NORMAL,68,12,10,0,TRUE,2017
SAMSUNG_2020_PLY_000718_LN,PLY_000718,1,LIVE_NORMAL,64,12,10,0,TRUE,2020
SAMSUNG_2017_PLY_000718_AS,PLY_000718,3,ALLSTAR,82,24,10,10,TRUE,2017
SAMSUNG_2023_PLY_000718_GG,PLY_000718,7,GOLDEN_GLOVE,89,35,10,10,FALSE,2023
SAMSUNG_2020_PLY_000718_AS,PLY_000718,3,ALLSTAR,77,24,10,10,TRUE,2020
SAMSUNG_2016_PLY_000718_EPIC,PLY_000718,2,LIVE_EPIC,69,18,10,0,TRUE,2016
SAMSUNG_2019_PLY_000719_LN,PLY_000719,1,LIVE_NORMAL,67,12,10,0,TRUE,2019
SAMSUNG_2015_PLY_000719_LN,PLY_000719,1,LIVE_NORMAL,66,12,10,0,TRUE,2015
SAMSUNG_2011_PLY_000719_EPIC,PLY_000719,2,LIVE_EPIC,72,18,10,0,TRUE,2011
SAMSUNG_2017_PLY_000719_LN,PLY_000719,1,LIVE_NORMAL,64,12,10,0,TRUE,2017
SAMSUNG_2018_PLY_000719_LN,PLY_000719,1,LIVE_NORMAL,61,12,10,0,TRUE,2018
SAMSUNG_2008_PLY_000719_GG,PLY_000719,7,GOLDEN_GLOVE,89,35,10,10,FALSE,2008
SAMSUNG_2020_PLY_000719_AS,PLY_000719,3,ALLSTAR,76,24,10,10,TRUE,2020
SAMSUNG_2008_PLY_000720_LN,PLY_000720,1,LIVE_NORMAL,56,12,10,0,TRUE,2008
SAMSUNG_2006_PLY_000720_AS,PLY_000720,3,ALLSTAR,74,24,10,10,TRUE,2006
SAMSUNG_2002_PLY_000720_AS,PLY_000720,3,ALLSTAR,83,24,10,10,TRUE,2002
SAMSUNG_2004_PLY_000721_LN,PLY_000721,1,LIVE_NORMAL,67,12,10,0,TRUE,2004
SAMSUNG_2003_PLY_000721_SIG,PLY_000721,6,SIGNATURE,87,40,10,10,FALSE,2003
SAMSUNG_1997_PLY_000721_LN,PLY_000721,1,LIVE_NORMAL,56,12,10,0,TRUE,1997
SAMSUNG_2007_PLY_000721_GG,PLY_000721,7,GOLDEN_GLOVE,84,35,10,10,FALSE,2007
SAMSUNG_2005_PLY_000721_EPIC,PLY_000721,2,LIVE_EPIC,76,18,10,0,TRUE,2005
SAMSUNG_2003_PLY_000721_LN,PLY_000721,1,LIVE_NORMAL,66,12,10,0,TRUE,2003
SAMSUNG_2005_PLY_000721_LN,PLY_000721,1,LIVE_NORMAL,59,12,10,0,TRUE,2005
SAMSUNG_1997_PLY_000721_EPIC,PLY_000721,2,LIVE_EPIC,71,18,10,0,TRUE,1997
SAMSUNG_2006_PLY_000721_EPIC,PLY_000721,2,LIVE_EPIC,68,18,10,0,TRUE,2006
SAMSUNG_2025_PLY_000722_LN,PLY_000722,1,LIVE_NORMAL,59,12,10,0,TRUE,2025
SAMSUNG_2021_PLY_000722_EPIC,PLY_000722,2,LIVE_EPIC,76,18,10,0,TRUE,2021
SAMSUNG_2022_PLY_000722_AS,PLY_000722,3,ALLSTAR,79,24,10,10,TRUE,2022
SAMSUNG_2022_PLY_000722_EPIC,PLY_000722,2,LIVE_EPIC,68,18,10,0,TRUE,2022
SAMSUNG_2024_PLY_000722_EPIC,PLY_000722,2,LIVE_EPIC,66,18,10,0,TRUE,2024
SAMSUNG_2021_PLY_000722_AS,PLY_000722,3,ALLSTAR,80,24,10,10,TRUE,2021
SAMSUNG_2023_PLY_000723_EPIC,PLY_000723,2,LIVE_EPIC,73,18,10,0,TRUE,2023
SAMSUNG_2024_PLY_000723_AS,PLY_000723,3,ALLSTAR,83,24,10,10,TRUE,2024
SAMSUNG_2023_PLY_000723_LN,PLY_000723,1,LIVE_NORMAL,62,12,10,0,TRUE,2023
SAMSUNG_2026_PLY_000723_EPIC,PLY_000723,2,LIVE_EPIC,74,18,10,0,TRUE,2026
SAMSUNG_2016_PLY_000723_EPIC,PLY_000723,2,LIVE_EPIC,68,18,10,0,TRUE,2016
SAMSUNG_2019_PLY_000724_EPIC,PLY_000724,2,LIVE_EPIC,74,18,10,0,TRUE,2019
SAMSUNG_2015_PLY_000724_SIG,PLY_000724,6,SIGNATURE,87,40,10,10,FALSE,2015
SAMSUNG_2019_PLY_000724_LN,PLY_000724,1,LIVE_NORMAL,56,12,10,0,TRUE,2019
SAMSUNG_2016_PLY_000724_AS,PLY_000724,3,ALLSTAR,76,24,10,10,TRUE,2016
SAMSUNG_2026_PLY_000725_EPIC,PLY_000725,2,LIVE_EPIC,71,18,10,0,TRUE,2026
SAMSUNG_2014_PLY_000725_GG,PLY_000725,7,GOLDEN_GLOVE,90,35,10,10,FALSE,2014
SAMSUNG_2012_PLY_000725_LN,PLY_000725,1,LIVE_NORMAL,62,12,10,0,TRUE,2012
SAMSUNG_2011_PLY_000725_EPIC,PLY_000725,2,LIVE_EPIC,68,18,10,0,TRUE,2011
SAMSUNG_2014_PLY_000725_TH,PLY_000725,4,TITLE_HOLDER,83,30,10,10,FALSE,2014
SAMSUNG_2009_PLY_000725_LN,PLY_000725,1,LIVE_NORMAL,62,12,10,0,TRUE,2009
SAMSUNG_2022_PLY_000725_LN,PLY_000725,1,LIVE_NORMAL,58,12,10,0,TRUE,2022
SAMSUNG_2023_PLY_000726_LN,PLY_000726,1,LIVE_NORMAL,55,12,10,0,TRUE,2023
SAMSUNG_2022_PLY_000726_EPIC,PLY_000726,2,LIVE_EPIC,70,18,10,0,TRUE,2022
SAMSUNG_2020_PLY_000726_LN,PLY_000726,1,LIVE_NORMAL,63,12,10,0,TRUE,2020
SAMSUNG_2002_PLY_000727_SIG,PLY_000727,6,SIGNATURE,89,40,10,10,FALSE,2002
SAMSUNG_2009_PLY_000727_TH,PLY_000727,4,TITLE_HOLDER,80,30,10,10,FALSE,2009
SAMSUNG_2004_PLY_000727_EPIC,PLY_000727,2,LIVE_EPIC,73,18,10,0,TRUE,2004
SAMSUNG_2003_PLY_000727_LN,PLY_000727,1,LIVE_NORMAL,60,12,10,0,TRUE,2003
SAMSUNG_2003_PLY_000727_AS,PLY_000727,3,ALLSTAR,82,24,10,10,TRUE,2003
SAMSUNG_2008_PLY_000727_EPIC,PLY_000727,2,LIVE_EPIC,70,18,10,0,TRUE,2008
SAMSUNG_2002_PLY_000727_LN,PLY_000727,1,LIVE_NORMAL,58,12,10,0,TRUE,2002
SAMSUNG_2006_PLY_000727_GG,PLY_000727,7,GOLDEN_GLOVE,88,35,10,10,FALSE,2006
SAMSUNG_1992_PLY_000728_TH,PLY_000728,4,TITLE_HOLDER,85,30,10,10,FALSE,1992
SAMSUNG_1993_PLY_000728_SIG,PLY_000728,6,SIGNATURE,89,40,10,10,FALSE,1993
SAMSUNG_1992_PLY_000728_LN,PLY_000728,1,LIVE_NORMAL,63,12,10,0,TRUE,1992
SAMSUNG_1993_PLY_000728_LN,PLY_000728,1,LIVE_NORMAL,67,12,10,0,TRUE,1993
SAMSUNG_1987_PLY_000728_AS,PLY_000728,3,ALLSTAR,81,24,10,10,TRUE,1987
SAMSUNG_1987_PLY_000728_EPIC,PLY_000728,2,LIVE_EPIC,72,18,10,0,TRUE,1987
SAMSUNG_1990_PLY_000728_LN,PLY_000728,1,LIVE_NORMAL,66,12,10,0,TRUE,1990
SAMSUNG_1990_PLY_000728_AS,PLY_000728,3,ALLSTAR,83,24,10,10,TRUE,1990
SAMSUNG_1989_PLY_000728_EPIC,PLY_000728,2,LIVE_EPIC,76,18,10,0,TRUE,1989
SAMSUNG_2015_PLY_000729_EPIC,PLY_000729,2,LIVE_EPIC,74,18,10,0,TRUE,2015
SAMSUNG_2019_PLY_000729_LN,PLY_000729,1,LIVE_NORMAL,65,12,10,0,TRUE,2019
SAMSUNG_2023_PLY_000729_EPIC,PLY_000729,2,LIVE_EPIC,69,18,10,0,TRUE,2023
SAMSUNG_2026_PLY_000729_TH,PLY_000729,4,TITLE_HOLDER,82,30,10,10,FALSE,2026
SAMSUNG_2022_PLY_000729_EPIC,PLY_000729,2,LIVE_EPIC,70,18,10,0,TRUE,2022
SAMSUNG_2017_PLY_000729_LN,PLY_000729,1,LIVE_NORMAL,67,12,10,0,TRUE,2017
SAMSUNG_2023_PLY_000729_AS,PLY_000729,3,ALLSTAR,83,24,10,10,TRUE,2023
SAMSUNG_2015_PLY_000729_LN,PLY_000729,1,LIVE_NORMAL,59,12,10,0,TRUE,2015
SAMSUNG_2024_PLY_000729_EPIC,PLY_000729,2,LIVE_EPIC,75,18,10,0,TRUE,2024
SAMSUNG_2017_PLY_000730_LN,PLY_000730,1,LIVE_NORMAL,57,12,10,0,TRUE,2017
SAMSUNG_2007_PLY_000730_GG,PLY_000730,7,GOLDEN_GLOVE,90,35,10,10,FALSE,2007
SAMSUNG_2016_PLY_000730_LN,PLY_000730,1,LIVE_NORMAL,60,12,10,0,TRUE,2016
SAMSUNG_2019_PLY_000730_AS,PLY_000730,3,ALLSTAR,77,24,10,10,TRUE,2019
SAMSUNG_2024_PLY_000730_LN,PLY_000730,1,LIVE_NORMAL,55,12,10,0,TRUE,2024
SAMSUNG_2024_PLY_000730_GG,PLY_000730,7,GOLDEN_GLOVE,84,35,10,10,FALSE,2024
SAMSUNG_2025_PLY_000730_TH,PLY_000730,4,TITLE_HOLDER,84,30,10,10,FALSE,2025
SAMSUNG_2011_PLY_000730_EPIC,PLY_000730,2,LIVE_EPIC,72,18,10,0,TRUE,2011
SAMSUNG_2020_PLY_000730_EPIC,PLY_000730,2,LIVE_EPIC,76,18,10,0,TRUE,2020
SAMSUNG_2013_PLY_000730_AS,PLY_000730,3,ALLSTAR,76,24,10,10,TRUE,2013
SAMSUNG_2023_PLY_000730_LN,PLY_000730,1,LIVE_NORMAL,58,12,10,0,TRUE,2023
SAMSUNG_2024_PLY_000731_EPIC,PLY_000731,2,LIVE_EPIC,76,18,10,0,TRUE,2024
SAMSUNG_2026_PLY_000731_LN,PLY_000731,1,LIVE_NORMAL,67,12,10,0,TRUE,2026
SAMSUNG_2025_PLY_000731_GG,PLY_000731,7,GOLDEN_GLOVE,89,35,10,10,FALSE,2025
SAMSUNG_2014_PLY_000731_LN,PLY_000731,1,LIVE_NORMAL,61,12,10,0,TRUE,2014
SAMSUNG_2018_PLY_000731_AS,PLY_000731,3,ALLSTAR,78,24,10,10,TRUE,2018
SAMSUNG_2025_PLY_000731_EPIC,PLY_000731,2,LIVE_EPIC,72,18,10,0,TRUE,2025
SAMSUNG_2020_PLY_000731_AS,PLY_000731,3,ALLSTAR,79,24,10,10,TRUE,2020
SAMSUNG_2014_PLY_000731_TH,PLY_000731,4,TITLE_HOLDER,81,30,10,10,FALSE,2014
SAMSUNG_2018_PLY_000731_SIG,PLY_000731,6,SIGNATURE,87,40,10,10,FALSE,2018
SAMSUNG_2022_PLY_000732_LN,PLY_000732,1,LIVE_NORMAL,57,12,10,0,TRUE,2022
SAMSUNG_2017_PLY_000732_EPIC,PLY_000732,2,LIVE_EPIC,67,18,10,0,TRUE,2017
SAMSUNG_2022_PLY_000732_TH,PLY_000732,4,TITLE_HOLDER,82,30,10,10,FALSE,2022
SAMSUNG_2016_PLY_000732_TH,PLY_000732,4,TITLE_HOLDER,87,30,10,10,FALSE,2016
SAMSUNG_2015_PLY_000732_EPIC,PLY_000732,2,LIVE_EPIC,67,18,10,0,TRUE,2015
SAMSUNG_2014_PLY_000732_AS,PLY_000732,3,ALLSTAR,82,24,10,10,TRUE,2014
SAMSUNG_2015_PLY_000732_AS,PLY_000732,3,ALLSTAR,81,24,10,10,TRUE,2015
SAMSUNG_2024_PLY_000732_LN,PLY_000732,1,LIVE_NORMAL,59,12,10,0,TRUE,2024
SAMSUNG_2019_PLY_000732_EPIC,PLY_000732,2,LIVE_EPIC,65,18,10,0,TRUE,2019
SAMSUNG_1998_PLY_000733_AS,PLY_000733,3,ALLSTAR,75,24,10,10,TRUE,1998
SAMSUNG_1992_PLY_000733_LN,PLY_000733,1,LIVE_NORMAL,65,12,10,0,TRUE,1992
SAMSUNG_1999_PLY_000733_EPIC,PLY_000733,2,LIVE_EPIC,65,18,10,0,TRUE,1999
SAMSUNG_2000_PLY_000733_AS,PLY_000733,3,ALLSTAR,77,24,10,10,TRUE,2000
SAMSUNG_1993_PLY_000733_LN,PLY_000733,1,LIVE_NORMAL,67,12,10,0,TRUE,1993
SAMSUNG_2010_PLY_000734_SIG,PLY_000734,6,SIGNATURE,90,40,10,10,FALSE,2010
SAMSUNG_2011_PLY_000734_SIG,PLY_000734,6,SIGNATURE,92,40,10,10,FALSE,2011
SAMSUNG_2008_PLY_000734_GG,PLY_000734,7,GOLDEN_GLOVE,84,35,10,10,FALSE,2008
SAMSUNG_2007_PLY_000734_EPIC,PLY_000734,2,LIVE_EPIC,69,18,10,0,TRUE,2007
SAMSUNG_2006_PLY_000735_LN,PLY_000735,1,LIVE_NORMAL,64,12,10,0,TRUE,2006
SAMSUNG_2010_PLY_000735_EPIC,PLY_000735,2,LIVE_EPIC,66,18,10,0,TRUE,2010
SAMSUNG_2014_PLY_000735_LN,PLY_000735,1,LIVE_NORMAL,62,12,10,0,TRUE,2014
SAMSUNG_2012_PLY_000735_AS,PLY_000735,3,ALLSTAR,74,24,10,10,TRUE,2012
SAMSUNG_2012_PLY_000735_TH,PLY_000735,4,TITLE_HOLDER,87,30,10,10,FALSE,2012
SAMSUNG_2014_PLY_000735_TH,PLY_000735,4,TITLE_HOLDER,84,30,10,10,FALSE,2014
SAMSUNG_2019_PLY_000736_LN,PLY_000736,1,LIVE_NORMAL,56,12,10,0,TRUE,2019
SAMSUNG_2017_PLY_000736_AS,PLY_000736,3,ALLSTAR,77,24,10,10,TRUE,2017
SAMSUNG_2012_PLY_000736_TH,PLY_000736,4,TITLE_HOLDER,86,30,10,10,FALSE,2012
SAMSUNG_2017_PLY_000737_LN,PLY_000737,1,LIVE_NORMAL,67,12,10,0,TRUE,2017
SAMSUNG_2016_PLY_000737_AS,PLY_000737,3,ALLSTAR,80,24,10,10,TRUE,2016
SAMSUNG_2017_PLY_000737_AS,PLY_000737,3,ALLSTAR,76,24,10,10,TRUE,2017
SAMSUNG_2016_PLY_000737_LN,PLY_000737,1,LIVE_NORMAL,64,12,10,0,TRUE,2016
SAMSUNG_2021_PLY_000737_EPIC,PLY_000737,2,LIVE_EPIC,76,18,10,0,TRUE,2021
SAMSUNG_2021_PLY_000737_AS,PLY_000737,3,ALLSTAR,79,24,10,10,TRUE,2021
SAMSUNG_2019_PLY_000737_LN,PLY_000737,1,LIVE_NORMAL,56,12,10,0,TRUE,2019
SAMSUNG_2009_PLY_000738_EPIC,PLY_000738,2,LIVE_EPIC,66,18,10,0,TRUE,2009
SAMSUNG_2025_PLY_000738_LN,PLY_000738,1,LIVE_NORMAL,55,12,10,0,TRUE,2025
SAMSUNG_2010_PLY_000738_AS,PLY_000738,3,ALLSTAR,81,24,10,10,TRUE,2010
SAMSUNG_2016_PLY_000738_SIG,PLY_000738,6,SIGNATURE,89,40,10,10,FALSE,2016
SAMSUNG_2024_PLY_000738_EPIC,PLY_000738,2,LIVE_EPIC,68,18,10,0,TRUE,2024
SAMSUNG_2021_PLY_000738_EPIC,PLY_000738,2,LIVE_EPIC,66,18,10,0,TRUE,2021
SAMSUNG_2008_PLY_000738_TH,PLY_000738,4,TITLE_HOLDER,86,30,10,10,FALSE,2008
SAMSUNG_2026_PLY_000739_GG,PLY_000739,7,GOLDEN_GLOVE,87,35,10,10,FALSE,2026
SAMSUNG_2023_PLY_000739_LN,PLY_000739,1,LIVE_NORMAL,65,12,10,0,TRUE,2023
SAMSUNG_2024_PLY_000739_LN,PLY_000739,1,LIVE_NORMAL,67,12,10,0,TRUE,2024
SAMSUNG_2023_PLY_000739_AS,PLY_000739,3,ALLSTAR,80,24,10,10,TRUE,2023
SAMSUNG_2026_PLY_000739_AS,PLY_000739,3,ALLSTAR,78,24,10,10,TRUE,2026
SAMSUNG_2023_PLY_000739_EPIC,PLY_000739,2,LIVE_EPIC,73,18,10,0,TRUE,2023
SAMSUNG_2025_PLY_000739_LN,PLY_000739,1,LIVE_NORMAL,67,12,10,0,TRUE,2025
SAMSUNG_2024_PLY_000739_EPIC,PLY_000739,2,LIVE_EPIC,70,18,10,0,TRUE,2024
SAMSUNG_2004_PLY_000740_AS,PLY_000740,3,ALLSTAR,74,24,10,10,TRUE,2004
SAMSUNG_2003_PLY_000740_TH,PLY_000740,4,TITLE_HOLDER,87,30,10,10,FALSE,2003
SAMSUNG_2002_PLY_000740_TH,PLY_000740,4,TITLE_HOLDER,82,30,10,10,FALSE,2002
SAMSUNG_1999_PLY_000740_TH,PLY_000740,4,TITLE_HOLDER,80,30,10,10,FALSE,1999
SAMSUNG_2005_PLY_000741_GG,PLY_000741,7,GOLDEN_GLOVE,84,35,10,10,FALSE,2005
SAMSUNG_2000_PLY_000741_LN,PLY_000741,1,LIVE_NORMAL,59,12,10,0,TRUE,2000
SAMSUNG_2000_PLY_000741_TH,PLY_000741,4,TITLE_HOLDER,82,30,10,10,FALSE,2000
SAMSUNG_2002_PLY_000741_LN,PLY_000741,1,LIVE_NORMAL,57,12,10,0,TRUE,2002
SAMSUNG_2004_PLY_000741_EPIC,PLY_000741,2,LIVE_EPIC,70,18,10,0,TRUE,2004
SAMSUNG_2006_PLY_000741_LN,PLY_000741,1,LIVE_NORMAL,67,12,10,0,TRUE,2006
SAMSUNG_2001_PLY_000741_LN,PLY_000741,1,LIVE_NORMAL,56,12,10,0,TRUE,2001
SAMSUNG_2000_PLY_000742_SIG,PLY_000742,6,SIGNATURE,89,40,10,10,FALSE,2000
SAMSUNG_2002_PLY_000742_AS,PLY_000742,3,ALLSTAR,74,24,10,10,TRUE,2002
SAMSUNG_1997_PLY_000743_GG,PLY_000743,7,GOLDEN_GLOVE,89,35,10,10,FALSE,1997
SAMSUNG_1991_PLY_000743_LN,PLY_000743,1,LIVE_NORMAL,67,12,10,0,TRUE,1991
SAMSUNG_1989_PLY_000743_LN,PLY_000743,1,LIVE_NORMAL,58,12,10,0,TRUE,1989
SAMSUNG_1993_PLY_000743_GG,PLY_000743,7,GOLDEN_GLOVE,88,35,10,10,FALSE,1993
SAMSUNG_2026_PLY_000744_LN,PLY_000744,1,LIVE_NORMAL,66,12,10,0,TRUE,2026
SAMSUNG_2022_PLY_000744_LN,PLY_000744,1,LIVE_NORMAL,56,12,10,0,TRUE,2022
SAMSUNG_2021_PLY_000744_LN,PLY_000744,1,LIVE_NORMAL,55,12,10,0,TRUE,2021
SAMSUNG_2022_PLY_000744_TH,PLY_000744,4,TITLE_HOLDER,82,30,10,10,FALSE,2022
SAMSUNG_2018_PLY_000745_LN,PLY_000745,1,LIVE_NORMAL,59,12,10,0,TRUE,2018
SAMSUNG_2017_PLY_000745_LN,PLY_000745,1,LIVE_NORMAL,61,12,10,0,TRUE,2017
SAMSUNG_2025_PLY_000745_EPIC,PLY_000745,2,LIVE_EPIC,69,18,10,0,TRUE,2025
SAMSUNG_2015_PLY_000746_TH,PLY_000746,4,TITLE_HOLDER,87,30,10,10,FALSE,2015
SAMSUNG_2010_PLY_000746_LN,PLY_000746,1,LIVE_NORMAL,66,12,10,0,TRUE,2010
SAMSUNG_2008_PLY_000746_EPIC,PLY_000746,2,LIVE_EPIC,70,18,10,0,TRUE,2008
SAMSUNG_2005_PLY_000746_EPIC,PLY_000746,2,LIVE_EPIC,68,18,10,0,TRUE,2005
SAMSUNG_2010_PLY_000746_TH,PLY_000746,4,TITLE_HOLDER,80,30,10,10,FALSE,2010
SAMSUNG_2022_PLY_000747_EPIC,PLY_000747,2,LIVE_EPIC,69,18,10,0,TRUE,2022
SAMSUNG_2021_PLY_000747_LN,PLY_000747,1,LIVE_NORMAL,57,12,10,0,TRUE,2021
SAMSUNG_2018_PLY_000748_LN,PLY_000748,1,LIVE_NORMAL,65,12,10,0,TRUE,2018
SAMSUNG_2012_PLY_000748_LN,PLY_000748,1,LIVE_NORMAL,60,12,10,0,TRUE,2012
SAMSUNG_2019_PLY_000748_EPIC,PLY_000748,2,LIVE_EPIC,71,18,10,0,TRUE,2019
SAMSUNG_2014_PLY_000748_EPIC,PLY_000748,2,LIVE_EPIC,68,18,10,0,TRUE,2014
SAMSUNG_2023_PLY_000748_LN,PLY_000748,1,LIVE_NORMAL,65,12,10,0,TRUE,2023
SAMSUNG_2022_PLY_000748_AS,PLY_000748,3,ALLSTAR,75,24,10,10,TRUE,2022
SAMSUNG_2024_PLY_000748_LN,PLY_000748,1,LIVE_NORMAL,56,12,10,0,TRUE,2024
SAMSUNG_2024_PLY_000748_AS,PLY_000748,3,ALLSTAR,77,24,10,10,TRUE,2024
SAMSUNG_1989_PLY_000749_EPIC,PLY_000749,2,LIVE_EPIC,69,18,10,0,TRUE,1989
SAMSUNG_1992_PLY_000749_AS,PLY_000749,3,ALLSTAR,78,24,10,10,TRUE,1992
SAMSUNG_1997_PLY_000749_LN,PLY_000749,1,LIVE_NORMAL,59,12,10,0,TRUE,1997
SAMSUNG_1992_PLY_000749_LN,PLY_000749,1,LIVE_NORMAL,62,12,10,0,TRUE,1992
SAMSUNG_1991_PLY_000749_LN,PLY_000749,1,LIVE_NORMAL,65,12,10,0,TRUE,1991
SAMSUNG_2016_PLY_000750_LN,PLY_000750,1,LIVE_NORMAL,56,12,10,0,TRUE,2016
SAMSUNG_2016_PLY_000750_AS,PLY_000750,3,ALLSTAR,75,24,10,10,TRUE,2016
SAMSUNG_2016_PLY_000750_TH,PLY_000750,4,TITLE_HOLDER,80,30,10,10,FALSE,2016
SAMSUNG_2008_PLY_000750_EPIC,PLY_000750,2,LIVE_EPIC,69,18,10,0,TRUE,2008
SAMSUNG_2007_PLY_000750_LN,PLY_000750,1,LIVE_NORMAL,60,12,10,0,TRUE,2007
SAMSUNG_2013_PLY_000750_LN,PLY_000750,1,LIVE_NORMAL,60,12,10,0,TRUE,2013
SAMSUNG_2013_PLY_000750_EPIC,PLY_000750,2,LIVE_EPIC,65,18,10,0,TRUE,2013
SAMSUNG_2014_PLY_000750_SIG,PLY_000750,6,SIGNATURE,94,40,10,10,FALSE,2014
SAMSUNG_2016_PLY_000751_SIG,PLY_000751,6,SIGNATURE,88,40,10,10,FALSE,2016
SAMSUNG_2022_PLY_000751_LN,PLY_000751,1,LIVE_NORMAL,67,12,10,0,TRUE,2022
SAMSUNG_2017_PLY_000751_LN,PLY_000751,1,LIVE_NORMAL,65,12,10,0,TRUE,2017
SAMSUNG_2011_PLY_000751_LN,PLY_000751,1,LIVE_NORMAL,59,12,10,0,TRUE,2011
SAMSUNG_2023_PLY_000752_LN,PLY_000752,1,LIVE_NORMAL,67,12,10,0,TRUE,2023
SAMSUNG_2016_PLY_000752_TH,PLY_000752,4,TITLE_HOLDER,87,30,10,10,FALSE,2016
SAMSUNG_2016_PLY_000752_EPIC,PLY_000752,2,LIVE_EPIC,70,18,10,0,TRUE,2016
SAMSUNG_2017_PLY_000752_EPIC,PLY_000752,2,LIVE_EPIC,75,18,10,0,TRUE,2017
SAMSUNG_2015_PLY_000752_AS,PLY_000752,3,ALLSTAR,80,24,10,10,TRUE,2015
SAMSUNG_2026_PLY_000752_GG,PLY_000752,7,GOLDEN_GLOVE,88,35,10,10,FALSE,2026
SAMSUNG_2021_PLY_000752_EPIC,PLY_000752,2,LIVE_EPIC,72,18,10,0,TRUE,2021
SAMSUNG_2025_PLY_000752_GG,PLY_000752,7,GOLDEN_GLOVE,83,35,10,10,FALSE,2025
SAMSUNG_2023_PLY_000752_TH,PLY_000752,4,TITLE_HOLDER,87,30,10,10,FALSE,2023
SAMSUNG_2021_PLY_000752_LN,PLY_000752,1,LIVE_NORMAL,61,12,10,0,TRUE,2021
SAMSUNG_1997_PLY_000753_LN,PLY_000753,1,LIVE_NORMAL,68,12,10,0,TRUE,1997
SAMSUNG_1995_PLY_000753_AS,PLY_000753,3,ALLSTAR,81,24,10,10,TRUE,1995
SAMSUNG_2000_PLY_000753_SIG,PLY_000753,6,SIGNATURE,90,40,10,10,FALSE,2000
SAMSUNG_2006_PLY_000753_EPIC,PLY_000753,2,LIVE_EPIC,71,18,10,0,TRUE,2006
SAMSUNG_2011_PLY_000754_EPIC,PLY_000754,2,LIVE_EPIC,72,18,10,0,TRUE,2011
SAMSUNG_2019_PLY_000754_AS,PLY_000754,3,ALLSTAR,76,24,10,10,TRUE,2019
SAMSUNG_2025_PLY_000755_LN,PLY_000755,1,LIVE_NORMAL,66,12,10,0,TRUE,2025
SAMSUNG_2023_PLY_000755_LN,PLY_000755,1,LIVE_NORMAL,61,12,10,0,TRUE,2023
SAMSUNG_2026_PLY_000755_EPIC,PLY_000755,2,LIVE_EPIC,71,18,10,0,TRUE,2026
SAMSUNG_2026_PLY_000755_TH,PLY_000755,4,TITLE_HOLDER,81,30,10,10,FALSE,2026
SAMSUNG_2025_PLY_000755_EPIC,PLY_000755,2,LIVE_EPIC,74,18,10,0,TRUE,2025
SAMSUNG_2017_PLY_000756_LN,PLY_000756,1,LIVE_NORMAL,66,12,10,0,TRUE,2017
SAMSUNG_2014_PLY_000756_LN,PLY_000756,1,LIVE_NORMAL,65,12,10,0,TRUE,2014
SAMSUNG_1990_PLY_000757_AS,PLY_000757,3,ALLSTAR,77,24,10,10,TRUE,1990
SAMSUNG_1997_PLY_000757_SIG,PLY_000757,6,SIGNATURE,93,40,10,10,FALSE,1997
SAMSUNG_1994_PLY_000757_AS,PLY_000757,3,ALLSTAR,83,24,10,10,TRUE,1994
SAMSUNG_1986_PLY_000757_EPIC,PLY_000757,2,LIVE_EPIC,66,18,10,0,TRUE,1986
SAMSUNG_1992_PLY_000757_LN,PLY_000757,1,LIVE_NORMAL,64,12,10,0,TRUE,1992
SAMSUNG_2006_PLY_000757_LN,PLY_000757,1,LIVE_NORMAL,67,12,10,0,TRUE,2006
SAMSUNG_1996_PLY_000757_EPIC,PLY_000757,2,LIVE_EPIC,75,18,10,0,TRUE,1996
SAMSUNG_1995_PLY_000757_TH,PLY_000757,4,TITLE_HOLDER,82,30,10,10,FALSE,1995
SAMSUNG_2015_PLY_000758_LN,PLY_000758,1,LIVE_NORMAL,63,12,10,0,TRUE,2015
SAMSUNG_2023_PLY_000758_GG,PLY_000758,7,GOLDEN_GLOVE,87,35,10,10,FALSE,2023
SAMSUNG_2017_PLY_000758_AS,PLY_000758,3,ALLSTAR,82,24,10,10,TRUE,2017
SAMSUNG_2024_PLY_000758_LN,PLY_000758,1,LIVE_NORMAL,59,12,10,0,TRUE,2024
SAMSUNG_2023_PLY_000758_AS,PLY_000758,3,ALLSTAR,77,24,10,10,TRUE,2023
SAMSUNG_2017_PLY_000758_EPIC,PLY_000758,2,LIVE_EPIC,66,18,10,0,TRUE,2017
SAMSUNG_2026_PLY_000758_EPIC,PLY_000758,2,LIVE_EPIC,68,18,10,0,TRUE,2026
SAMSUNG_2021_PLY_000758_LN,PLY_000758,1,LIVE_NORMAL,57,12,10,0,TRUE,2021
SAMSUNG_2023_PLY_000758_EPIC,PLY_000758,2,LIVE_EPIC,76,18,10,0,TRUE,2023
SAMSUNG_2018_PLY_000758_EPIC,PLY_000758,2,LIVE_EPIC,71,18,10,0,TRUE,2018
SAMSUNG_2022_PLY_000759_AS,PLY_000759,3,ALLSTAR,81,24,10,10,TRUE,2022
SAMSUNG_2024_PLY_000759_EPIC,PLY_000759,2,LIVE_EPIC,66,18,10,0,TRUE,2024
SAMSUNG_2022_PLY_000759_LN,PLY_000759,1,LIVE_NORMAL,68,12,10,0,TRUE,2022
SAMSUNG_2025_PLY_000759_EPIC,PLY_000759,2,LIVE_EPIC,66,18,10,0,TRUE,2025
SAMSUNG_2001_PLY_000760_AS,PLY_000760,3,ALLSTAR,75,24,10,10,TRUE,2001
SAMSUNG_1996_PLY_000760_TH,PLY_000760,4,TITLE_HOLDER,80,30,10,10,FALSE,1996
SAMSUNG_2006_PLY_000760_LN,PLY_000760,1,LIVE_NORMAL,59,12,10,0,TRUE,2006
SAMSUNG_1998_PLY_000760_LN,PLY_000760,1,LIVE_NORMAL,67,12,10,0,TRUE,1998
SAMSUNG_1995_PLY_000760_GG,PLY_000760,7,GOLDEN_GLOVE,90,35,10,10,FALSE,1995
SAMSUNG_2005_PLY_000760_SIG,PLY_000760,6,SIGNATURE,93,40,10,10,FALSE,2005
SAMSUNG_1998_PLY_000760_AS,PLY_000760,3,ALLSTAR,77,24,10,10,TRUE,1998
SAMSUNG_2019_PLY_000761_AS,PLY_000761,3,ALLSTAR,74,24,10,10,TRUE,2019
SAMSUNG_2021_PLY_000761_EPIC,PLY_000761,2,LIVE_EPIC,67,18,10,0,TRUE,2021
SAMSUNG_2023_PLY_000761_EPIC,PLY_000761,2,LIVE_EPIC,69,18,10,0,TRUE,2023
SAMSUNG_2020_PLY_000761_EPIC,PLY_000761,2,LIVE_EPIC,67,18,10,0,TRUE,2020
SAMSUNG_2026_PLY_000761_EPIC,PLY_000761,2,LIVE_EPIC,76,18,10,0,TRUE,2026
SAMSUNG_2025_PLY_000761_AS,PLY_000761,3,ALLSTAR,83,24,10,10,TRUE,2025
SAMSUNG_2018_PLY_000761_TH,PLY_000761,4,TITLE_HOLDER,84,30,10,10,FALSE,2018
SAMSUNG_2022_PLY_000761_LN,PLY_000761,1,LIVE_NORMAL,60,12,10,0,TRUE,2022
SAMSUNG_2026_PLY_000761_AS,PLY_000761,3,ALLSTAR,81,24,10,10,TRUE,2026
SAMSUNG_2023_PLY_000761_AS,PLY_000761,3,ALLSTAR,76,24,10,10,TRUE,2023
SAMSUNG_2020_PLY_000761_SIG,PLY_000761,6,SIGNATURE,90,40,10,10,FALSE,2020
SAMSUNG_2013_PLY_000762_LN,PLY_000762,1,LIVE_NORMAL,66,12,10,0,TRUE,2013
SAMSUNG_2000_PLY_000762_EPIC,PLY_000762,2,LIVE_EPIC,74,18,10,0,TRUE,2000
SAMSUNG_2011_PLY_000762_AS,PLY_000762,3,ALLSTAR,80,24,10,10,TRUE,2011
SAMSUNG_2015_PLY_000762_LN,PLY_000762,1,LIVE_NORMAL,62,12,10,0,TRUE,2015
SAMSUNG_2005_PLY_000763_EPIC,PLY_000763,2,LIVE_EPIC,73,18,10,0,TRUE,2005
SAMSUNG_2005_PLY_000763_AS,PLY_000763,3,ALLSTAR,81,24,10,10,TRUE,2005
SAMSUNG_2022_PLY_000763_LN,PLY_000763,1,LIVE_NORMAL,65,12,10,0,TRUE,2022
SAMSUNG_2017_PLY_000763_LN,PLY_000763,1,LIVE_NORMAL,68,12,10,0,TRUE,2017
SAMSUNG_1995_PLY_000764_LN,PLY_000764,1,LIVE_NORMAL,57,12,10,0,TRUE,1995
SAMSUNG_1995_PLY_000764_EPIC,PLY_000764,2,LIVE_EPIC,68,18,10,0,TRUE,1995
SAMSUNG_1992_PLY_000764_LN,PLY_000764,1,LIVE_NORMAL,64,12,10,0,TRUE,1992
SAMSUNG_1989_PLY_000764_EPIC,PLY_000764,2,LIVE_EPIC,73,18,10,0,TRUE,1989
SAMSUNG_1990_PLY_000764_EPIC,PLY_000764,2,LIVE_EPIC,67,18,10,0,TRUE,1990
SAMSUNG_1986_PLY_000764_AS,PLY_000764,3,ALLSTAR,79,24,10,10,TRUE,1986
SAMSUNG_1989_PLY_000764_LN,PLY_000764,1,LIVE_NORMAL,59,12,10,0,TRUE,1989
SAMSUNG_2017_PLY_000765_EPIC,PLY_000765,2,LIVE_EPIC,75,18,10,0,TRUE,2017
SAMSUNG_2017_PLY_000765_LN,PLY_000765,1,LIVE_NORMAL,55,12,10,0,TRUE,2017
SAMSUNG_2021_PLY_000765_LN,PLY_000765,1,LIVE_NORMAL,68,12,10,0,TRUE,2021
SAMSUNG_2026_PLY_000765_LN,PLY_000765,1,LIVE_NORMAL,55,12,10,0,TRUE,2026
SAMSUNG_2025_PLY_000765_SIG,PLY_000765,6,SIGNATURE,93,40,10,10,FALSE,2025
SAMSUNG_2003_PLY_000766_EPIC,PLY_000766,2,LIVE_EPIC,75,18,10,0,TRUE,2003
SAMSUNG_2003_PLY_000766_TH,PLY_000766,4,TITLE_HOLDER,80,30,10,10,FALSE,2003
SAMSUNG_2023_PLY_000767_EPIC,PLY_000767,2,LIVE_EPIC,65,18,10,0,TRUE,2023
SAMSUNG_2025_PLY_000767_SIG,PLY_000767,6,SIGNATURE,87,40,10,10,FALSE,2025
SAMSUNG_2026_PLY_000767_AS,PLY_000767,3,ALLSTAR,76,24,10,10,TRUE,2026
SAMSUNG_2023_PLY_000767_AS,PLY_000767,3,ALLSTAR,82,24,10,10,TRUE,2023
SAMSUNG_2026_PLY_000767_TH,PLY_000767,4,TITLE_HOLDER,80,30,10,10,FALSE,2026
SAMSUNG_2026_PLY_000767_EPIC,PLY_000767,2,LIVE_EPIC,66,18,10,0,TRUE,2026
SAMSUNG_2025_PLY_000767_AS,PLY_000767,3,ALLSTAR,77,24,10,10,TRUE,2025
SAMSUNG_2018_PLY_000768_LN,PLY_000768,1,LIVE_NORMAL,65,12,10,0,TRUE,2018
SAMSUNG_2010_PLY_000768_GG,PLY_000768,7,GOLDEN_GLOVE,87,35,10,10,FALSE,2010
SAMSUNG_2017_PLY_000768_EPIC,PLY_000768,2,LIVE_EPIC,75,18,10,0,TRUE,2017
SAMSUNG_2014_PLY_000768_GG,PLY_000768,7,GOLDEN_GLOVE,86,35,10,10,FALSE,2014
SAMSUNG_2009_PLY_000768_LN,PLY_000768,1,LIVE_NORMAL,68,12,10,0,TRUE,2009
SAMSUNG_2014_PLY_000768_LN,PLY_000768,1,LIVE_NORMAL,63,12,10,0,TRUE,2014
SAMSUNG_2009_PLY_000768_GG,PLY_000768,7,GOLDEN_GLOVE,89,35,10,10,FALSE,2009
SAMSUNG_2019_PLY_000768_EPIC,PLY_000768,2,LIVE_EPIC,67,18,10,0,TRUE,2019
SAMSUNG_2007_PLY_000769_LN,PLY_000769,1,LIVE_NORMAL,60,12,10,0,TRUE,2007
SAMSUNG_2006_PLY_000769_EPIC,PLY_000769,2,LIVE_EPIC,70,18,10,0,TRUE,2006
SAMSUNG_2008_PLY_000769_LN,PLY_000769,1,LIVE_NORMAL,66,12,10,0,TRUE,2008
SAMSUNG_2011_PLY_000769_GG,PLY_000769,7,GOLDEN_GLOVE,86,35,10,10,FALSE,2011
SAMSUNG_2010_PLY_000770_GG,PLY_000770,7,GOLDEN_GLOVE,83,35,10,10,FALSE,2010
SAMSUNG_1998_PLY_000770_LN,PLY_000770,1,LIVE_NORMAL,63,12,10,0,TRUE,1998
SAMSUNG_1993_PLY_000770_LN,PLY_000770,1,LIVE_NORMAL,57,12,10,0,TRUE,1993
SAMSUNG_2005_PLY_000770_TH,PLY_000770,4,TITLE_HOLDER,84,30,10,10,FALSE,2005
SAMSUNG_2000_PLY_000770_LN,PLY_000770,1,LIVE_NORMAL,67,12,10,0,TRUE,2000
SAMSUNG_2010_PLY_000770_EPIC,PLY_000770,2,LIVE_EPIC,65,18,10,0,TRUE,2010
SAMSUNG_2008_PLY_000770_EPIC,PLY_000770,2,LIVE_EPIC,75,18,10,0,TRUE,2008
SAMSUNG_2022_PLY_000771_TH,PLY_000771,4,TITLE_HOLDER,82,30,10,10,FALSE,2022
SAMSUNG_2018_PLY_000771_LN,PLY_000771,1,LIVE_NORMAL,61,12,10,0,TRUE,2018
SAMSUNG_2022_PLY_000771_EPIC,PLY_000771,2,LIVE_EPIC,75,18,10,0,TRUE,2022
SAMSUNG_2022_PLY_000771_LN,PLY_000771,1,LIVE_NORMAL,64,12,10,0,TRUE,2022
SAMSUNG_2020_PLY_000771_EPIC,PLY_000771,2,LIVE_EPIC,67,18,10,0,TRUE,2020
SAMSUNG_2018_PLY_000771_EPIC,PLY_000771,2,LIVE_EPIC,75,18,10,0,TRUE,2018
SAMSUNG_2023_PLY_000771_LN,PLY_000771,1,LIVE_NORMAL,65,12,10,0,TRUE,2023
SAMSUNG_2017_PLY_000772_AS,PLY_000772,3,ALLSTAR,77,24,10,10,TRUE,2017
SAMSUNG_2017_PLY_000772_LN,PLY_000772,1,LIVE_NORMAL,61,12,10,0,TRUE,2017
SAMSUNG_2021_PLY_000772_LN,PLY_000772,1,LIVE_NORMAL,57,12,10,0,TRUE,2021
SAMSUNG_2025_PLY_000772_AS,PLY_000772,3,ALLSTAR,78,24,10,10,TRUE,2025
SAMSUNG_2014_PLY_000772_LN,PLY_000772,1,LIVE_NORMAL,56,12,10,0,TRUE,2014
SAMSUNG_2019_PLY_000772_LN,PLY_000772,1,LIVE_NORMAL,57,12,10,0,TRUE,2019
SAMSUNG_2025_PLY_000772_EPIC,PLY_000772,2,LIVE_EPIC,73,18,10,0,TRUE,2025
SAMSUNG_2012_PLY_000773_LN,PLY_000773,1,LIVE_NORMAL,67,12,10,0,TRUE,2012
SAMSUNG_2011_PLY_000773_AS,PLY_000773,3,ALLSTAR,80,24,10,10,TRUE,2011
SAMSUNG_2009_PLY_000773_AS,PLY_000773,3,ALLSTAR,81,24,10,10,TRUE,2009
SAMSUNG_2026_PLY_000774_LN,PLY_000774,1,LIVE_NORMAL,63,12,10,0,TRUE,2026
SAMSUNG_2021_PLY_000774_LN,PLY_000774,1,LIVE_NORMAL,62,12,10,0,TRUE,2021
SAMSUNG_2024_PLY_000774_GG,PLY_000774,7,GOLDEN_GLOVE,87,35,10,10,FALSE,2024
SAMSUNG_2024_PLY_000774_EPIC,PLY_000774,2,LIVE_EPIC,76,18,10,0,TRUE,2024
SAMSUNG_2019_PLY_000774_LN,PLY_000774,1,LIVE_NORMAL,64,12,10,0,TRUE,2019
SAMSUNG_2024_PLY_000774_LN,PLY_000774,1,LIVE_NORMAL,56,12,10,0,TRUE,2024
SAMSUNG_2025_PLY_000774_LN,PLY_000774,1,LIVE_NORMAL,62,12,10,0,TRUE,2025
SAMSUNG_2023_PLY_000774_LN,PLY_000774,1,LIVE_NORMAL,55,12,10,0,TRUE,2023
SAMSUNG_2021_PLY_000774_EPIC,PLY_000774,2,LIVE_EPIC,73,18,10,0,TRUE,2021
SAMSUNG_2022_PLY_000774_LN,PLY_000774,1,LIVE_NORMAL,65,12,10,0,TRUE,2022
SAMSUNG_2019_PLY_000774_EPIC,PLY_000774,2,LIVE_EPIC,66,18,10,0,TRUE,2019
SAMSUNG_2023_PLY_000775_SIG,PLY_000775,6,SIGNATURE,91,40,10,10,FALSE,2023
SAMSUNG_2026_PLY_000775_LN,PLY_000775,1,LIVE_NORMAL,57,12,10,0,TRUE,2026
SAMSUNG_2009_PLY_000776_TH,PLY_000776,4,TITLE_HOLDER,81,30,10,10,FALSE,2009
SAMSUNG_2002_PLY_000776_GG,PLY_000776,7,GOLDEN_GLOVE,86,35,10,10,FALSE,2002
SAMSUNG_1998_PLY_000776_TH,PLY_000776,4,TITLE_HOLDER,83,30,10,10,FALSE,1998
SAMSUNG_2006_PLY_000776_AS,PLY_000776,3,ALLSTAR,80,24,10,10,TRUE,2006
SAMSUNG_2010_PLY_000777_TH,PLY_000777,4,TITLE_HOLDER,85,30,10,10,FALSE,2010
SAMSUNG_2020_PLY_000777_LN,PLY_000777,1,LIVE_NORMAL,68,12,10,0,TRUE,2020
SAMSUNG_2020_PLY_000777_EPIC,PLY_000777,2,LIVE_EPIC,65,18,10,0,TRUE,2020
SAMSUNG_2023_PLY_000777_EPIC,PLY_000777,2,LIVE_EPIC,76,18,10,0,TRUE,2023
SAMSUNG_2018_PLY_000777_EPIC,PLY_000777,2,LIVE_EPIC,71,18,10,0,TRUE,2018
SAMSUNG_2012_PLY_000777_EPIC,PLY_000777,2,LIVE_EPIC,75,18,10,0,TRUE,2012
SAMSUNG_2011_PLY_000777_LN,PLY_000777,1,LIVE_NORMAL,58,12,10,0,TRUE,2011
SAMSUNG_2021_PLY_000778_LN,PLY_000778,1,LIVE_NORMAL,66,12,10,0,TRUE,2021
SAMSUNG_2025_PLY_000778_LN,PLY_000778,1,LIVE_NORMAL,62,12,10,0,TRUE,2025
SAMSUNG_2025_PLY_000778_GG,PLY_000778,7,GOLDEN_GLOVE,85,35,10,10,FALSE,2025
SAMSUNG_2022_PLY_000778_GG,PLY_000778,7,GOLDEN_GLOVE,86,35,10,10,FALSE,2022
SAMSUNG_2022_PLY_000778_EPIC,PLY_000778,2,LIVE_EPIC,72,18,10,0,TRUE,2022
SAMSUNG_2006_PLY_000779_AS,PLY_000779,3,ALLSTAR,74,24,10,10,TRUE,2006
SAMSUNG_2009_PLY_000779_LN,PLY_000779,1,LIVE_NORMAL,57,12,10,0,TRUE,2009
SAMSUNG_2020_PLY_000779_LN,PLY_000779,1,LIVE_NORMAL,55,12,10,0,TRUE,2020
SAMSUNG_2007_PLY_000779_EPIC,PLY_000779,2,LIVE_EPIC,66,18,10,0,TRUE,2007
SAMSUNG_2006_PLY_000779_EPIC,PLY_000779,2,LIVE_EPIC,74,18,10,0,TRUE,2006
SAMSUNG_2007_PLY_000779_LN,PLY_000779,1,LIVE_NORMAL,57,12,10,0,TRUE,2007
SAMSUNG_2003_PLY_000779_LN,PLY_000779,1,LIVE_NORMAL,68,12,10,0,TRUE,2003
SAMSUNG_2006_PLY_000779_LN,PLY_000779,1,LIVE_NORMAL,65,12,10,0,TRUE,2006
SAMSUNG_2016_PLY_000779_EPIC,PLY_000779,2,LIVE_EPIC,73,18,10,0,TRUE,2016
SAMSUNG_2001_PLY_000780_LN,PLY_000780,1,LIVE_NORMAL,62,12,10,0,TRUE,2001
SAMSUNG_1996_PLY_000780_TH,PLY_000780,4,TITLE_HOLDER,82,30,10,10,FALSE,1996
SAMSUNG_2003_PLY_000780_GG,PLY_000780,7,GOLDEN_GLOVE,90,35,10,10,FALSE,2003
SAMSUNG_2008_PLY_000780_LN,PLY_000780,1,LIVE_NORMAL,57,12,10,0,TRUE,2008
SAMSUNG_1996_PLY_000780_GG,PLY_000780,7,GOLDEN_GLOVE,87,35,10,10,FALSE,1996
SAMSUNG_2005_PLY_000780_AS,PLY_000780,3,ALLSTAR,74,24,10,10,TRUE,2005
SAMSUNG_1998_PLY_000780_LN,PLY_000780,1,LIVE_NORMAL,63,12,10,0,TRUE,1998
SAMSUNG_1994_PLY_000780_EPIC,PLY_000780,2,LIVE_EPIC,69,18,10,0,TRUE,1994
SAMSUNG_2006_PLY_000780_EPIC,PLY_000780,2,LIVE_EPIC,70,18,10,0,TRUE,2006
SAMSUNG_2002_PLY_000780_EPIC,PLY_000780,2,LIVE_EPIC,69,18,10,0,TRUE,2002
SAMSUNG_2000_PLY_000780_EPIC,PLY_000780,2,LIVE_EPIC,73,18,10,0,TRUE,2000
SAMSUNG_1999_PLY_000780_EPIC,PLY_000780,2,LIVE_EPIC,71,18,10,0,TRUE,1999
SAMSUNG_1988_PLY_000781_LN,PLY_000781,1,LIVE_NORMAL,61,12,10,0,TRUE,1988
SAMSUNG_1993_PLY_000781_EPIC,PLY_000781,2,LIVE_EPIC,74,18,10,0,TRUE,1993
SAMSUNG_1989_PLY_000781_EPIC,PLY_000781,2,LIVE_EPIC,76,18,10,0,TRUE,1989
SAMSUNG_1990_PLY_000781_LN,PLY_000781,1,LIVE_NORMAL,68,12,10,0,TRUE,1990
SAMSUNG_1994_PLY_000781_TH,PLY_000781,4,TITLE_HOLDER,80,30,10,10,FALSE,1994
SAMSUNG_2016_PLY_000782_EPIC,PLY_000782,2,LIVE_EPIC,66,18,10,0,TRUE,2016
SAMSUNG_2021_PLY_000782_AS,PLY_000782,3,ALLSTAR,76,24,10,10,TRUE,2021
SAMSUNG_2025_PLY_000782_GG,PLY_000782,7,GOLDEN_GLOVE,89,35,10,10,FALSE,2025
SAMSUNG_2022_PLY_000782_AS,PLY_000782,3,ALLSTAR,82,24,10,10,TRUE,2022
SAMSUNG_2025_PLY_000782_EPIC,PLY_000782,2,LIVE_EPIC,72,18,10,0,TRUE,2025
SAMSUNG_2016_PLY_000782_LN,PLY_000782,1,LIVE_NORMAL,61,12,10,0,TRUE,2016
SAMSUNG_2025_PLY_000782_AS,PLY_000782,3,ALLSTAR,76,24,10,10,TRUE,2025
SAMSUNG_2015_PLY_000782_LN,PLY_000782,1,LIVE_NORMAL,67,12,10,0,TRUE,2015
SAMSUNG_2020_PLY_000783_EPIC,PLY_000783,2,LIVE_EPIC,70,18,10,0,TRUE,2020
SAMSUNG_2016_PLY_000784_GG,PLY_000784,7,GOLDEN_GLOVE,83,35,10,10,FALSE,2016
SAMSUNG_2019_PLY_000784_LN,PLY_000784,1,LIVE_NORMAL,60,12,10,0,TRUE,2019
SAMSUNG_2016_PLY_000784_LN,PLY_000784,1,LIVE_NORMAL,67,12,10,0,TRUE,2016
SAMSUNG_2018_PLY_000784_AS,PLY_000784,3,ALLSTAR,78,24,10,10,TRUE,2018
SAMSUNG_2017_PLY_000784_EPIC,PLY_000784,2,LIVE_EPIC,70,18,10,0,TRUE,2017
SAMSUNG_2017_PLY_000784_AS,PLY_000784,3,ALLSTAR,75,24,10,10,TRUE,2017
SAMSUNG_2015_PLY_000784_LN,PLY_000784,1,LIVE_NORMAL,58,12,10,0,TRUE,2015
SAMSUNG_2010_PLY_000785_AS,PLY_000785,3,ALLSTAR,75,24,10,10,TRUE,2010
SAMSUNG_2009_PLY_000785_LN,PLY_000785,1,LIVE_NORMAL,55,12,10,0,TRUE,2009
SAMSUNG_2014_PLY_000785_TH,PLY_000785,4,TITLE_HOLDER,83,30,10,10,FALSE,2014
SAMSUNG_2007_PLY_000785_AS,PLY_000785,3,ALLSTAR,82,24,10,10,TRUE,2007
SAMSUNG_2012_PLY_000785_AS,PLY_000785,3,ALLSTAR,74,24,10,10,TRUE,2012
SAMSUNG_2016_PLY_000785_LN,PLY_000785,1,LIVE_NORMAL,63,12,10,0,TRUE,2016
SAMSUNG_2010_PLY_000786_LN,PLY_000786,1,LIVE_NORMAL,59,12,10,0,TRUE,2010
SAMSUNG_2014_PLY_000786_AS,PLY_000786,3,ALLSTAR,78,24,10,10,TRUE,2014
SAMSUNG_2013_PLY_000786_EPIC,PLY_000786,2,LIVE_EPIC,74,18,10,0,TRUE,2013
SAMSUNG_2015_PLY_000786_LN,PLY_000786,1,LIVE_NORMAL,60,12,10,0,TRUE,2015
SAMSUNG_2014_PLY_000786_EPIC,PLY_000786,2,LIVE_EPIC,66,18,10,0,TRUE,2014
SAMSUNG_2004_PLY_000786_AS,PLY_000786,3,ALLSTAR,81,24,10,10,TRUE,2004
SAMSUNG_2019_PLY_000786_LN,PLY_000786,1,LIVE_NORMAL,66,12,10,0,TRUE,2019
SAMSUNG_2005_PLY_000786_LN,PLY_000786,1,LIVE_NORMAL,57,12,10,0,TRUE,2005
SAMSUNG_2020_PLY_000786_LN,PLY_000786,1,LIVE_NORMAL,55,12,10,0,TRUE,2020
SAMSUNG_2021_PLY_000786_TH,PLY_000786,4,TITLE_HOLDER,81,30,10,10,FALSE,2021
SAMSUNG_2022_PLY_000786_LN,PLY_000786,1,LIVE_NORMAL,56,12,10,0,TRUE,2022
SAMSUNG_2005_PLY_000786_TH,PLY_000786,4,TITLE_HOLDER,87,30,10,10,FALSE,2005
SAMSUNG_1998_PLY_000787_LN,PLY_000787,1,LIVE_NORMAL,57,12,10,0,TRUE,1998
SAMSUNG_1991_PLY_000787_EPIC,PLY_000787,2,LIVE_EPIC,71,18,10,0,TRUE,1991
SAMSUNG_2025_PLY_000788_AS,PLY_000788,3,ALLSTAR,83,24,10,10,TRUE,2025
SAMSUNG_2024_PLY_000788_LN,PLY_000788,1,LIVE_NORMAL,60,12,10,0,TRUE,2024
SAMSUNG_2022_PLY_000788_EPIC,PLY_000788,2,LIVE_EPIC,72,18,10,0,TRUE,2022
SAMSUNG_2024_PLY_000788_AS,PLY_000788,3,ALLSTAR,82,24,10,10,TRUE,2024
SAMSUNG_2023_PLY_000789_LN,PLY_000789,1,LIVE_NORMAL,59,12,10,0,TRUE,2023
SAMSUNG_2022_PLY_000789_AS,PLY_000789,3,ALLSTAR,75,24,10,10,TRUE,2022
SAMSUNG_2025_PLY_000789_LN,PLY_000789,1,LIVE_NORMAL,64,12,10,0,TRUE,2025
SAMSUNG_2022_PLY_000789_EPIC,PLY_000789,2,LIVE_EPIC,65,18,10,0,TRUE,2022
SAMSUNG_2023_PLY_000789_SIG,PLY_000789,6,SIGNATURE,89,40,10,10,FALSE,2023
SAMSUNG_2025_PLY_000789_TH,PLY_000789,4,TITLE_HOLDER,80,30,10,10,FALSE,2025
SAMSUNG_2002_PLY_000790_EPIC,PLY_000790,2,LIVE_EPIC,71,18,10,0,TRUE,2002
SAMSUNG_2002_PLY_000790_LN,PLY_000790,1,LIVE_NORMAL,65,12,10,0,TRUE,2002
SAMSUNG_2003_PLY_000790_AS,PLY_000790,3,ALLSTAR,75,24,10,10,TRUE,2003
SAMSUNG_2002_PLY_000790_TH,PLY_000790,4,TITLE_HOLDER,82,30,10,10,FALSE,2002
SAMSUNG_2003_PLY_000790_LN,PLY_000790,1,LIVE_NORMAL,62,12,10,0,TRUE,2003
SAMSUNG_1995_PLY_000791_LN,PLY_000791,1,LIVE_NORMAL,55,12,10,0,TRUE,1995
SAMSUNG_1989_PLY_000791_EPIC,PLY_000791,2,LIVE_EPIC,69,18,10,0,TRUE,1989
SAMSUNG_1989_PLY_000791_LN,PLY_000791,1,LIVE_NORMAL,57,12,10,0,TRUE,1989
SAMSUNG_1993_PLY_000791_AS,PLY_000791,3,ALLSTAR,82,24,10,10,TRUE,1993
SAMSUNG_1991_PLY_000791_TH,PLY_000791,4,TITLE_HOLDER,85,30,10,10,FALSE,1991
SAMSUNG_1992_PLY_000791_LN,PLY_000791,1,LIVE_NORMAL,66,12,10,0,TRUE,1992
SAMSUNG_1994_PLY_000791_LN,PLY_000791,1,LIVE_NORMAL,62,12,10,0,TRUE,1994
SAMSUNG_1996_PLY_000791_AS,PLY_000791,3,ALLSTAR,75,24,10,10,TRUE,1996
SAMSUNG_1996_PLY_000791_LN,PLY_000791,1,LIVE_NORMAL,66,12,10,0,TRUE,1996
SAMSUNG_1993_PLY_000791_LN,PLY_000791,1,LIVE_NORMAL,60,12,10,0,TRUE,1993
SAMSUNG_1990_PLY_000791_LN,PLY_000791,1,LIVE_NORMAL,65,12,10,0,TRUE,1990
SAMSUNG_2020_PLY_000792_LN,PLY_000792,1,LIVE_NORMAL,62,12,10,0,TRUE,2020
SAMSUNG_2026_PLY_000792_TH,PLY_000792,4,TITLE_HOLDER,84,30,10,10,FALSE,2026
SAMSUNG_2023_PLY_000792_EPIC,PLY_000792,2,LIVE_EPIC,74,18,10,0,TRUE,2023
SAMSUNG_2025_PLY_000792_LN,PLY_000792,1,LIVE_NORMAL,60,12,10,0,TRUE,2025
SAMSUNG_2022_PLY_000792_LN,PLY_000792,1,LIVE_NORMAL,68,12,10,0,TRUE,2022
SAMSUNG_2022_PLY_000792_EPIC,PLY_000792,2,LIVE_EPIC,68,18,10,0,TRUE,2022
SAMSUNG_2025_PLY_000792_EPIC,PLY_000792,2,LIVE_EPIC,72,18,10,0,TRUE,2025
SAMSUNG_2020_PLY_000792_AS,PLY_000792,3,ALLSTAR,74,24,10,10,TRUE,2020
SAMSUNG_2022_PLY_000792_SIG,PLY_000792,6,SIGNATURE,94,40,10,10,FALSE,2022
SAMSUNG_2003_PLY_000793_EPIC,PLY_000793,2,LIVE_EPIC,65,18,10,0,TRUE,2003
SAMSUNG_2006_PLY_000793_EPIC,PLY_000793,2,LIVE_EPIC,66,18,10,0,TRUE,2006
SAMSUNG_2020_PLY_000794_EPIC,PLY_000794,2,LIVE_EPIC,67,18,10,0,TRUE,2020
SAMSUNG_2022_PLY_000794_LN,PLY_000794,1,LIVE_NORMAL,66,12,10,0,TRUE,2022
SAMSUNG_2024_PLY_000794_AS,PLY_000794,3,ALLSTAR,81,24,10,10,TRUE,2024
SAMSUNG_2026_PLY_000794_GG,PLY_000794,7,GOLDEN_GLOVE,90,35,10,10,FALSE,2026
SAMSUNG_2019_PLY_000794_LN,PLY_000794,1,LIVE_NORMAL,61,12,10,0,TRUE,2019
SAMSUNG_2019_PLY_000794_AS,PLY_000794,3,ALLSTAR,83,24,10,10,TRUE,2019
SAMSUNG_2023_PLY_000794_EPIC,PLY_000794,2,LIVE_EPIC,76,18,10,0,TRUE,2023
SAMSUNG_2024_PLY_000794_EPIC,PLY_000794,2,LIVE_EPIC,76,18,10,0,TRUE,2024
SAMSUNG_2023_PLY_000794_LN,PLY_000794,1,LIVE_NORMAL,67,12,10,0,TRUE,2023
SAMSUNG_2022_PLY_000794_AS,PLY_000794,3,ALLSTAR,80,24,10,10,TRUE,2022
SAMSUNG_2019_PLY_000794_GG,PLY_000794,7,GOLDEN_GLOVE,85,35,10,10,FALSE,2019
SAMSUNG_2019_PLY_000795_AS,PLY_000795,3,ALLSTAR,81,24,10,10,TRUE,2019
SAMSUNG_2013_PLY_000795_LN,PLY_000795,1,LIVE_NORMAL,65,12,10,0,TRUE,2013
SAMSUNG_2019_PLY_000795_EPIC,PLY_000795,2,LIVE_EPIC,75,18,10,0,TRUE,2019
SAMSUNG_2011_PLY_000795_EPIC,PLY_000795,2,LIVE_EPIC,70,18,10,0,TRUE,2011
SAMSUNG_2015_PLY_000795_AS,PLY_000795,3,ALLSTAR,77,24,10,10,TRUE,2015
SAMSUNG_2020_PLY_000795_AS,PLY_000795,3,ALLSTAR,79,24,10,10,TRUE,2020
SAMSUNG_2018_PLY_000795_TH,PLY_000795,4,TITLE_HOLDER,84,30,10,10,FALSE,2018
SAMSUNG_2014_PLY_000795_GG,PLY_000795,7,GOLDEN_GLOVE,88,35,10,10,FALSE,2014
SAMSUNG_2014_PLY_000795_AS,PLY_000795,3,ALLSTAR,75,24,10,10,TRUE,2014
SAMSUNG_2010_PLY_000795_AS,PLY_000795,3,ALLSTAR,76,24,10,10,TRUE,2010
SAMSUNG_2017_PLY_000795_LN,PLY_000795,1,LIVE_NORMAL,61,12,10,0,TRUE,2017
SAMSUNG_2010_PLY_000795_TH,PLY_000795,4,TITLE_HOLDER,82,30,10,10,FALSE,2010
SAMSUNG_2016_PLY_000796_EPIC,PLY_000796,2,LIVE_EPIC,66,18,10,0,TRUE,2016
SAMSUNG_2014_PLY_000796_AS,PLY_000796,3,ALLSTAR,81,24,10,10,TRUE,2014
SAMSUNG_2018_PLY_000796_LN,PLY_000796,1,LIVE_NORMAL,61,12,10,0,TRUE,2018
SAMSUNG_2024_PLY_000796_TH,PLY_000796,4,TITLE_HOLDER,87,30,10,10,FALSE,2024
SAMSUNG_2017_PLY_000796_EPIC,PLY_000796,2,LIVE_EPIC,70,18,10,0,TRUE,2017
SAMSUNG_2026_PLY_000796_LN,PLY_000796,1,LIVE_NORMAL,57,12,10,0,TRUE,2026
SAMSUNG_2020_PLY_000796_EPIC,PLY_000796,2,LIVE_EPIC,67,18,10,0,TRUE,2020
SAMSUNG_2026_PLY_000796_AS,PLY_000796,3,ALLSTAR,74,24,10,10,TRUE,2026
SAMSUNG_2018_PLY_000796_AS,PLY_000796,3,ALLSTAR,83,24,10,10,TRUE,2018
SAMSUNG_2014_PLY_000797_EPIC,PLY_000797,2,LIVE_EPIC,71,18,10,0,TRUE,2014
SAMSUNG_2013_PLY_000797_LN,PLY_000797,1,LIVE_NORMAL,63,12,10,0,TRUE,2013
SAMSUNG_2011_PLY_000797_LN,PLY_000797,1,LIVE_NORMAL,63,12,10,0,TRUE,2011
SAMSUNG_2013_PLY_000797_EPIC,PLY_000797,2,LIVE_EPIC,73,18,10,0,TRUE,2013
SAMSUNG_2011_PLY_000797_EPIC,PLY_000797,2,LIVE_EPIC,72,18,10,0,TRUE,2011
SAMSUNG_2012_PLY_000797_AS,PLY_000797,3,ALLSTAR,81,24,10,10,TRUE,2012
SAMSUNG_2012_PLY_000797_EPIC,PLY_000797,2,LIVE_EPIC,70,18,10,0,TRUE,2012
SAMSUNG_2014_PLY_000798_EPIC,PLY_000798,2,LIVE_EPIC,72,18,10,0,TRUE,2014
SAMSUNG_2009_PLY_000798_GG,PLY_000798,7,GOLDEN_GLOVE,84,35,10,10,FALSE,2009
SAMSUNG_2008_PLY_000798_LN,PLY_000798,1,LIVE_NORMAL,66,12,10,0,TRUE,2008
SAMSUNG_2013_PLY_000798_EPIC,PLY_000798,2,LIVE_EPIC,73,18,10,0,TRUE,2013
SAMSUNG_2004_PLY_000798_TH,PLY_000798,4,TITLE_HOLDER,83,30,10,10,FALSE,2004
SAMSUNG_2015_PLY_000798_LN,PLY_000798,1,LIVE_NORMAL,58,12,10,0,TRUE,2015
SAMSUNG_2012_PLY_000798_EPIC,PLY_000798,2,LIVE_EPIC,74,18,10,0,TRUE,2012
SAMSUNG_2017_PLY_000798_LN,PLY_000798,1,LIVE_NORMAL,67,12,10,0,TRUE,2017
SAMSUNG_1995_PLY_000799_LN,PLY_000799,1,LIVE_NORMAL,56,12,10,0,TRUE,1995
SAMSUNG_1991_PLY_000799_LN,PLY_000799,1,LIVE_NORMAL,66,12,10,0,TRUE,1991
SAMSUNG_1994_PLY_000800_TH,PLY_000800,4,TITLE_HOLDER,83,30,10,10,FALSE,1994
SAMSUNG_1989_PLY_000800_LN,PLY_000800,1,LIVE_NORMAL,58,12,10,0,TRUE,1989
SAMSUNG_2003_PLY_000800_TH,PLY_000800,4,TITLE_HOLDER,87,30,10,10,FALSE,2003
SAMSUNG_1996_PLY_000800_LN,PLY_000800,1,LIVE_NORMAL,68,12,10,0,TRUE,1996
SAMSUNG_2022_PLY_000801_LN,PLY_000801,1,LIVE_NORMAL,62,12,10,0,TRUE,2022
SAMSUNG_2015_PLY_000801_AS,PLY_000801,3,ALLSTAR,80,24,10,10,TRUE,2015
SAMSUNG_2019_PLY_000801_EPIC,PLY_000801,2,LIVE_EPIC,67,18,10,0,TRUE,2019
SAMSUNG_2016_PLY_000801_GG,PLY_000801,7,GOLDEN_GLOVE,84,35,10,10,FALSE,2016
SAMSUNG_2016_PLY_000801_EPIC,PLY_000801,2,LIVE_EPIC,69,18,10,0,TRUE,2016
SAMSUNG_2026_PLY_000802_LN,PLY_000802,1,LIVE_NORMAL,67,12,10,0,TRUE,2026
SAMSUNG_2016_PLY_000802_TH,PLY_000802,4,TITLE_HOLDER,81,30,10,10,FALSE,2016
SAMSUNG_2025_PLY_000802_LN,PLY_000802,1,LIVE_NORMAL,58,12,10,0,TRUE,2025
SAMSUNG_2021_PLY_000802_LN,PLY_000802,1,LIVE_NORMAL,58,12,10,0,TRUE,2021
SAMSUNG_2021_PLY_000803_SIG,PLY_000803,6,SIGNATURE,90,40,10,10,FALSE,2021
SAMSUNG_2024_PLY_000803_LN,PLY_000803,1,LIVE_NORMAL,68,12,10,0,TRUE,2024
SAMSUNG_2021_PLY_000803_AS,PLY_000803,3,ALLSTAR,81,24,10,10,TRUE,2021
SAMSUNG_2026_PLY_000803_LN,PLY_000803,1,LIVE_NORMAL,57,12,10,0,TRUE,2026
SAMSUNG_2019_PLY_000803_LN,PLY_000803,1,LIVE_NORMAL,58,12,10,0,TRUE,2019
SAMSUNG_2020_PLY_000803_LN,PLY_000803,1,LIVE_NORMAL,63,12,10,0,TRUE,2020
SAMSUNG_2025_PLY_000803_TH,PLY_000803,4,TITLE_HOLDER,87,30,10,10,FALSE,2025
SAMSUNG_2020_PLY_000803_AS,PLY_000803,3,ALLSTAR,77,24,10,10,TRUE,2020
SAMSUNG_2019_PLY_000804_EPIC,PLY_000804,2,LIVE_EPIC,66,18,10,0,TRUE,2019
SAMSUNG_2020_PLY_000804_SIG,PLY_000804,6,SIGNATURE,89,40,10,10,FALSE,2020
SAMSUNG_2019_PLY_000804_AS,PLY_000804,3,ALLSTAR,82,24,10,10,TRUE,2019
SAMSUNG_2019_PLY_000804_TH,PLY_000804,4,TITLE_HOLDER,82,30,10,10,FALSE,2019
SAMSUNG_2020_PLY_000804_LN,PLY_000804,1,LIVE_NORMAL,68,12,10,0,TRUE,2020
SAMSUNG_2021_PLY_000804_EPIC,PLY_000804,2,LIVE_EPIC,67,18,10,0,TRUE,2021
SAMSUNG_2021_PLY_000804_SIG,PLY_000804,6,SIGNATURE,89,40,10,10,FALSE,2021
SAMSUNG_2021_PLY_000804_LN,PLY_000804,1,LIVE_NORMAL,66,12,10,0,TRUE,2021
SAMSUNG_2021_PLY_000804_AS,PLY_000804,3,ALLSTAR,75,24,10,10,TRUE,2021
SAMSUNG_2018_PLY_000804_SIG,PLY_000804,6,SIGNATURE,94,40,10,10,FALSE,2018
SAMSUNG_2023_PLY_000805_EPIC,PLY_000805,2,LIVE_EPIC,72,18,10,0,TRUE,2023
SAMSUNG_2025_PLY_000805_LN,PLY_000805,1,LIVE_NORMAL,64,12,10,0,TRUE,2025
SAMSUNG_2025_PLY_000805_TH,PLY_000805,4,TITLE_HOLDER,83,30,10,10,FALSE,2025
SAMSUNG_2017_PLY_000805_LN,PLY_000805,1,LIVE_NORMAL,58,12,10,0,TRUE,2017
SAMSUNG_2020_PLY_000805_EPIC,PLY_000805,2,LIVE_EPIC,75,18,10,0,TRUE,2020
SAMSUNG_2019_PLY_000805_EPIC,PLY_000805,2,LIVE_EPIC,75,18,10,0,TRUE,2019
SAMSUNG_2024_PLY_000805_EPIC,PLY_000805,2,LIVE_EPIC,72,18,10,0,TRUE,2024
SAMSUNG_2016_PLY_000805_LN,PLY_000805,1,LIVE_NORMAL,64,12,10,0,TRUE,2016
SAMSUNG_2019_PLY_000805_AS,PLY_000805,3,ALLSTAR,82,24,10,10,TRUE,2019
SAMSUNG_2015_PLY_000805_EPIC,PLY_000805,2,LIVE_EPIC,76,18,10,0,TRUE,2015
SAMSUNG_2024_PLY_000805_SIG,PLY_000805,6,SIGNATURE,88,40,10,10,FALSE,2024
SAMSUNG_1996_PLY_000806_LN,PLY_000806,1,LIVE_NORMAL,64,12,10,0,TRUE,1996
SAMSUNG_1993_PLY_000806_LN,PLY_000806,1,LIVE_NORMAL,55,12,10,0,TRUE,1993
SAMSUNG_1991_PLY_000806_TH,PLY_000806,4,TITLE_HOLDER,86,30,10,10,FALSE,1991
SAMSUNG_1991_PLY_000806_LN,PLY_000806,1,LIVE_NORMAL,56,12,10,0,TRUE,1991
SAMSUNG_1988_PLY_000806_AS,PLY_000806,3,ALLSTAR,75,24,10,10,TRUE,1988
SAMSUNG_1992_PLY_000806_LN,PLY_000806,1,LIVE_NORMAL,65,12,10,0,TRUE,1992
SAMSUNG_1992_PLY_000806_GG,PLY_000806,7,GOLDEN_GLOVE,89,35,10,10,FALSE,1992
SAMSUNG_1993_PLY_000806_EPIC,PLY_000806,2,LIVE_EPIC,73,18,10,0,TRUE,1993
SAMSUNG_2004_PLY_000807_LN,PLY_000807,1,LIVE_NORMAL,67,12,10,0,TRUE,2004
SAMSUNG_2007_PLY_000807_LN,PLY_000807,1,LIVE_NORMAL,64,12,10,0,TRUE,2007
SAMSUNG_1996_PLY_000807_LN,PLY_000807,1,LIVE_NORMAL,59,12,10,0,TRUE,1996
SAMSUNG_2004_PLY_000807_AS,PLY_000807,3,ALLSTAR,75,24,10,10,TRUE,2004
SAMSUNG_2007_PLY_000807_EPIC,PLY_000807,2,LIVE_EPIC,74,18,10,0,TRUE,2007
SAMSUNG_2003_PLY_000807_LN,PLY_000807,1,LIVE_NORMAL,66,12,10,0,TRUE,2003
SAMSUNG_2005_PLY_000807_EPIC,PLY_000807,2,LIVE_EPIC,74,18,10,0,TRUE,2005
SAMSUNG_2005_PLY_000807_TH,PLY_000807,4,TITLE_HOLDER,84,30,10,10,FALSE,2005
SAMSUNG_1997_PLY_000808_SIG,PLY_000808,6,SIGNATURE,90,40,10,10,FALSE,1997
SAMSUNG_1999_PLY_000808_LN,PLY_000808,1,LIVE_NORMAL,55,12,10,0,TRUE,1999
SAMSUNG_2018_PLY_000809_AS,PLY_000809,3,ALLSTAR,80,24,10,10,TRUE,2018
SAMSUNG_2023_PLY_000809_GG,PLY_000809,7,GOLDEN_GLOVE,87,35,10,10,FALSE,2023
SAMSUNG_2017_PLY_000809_EPIC,PLY_000809,2,LIVE_EPIC,68,18,10,0,TRUE,2017
SAMSUNG_2020_PLY_000809_LN,PLY_000809,1,LIVE_NORMAL,64,12,10,0,TRUE,2020
SAMSUNG_2017_PLY_000809_TH,PLY_000809,4,TITLE_HOLDER,81,30,10,10,FALSE,2017
SAMSUNG_2019_PLY_000809_SIG,PLY_000809,6,SIGNATURE,94,40,10,10,FALSE,2019
SAMSUNG_2015_PLY_000809_LN,PLY_000809,1,LIVE_NORMAL,62,12,10,0,TRUE,2015
SAMSUNG_2017_PLY_000809_LN,PLY_000809,1,LIVE_NORMAL,63,12,10,0,TRUE,2017
SAMSUNG_2019_PLY_000809_LN,PLY_000809,1,LIVE_NORMAL,57,12,10,0,TRUE,2019
SAMSUNG_2016_PLY_000809_EPIC,PLY_000809,2,LIVE_EPIC,73,18,10,0,TRUE,2016
SAMSUNG_1992_PLY_000810_LN,PLY_000810,1,LIVE_NORMAL,62,12,10,0,TRUE,1992
SAMSUNG_1995_PLY_000810_EPIC,PLY_000810,2,LIVE_EPIC,73,18,10,0,TRUE,1995
SAMSUNG_1993_PLY_000810_LN,PLY_000810,1,LIVE_NORMAL,61,12,10,0,TRUE,1993
SAMSUNG_1997_PLY_000810_EPIC,PLY_000810,2,LIVE_EPIC,69,18,10,0,TRUE,1997
SAMSUNG_1993_PLY_000810_AS,PLY_000810,3,ALLSTAR,82,24,10,10,TRUE,1993
SAMSUNG_1994_PLY_000810_LN,PLY_000810,1,LIVE_NORMAL,56,12,10,0,TRUE,1994
SAMSUNG_1995_PLY_000810_LN,PLY_000810,1,LIVE_NORMAL,62,12,10,0,TRUE,1995
SAMSUNG_1998_PLY_000810_TH,PLY_000810,4,TITLE_HOLDER,87,30,10,10,FALSE,1998
SAMSUNG_1997_PLY_000810_SIG,PLY_000810,6,SIGNATURE,87,40,10,10,FALSE,1997
SAMSUNG_1999_PLY_000810_LN,PLY_000810,1,LIVE_NORMAL,66,12,10,0,TRUE,1999
SAMSUNG_2001_PLY_000811_EPIC,PLY_000811,2,LIVE_EPIC,70,18,10,0,TRUE,2001
SAMSUNG_2010_PLY_000811_EPIC,PLY_000811,2,LIVE_EPIC,70,18,10,0,TRUE,2010
SAMSUNG_2002_PLY_000811_LN,PLY_000811,1,LIVE_NORMAL,61,12,10,0,TRUE,2002
SAMSUNG_1993_PLY_000811_EPIC,PLY_000811,2,LIVE_EPIC,69,18,10,0,TRUE,1993
SAMSUNG_2011_PLY_000811_SIG,PLY_000811,6,SIGNATURE,92,40,10,10,FALSE,2011
SAMSUNG_2021_PLY_000812_AS,PLY_000812,3,ALLSTAR,74,24,10,10,TRUE,2021
SAMSUNG_2022_PLY_000812_LN,PLY_000812,1,LIVE_NORMAL,56,12,10,0,TRUE,2022
SAMSUNG_2022_PLY_000812_EPIC,PLY_000812,2,LIVE_EPIC,65,18,10,0,TRUE,2022
SAMSUNG_2026_PLY_000812_AS,PLY_000812,3,ALLSTAR,82,24,10,10,TRUE,2026
SAMSUNG_2011_PLY_000813_LN,PLY_000813,1,LIVE_NORMAL,56,12,10,0,TRUE,2011
SAMSUNG_2011_PLY_000813_AS,PLY_000813,3,ALLSTAR,75,24,10,10,TRUE,2011
SAMSUNG_2008_PLY_000813_LN,PLY_000813,1,LIVE_NORMAL,62,12,10,0,TRUE,2008
SAMSUNG_2006_PLY_000813_LN,PLY_000813,1,LIVE_NORMAL,63,12,10,0,TRUE,2006
SAMSUNG_2013_PLY_000813_EPIC,PLY_000813,2,LIVE_EPIC,76,18,10,0,TRUE,2013
SAMSUNG_2010_PLY_000813_LN,PLY_000813,1,LIVE_NORMAL,63,12,10,0,TRUE,2010
SAMSUNG_2015_PLY_000814_AS,PLY_000814,3,ALLSTAR,78,24,10,10,TRUE,2015
SAMSUNG_2016_PLY_000814_LN,PLY_000814,1,LIVE_NORMAL,60,12,10,0,TRUE,2016
SAMSUNG_2021_PLY_000814_GG,PLY_000814,7,GOLDEN_GLOVE,85,35,10,10,FALSE,2021
SAMSUNG_2017_PLY_000814_LN,PLY_000814,1,LIVE_NORMAL,67,12,10,0,TRUE,2017
SAMSUNG_2024_PLY_000814_AS,PLY_000814,3,ALLSTAR,82,24,10,10,TRUE,2024
SAMSUNG_2024_PLY_000814_LN,PLY_000814,1,LIVE_NORMAL,57,12,10,0,TRUE,2024
SAMSUNG_1999_PLY_000815_LN,PLY_000815,1,LIVE_NORMAL,64,12,10,0,TRUE,1999
SAMSUNG_1993_PLY_000815_EPIC,PLY_000815,2,LIVE_EPIC,74,18,10,0,TRUE,1993
SAMSUNG_2008_PLY_000815_EPIC,PLY_000815,2,LIVE_EPIC,74,18,10,0,TRUE,2008
SAMSUNG_2007_PLY_000815_AS,PLY_000815,3,ALLSTAR,75,24,10,10,TRUE,2007
SAMSUNG_1995_PLY_000816_EPIC,PLY_000816,2,LIVE_EPIC,72,18,10,0,TRUE,1995
SAMSUNG_1997_PLY_000816_SIG,PLY_000816,6,SIGNATURE,89,40,10,10,FALSE,1997
SAMSUNG_1998_PLY_000816_EPIC,PLY_000816,2,LIVE_EPIC,72,18,10,0,TRUE,1998
SAMSUNG_2000_PLY_000816_LN,PLY_000816,1,LIVE_NORMAL,62,12,10,0,TRUE,2000
SAMSUNG_1992_PLY_000816_SIG,PLY_000816,6,SIGNATURE,89,40,10,10,FALSE,1992
SAMSUNG_1997_PLY_000816_LN,PLY_000816,1,LIVE_NORMAL,56,12,10,0,TRUE,1997
SAMSUNG_1992_PLY_000816_GG,PLY_000816,7,GOLDEN_GLOVE,87,35,10,10,FALSE,1992
SAMSUNG_2001_PLY_000816_LN,PLY_000816,1,LIVE_NORMAL,60,12,10,0,TRUE,2001
SAMSUNG_1992_PLY_000816_AS,PLY_000816,3,ALLSTAR,77,24,10,10,TRUE,1992
SAMSUNG_2020_PLY_000817_LN,PLY_000817,1,LIVE_NORMAL,64,12,10,0,TRUE,2020
SAMSUNG_2021_PLY_000817_LN,PLY_000817,1,LIVE_NORMAL,60,12,10,0,TRUE,2021
SAMSUNG_2011_PLY_000817_LN,PLY_000817,1,LIVE_NORMAL,62,12,10,0,TRUE,2011
SAMSUNG_2022_PLY_000817_LN,PLY_000817,1,LIVE_NORMAL,62,12,10,0,TRUE,2022
SAMSUNG_2017_PLY_000817_LN,PLY_000817,1,LIVE_NORMAL,66,12,10,0,TRUE,2017
SAMSUNG_2008_PLY_000817_GG,PLY_000817,7,GOLDEN_GLOVE,90,35,10,10,FALSE,2008
SAMSUNG_2017_PLY_000817_EPIC,PLY_000817,2,LIVE_EPIC,72,18,10,0,TRUE,2017
SAMSUNG_2016_PLY_000817_TH,PLY_000817,4,TITLE_HOLDER,84,30,10,10,FALSE,2016
SAMSUNG_2016_PLY_000817_EPIC,PLY_000817,2,LIVE_EPIC,66,18,10,0,TRUE,2016
SAMSUNG_2007_PLY_000817_LN,PLY_000817,1,LIVE_NORMAL,65,12,10,0,TRUE,2007
SAMSUNG_2007_PLY_000818_LN,PLY_000818,1,LIVE_NORMAL,56,12,10,0,TRUE,2007
SAMSUNG_2014_PLY_000818_TH,PLY_000818,4,TITLE_HOLDER,85,30,10,10,FALSE,2014
SAMSUNG_2003_PLY_000818_LN,PLY_000818,1,LIVE_NORMAL,56,12,10,0,TRUE,2003
SAMSUNG_2013_PLY_000818_EPIC,PLY_000818,2,LIVE_EPIC,67,18,10,0,TRUE,2013
SAMSUNG_2023_PLY_000819_AS,PLY_000819,3,ALLSTAR,81,24,10,10,TRUE,2023
SAMSUNG_2025_PLY_000819_EPIC,PLY_000819,2,LIVE_EPIC,75,18,10,0,TRUE,2025
SAMSUNG_2024_PLY_000819_LN,PLY_000819,1,LIVE_NORMAL,56,12,10,0,TRUE,2024
SAMSUNG_2019_PLY_000819_LN,PLY_000819,1,LIVE_NORMAL,66,12,10,0,TRUE,2019
SAMSUNG_2023_PLY_000819_GG,PLY_000819,7,GOLDEN_GLOVE,90,35,10,10,FALSE,2023
SAMSUNG_2025_PLY_000819_LN,PLY_000819,1,LIVE_NORMAL,63,12,10,0,TRUE,2025
SAMSUNG_2026_PLY_000819_GG,PLY_000819,7,GOLDEN_GLOVE,85,35,10,10,FALSE,2026
SAMSUNG_2022_PLY_000819_TH,PLY_000819,4,TITLE_HOLDER,86,30,10,10,FALSE,2022
SAMSUNG_2026_PLY_000819_EPIC,PLY_000819,2,LIVE_EPIC,76,18,10,0,TRUE,2026
SAMSUNG_2023_PLY_000820_EPIC,PLY_000820,2,LIVE_EPIC,66,18,10,0,TRUE,2023
SAMSUNG_2022_PLY_000820_TH,PLY_000820,4,TITLE_HOLDER,82,30,10,10,FALSE,2022
SAMSUNG_2022_PLY_000820_EPIC,PLY_000820,2,LIVE_EPIC,75,18,10,0,TRUE,2022
SAMSUNG_2020_PLY_000820_LN,PLY_000820,1,LIVE_NORMAL,68,12,10,0,TRUE,2020
SAMSUNG_2019_PLY_000820_EPIC,PLY_000820,2,LIVE_EPIC,76,18,10,0,TRUE,2019
SAMSUNG_2017_PLY_000820_LN,PLY_000820,1,LIVE_NORMAL,59,12,10,0,TRUE,2017
SAMSUNG_1995_PLY_000821_LN,PLY_000821,1,LIVE_NORMAL,67,12,10,0,TRUE,1995
SAMSUNG_1992_PLY_000821_LN,PLY_000821,1,LIVE_NORMAL,65,12,10,0,TRUE,1992
SAMSUNG_1992_PLY_000821_EPIC,PLY_000821,2,LIVE_EPIC,71,18,10,0,TRUE,1992
SAMSUNG_1996_PLY_000821_AS,PLY_000821,3,ALLSTAR,82,24,10,10,TRUE,1996
SAMSUNG_1997_PLY_000821_LN,PLY_000821,1,LIVE_NORMAL,60,12,10,0,TRUE,1997
SAMSUNG_1999_PLY_000821_EPIC,PLY_000821,2,LIVE_EPIC,65,18,10,0,TRUE,1999
SAMSUNG_1993_PLY_000821_LN,PLY_000821,1,LIVE_NORMAL,68,12,10,0,TRUE,1993
SAMSUNG_1996_PLY_000822_EPIC,PLY_000822,2,LIVE_EPIC,71,18,10,0,TRUE,1996
SAMSUNG_1996_PLY_000822_AS,PLY_000822,3,ALLSTAR,83,24,10,10,TRUE,1996
SAMSUNG_1993_PLY_000822_GG,PLY_000822,7,GOLDEN_GLOVE,86,35,10,10,FALSE,1993
SAMSUNG_1995_PLY_000822_GG,PLY_000822,7,GOLDEN_GLOVE,88,35,10,10,FALSE,1995
SAMSUNG_2017_PLY_000823_LN,PLY_000823,1,LIVE_NORMAL,59,12,10,0,TRUE,2017
SAMSUNG_2010_PLY_000823_LN,PLY_000823,1,LIVE_NORMAL,67,12,10,0,TRUE,2010
SAMSUNG_2019_PLY_000823_LN,PLY_000823,1,LIVE_NORMAL,55,12,10,0,TRUE,2019
SAMSUNG_2018_PLY_000823_EPIC,PLY_000823,2,LIVE_EPIC,76,18,10,0,TRUE,2018
SAMSUNG_2022_PLY_000823_LN,PLY_000823,1,LIVE_NORMAL,66,12,10,0,TRUE,2022
SAMSUNG_2015_PLY_000823_EPIC,PLY_000823,2,LIVE_EPIC,72,18,10,0,TRUE,2015
SAMSUNG_2006_PLY_000824_LN,PLY_000824,1,LIVE_NORMAL,62,12,10,0,TRUE,2006
SAMSUNG_2000_PLY_000824_GG,PLY_000824,7,GOLDEN_GLOVE,84,35,10,10,FALSE,2000
SAMSUNG_2006_PLY_000824_AS,PLY_000824,3,ALLSTAR,76,24,10,10,TRUE,2006
SAMSUNG_2003_PLY_000824_EPIC,PLY_000824,2,LIVE_EPIC,73,18,10,0,TRUE,2003
SAMSUNG_2006_PLY_000824_EPIC,PLY_000824,2,LIVE_EPIC,66,18,10,0,TRUE,2006
SAMSUNG_2000_PLY_000824_AS,PLY_000824,3,ALLSTAR,79,24,10,10,TRUE,2000
SAMSUNG_2009_PLY_000824_LN,PLY_000824,1,LIVE_NORMAL,58,12,10,0,TRUE,2009
SAMSUNG_2020_PLY_000825_AS,PLY_000825,3,ALLSTAR,76,24,10,10,TRUE,2020
SAMSUNG_2023_PLY_000825_EPIC,PLY_000825,2,LIVE_EPIC,66,18,10,0,TRUE,2023
SAMSUNG_2022_PLY_000825_LN,PLY_000825,1,LIVE_NORMAL,63,12,10,0,TRUE,2022
SAMSUNG_2020_PLY_000825_LN,PLY_000825,1,LIVE_NORMAL,61,12,10,0,TRUE,2020
SAMSUNG_2025_PLY_000825_LN,PLY_000825,1,LIVE_NORMAL,55,12,10,0,TRUE,2025
SAMSUNG_2019_PLY_000825_TH,PLY_000825,4,TITLE_HOLDER,82,30,10,10,FALSE,2019
SAMSUNG_2026_PLY_000825_EPIC,PLY_000825,2,LIVE_EPIC,70,18,10,0,TRUE,2026
SAMSUNG_2021_PLY_000825_LN,PLY_000825,1,LIVE_NORMAL,68,12,10,0,TRUE,2021
SAMSUNG_2024_PLY_000825_LN,PLY_000825,1,LIVE_NORMAL,60,12,10,0,TRUE,2024
SAMSUNG_1992_PLY_000826_LN,PLY_000826,1,LIVE_NORMAL,65,12,10,0,TRUE,1992
SAMSUNG_2005_PLY_000826_AS,PLY_000826,3,ALLSTAR,80,24,10,10,TRUE,2005
SAMSUNG_2006_PLY_000826_LN,PLY_000826,1,LIVE_NORMAL,65,12,10,0,TRUE,2006
SAMSUNG_2008_PLY_000826_AS,PLY_000826,3,ALLSTAR,78,24,10,10,TRUE,2008
SAMSUNG_2002_PLY_000826_EPIC,PLY_000826,2,LIVE_EPIC,65,18,10,0,TRUE,2002
SAMSUNG_1995_PLY_000826_AS,PLY_000826,3,ALLSTAR,78,24,10,10,TRUE,1995
SAMSUNG_1990_PLY_000826_LN,PLY_000826,1,LIVE_NORMAL,61,12,10,0,TRUE,1990
SAMSUNG_1999_PLY_000826_EPIC,PLY_000826,2,LIVE_EPIC,76,18,10,0,TRUE,1999
SAMSUNG_2002_PLY_000826_LN,PLY_000826,1,LIVE_NORMAL,65,12,10,0,TRUE,2002
SAMSUNG_2006_PLY_000826_TH,PLY_000826,4,TITLE_HOLDER,81,30,10,10,FALSE,2006
SAMSUNG_2007_PLY_000826_SIG,PLY_000826,6,SIGNATURE,90,40,10,10,FALSE,2007
SAMSUNG_1992_PLY_000826_EPIC,PLY_000826,2,LIVE_EPIC,67,18,10,0,TRUE,1992
SAMSUNG_2024_PLY_000827_AS,PLY_000827,3,ALLSTAR,74,24,10,10,TRUE,2024
SAMSUNG_2020_PLY_000827_LN,PLY_000827,1,LIVE_NORMAL,62,12,10,0,TRUE,2020
SAMSUNG_2023_PLY_000827_EPIC,PLY_000827,2,LIVE_EPIC,72,18,10,0,TRUE,2023
SAMSUNG_2021_PLY_000827_AS,PLY_000827,3,ALLSTAR,81,24,10,10,TRUE,2021
SAMSUNG_2024_PLY_000827_EPIC,PLY_000827,2,LIVE_EPIC,75,18,10,0,TRUE,2024
SAMSUNG_2022_PLY_000827_LN,PLY_000827,1,LIVE_NORMAL,66,12,10,0,TRUE,2022
SAMSUNG_2024_PLY_000827_LN,PLY_000827,1,LIVE_NORMAL,66,12,10,0,TRUE,2024
SAMSUNG_2014_PLY_000828_EPIC,PLY_000828,2,LIVE_EPIC,76,18,10,0,TRUE,2014
SAMSUNG_2012_PLY_000828_AS,PLY_000828,3,ALLSTAR,74,24,10,10,TRUE,2012
SAMSUNG_2011_PLY_000828_EPIC,PLY_000828,2,LIVE_EPIC,66,18,10,0,TRUE,2011
SAMSUNG_2008_PLY_000828_TH,PLY_000828,4,TITLE_HOLDER,80,30,10,10,FALSE,2008
SAMSUNG_2013_PLY_000828_EPIC,PLY_000828,2,LIVE_EPIC,71,18,10,0,TRUE,2013
SAMSUNG_2012_PLY_000828_GG,PLY_000828,7,GOLDEN_GLOVE,85,35,10,10,FALSE,2012
SAMSUNG_2007_PLY_000828_LN,PLY_000828,1,LIVE_NORMAL,62,12,10,0,TRUE,2007
SAMSUNG_2014_PLY_000828_AS,PLY_000828,3,ALLSTAR,74,24,10,10,TRUE,2014
SAMSUNG_2007_PLY_000828_AS,PLY_000828,3,ALLSTAR,78,24,10,10,TRUE,2007
SAMSUNG_2008_PLY_000828_AS,PLY_000828,3,ALLSTAR,83,24,10,10,TRUE,2008
SAMSUNG_2001_PLY_000829_EPIC,PLY_000829,2,LIVE_EPIC,65,18,10,0,TRUE,2001
SAMSUNG_2003_PLY_000829_TH,PLY_000829,4,TITLE_HOLDER,80,30,10,10,FALSE,2003
SAMSUNG_1998_PLY_000829_SIG,PLY_000829,6,SIGNATURE,91,40,10,10,FALSE,1998
SAMSUNG_1996_PLY_000829_AS,PLY_000829,3,ALLSTAR,76,24,10,10,TRUE,1996
SAMSUNG_1999_PLY_000829_SIG,PLY_000829,6,SIGNATURE,94,40,10,10,FALSE,1999
SAMSUNG_2002_PLY_000829_LN,PLY_000829,1,LIVE_NORMAL,63,12,10,0,TRUE,2002
SAMSUNG_1994_PLY_000829_EPIC,PLY_000829,2,LIVE_EPIC,67,18,10,0,TRUE,1994
SAMSUNG_2004_PLY_000829_TH,PLY_000829,4,TITLE_HOLDER,82,30,10,10,FALSE,2004
SAMSUNG_2000_PLY_000829_GG,PLY_000829,7,GOLDEN_GLOVE,87,35,10,10,FALSE,2000
SAMSUNG_1995_PLY_000829_GG,PLY_000829,7,GOLDEN_GLOVE,86,35,10,10,FALSE,1995
SAMSUNG_1995_PLY_000829_EPIC,PLY_000829,2,LIVE_EPIC,71,18,10,0,TRUE,1995
SAMSUNG_2025_PLY_004030_TH,PLY_004030,4,TITLE_HOLDER,84,30,10,10,FALSE,2025
SAMSUNG_2025_PLY_004030_GG,PLY_004030,7,GOLDEN_GLOVE,90,35,10,10,FALSE,2025
SAMSUNG_2025_PLY_004038_TH,PLY_004038,4,TITLE_HOLDER,80,30,10,10,FALSE,2025
SAMSUNG_2025_PLY_004038_GG,PLY_004038,7,GOLDEN_GLOVE,84,35,10,10,FALSE,2025
SAMSUNG_2025_PLY_000419_GG,PLY_000419,7,GOLDEN_GLOVE,85,35,10,10,FALSE,2025
SAMSUNG_2026_PLY_004075_LN,PLY_004075,1,LIVE_NORMAL,64,12,10,0,TRUE,2026
SAMSUNG_2026_PLY_004076_LN,PLY_004076,1,LIVE_NORMAL,58,12,10,0,TRUE,2026
SAMSUNG_2026_PLY_004077_LN,PLY_004077,1,LIVE_NORMAL,64,12,10,0,TRUE,2026
SAMSUNG_2026_PLY_004030_LN,PLY_004030,1,LIVE_NORMAL,62,12,10,0,TRUE,2026
SAMSUNG_2026_PLY_004078_LN,PLY_004078,1,LIVE_NORMAL,67,12,10,0,TRUE,2026
SAMSUNG_2026_PLY_004079_LN,PLY_004079,1,LIVE_NORMAL,66,12,10,0,TRUE,2026
SAMSUNG_2026_PLY_004080_LN,PLY_004080,1,LIVE_NORMAL,55,12,10,0,TRUE,2026
SAMSUNG_2026_PLY_004081_LN,PLY_004081,1,LIVE_NORMAL,62,12,10,0,TRUE,2026
SAMSUNG_2026_PLY_004082_LN,PLY_004082,1,LIVE_NORMAL,58,12,10,0,TRUE,2026
SAMSUNG_2026_PLY_004083_LN,PLY_004083,1,LIVE_NORMAL,63,12,10,0,TRUE,2026
SAMSUNG_2026_PLY_004084_LN,PLY_004084,1,LIVE_NORMAL,55,12,10,0,TRUE,2026
SAMSUNG_2026_PLY_004085_LN,PLY_004085,1,LIVE_NORMAL,58,12,10,0,TRUE,2026
SAMSUNG_2026_PLY_004086_LN,PLY_004086,1,LIVE_NORMAL,61,12,10,0,TRUE,2026
SAMSUNG_2026_PLY_004087_LN,PLY_004087,1,LIVE_NORMAL,60,12,10,0,TRUE,2026
SAMSUNG_2026_PLY_004088_LN,PLY_004088,1,LIVE_NORMAL,64,12,10,0,TRUE,2026
SAMSUNG_2026_PLY_000419_LN,PLY_000419,1,LIVE_NORMAL,62,12,10,0,TRUE,2026
SAMSUNG_2026_PLY_004089_LN,PLY_004089,1,LIVE_NORMAL,61,12,10,0,TRUE,2026
SAMSUNG_2026_PLY_004090_LN,PLY_004090,1,LIVE_NORMAL,64,12,10,0,TRUE,2026
SAMSUNG_2026_PLY_004038_LN,PLY_004038,1,LIVE_NORMAL,63,12,10,0,TRUE,2026
SAMSUNG_2026_PLY_004091_LN,PLY_004091,1,LIVE_NORMAL,67,12,10,0,TRUE,2026
SAMSUNG_2026_PLY_004092_LN,PLY_004092,1,LIVE_NORMAL,63,12,10,0,TRUE,2026
SAMSUNG_2026_PLY_004093_LN,PLY_004093,1,LIVE_NORMAL,57,12,10,0,TRUE,2026
SAMSUNG_2026_PLY_004094_LN,PLY_004094,1,LIVE_NORMAL,56,12,10,0,TRUE,2026
SAMSUNG_2026_PLY_004087_LN,PLY_004087,1,LIVE_NORMAL,65,12,10,0,TRUE,2026
SAMSUNG_2026_PLY_004095_LN,PLY_004095,1,LIVE_NORMAL,63,12,10,0,TRUE,2026
SAMSUNG_2026_PLY_004096_LN,PLY_004096,1,LIVE_NORMAL,55,12,10,0,TRUE,2026
SAMSUNG_2026_PLY_004097_LN,PLY_004097,1,LIVE_NORMAL,55,12,10,0,TRUE,2026
SAMSUNG_2026_PLY_004094_LN,PLY_004094,1,LIVE_NORMAL,60,12,10,0,TRUE,2026
SAMSUNG_2026_PLY_004098_LN,PLY_004098,1,LIVE_NORMAL,56,12,10,0,TRUE,2026
SAMSUNG_2026_PLY_004099_LN,PLY_004099,1,LIVE_NORMAL,56,12,10,0,TRUE,2026
SAMSUNG_2026_PLY_004100_LN,PLY_004100,1,LIVE_NORMAL,62,12,10,0,TRUE,2026
SAMSUNG_2026_PLY_004101_LN,PLY_004101,1,LIVE_NORMAL,60,12,10,0,TRUE,2026
SAMSUNG_2026_PLY_004102_LN,PLY_004102,1,LIVE_NORMAL,64,12,10,0,TRUE,2026
SAMSUNG_2026_PLY_004103_LN,PLY_004103,1,LIVE_NORMAL,58,12,10,0,TRUE,2026
SAMSUNG_2024_PLY_004077_GG,PLY_004077,7,GOLDEN_GLOVE,84,35,10,10,FALSE,2024
SAMSUNG_2024_PLY_004038_GG,PLY_004038,7,GOLDEN_GLOVE,88,35,10,10,FALSE,2024
SAMSUNG_2023_PLY_004038_GG,PLY_004038,7,GOLDEN_GLOVE,83,35,10,10,FALSE,2023
SAMSUNG_2022_PLY_004376_GG,PLY_004376,7,GOLDEN_GLOVE,89,35,10,10,FALSE,2022
SAMSUNG_2021_PLY_004077_GG,PLY_004077,7,GOLDEN_GLOVE,88,35,10,10,FALSE,2021
SAMSUNG_2021_PLY_004038_GG,PLY_004038,7,GOLDEN_GLOVE,85,35,10,10,FALSE,2021
SAMSUNG_2017_PLY_004077_GG,PLY_004077,7,GOLDEN_GLOVE,84,35,10,10,FALSE,2017
SAMSUNG_2015_PLY_004393_GG,PLY_004393,7,GOLDEN_GLOVE,88,35,10,10,FALSE,2015
SAMSUNG_2015_PLY_000421_GG,PLY_000421,7,GOLDEN_GLOVE,90,35,10,10,FALSE,2015
SAMSUNG_2014_PLY_000417_GG,PLY_000417,7,GOLDEN_GLOVE,85,35,10,10,FALSE,2014
SAMSUNG_2014_PLY_000419_GG,PLY_000419,7,GOLDEN_GLOVE,87,35,10,10,FALSE,2014
SAMSUNG_2014_PLY_000421_GG,PLY_000421,7,GOLDEN_GLOVE,85,35,10,10,FALSE,2014
SAMSUNG_2013_PLY_000419_GG,PLY_000419,7,GOLDEN_GLOVE,85,35,10,10,FALSE,2013
SAMSUNG_2012_PLY_000424_GG,PLY_000424,7,GOLDEN_GLOVE,83,35,10,10,FALSE,2012
SAMSUNG_2012_PLY_000421_GG,PLY_000421,7,GOLDEN_GLOVE,85,35,10,10,FALSE,2012
SAMSUNG_2011_PLY_000419_GG,PLY_000419,7,GOLDEN_GLOVE,88,35,10,10,FALSE,2011
SAMSUNG_2007_PLY_004422_GG,PLY_004422,7,GOLDEN_GLOVE,85,35,10,10,FALSE,2007
SAMSUNG_2007_PLY_004423_GG,PLY_004423,7,GOLDEN_GLOVE,87,35,10,10,FALSE,2007
SAMSUNG_2007_PLY_004425_GG,PLY_004425,7,GOLDEN_GLOVE,86,35,10,10,FALSE,2007
SAMSUNG_2006_PLY_004426_GG,PLY_004426,7,GOLDEN_GLOVE,86,35,10,10,FALSE,2006
SAMSUNG_2006_PLY_004422_GG,PLY_004422,7,GOLDEN_GLOVE,90,35,10,10,FALSE,2006
SAMSUNG_2006_PLY_000420_GG,PLY_000420,7,GOLDEN_GLOVE,89,35,10,10,FALSE,2006
SAMSUNG_2006_PLY_004425_GG,PLY_004425,7,GOLDEN_GLOVE,88,35,10,10,FALSE,2006
SAMSUNG_2005_PLY_004426_GG,PLY_004426,7,GOLDEN_GLOVE,90,35,10,10,FALSE,2005
SAMSUNG_2004_PLY_004432_GG,PLY_004432,7,GOLDEN_GLOVE,84,35,10,10,FALSE,2004
SAMSUNG_2004_PLY_004425_GG,PLY_004425,7,GOLDEN_GLOVE,84,35,10,10,FALSE,2004
SAMSUNG_2004_PLY_004433_GG,PLY_004433,7,GOLDEN_GLOVE,88,35,10,10,FALSE,2004
SAMSUNG_2004_PLY_004434_GG,PLY_004434,7,GOLDEN_GLOVE,89,35,10,10,FALSE,2004
SAMSUNG_2004_PLY_004422_GG,PLY_004422,7,GOLDEN_GLOVE,87,35,10,10,FALSE,2004
SAMSUNG_2004_PLY_000420_GG,PLY_000420,7,GOLDEN_GLOVE,83,35,10,10,FALSE,2004
SAMSUNG_2003_PLY_000421_GG,PLY_000421,7,GOLDEN_GLOVE,87,35,10,10,FALSE,2003
SAMSUNG_2003_PLY_004434_GG,PLY_004434,7,GOLDEN_GLOVE,87,35,10,10,FALSE,2003
SAMSUNG_2003_PLY_004425_GG,PLY_004425,7,GOLDEN_GLOVE,89,35,10,10,FALSE,2003
SAMSUNG_2002_PLY_004426_GG,PLY_004426,7,GOLDEN_GLOVE,87,35,10,10,FALSE,2002
SAMSUNG_2002_PLY_000421_GG,PLY_000421,7,GOLDEN_GLOVE,85,35,10,10,FALSE,2002
SAMSUNG_2002_PLY_004434_GG,PLY_004434,7,GOLDEN_GLOVE,89,35,10,10,FALSE,2002
SAMSUNG_2002_PLY_004444_GG,PLY_004444,7,GOLDEN_GLOVE,89,35,10,10,FALSE,2002
SAMSUNG_2002_PLY_004446_GG,PLY_004446,7,GOLDEN_GLOVE,90,35,10,10,FALSE,2002
SAMSUNG_2001_PLY_000421_GG,PLY_000421,7,GOLDEN_GLOVE,84,35,10,10,FALSE,2001
SAMSUNG_2001_PLY_004434_GG,PLY_004434,7,GOLDEN_GLOVE,89,35,10,10,FALSE,2001
SAMSUNG_2000_PLY_000421_GG,PLY_000421,7,GOLDEN_GLOVE,84,35,10,10,FALSE,2000
SAMSUNG_1999_PLY_004439_GG,PLY_004439,7,GOLDEN_GLOVE,85,35,10,10,FALSE,1999
SAMSUNG_1999_PLY_000421_GG,PLY_000421,7,GOLDEN_GLOVE,90,35,10,10,FALSE,1999
SAMSUNG_1999_PLY_004434_GG,PLY_004434,7,GOLDEN_GLOVE,85,35,10,10,FALSE,1999
SAMSUNG_1998_PLY_000421_GG,PLY_000421,7,GOLDEN_GLOVE,84,35,10,10,FALSE,1998
SAMSUNG_1998_PLY_004434_GG,PLY_004434,7,GOLDEN_GLOVE,86,35,10,10,FALSE,1998
SAMSUNG_1998_PLY_004425_GG,PLY_004425,7,GOLDEN_GLOVE,86,35,10,10,FALSE,1998
SAMSUNG_1997_PLY_000421_GG,PLY_000421,7,GOLDEN_GLOVE,88,35,10,10,FALSE,1997
SAMSUNG_1997_PLY_004425_GG,PLY_004425,7,GOLDEN_GLOVE,84,35,10,10,FALSE,1997
SAMSUNG_1996_PLY_004425_GG,PLY_004425,7,GOLDEN_GLOVE,86,35,10,10,FALSE,1996
SAMSUNG_1993_PLY_004476_GG,PLY_004476,7,GOLDEN_GLOVE,83,35,10,10,FALSE,1993
SAMSUNG_1993_PLY_004477_GG,PLY_004477,7,GOLDEN_GLOVE,88,35,10,10,FALSE,1993
SAMSUNG_1991_PLY_004481_GG,PLY_004481,7,GOLDEN_GLOVE,90,35,10,10,FALSE,1991
SAMSUNG_1990_PLY_004477_GG,PLY_004477,7,GOLDEN_GLOVE,84,35,10,10,FALSE,1990
SAMSUNG_1990_PLY_004484_GG,PLY_004484,7,GOLDEN_GLOVE,86,35,10,10,FALSE,1990
SAMSUNG_1989_PLY_004477_GG,PLY_004477,7,GOLDEN_GLOVE,86,35,10,10,FALSE,1989
SAMSUNG_1988_PLY_004476_GG,PLY_004476,7,GOLDEN_GLOVE,87,35,10,10,FALSE,1988
SAMSUNG_1987_PLY_004491_GG,PLY_004491,7,GOLDEN_GLOVE,88,35,10,10,FALSE,1987
SAMSUNG_1987_PLY_004492_GG,PLY_004492,7,GOLDEN_GLOVE,89,35,10,10,FALSE,1987
SAMSUNG_1987_PLY_004476_GG,PLY_004476,7,GOLDEN_GLOVE,84,35,10,10,FALSE,1987
SAMSUNG_1987_PLY_004481_GG,PLY_004481,7,GOLDEN_GLOVE,89,35,10,10,FALSE,1987
SAMSUNG_1987_PLY_004494_GG,PLY_004494,7,GOLDEN_GLOVE,87,35,10,10,FALSE,1987
SAMSUNG_1986_PLY_004492_GG,PLY_004492,7,GOLDEN_GLOVE,90,35,10,10,FALSE,1986
SAMSUNG_1986_PLY_004476_GG,PLY_004476,7,GOLDEN_GLOVE,84,35,10,10,FALSE,1986
SAMSUNG_1986_PLY_004494_GG,PLY_004494,7,GOLDEN_GLOVE,87,35,10,10,FALSE,1986
SAMSUNG_2024_PLY_004092_TH,PLY_004092,4,TITLE_HOLDER,87,30,10,10,FALSE,2024
SAMSUNG_2022_PLY_004376_TH,PLY_004376,4,TITLE_HOLDER,87,30,10,10,FALSE,2022
SAMSUNG_2021_PLY_004038_TH,PLY_004038,4,TITLE_HOLDER,85,30,10,10,FALSE,2021
SAMSUNG_2021_PLY_004501_TH,PLY_004501,4,TITLE_HOLDER,80,30,10,10,FALSE,2021
SAMSUNG_2021_PLY_000428_TH,PLY_000428,4,TITLE_HOLDER,80,30,10,10,FALSE,2021
SAMSUNG_2018_PLY_004032_TH,PLY_004032,4,TITLE_HOLDER,85,30,10,10,FALSE,2018
SAMSUNG_2017_PLY_004512_TH,PLY_004512,4,TITLE_HOLDER,84,30,10,10,FALSE,2017
SAMSUNG_2017_PLY_004032_TH,PLY_004032,4,TITLE_HOLDER,82,30,10,10,FALSE,2017
SAMSUNG_2016_PLY_000419_TH,PLY_000419,4,TITLE_HOLDER,81,30,10,10,FALSE,2016
SAMSUNG_2016_PLY_004032_TH,PLY_004032,4,TITLE_HOLDER,87,30,10,10,FALSE,2016
SAMSUNG_2015_PLY_004032_TH,PLY_004032,4,TITLE_HOLDER,85,30,10,10,FALSE,2015
SAMSUNG_2015_PLY_000429_TH,PLY_000429,4,TITLE_HOLDER,86,30,10,10,FALSE,2015
SAMSUNG_2015_PLY_004520_TH,PLY_004520,4,TITLE_HOLDER,81,30,10,10,FALSE,2015
SAMSUNG_2015_PLY_000426_TH,PLY_000426,4,TITLE_HOLDER,87,30,10,10,FALSE,2015
SAMSUNG_2014_PLY_000418_TH,PLY_000418,4,TITLE_HOLDER,82,30,10,10,FALSE,2014
SAMSUNG_2014_PLY_004521_TH,PLY_004521,4,TITLE_HOLDER,81,30,10,10,FALSE,2014
SAMSUNG_2013_PLY_004432_TH,PLY_004432,4,TITLE_HOLDER,80,30,10,10,FALSE,2013
SAMSUNG_2010_PLY_004425_RN,PLY_004425,5,RETIRED_NUMBER,86,33,10,10,FALSE,2010
SAMSUNG_2004_PLY_004492_RN,PLY_004492,5,RETIRED_NUMBER,86,33,10,10,FALSE,2004
SAMSUNG_2017_PLY_000421_RN,PLY_000421,5,RETIRED_NUMBER,91,33,10,10,FALSE,2017
SAMSUNG_2025_PLY_000428_RN,PLY_000428,5,RETIRED_NUMBER,87,33,10,10,FALSE,2025
