card_id,player_id,grade_id,grade_name,base_ovr,salary_cost,max_enhance,max_awaken,is_droppable,year
NC_2019_PLY_003230_GG,PLY_003230,6,GOLDEN_GLOVE,87,35,10,10,FALSE,2019
NC_2017_PLY_003230_EPIC,PLY_003230,2,LIVE_EPIC,70,18,10,0,TRUE,2017
NC_2025_PLY_003230_AS,PLY_003230,3,ALLSTAR,74,24,10,10,TRUE,2025
NC_2026_PLY_003230_LN,PLY_003230,1,LIVE_NORMAL,65,12,10,0,TRUE,2026
NC_2021_PLY_003230_TH,PLY_003230,4,TITLE_HOLDER,81,30,10,10,FALSE,2021
NC_2018_PLY_003230_LN,PLY_003230,1,LIVE_NORMAL,58,12,10,0,TRUE,2018
NC_2024_PLY_003230_TH,PLY_003230,4,TITLE_HOLDER,87,30,10,10,FALSE,2024
NC_2018_PLY_003230_EPIC,PLY_003230,2,LIVE_EPIC,76,18,10,0,TRUE,2018
NC_2023_PLY_003230_AS,PLY_003230,3,ALLSTAR,75,24,10,10,TRUE,2023
NC_2022_PLY_003230_AS,PLY_003230,3,ALLSTAR,75,24,10,10,TRUE,2022
NC_1990_PLY_003231_AS,PLY_003231,3,ALLSTAR,74,24,10,10,TRUE,1990
NC_1987_PLY_003231_EPIC,PLY_003231,2,LIVE_EPIC,69,18,10,0,TRUE,1987
NC_1992_PLY_003231_LN,PLY_003231,1,LIVE_NORMAL,68,12,10,0,TRUE,1992
NC_1989_PLY_003231_AS,PLY_003231,3,ALLSTAR,77,24,10,10,TRUE,1989
NC_1991_PLY_003231_AS,PLY_003231,3,ALLSTAR,82,24,10,10,TRUE,1991
NC_1990_PLY_003231_LN,PLY_003231,1,LIVE_NORMAL,60,12,10,0,TRUE,1990
NC_2009_PLY_003232_LN,PLY_003232,1,LIVE_NORMAL,65,12,10,0,TRUE,2009
NC_2018_PLY_003232_EPIC,PLY_003232,2,LIVE_EPIC,72,18,10,0,TRUE,2018
NC_2018_PLY_003233_EPIC,PLY_003233,2,LIVE_EPIC,74,18,10,0,TRUE,2018
NC_2025_PLY_003233_AS,PLY_003233,3,ALLSTAR,82,24,10,10,TRUE,2025
NC_2026_PLY_003233_EPIC,PLY_003233,2,LIVE_EPIC,68,18,10,0,TRUE,2026
NC_2023_PLY_003233_AS,PLY_003233,3,ALLSTAR,79,24,10,10,TRUE,2023
NC_2024_PLY_003233_EPIC,PLY_003233,2,LIVE_EPIC,74,18,10,0,TRUE,2024
NC_2025_PLY_003233_GG,PLY_003233,6,GOLDEN_GLOVE,85,35,10,10,FALSE,2025
NC_2022_PLY_003233_TH,PLY_003233,4,TITLE_HOLDER,87,30,10,10,FALSE,2022
NC_2025_PLY_003233_LN,PLY_003233,1,LIVE_NORMAL,61,12,10,0,TRUE,2025
NC_2020_PLY_003233_TH,PLY_003233,4,TITLE_HOLDER,82,30,10,10,FALSE,2020
NC_2003_PLY_003234_TH,PLY_003234,4,TITLE_HOLDER,82,30,10,10,FALSE,2003
NC_1995_PLY_003234_AS,PLY_003234,3,ALLSTAR,80,24,10,10,TRUE,1995
NC_2004_PLY_003234_LN,PLY_003234,1,LIVE_NORMAL,55,12,10,0,TRUE,2004
NC_2000_PLY_003234_TH,PLY_003234,4,TITLE_HOLDER,87,30,10,10,FALSE,2000
NC_2004_PLY_003234_EPIC,PLY_003234,2,LIVE_EPIC,67,18,10,0,TRUE,2004
NC_2011_PLY_003235_GG,PLY_003235,6,GOLDEN_GLOVE,89,35,10,10,FALSE,2011
NC_2007_PLY_003235_EPIC,PLY_003235,2,LIVE_EPIC,73,18,10,0,TRUE,2007
NC_2002_PLY_003235_EPIC,PLY_003235,2,LIVE_EPIC,71,18,10,0,TRUE,2002
NC_2016_PLY_003236_EPIC,PLY_003236,2,LIVE_EPIC,68,18,10,0,TRUE,2016
NC_2011_PLY_003236_LN,PLY_003236,1,LIVE_NORMAL,59,12,10,0,TRUE,2011
NC_2008_PLY_003236_AS,PLY_003236,3,ALLSTAR,77,24,10,10,TRUE,2008
NC_2018_PLY_003236_EPIC,PLY_003236,2,LIVE_EPIC,66,18,10,0,TRUE,2018
NC_2014_PLY_003236_TH,PLY_003236,4,TITLE_HOLDER,81,30,10,10,FALSE,2014
NC_2011_PLY_003236_TH,PLY_003236,4,TITLE_HOLDER,83,30,10,10,FALSE,2011
NC_2019_PLY_003236_AS,PLY_003236,3,ALLSTAR,81,24,10,10,TRUE,2019
NC_2022_PLY_003237_LN,PLY_003237,1,LIVE_NORMAL,55,12,10,0,TRUE,2022
NC_2018_PLY_003237_EPIC,PLY_003237,2,LIVE_EPIC,66,18,10,0,TRUE,2018
NC_2014_PLY_003237_SIG,PLY_003237,5,SIGNATURE,90,40,10,10,FALSE,2014
NC_2017_PLY_003237_LN,PLY_003237,1,LIVE_NORMAL,64,12,10,0,TRUE,2017
NC_2024_PLY_003237_EPIC,PLY_003237,2,LIVE_EPIC,68,18,10,0,TRUE,2024
NC_2020_PLY_003237_EPIC,PLY_003237,2,LIVE_EPIC,71,18,10,0,TRUE,2020
NC_2015_PLY_003237_LN,PLY_003237,1,LIVE_NORMAL,66,12,10,0,TRUE,2015
NC_1993_PLY_003238_SIG,PLY_003238,5,SIGNATURE,90,40,10,10,FALSE,1993
NC_1990_PLY_003238_EPIC,PLY_003238,2,LIVE_EPIC,70,18,10,0,TRUE,1990
NC_2009_PLY_003239_LN,PLY_003239,1,LIVE_NORMAL,59,12,10,0,TRUE,2009
NC_2013_PLY_003239_LN,PLY_003239,1,LIVE_NORMAL,65,12,10,0,TRUE,2013
NC_2020_PLY_003239_LN,PLY_003239,1,LIVE_NORMAL,64,12,10,0,TRUE,2020
NC_2017_PLY_003239_EPIC,PLY_003239,2,LIVE_EPIC,72,18,10,0,TRUE,2017
NC_2005_PLY_003239_LN,PLY_003239,1,LIVE_NORMAL,58,12,10,0,TRUE,2005
NC_2017_PLY_003239_AS,PLY_003239,3,ALLSTAR,82,24,10,10,TRUE,2017
NC_2008_PLY_003239_LN,PLY_003239,1,LIVE_NORMAL,61,12,10,0,TRUE,2008
NC_2014_PLY_003239_AS,PLY_003239,3,ALLSTAR,74,24,10,10,TRUE,2014
NC_1997_PLY_003240_AS,PLY_003240,3,ALLSTAR,78,24,10,10,TRUE,1997
NC_1998_PLY_003240_LN,PLY_003240,1,LIVE_NORMAL,67,12,10,0,TRUE,1998
NC_1997_PLY_003240_LN,PLY_003240,1,LIVE_NORMAL,61,12,10,0,TRUE,1997
NC_1999_PLY_003240_LN,PLY_003240,1,LIVE_NORMAL,62,12,10,0,TRUE,1999
NC_1998_PLY_003240_AS,PLY_003240,3,ALLSTAR,78,24,10,10,TRUE,1998
NC_2012_PLY_003241_EPIC,PLY_003241,2,LIVE_EPIC,74,18,10,0,TRUE,2012
NC_2014_PLY_003241_TH,PLY_003241,4,TITLE_HOLDER,82,30,10,10,FALSE,2014
NC_2013_PLY_003241_EPIC,PLY_003241,2,LIVE_EPIC,66,18,10,0,TRUE,2013
NC_2016_PLY_003241_AS,PLY_003241,3,ALLSTAR,83,24,10,10,TRUE,2016
NC_2016_PLY_003241_EPIC,PLY_003241,2,LIVE_EPIC,67,18,10,0,TRUE,2016
NC_2015_PLY_003241_TH,PLY_003241,4,TITLE_HOLDER,85,30,10,10,FALSE,2015
NC_2015_PLY_003241_EPIC,PLY_003241,2,LIVE_EPIC,72,18,10,0,TRUE,2015
NC_2022_PLY_003242_LN,PLY_003242,1,LIVE_NORMAL,56,12,10,0,TRUE,2022
NC_2026_PLY_003242_SIG,PLY_003242,5,SIGNATURE,88,40,10,10,FALSE,2026
NC_2026_PLY_003242_LN,PLY_003242,1,LIVE_NORMAL,68,12,10,0,TRUE,2026
NC_2021_PLY_003242_SIG,PLY_003242,5,SIGNATURE,88,40,10,10,FALSE,2021
NC_2026_PLY_003242_TH,PLY_003242,4,TITLE_HOLDER,81,30,10,10,FALSE,2026
NC_2024_PLY_003242_LN,PLY_003242,1,LIVE_NORMAL,67,12,10,0,TRUE,2024
NC_2021_PLY_003242_GG,PLY_003242,6,GOLDEN_GLOVE,84,35,10,10,FALSE,2021
NC_2023_PLY_003242_AS,PLY_003242,3,ALLSTAR,82,24,10,10,TRUE,2023
NC_2022_PLY_003243_AS,PLY_003243,3,ALLSTAR,74,24,10,10,TRUE,2022
NC_2023_PLY_003243_AS,PLY_003243,3,ALLSTAR,81,24,10,10,TRUE,2023
NC_2026_PLY_003243_GG,PLY_003243,6,GOLDEN_GLOVE,88,35,10,10,FALSE,2026
NC_2022_PLY_003243_LN,PLY_003243,1,LIVE_NORMAL,63,12,10,0,TRUE,2022
NC_2024_PLY_003243_TH,PLY_003243,4,TITLE_HOLDER,86,30,10,10,FALSE,2024
NC_2026_PLY_003243_LN,PLY_003243,1,LIVE_NORMAL,68,12,10,0,TRUE,2026
NC_1996_PLY_003244_TH,PLY_003244,4,TITLE_HOLDER,81,30,10,10,FALSE,1996
NC_1996_PLY_003244_EPIC,PLY_003244,2,LIVE_EPIC,71,18,10,0,TRUE,1996
NC_1996_PLY_003244_LN,PLY_003244,1,LIVE_NORMAL,61,12,10,0,TRUE,1996
NC_1994_PLY_003244_LN,PLY_003244,1,LIVE_NORMAL,56,12,10,0,TRUE,1994
NC_1992_PLY_003244_SIG,PLY_003244,5,SIGNATURE,87,40,10,10,FALSE,1992
NC_1993_PLY_003244_EPIC,PLY_003244,2,LIVE_EPIC,72,18,10,0,TRUE,1993
NC_1992_PLY_003244_AS,PLY_003244,3,ALLSTAR,76,24,10,10,TRUE,1992
NC_1995_PLY_003244_EPIC,PLY_003244,2,LIVE_EPIC,73,18,10,0,TRUE,1995
NC_2015_PLY_003245_LN,PLY_003245,1,LIVE_NORMAL,58,12,10,0,TRUE,2015
NC_2012_PLY_003245_EPIC,PLY_003245,2,LIVE_EPIC,67,18,10,0,TRUE,2012
NC_2006_PLY_003245_LN,PLY_003245,1,LIVE_NORMAL,68,12,10,0,TRUE,2006
NC_2008_PLY_003245_AS,PLY_003245,3,ALLSTAR,75,24,10,10,TRUE,2008
NC_2009_PLY_003245_LN,PLY_003245,1,LIVE_NORMAL,65,12,10,0,TRUE,2009
NC_2013_PLY_003245_EPIC,PLY_003245,2,LIVE_EPIC,69,18,10,0,TRUE,2013
NC_1988_PLY_003246_TH,PLY_003246,4,TITLE_HOLDER,80,30,10,10,FALSE,1988
NC_1989_PLY_003246_EPIC,PLY_003246,2,LIVE_EPIC,71,18,10,0,TRUE,1989
NC_1991_PLY_003246_SIG,PLY_003246,5,SIGNATURE,92,40,10,10,FALSE,1991
NC_1991_PLY_003246_AS,PLY_003246,3,ALLSTAR,81,24,10,10,TRUE,1991
NC_1991_PLY_003246_EPIC,PLY_003246,2,LIVE_EPIC,76,18,10,0,TRUE,1991
NC_1988_PLY_003246_EPIC,PLY_003246,2,LIVE_EPIC,66,18,10,0,TRUE,1988
NC_1988_PLY_003246_AS,PLY_003246,3,ALLSTAR,76,24,10,10,TRUE,1988
NC_1990_PLY_003246_GG,PLY_003246,6,GOLDEN_GLOVE,84,35,10,10,FALSE,1990
NC_1990_PLY_003246_AS,PLY_003246,3,ALLSTAR,76,24,10,10,TRUE,1990
NC_1997_PLY_003247_TH,PLY_003247,4,TITLE_HOLDER,82,30,10,10,FALSE,1997
NC_1996_PLY_003247_LN,PLY_003247,1,LIVE_NORMAL,68,12,10,0,TRUE,1996
NC_2012_PLY_003248_TH,PLY_003248,4,TITLE_HOLDER,87,30,10,10,FALSE,2012
NC_2013_PLY_003248_LN,PLY_003248,1,LIVE_NORMAL,59,12,10,0,TRUE,2013
NC_2016_PLY_003248_AS,PLY_003248,3,ALLSTAR,82,24,10,10,TRUE,2016
NC_2002_PLY_003249_LN,PLY_003249,1,LIVE_NORMAL,68,12,10,0,TRUE,2002
NC_2002_PLY_003249_TH,PLY_003249,4,TITLE_HOLDER,83,30,10,10,FALSE,2002
NC_2003_PLY_003249_EPIC,PLY_003249,2,LIVE_EPIC,73,18,10,0,TRUE,2003
NC_2000_PLY_003249_SIG,PLY_003249,5,SIGNATURE,93,40,10,10,FALSE,2000
NC_1999_PLY_003249_EPIC,PLY_003249,2,LIVE_EPIC,70,18,10,0,TRUE,1999
NC_2003_PLY_003249_LN,PLY_003249,1,LIVE_NORMAL,68,12,10,0,TRUE,2003
NC_2002_PLY_003249_GG,PLY_003249,6,GOLDEN_GLOVE,90,35,10,10,FALSE,2002
NC_1999_PLY_003249_TH,PLY_003249,4,TITLE_HOLDER,84,30,10,10,FALSE,1999
NC_2002_PLY_003249_AS,PLY_003249,3,ALLSTAR,78,24,10,10,TRUE,2002
NC_2001_PLY_003249_EPIC,PLY_003249,2,LIVE_EPIC,70,18,10,0,TRUE,2001
NC_2015_PLY_003250_EPIC,PLY_003250,2,LIVE_EPIC,68,18,10,0,TRUE,2015
NC_2016_PLY_003250_EPIC,PLY_003250,2,LIVE_EPIC,67,18,10,0,TRUE,2016
NC_2022_PLY_003250_LN,PLY_003250,1,LIVE_NORMAL,55,12,10,0,TRUE,2022
NC_2015_PLY_003250_LN,PLY_003250,1,LIVE_NORMAL,57,12,10,0,TRUE,2015
NC_2019_PLY_003250_AS,PLY_003250,3,ALLSTAR,83,24,10,10,TRUE,2019
NC_2025_PLY_003250_LN,PLY_003250,1,LIVE_NORMAL,68,12,10,0,TRUE,2025
NC_2026_PLY_003250_AS,PLY_003250,3,ALLSTAR,77,24,10,10,TRUE,2026
NC_2024_PLY_003250_TH,PLY_003250,4,TITLE_HOLDER,83,30,10,10,FALSE,2024
NC_2022_PLY_003251_TH,PLY_003251,4,TITLE_HOLDER,83,30,10,10,FALSE,2022
NC_2022_PLY_003251_LN,PLY_003251,1,LIVE_NORMAL,59,12,10,0,TRUE,2022
NC_2016_PLY_003251_EPIC,PLY_003251,2,LIVE_EPIC,76,18,10,0,TRUE,2016
NC_2024_PLY_003251_EPIC,PLY_003251,2,LIVE_EPIC,72,18,10,0,TRUE,2024
NC_2021_PLY_003251_AS,PLY_003251,3,ALLSTAR,82,24,10,10,TRUE,2021
NC_2023_PLY_003251_TH,PLY_003251,4,TITLE_HOLDER,87,30,10,10,FALSE,2023
NC_2017_PLY_003251_AS,PLY_003251,3,ALLSTAR,74,24,10,10,TRUE,2017
NC_2016_PLY_003251_LN,PLY_003251,1,LIVE_NORMAL,63,12,10,0,TRUE,2016
NC_2021_PLY_003251_EPIC,PLY_003251,2,LIVE_EPIC,66,18,10,0,TRUE,2021
NC_2019_PLY_003251_EPIC,PLY_003251,2,LIVE_EPIC,74,18,10,0,TRUE,2019
NC_2011_PLY_003252_SIG,PLY_003252,5,SIGNATURE,88,40,10,10,FALSE,2011
NC_2004_PLY_003252_TH,PLY_003252,4,TITLE_HOLDER,80,30,10,10,FALSE,2004
NC_2013_PLY_003252_EPIC,PLY_003252,2,LIVE_EPIC,70,18,10,0,TRUE,2013
NC_2012_PLY_003252_TH,PLY_003252,4,TITLE_HOLDER,80,30,10,10,FALSE,2012
NC_2003_PLY_003252_AS,PLY_003252,3,ALLSTAR,80,24,10,10,TRUE,2003
NC_2003_PLY_003253_EPIC,PLY_003253,2,LIVE_EPIC,66,18,10,0,TRUE,2003
NC_1994_PLY_003253_LN,PLY_003253,1,LIVE_NORMAL,62,12,10,0,TRUE,1994
NC_2005_PLY_003253_LN,PLY_003253,1,LIVE_NORMAL,68,12,10,0,TRUE,2005
NC_2001_PLY_003253_AS,PLY_003253,3,ALLSTAR,77,24,10,10,TRUE,2001
NC_2000_PLY_003253_EPIC,PLY_003253,2,LIVE_EPIC,68,18,10,0,TRUE,2000
NC_1992_PLY_003253_EPIC,PLY_003253,2,LIVE_EPIC,70,18,10,0,TRUE,1992
NC_2003_PLY_003253_GG,PLY_003253,6,GOLDEN_GLOVE,88,35,10,10,FALSE,2003
NC_2003_PLY_003253_AS,PLY_003253,3,ALLSTAR,82,24,10,10,TRUE,2003
NC_2000_PLY_003253_LN,PLY_003253,1,LIVE_NORMAL,64,12,10,0,TRUE,2000
NC_2004_PLY_003253_AS,PLY_003253,3,ALLSTAR,77,24,10,10,TRUE,2004
NC_1994_PLY_003253_EPIC,PLY_003253,2,LIVE_EPIC,76,18,10,0,TRUE,1994
NC_2018_PLY_003254_EPIC,PLY_003254,2,LIVE_EPIC,66,18,10,0,TRUE,2018
NC_2018_PLY_003254_TH,PLY_003254,4,TITLE_HOLDER,82,30,10,10,FALSE,2018
NC_2012_PLY_003255_LN,PLY_003255,1,LIVE_NORMAL,57,12,10,0,TRUE,2012
NC_2013_PLY_003255_EPIC,PLY_003255,2,LIVE_EPIC,70,18,10,0,TRUE,2013
NC_2009_PLY_003255_EPIC,PLY_003255,2,LIVE_EPIC,69,18,10,0,TRUE,2009
NC_2005_PLY_003255_LN,PLY_003255,1,LIVE_NORMAL,59,12,10,0,TRUE,2005
NC_2000_PLY_003255_EPIC,PLY_003255,2,LIVE_EPIC,72,18,10,0,TRUE,2000
NC_1997_PLY_003255_TH,PLY_003255,4,TITLE_HOLDER,81,30,10,10,FALSE,1997
NC_1998_PLY_003255_EPIC,PLY_003255,2,LIVE_EPIC,68,18,10,0,TRUE,1998
NC_2006_PLY_003256_TH,PLY_003256,4,TITLE_HOLDER,86,30,10,10,FALSE,2006
NC_2000_PLY_003256_LN,PLY_003256,1,LIVE_NORMAL,57,12,10,0,TRUE,2000
NC_1998_PLY_003256_LN,PLY_003256,1,LIVE_NORMAL,67,12,10,0,TRUE,1998
NC_1995_PLY_003256_LN,PLY_003256,1,LIVE_NORMAL,56,12,10,0,TRUE,1995
NC_1998_PLY_003256_AS,PLY_003256,3,ALLSTAR,83,24,10,10,TRUE,1998
NC_2002_PLY_003256_EPIC,PLY_003256,2,LIVE_EPIC,66,18,10,0,TRUE,2002
NC_2011_PLY_003256_LN,PLY_003256,1,LIVE_NORMAL,55,12,10,0,TRUE,2011
NC_1998_PLY_003256_EPIC,PLY_003256,2,LIVE_EPIC,76,18,10,0,TRUE,1998
NC_2004_PLY_003256_AS,PLY_003256,3,ALLSTAR,83,24,10,10,TRUE,2004
NC_1998_PLY_003256_GG,PLY_003256,6,GOLDEN_GLOVE,84,35,10,10,FALSE,1998
NC_1993_PLY_003257_TH,PLY_003257,4,TITLE_HOLDER,85,30,10,10,FALSE,1993
NC_1994_PLY_003257_AS,PLY_003257,3,ALLSTAR,78,24,10,10,TRUE,1994
NC_1991_PLY_003257_LN,PLY_003257,1,LIVE_NORMAL,67,12,10,0,TRUE,1991
NC_1992_PLY_003257_TH,PLY_003257,4,TITLE_HOLDER,80,30,10,10,FALSE,1992
NC_2013_PLY_003258_TH,PLY_003258,4,TITLE_HOLDER,80,30,10,10,FALSE,2013
NC_2008_PLY_003258_LN,PLY_003258,1,LIVE_NORMAL,61,12,10,0,TRUE,2008
NC_2025_PLY_003259_LN,PLY_003259,1,LIVE_NORMAL,67,12,10,0,TRUE,2025
NC_2023_PLY_003259_LN,PLY_003259,1,LIVE_NORMAL,63,12,10,0,TRUE,2023
NC_2025_PLY_003259_AS,PLY_003259,3,ALLSTAR,83,24,10,10,TRUE,2025
NC_2024_PLY_003259_LN,PLY_003259,1,LIVE_NORMAL,59,12,10,0,TRUE,2024
NC_2023_PLY_003259_EPIC,PLY_003259,2,LIVE_EPIC,75,18,10,0,TRUE,2023
NC_1987_PLY_003260_LN,PLY_003260,1,LIVE_NORMAL,63,12,10,0,TRUE,1987
NC_1996_PLY_003260_EPIC,PLY_003260,2,LIVE_EPIC,65,18,10,0,TRUE,1996
NC_2001_PLY_003261_TH,PLY_003261,4,TITLE_HOLDER,83,30,10,10,FALSE,2001
NC_2013_PLY_003261_EPIC,PLY_003261,2,LIVE_EPIC,69,18,10,0,TRUE,2013
NC_2010_PLY_003261_LN,PLY_003261,1,LIVE_NORMAL,60,12,10,0,TRUE,2010
NC_2005_PLY_003261_LN,PLY_003261,1,LIVE_NORMAL,67,12,10,0,TRUE,2005
NC_2004_PLY_003261_EPIC,PLY_003261,2,LIVE_EPIC,71,18,10,0,TRUE,2004
NC_2004_PLY_003261_GG,PLY_003261,6,GOLDEN_GLOVE,86,35,10,10,FALSE,2004
NC_2003_PLY_003261_EPIC,PLY_003261,2,LIVE_EPIC,70,18,10,0,TRUE,2003
NC_2008_PLY_003261_LN,PLY_003261,1,LIVE_NORMAL,64,12,10,0,TRUE,2008
NC_2004_PLY_003261_LN,PLY_003261,1,LIVE_NORMAL,68,12,10,0,TRUE,2004
NC_2002_PLY_003262_LN,PLY_003262,1,LIVE_NORMAL,55,12,10,0,TRUE,2002
NC_2005_PLY_003262_EPIC,PLY_003262,2,LIVE_EPIC,65,18,10,0,TRUE,2005
NC_2013_PLY_003263_EPIC,PLY_003263,2,LIVE_EPIC,73,18,10,0,TRUE,2013
NC_2013_PLY_003263_LN,PLY_003263,1,LIVE_NORMAL,56,12,10,0,TRUE,2013
NC_2020_PLY_003263_LN,PLY_003263,1,LIVE_NORMAL,63,12,10,0,TRUE,2020
NC_2023_PLY_003263_AS,PLY_003263,3,ALLSTAR,77,24,10,10,TRUE,2023
NC_2023_PLY_003263_EPIC,PLY_003263,2,LIVE_EPIC,73,18,10,0,TRUE,2023
NC_2014_PLY_003263_LN,PLY_003263,1,LIVE_NORMAL,66,12,10,0,TRUE,2014
NC_2013_PLY_003263_GG,PLY_003263,6,GOLDEN_GLOVE,89,35,10,10,FALSE,2013
NC_2010_PLY_003263_EPIC,PLY_003263,2,LIVE_EPIC,69,18,10,0,TRUE,2010
NC_2019_PLY_003263_EPIC,PLY_003263,2,LIVE_EPIC,76,18,10,0,TRUE,2019
NC_2011_PLY_003264_LN,PLY_003264,1,LIVE_NORMAL,67,12,10,0,TRUE,2011
NC_2008_PLY_003264_GG,PLY_003264,6,GOLDEN_GLOVE,90,35,10,10,FALSE,2008
NC_2008_PLY_003264_LN,PLY_003264,1,LIVE_NORMAL,59,12,10,0,TRUE,2008
NC_2011_PLY_003264_AS,PLY_003264,3,ALLSTAR,80,24,10,10,TRUE,2011
NC_2010_PLY_003265_LN,PLY_003265,1,LIVE_NORMAL,60,12,10,0,TRUE,2010
NC_1998_PLY_003265_AS,PLY_003265,3,ALLSTAR,74,24,10,10,TRUE,1998
NC_2005_PLY_003265_EPIC,PLY_003265,2,LIVE_EPIC,69,18,10,0,TRUE,2005
NC_2005_PLY_003265_TH,PLY_003265,4,TITLE_HOLDER,82,30,10,10,FALSE,2005
NC_1994_PLY_003266_LN,PLY_003266,1,LIVE_NORMAL,63,12,10,0,TRUE,1994
NC_1993_PLY_003266_LN,PLY_003266,1,LIVE_NORMAL,61,12,10,0,TRUE,1993
NC_1996_PLY_003266_LN,PLY_003266,1,LIVE_NORMAL,55,12,10,0,TRUE,1996
NC_1995_PLY_003266_LN,PLY_003266,1,LIVE_NORMAL,67,12,10,0,TRUE,1995
NC_1992_PLY_003266_EPIC,PLY_003266,2,LIVE_EPIC,75,18,10,0,TRUE,1992
NC_1993_PLY_003266_AS,PLY_003266,3,ALLSTAR,77,24,10,10,TRUE,1993
NC_1997_PLY_003266_LN,PLY_003266,1,LIVE_NORMAL,68,12,10,0,TRUE,1997
NC_2005_PLY_003267_LN,PLY_003267,1,LIVE_NORMAL,59,12,10,0,TRUE,2005
NC_2011_PLY_003267_TH,PLY_003267,4,TITLE_HOLDER,83,30,10,10,FALSE,2011
NC_2002_PLY_003267_EPIC,PLY_003267,2,LIVE_EPIC,65,18,10,0,TRUE,2002
NC_2021_PLY_003268_LN,PLY_003268,1,LIVE_NORMAL,66,12,10,0,TRUE,2021
NC_2016_PLY_003268_LN,PLY_003268,1,LIVE_NORMAL,65,12,10,0,TRUE,2016
NC_2024_PLY_003269_SIG,PLY_003269,5,SIGNATURE,90,40,10,10,FALSE,2024
NC_2026_PLY_003269_LN,PLY_003269,1,LIVE_NORMAL,58,12,10,0,TRUE,2026
NC_2024_PLY_003269_EPIC,PLY_003269,2,LIVE_EPIC,69,18,10,0,TRUE,2024
NC_2024_PLY_003269_LN,PLY_003269,1,LIVE_NORMAL,61,12,10,0,TRUE,2024
NC_2026_PLY_003269_GG,PLY_003269,6,GOLDEN_GLOVE,88,35,10,10,FALSE,2026
NC_2025_PLY_003269_SIG,PLY_003269,5,SIGNATURE,87,40,10,10,FALSE,2025
NC_2025_PLY_003269_EPIC,PLY_003269,2,LIVE_EPIC,72,18,10,0,TRUE,2025
NC_2024_PLY_003269_TH,PLY_003269,4,TITLE_HOLDER,80,30,10,10,FALSE,2024
NC_2026_PLY_003269_EPIC,PLY_003269,2,LIVE_EPIC,66,18,10,0,TRUE,2026
NC_2000_PLY_003270_AS,PLY_003270,3,ALLSTAR,74,24,10,10,TRUE,2000
NC_1994_PLY_003270_LN,PLY_003270,1,LIVE_NORMAL,57,12,10,0,TRUE,1994
NC_1996_PLY_003270_EPIC,PLY_003270,2,LIVE_EPIC,66,18,10,0,TRUE,1996
NC_1997_PLY_003270_AS,PLY_003270,3,ALLSTAR,76,24,10,10,TRUE,1997
NC_1999_PLY_003270_LN,PLY_003270,1,LIVE_NORMAL,68,12,10,0,TRUE,1999
NC_2000_PLY_003270_LN,PLY_003270,1,LIVE_NORMAL,58,12,10,0,TRUE,2000
NC_1995_PLY_003270_GG,PLY_003270,6,GOLDEN_GLOVE,84,35,10,10,FALSE,1995
NC_1995_PLY_003270_AS,PLY_003270,3,ALLSTAR,76,24,10,10,TRUE,1995
NC_1994_PLY_003270_AS,PLY_003270,3,ALLSTAR,82,24,10,10,TRUE,1994
NC_1989_PLY_003271_LN,PLY_003271,1,LIVE_NORMAL,64,12,10,0,TRUE,1989
NC_1987_PLY_003271_EPIC,PLY_003271,2,LIVE_EPIC,71,18,10,0,TRUE,1987
NC_1990_PLY_003271_AS,PLY_003271,3,ALLSTAR,83,24,10,10,TRUE,1990
NC_1991_PLY_003271_TH,PLY_003271,4,TITLE_HOLDER,87,30,10,10,FALSE,1991
NC_1987_PLY_003271_TH,PLY_003271,4,TITLE_HOLDER,82,30,10,10,FALSE,1987
NC_1988_PLY_003271_LN,PLY_003271,1,LIVE_NORMAL,57,12,10,0,TRUE,1988
NC_1989_PLY_003271_AS,PLY_003271,3,ALLSTAR,81,24,10,10,TRUE,1989
NC_1992_PLY_003271_LN,PLY_003271,1,LIVE_NORMAL,55,12,10,0,TRUE,1992
NC_2016_PLY_003272_EPIC,PLY_003272,2,LIVE_EPIC,66,18,10,0,TRUE,2016
NC_2011_PLY_003272_TH,PLY_003272,4,TITLE_HOLDER,80,30,10,10,FALSE,2011
NC_1994_PLY_003273_LN,PLY_003273,1,LIVE_NORMAL,55,12,10,0,TRUE,1994
NC_2011_PLY_003273_AS,PLY_003273,3,ALLSTAR,78,24,10,10,TRUE,2011
NC_2011_PLY_003273_EPIC,PLY_003273,2,LIVE_EPIC,70,18,10,0,TRUE,2011
NC_2008_PLY_003273_LN,PLY_003273,1,LIVE_NORMAL,55,12,10,0,TRUE,2008
NC_2001_PLY_003273_EPIC,PLY_003273,2,LIVE_EPIC,73,18,10,0,TRUE,2001
NC_2004_PLY_003273_AS,PLY_003273,3,ALLSTAR,82,24,10,10,TRUE,2004
NC_2007_PLY_003273_AS,PLY_003273,3,ALLSTAR,79,24,10,10,TRUE,2007
NC_2008_PLY_003273_EPIC,PLY_003273,2,LIVE_EPIC,75,18,10,0,TRUE,2008
NC_2006_PLY_003273_LN,PLY_003273,1,LIVE_NORMAL,61,12,10,0,TRUE,2006
NC_2009_PLY_003274_LN,PLY_003274,1,LIVE_NORMAL,62,12,10,0,TRUE,2009
NC_1999_PLY_003274_AS,PLY_003274,3,ALLSTAR,77,24,10,10,TRUE,1999
NC_2013_PLY_003274_EPIC,PLY_003274,2,LIVE_EPIC,66,18,10,0,TRUE,2013
NC_2012_PLY_003274_GG,PLY_003274,6,GOLDEN_GLOVE,90,35,10,10,FALSE,2012
NC_2014_PLY_003274_TH,PLY_003274,4,TITLE_HOLDER,85,30,10,10,FALSE,2014
NC_2014_PLY_003274_LN,PLY_003274,1,LIVE_NORMAL,55,12,10,0,TRUE,2014
NC_2000_PLY_003274_LN,PLY_003274,1,LIVE_NORMAL,67,12,10,0,TRUE,2000
NC_2010_PLY_003274_AS,PLY_003274,3,ALLSTAR,82,24,10,10,TRUE,2010
NC_2000_PLY_003274_TH,PLY_003274,4,TITLE_HOLDER,83,30,10,10,FALSE,2000
NC_2022_PLY_003275_LN,PLY_003275,1,LIVE_NORMAL,56,12,10,0,TRUE,2022
NC_2024_PLY_003275_EPIC,PLY_003275,2,LIVE_EPIC,67,18,10,0,TRUE,2024
NC_2022_PLY_003275_SIG,PLY_003275,5,SIGNATURE,88,40,10,10,FALSE,2022
NC_2026_PLY_003275_LN,PLY_003275,1,LIVE_NORMAL,61,12,10,0,TRUE,2026
NC_2021_PLY_003275_LN,PLY_003275,1,LIVE_NORMAL,65,12,10,0,TRUE,2021
NC_2021_PLY_003275_AS,PLY_003275,3,ALLSTAR,76,24,10,10,TRUE,2021
NC_2019_PLY_003275_EPIC,PLY_003275,2,LIVE_EPIC,66,18,10,0,TRUE,2019
NC_1998_PLY_003276_AS,PLY_003276,3,ALLSTAR,82,24,10,10,TRUE,1998
NC_2002_PLY_003276_LN,PLY_003276,1,LIVE_NORMAL,67,12,10,0,TRUE,2002
NC_2004_PLY_003276_TH,PLY_003276,4,TITLE_HOLDER,80,30,10,10,FALSE,2004
NC_2012_PLY_003276_SIG,PLY_003276,5,SIGNATURE,94,40,10,10,FALSE,2012
NC_2011_PLY_003276_LN,PLY_003276,1,LIVE_NORMAL,67,12,10,0,TRUE,2011
NC_2011_PLY_003277_LN,PLY_003277,1,LIVE_NORMAL,61,12,10,0,TRUE,2011
NC_2008_PLY_003277_LN,PLY_003277,1,LIVE_NORMAL,55,12,10,0,TRUE,2008
NC_2021_PLY_003278_TH,PLY_003278,4,TITLE_HOLDER,87,30,10,10,FALSE,2021
NC_2018_PLY_003278_EPIC,PLY_003278,2,LIVE_EPIC,74,18,10,0,TRUE,2018
NC_2023_PLY_003278_TH,PLY_003278,4,TITLE_HOLDER,85,30,10,10,FALSE,2023
NC_2004_PLY_003279_EPIC,PLY_003279,2,LIVE_EPIC,67,18,10,0,TRUE,2004
NC_2006_PLY_003279_EPIC,PLY_003279,2,LIVE_EPIC,72,18,10,0,TRUE,2006
NC_2004_PLY_003279_LN,PLY_003279,1,LIVE_NORMAL,63,12,10,0,TRUE,2004
NC_2024_PLY_003280_LN,PLY_003280,1,LIVE_NORMAL,64,12,10,0,TRUE,2024
NC_2025_PLY_003280_LN,PLY_003280,1,LIVE_NORMAL,57,12,10,0,TRUE,2025
NC_2024_PLY_003280_EPIC,PLY_003280,2,LIVE_EPIC,73,18,10,0,TRUE,2024
NC_2018_PLY_003281_EPIC,PLY_003281,2,LIVE_EPIC,74,18,10,0,TRUE,2018
NC_2019_PLY_003281_TH,PLY_003281,4,TITLE_HOLDER,86,30,10,10,FALSE,2019
NC_2015_PLY_003282_AS,PLY_003282,3,ALLSTAR,77,24,10,10,TRUE,2015
NC_2007_PLY_003282_AS,PLY_003282,3,ALLSTAR,80,24,10,10,TRUE,2007
NC_2014_PLY_003282_EPIC,PLY_003282,2,LIVE_EPIC,76,18,10,0,TRUE,2014
NC_2019_PLY_003282_EPIC,PLY_003282,2,LIVE_EPIC,70,18,10,0,TRUE,2019
NC_2014_PLY_003282_LN,PLY_003282,1,LIVE_NORMAL,66,12,10,0,TRUE,2014
NC_2013_PLY_003282_LN,PLY_003282,1,LIVE_NORMAL,68,12,10,0,TRUE,2013
NC_2017_PLY_003282_EPIC,PLY_003282,2,LIVE_EPIC,68,18,10,0,TRUE,2017
NC_2017_PLY_003283_EPIC,PLY_003283,2,LIVE_EPIC,74,18,10,0,TRUE,2017
NC_2018_PLY_003283_LN,PLY_003283,1,LIVE_NORMAL,63,12,10,0,TRUE,2018
NC_2018_PLY_003284_LN,PLY_003284,1,LIVE_NORMAL,68,12,10,0,TRUE,2018
NC_2020_PLY_003284_EPIC,PLY_003284,2,LIVE_EPIC,70,18,10,0,TRUE,2020
NC_2013_PLY_003284_EPIC,PLY_003284,2,LIVE_EPIC,72,18,10,0,TRUE,2013
NC_2014_PLY_003284_LN,PLY_003284,1,LIVE_NORMAL,64,12,10,0,TRUE,2014
NC_2008_PLY_003284_EPIC,PLY_003284,2,LIVE_EPIC,66,18,10,0,TRUE,2008
NC_2014_PLY_003284_AS,PLY_003284,3,ALLSTAR,81,24,10,10,TRUE,2014
NC_2009_PLY_003284_EPIC,PLY_003284,2,LIVE_EPIC,65,18,10,0,TRUE,2009
NC_2010_PLY_003284_LN,PLY_003284,1,LIVE_NORMAL,56,12,10,0,TRUE,2010
NC_2015_PLY_003284_LN,PLY_003284,1,LIVE_NORMAL,58,12,10,0,TRUE,2015
NC_2016_PLY_003284_TH,PLY_003284,4,TITLE_HOLDER,86,30,10,10,FALSE,2016
NC_1991_PLY_003285_LN,PLY_003285,1,LIVE_NORMAL,59,12,10,0,TRUE,1991
NC_1999_PLY_003285_LN,PLY_003285,1,LIVE_NORMAL,68,12,10,0,TRUE,1999
NC_2023_PLY_003286_EPIC,PLY_003286,2,LIVE_EPIC,66,18,10,0,TRUE,2023
NC_2020_PLY_003286_EPIC,PLY_003286,2,LIVE_EPIC,74,18,10,0,TRUE,2020
NC_2010_PLY_003286_EPIC,PLY_003286,2,LIVE_EPIC,69,18,10,0,TRUE,2010
NC_2025_PLY_003286_LN,PLY_003286,1,LIVE_NORMAL,55,12,10,0,TRUE,2025
NC_2015_PLY_003286_LN,PLY_003286,1,LIVE_NORMAL,64,12,10,0,TRUE,2015
NC_2016_PLY_003286_AS,PLY_003286,3,ALLSTAR,79,24,10,10,TRUE,2016
NC_2008_PLY_003287_SIG,PLY_003287,5,SIGNATURE,93,40,10,10,FALSE,2008
NC_2004_PLY_003287_LN,PLY_003287,1,LIVE_NORMAL,55,12,10,0,TRUE,2004
NC_2003_PLY_003287_TH,PLY_003287,4,TITLE_HOLDER,87,30,10,10,FALSE,2003
NC_1997_PLY_003287_LN,PLY_003287,1,LIVE_NORMAL,64,12,10,0,TRUE,1997
NC_2005_PLY_003287_AS,PLY_003287,3,ALLSTAR,75,24,10,10,TRUE,2005
NC_2003_PLY_003287_LN,PLY_003287,1,LIVE_NORMAL,63,12,10,0,TRUE,2003
NC_2004_PLY_003287_EPIC,PLY_003287,2,LIVE_EPIC,68,18,10,0,TRUE,2004
NC_2007_PLY_003287_AS,PLY_003287,3,ALLSTAR,81,24,10,10,TRUE,2007
NC_2000_PLY_003287_LN,PLY_003287,1,LIVE_NORMAL,59,12,10,0,TRUE,2000
NC_2020_PLY_003288_LN,PLY_003288,1,LIVE_NORMAL,62,12,10,0,TRUE,2020
NC_2015_PLY_003288_AS,PLY_003288,3,ALLSTAR,82,24,10,10,TRUE,2015
NC_2020_PLY_003288_EPIC,PLY_003288,2,LIVE_EPIC,65,18,10,0,TRUE,2020
NC_2014_PLY_003288_EPIC,PLY_003288,2,LIVE_EPIC,75,18,10,0,TRUE,2014
NC_2020_PLY_003288_GG,PLY_003288,6,GOLDEN_GLOVE,83,35,10,10,FALSE,2020
NC_2018_PLY_003288_AS,PLY_003288,3,ALLSTAR,76,24,10,10,TRUE,2018
NC_2019_PLY_003289_LN,PLY_003289,1,LIVE_NORMAL,66,12,10,0,TRUE,2019
NC_2018_PLY_003289_EPIC,PLY_003289,2,LIVE_EPIC,66,18,10,0,TRUE,2018
NC_2015_PLY_003289_LN,PLY_003289,1,LIVE_NORMAL,58,12,10,0,TRUE,2015
NC_2016_PLY_003289_AS,PLY_003289,3,ALLSTAR,79,24,10,10,TRUE,2016
NC_2018_PLY_003289_AS,PLY_003289,3,ALLSTAR,80,24,10,10,TRUE,2018
NC_2015_PLY_003289_TH,PLY_003289,4,TITLE_HOLDER,82,30,10,10,FALSE,2015
NC_2019_PLY_003289_EPIC,PLY_003289,2,LIVE_EPIC,66,18,10,0,TRUE,2019
NC_2017_PLY_003289_LN,PLY_003289,1,LIVE_NORMAL,67,12,10,0,TRUE,2017
NC_1993_PLY_003290_EPIC,PLY_003290,2,LIVE_EPIC,73,18,10,0,TRUE,1993
NC_1995_PLY_003290_LN,PLY_003290,1,LIVE_NORMAL,67,12,10,0,TRUE,1995
NC_1992_PLY_003290_EPIC,PLY_003290,2,LIVE_EPIC,73,18,10,0,TRUE,1992
NC_1997_PLY_003290_LN,PLY_003290,1,LIVE_NORMAL,57,12,10,0,TRUE,1997
NC_1993_PLY_003290_SIG,PLY_003290,5,SIGNATURE,92,40,10,10,FALSE,1993
NC_1998_PLY_003290_GG,PLY_003290,6,GOLDEN_GLOVE,90,35,10,10,FALSE,1998
NC_1998_PLY_003290_LN,PLY_003290,1,LIVE_NORMAL,55,12,10,0,TRUE,1998
NC_1988_PLY_003290_EPIC,PLY_003290,2,LIVE_EPIC,65,18,10,0,TRUE,1988
NC_1991_PLY_003290_AS,PLY_003290,3,ALLSTAR,78,24,10,10,TRUE,1991
NC_1993_PLY_003290_LN,PLY_003290,1,LIVE_NORMAL,66,12,10,0,TRUE,1993
NC_2026_PLY_003291_EPIC,PLY_003291,2,LIVE_EPIC,76,18,10,0,TRUE,2026
NC_2017_PLY_003291_EPIC,PLY_003291,2,LIVE_EPIC,70,18,10,0,TRUE,2017
NC_2014_PLY_003291_EPIC,PLY_003291,2,LIVE_EPIC,74,18,10,0,TRUE,2014
NC_2018_PLY_003291_EPIC,PLY_003291,2,LIVE_EPIC,69,18,10,0,TRUE,2018
NC_2011_PLY_003291_TH,PLY_003291,4,TITLE_HOLDER,87,30,10,10,FALSE,2011
NC_2022_PLY_003291_EPIC,PLY_003291,2,LIVE_EPIC,69,18,10,0,TRUE,2022
NC_2018_PLY_003291_LN,PLY_003291,1,LIVE_NORMAL,59,12,10,0,TRUE,2018
NC_2024_PLY_003291_LN,PLY_003291,1,LIVE_NORMAL,63,12,10,0,TRUE,2024
NC_2013_PLY_003291_SIG,PLY_003291,5,SIGNATURE,92,40,10,10,FALSE,2013
NC_2010_PLY_003292_EPIC,PLY_003292,2,LIVE_EPIC,67,18,10,0,TRUE,2010
NC_2016_PLY_003292_LN,PLY_003292,1,LIVE_NORMAL,55,12,10,0,TRUE,2016
NC_2001_PLY_003292_EPIC,PLY_003292,2,LIVE_EPIC,70,18,10,0,TRUE,2001
NC_2004_PLY_003292_LN,PLY_003292,1,LIVE_NORMAL,61,12,10,0,TRUE,2004
NC_2018_PLY_003292_LN,PLY_003292,1,LIVE_NORMAL,55,12,10,0,TRUE,2018
NC_2005_PLY_003292_EPIC,PLY_003292,2,LIVE_EPIC,67,18,10,0,TRUE,2005
NC_2010_PLY_003292_GG,PLY_003292,6,GOLDEN_GLOVE,88,35,10,10,FALSE,2010
NC_2012_PLY_003292_LN,PLY_003292,1,LIVE_NORMAL,68,12,10,0,TRUE,2012
NC_2005_PLY_003292_LN,PLY_003292,1,LIVE_NORMAL,59,12,10,0,TRUE,2005
NC_2020_PLY_003293_TH,PLY_003293,4,TITLE_HOLDER,86,30,10,10,FALSE,2020
NC_2020_PLY_003293_AS,PLY_003293,3,ALLSTAR,79,24,10,10,TRUE,2020
NC_2019_PLY_003293_EPIC,PLY_003293,2,LIVE_EPIC,67,18,10,0,TRUE,2019
NC_2018_PLY_003293_AS,PLY_003293,3,ALLSTAR,75,24,10,10,TRUE,2018
NC_2021_PLY_003294_EPIC,PLY_003294,2,LIVE_EPIC,73,18,10,0,TRUE,2021
NC_2020_PLY_003294_EPIC,PLY_003294,2,LIVE_EPIC,68,18,10,0,TRUE,2020
NC_2026_PLY_003294_LN,PLY_003294,1,LIVE_NORMAL,57,12,10,0,TRUE,2026
NC_2017_PLY_003295_AS,PLY_003295,3,ALLSTAR,81,24,10,10,TRUE,2017
NC_2019_PLY_003295_TH,PLY_003295,4,TITLE_HOLDER,85,30,10,10,FALSE,2019
NC_2023_PLY_003295_GG,PLY_003295,6,GOLDEN_GLOVE,84,35,10,10,FALSE,2023
NC_2011_PLY_003295_EPIC,PLY_003295,2,LIVE_EPIC,67,18,10,0,TRUE,2011
NC_2014_PLY_003296_TH,PLY_003296,4,TITLE_HOLDER,87,30,10,10,FALSE,2014
NC_2024_PLY_003296_LN,PLY_003296,1,LIVE_NORMAL,65,12,10,0,TRUE,2024
NC_2025_PLY_003296_AS,PLY_003296,3,ALLSTAR,74,24,10,10,TRUE,2025
NC_2014_PLY_003296_AS,PLY_003296,3,ALLSTAR,75,24,10,10,TRUE,2014
NC_2014_PLY_003296_EPIC,PLY_003296,2,LIVE_EPIC,67,18,10,0,TRUE,2014
NC_2019_PLY_003296_EPIC,PLY_003296,2,LIVE_EPIC,70,18,10,0,TRUE,2019
NC_2017_PLY_003296_TH,PLY_003296,4,TITLE_HOLDER,81,30,10,10,FALSE,2017
NC_2017_PLY_003296_LN,PLY_003296,1,LIVE_NORMAL,63,12,10,0,TRUE,2017
NC_2011_PLY_003296_EPIC,PLY_003296,2,LIVE_EPIC,68,18,10,0,TRUE,2011
NC_2022_PLY_003296_LN,PLY_003296,1,LIVE_NORMAL,57,12,10,0,TRUE,2022
NC_2018_PLY_003296_EPIC,PLY_003296,2,LIVE_EPIC,76,18,10,0,TRUE,2018
NC_2025_PLY_003297_EPIC,PLY_003297,2,LIVE_EPIC,67,18,10,0,TRUE,2025
NC_2022_PLY_003297_GG,PLY_003297,6,GOLDEN_GLOVE,90,35,10,10,FALSE,2022
NC_2023_PLY_003297_AS,PLY_003297,3,ALLSTAR,83,24,10,10,TRUE,2023
NC_2024_PLY_003297_EPIC,PLY_003297,2,LIVE_EPIC,73,18,10,0,TRUE,2024
NC_2021_PLY_003297_LN,PLY_003297,1,LIVE_NORMAL,68,12,10,0,TRUE,2021
NC_2020_PLY_003297_AS,PLY_003297,3,ALLSTAR,81,24,10,10,TRUE,2020
NC_2024_PLY_003297_TH,PLY_003297,4,TITLE_HOLDER,83,30,10,10,FALSE,2024
NC_2022_PLY_003297_EPIC,PLY_003297,2,LIVE_EPIC,66,18,10,0,TRUE,2022
NC_2020_PLY_003297_SIG,PLY_003297,5,SIGNATURE,91,40,10,10,FALSE,2020
NC_2026_PLY_003298_EPIC,PLY_003298,2,LIVE_EPIC,70,18,10,0,TRUE,2026
NC_2025_PLY_003298_AS,PLY_003298,3,ALLSTAR,75,24,10,10,TRUE,2025
NC_2023_PLY_003298_SIG,PLY_003298,5,SIGNATURE,90,40,10,10,FALSE,2023
NC_2024_PLY_003298_LN,PLY_003298,1,LIVE_NORMAL,60,12,10,0,TRUE,2024
NC_2019_PLY_003299_AS,PLY_003299,3,ALLSTAR,74,24,10,10,TRUE,2019
NC_2022_PLY_003299_EPIC,PLY_003299,2,LIVE_EPIC,67,18,10,0,TRUE,2022
NC_2020_PLY_003299_LN,PLY_003299,1,LIVE_NORMAL,59,12,10,0,TRUE,2020
NC_1993_PLY_003300_EPIC,PLY_003300,2,LIVE_EPIC,73,18,10,0,TRUE,1993
NC_2008_PLY_003300_EPIC,PLY_003300,2,LIVE_EPIC,74,18,10,0,TRUE,2008
NC_1995_PLY_003300_LN,PLY_003300,1,LIVE_NORMAL,55,12,10,0,TRUE,1995
NC_2009_PLY_003300_LN,PLY_003300,1,LIVE_NORMAL,61,12,10,0,TRUE,2009
NC_1994_PLY_003301_LN,PLY_003301,1,LIVE_NORMAL,62,12,10,0,TRUE,1994
NC_1993_PLY_003301_EPIC,PLY_003301,2,LIVE_EPIC,69,18,10,0,TRUE,1993
NC_2011_PLY_003301_AS,PLY_003301,3,ALLSTAR,74,24,10,10,TRUE,2011
NC_1999_PLY_003301_AS,PLY_003301,3,ALLSTAR,83,24,10,10,TRUE,1999
NC_2006_PLY_003301_TH,PLY_003301,4,TITLE_HOLDER,86,30,10,10,FALSE,2006
NC_2011_PLY_003301_EPIC,PLY_003301,2,LIVE_EPIC,74,18,10,0,TRUE,2011
NC_2007_PLY_003301_AS,PLY_003301,3,ALLSTAR,83,24,10,10,TRUE,2007
NC_1993_PLY_003301_LN,PLY_003301,1,LIVE_NORMAL,55,12,10,0,TRUE,1993
NC_2025_PLY_003302_SIG,PLY_003302,5,SIGNATURE,92,40,10,10,FALSE,2025
NC_2020_PLY_003302_SIG,PLY_003302,5,SIGNATURE,92,40,10,10,FALSE,2020
NC_2026_PLY_003302_AS,PLY_003302,3,ALLSTAR,74,24,10,10,TRUE,2026
NC_2018_PLY_003302_EPIC,PLY_003302,2,LIVE_EPIC,71,18,10,0,TRUE,2018
NC_2025_PLY_003302_LN,PLY_003302,1,LIVE_NORMAL,60,12,10,0,TRUE,2025
NC_2022_PLY_003302_LN,PLY_003302,1,LIVE_NORMAL,64,12,10,0,TRUE,2022
NC_2022_PLY_003302_EPIC,PLY_003302,2,LIVE_EPIC,72,18,10,0,TRUE,2022
NC_2021_PLY_003302_AS,PLY_003302,3,ALLSTAR,81,24,10,10,TRUE,2021
NC_2023_PLY_003302_LN,PLY_003302,1,LIVE_NORMAL,55,12,10,0,TRUE,2023
NC_2025_PLY_003303_EPIC,PLY_003303,2,LIVE_EPIC,69,18,10,0,TRUE,2025
NC_2019_PLY_003303_EPIC,PLY_003303,2,LIVE_EPIC,70,18,10,0,TRUE,2019
NC_2020_PLY_003303_TH,PLY_003303,4,TITLE_HOLDER,87,30,10,10,FALSE,2020
NC_2018_PLY_003303_TH,PLY_003303,4,TITLE_HOLDER,87,30,10,10,FALSE,2018
NC_2017_PLY_003303_LN,PLY_003303,1,LIVE_NORMAL,56,12,10,0,TRUE,2017
NC_2026_PLY_003303_AS,PLY_003303,3,ALLSTAR,79,24,10,10,TRUE,2026
NC_2018_PLY_003303_LN,PLY_003303,1,LIVE_NORMAL,60,12,10,0,TRUE,2018
NC_2018_PLY_003303_AS,PLY_003303,3,ALLSTAR,79,24,10,10,TRUE,2018
NC_2024_PLY_003304_TH,PLY_003304,4,TITLE_HOLDER,82,30,10,10,FALSE,2024
NC_2022_PLY_003304_GG,PLY_003304,6,GOLDEN_GLOVE,90,35,10,10,FALSE,2022
NC_2014_PLY_003305_GG,PLY_003305,6,GOLDEN_GLOVE,84,35,10,10,FALSE,2014
NC_2019_PLY_003305_EPIC,PLY_003305,2,LIVE_EPIC,69,18,10,0,TRUE,2019
NC_2015_PLY_003305_LN,PLY_003305,1,LIVE_NORMAL,59,12,10,0,TRUE,2015
NC_2010_PLY_003305_LN,PLY_003305,1,LIVE_NORMAL,59,12,10,0,TRUE,2010
NC_2019_PLY_003305_LN,PLY_003305,1,LIVE_NORMAL,62,12,10,0,TRUE,2019
NC_2020_PLY_003305_AS,PLY_003305,3,ALLSTAR,80,24,10,10,TRUE,2020
NC_2011_PLY_003305_AS,PLY_003305,3,ALLSTAR,80,24,10,10,TRUE,2011
NC_2012_PLY_003305_LN,PLY_003305,1,LIVE_NORMAL,62,12,10,0,TRUE,2012
NC_2001_PLY_003306_EPIC,PLY_003306,2,LIVE_EPIC,67,18,10,0,TRUE,2001
NC_2001_PLY_003306_LN,PLY_003306,1,LIVE_NORMAL,63,12,10,0,TRUE,2001
NC_2004_PLY_003306_EPIC,PLY_003306,2,LIVE_EPIC,66,18,10,0,TRUE,2004
NC_2000_PLY_003306_EPIC,PLY_003306,2,LIVE_EPIC,73,18,10,0,TRUE,2000
NC_2005_PLY_003306_EPIC,PLY_003306,2,LIVE_EPIC,72,18,10,0,TRUE,2005
NC_2001_PLY_003306_AS,PLY_003306,3,ALLSTAR,77,24,10,10,TRUE,2001
NC_2005_PLY_003306_GG,PLY_003306,6,GOLDEN_GLOVE,87,35,10,10,FALSE,2005
NC_2003_PLY_003306_LN,PLY_003306,1,LIVE_NORMAL,55,12,10,0,TRUE,2003
NC_2002_PLY_003306_AS,PLY_003306,3,ALLSTAR,83,24,10,10,TRUE,2002
NC_2019_PLY_003307_LN,PLY_003307,1,LIVE_NORMAL,56,12,10,0,TRUE,2019
NC_2017_PLY_003307_EPIC,PLY_003307,2,LIVE_EPIC,75,18,10,0,TRUE,2017
NC_2020_PLY_003307_LN,PLY_003307,1,LIVE_NORMAL,66,12,10,0,TRUE,2020
NC_2015_PLY_003307_SIG,PLY_003307,5,SIGNATURE,91,40,10,10,FALSE,2015
NC_2020_PLY_003307_EPIC,PLY_003307,2,LIVE_EPIC,71,18,10,0,TRUE,2020
NC_2021_PLY_003307_LN,PLY_003307,1,LIVE_NORMAL,58,12,10,0,TRUE,2021
NC_2008_PLY_003308_EPIC,PLY_003308,2,LIVE_EPIC,68,18,10,0,TRUE,2008
NC_2005_PLY_003308_EPIC,PLY_003308,2,LIVE_EPIC,71,18,10,0,TRUE,2005
NC_2006_PLY_003308_SIG,PLY_003308,5,SIGNATURE,94,40,10,10,FALSE,2006
NC_2007_PLY_003308_EPIC,PLY_003308,2,LIVE_EPIC,68,18,10,0,TRUE,2007
NC_2008_PLY_003308_LN,PLY_003308,1,LIVE_NORMAL,59,12,10,0,TRUE,2008
NC_2005_PLY_003308_LN,PLY_003308,1,LIVE_NORMAL,63,12,10,0,TRUE,2005
NC_2004_PLY_003308_EPIC,PLY_003308,2,LIVE_EPIC,69,18,10,0,TRUE,2004
NC_2004_PLY_003308_GG,PLY_003308,6,GOLDEN_GLOVE,89,35,10,10,FALSE,2004
NC_2019_PLY_003309_EPIC,PLY_003309,2,LIVE_EPIC,67,18,10,0,TRUE,2019
NC_2016_PLY_003309_EPIC,PLY_003309,2,LIVE_EPIC,71,18,10,0,TRUE,2016
NC_2010_PLY_003309_EPIC,PLY_003309,2,LIVE_EPIC,70,18,10,0,TRUE,2010
NC_2006_PLY_003309_EPIC,PLY_003309,2,LIVE_EPIC,74,18,10,0,TRUE,2006
NC_2009_PLY_003310_AS,PLY_003310,3,ALLSTAR,76,24,10,10,TRUE,2009
NC_2010_PLY_003310_EPIC,PLY_003310,2,LIVE_EPIC,66,18,10,0,TRUE,2010
NC_2002_PLY_003310_AS,PLY_003310,3,ALLSTAR,82,24,10,10,TRUE,2002
NC_2004_PLY_003310_AS,PLY_003310,3,ALLSTAR,77,24,10,10,TRUE,2004
NC_2008_PLY_003310_TH,PLY_003310,4,TITLE_HOLDER,86,30,10,10,FALSE,2008
NC_2003_PLY_003310_LN,PLY_003310,1,LIVE_NORMAL,66,12,10,0,TRUE,2003
NC_2000_PLY_003310_AS,PLY_003310,3,ALLSTAR,75,24,10,10,TRUE,2000
NC_2007_PLY_003310_LN,PLY_003310,1,LIVE_NORMAL,55,12,10,0,TRUE,2007
NC_1992_PLY_003311_LN,PLY_003311,1,LIVE_NORMAL,57,12,10,0,TRUE,1992
NC_1996_PLY_003311_EPIC,PLY_003311,2,LIVE_EPIC,75,18,10,0,TRUE,1996
NC_1993_PLY_003311_LN,PLY_003311,1,LIVE_NORMAL,58,12,10,0,TRUE,1993
NC_1993_PLY_003311_AS,PLY_003311,3,ALLSTAR,80,24,10,10,TRUE,1993
NC_1999_PLY_003311_EPIC,PLY_003311,2,LIVE_EPIC,72,18,10,0,TRUE,1999
NC_1995_PLY_003312_LN,PLY_003312,1,LIVE_NORMAL,62,12,10,0,TRUE,1995
NC_1991_PLY_003312_LN,PLY_003312,1,LIVE_NORMAL,62,12,10,0,TRUE,1991
NC_1995_PLY_003312_TH,PLY_003312,4,TITLE_HOLDER,84,30,10,10,FALSE,1995
NC_1994_PLY_003312_AS,PLY_003312,3,ALLSTAR,78,24,10,10,TRUE,1994
NC_1991_PLY_003312_EPIC,PLY_003312,2,LIVE_EPIC,75,18,10,0,TRUE,1991
NC_1995_PLY_003312_AS,PLY_003312,3,ALLSTAR,81,24,10,10,TRUE,1995
NC_1992_PLY_003312_LN,PLY_003312,1,LIVE_NORMAL,68,12,10,0,TRUE,1992
NC_1996_PLY_003312_AS,PLY_003312,3,ALLSTAR,75,24,10,10,TRUE,1996
NC_1992_PLY_003312_SIG,PLY_003312,5,SIGNATURE,94,40,10,10,FALSE,1992
NC_1994_PLY_003312_LN,PLY_003312,1,LIVE_NORMAL,67,12,10,0,TRUE,1994
NC_1996_PLY_003312_EPIC,PLY_003312,2,LIVE_EPIC,69,18,10,0,TRUE,1996
NC_2009_PLY_003313_AS,PLY_003313,3,ALLSTAR,80,24,10,10,TRUE,2009
NC_1998_PLY_003313_AS,PLY_003313,3,ALLSTAR,79,24,10,10,TRUE,1998
NC_1998_PLY_003313_EPIC,PLY_003313,2,LIVE_EPIC,66,18,10,0,TRUE,1998
NC_2006_PLY_003313_LN,PLY_003313,1,LIVE_NORMAL,60,12,10,0,TRUE,2006
NC_1997_PLY_003313_AS,PLY_003313,3,ALLSTAR,80,24,10,10,TRUE,1997
NC_2003_PLY_003313_EPIC,PLY_003313,2,LIVE_EPIC,72,18,10,0,TRUE,2003
NC_2001_PLY_003313_LN,PLY_003313,1,LIVE_NORMAL,57,12,10,0,TRUE,2001
NC_1997_PLY_003313_EPIC,PLY_003313,2,LIVE_EPIC,75,18,10,0,TRUE,1997
NC_1997_PLY_003313_LN,PLY_003313,1,LIVE_NORMAL,65,12,10,0,TRUE,1997
NC_1999_PLY_003314_LN,PLY_003314,1,LIVE_NORMAL,61,12,10,0,TRUE,1999
NC_1997_PLY_003314_EPIC,PLY_003314,2,LIVE_EPIC,73,18,10,0,TRUE,1997
NC_2001_PLY_003314_EPIC,PLY_003314,2,LIVE_EPIC,68,18,10,0,TRUE,2001
NC_1991_PLY_003315_LN,PLY_003315,1,LIVE_NORMAL,59,12,10,0,TRUE,1991
NC_1993_PLY_003315_LN,PLY_003315,1,LIVE_NORMAL,64,12,10,0,TRUE,1993
NC_1994_PLY_003315_TH,PLY_003315,4,TITLE_HOLDER,81,30,10,10,FALSE,1994
NC_2024_PLY_003316_EPIC,PLY_003316,2,LIVE_EPIC,76,18,10,0,TRUE,2024
NC_2013_PLY_003316_LN,PLY_003316,1,LIVE_NORMAL,68,12,10,0,TRUE,2013
NC_2022_PLY_003316_LN,PLY_003316,1,LIVE_NORMAL,57,12,10,0,TRUE,2022
NC_1994_PLY_003317_AS,PLY_003317,3,ALLSTAR,82,24,10,10,TRUE,1994
NC_1998_PLY_003317_LN,PLY_003317,1,LIVE_NORMAL,66,12,10,0,TRUE,1998
NC_1994_PLY_003317_LN,PLY_003317,1,LIVE_NORMAL,55,12,10,0,TRUE,1994
NC_1996_PLY_003317_LN,PLY_003317,1,LIVE_NORMAL,59,12,10,0,TRUE,1996
NC_1999_PLY_003317_EPIC,PLY_003317,2,LIVE_EPIC,65,18,10,0,TRUE,1999
NC_1993_PLY_003317_GG,PLY_003317,6,GOLDEN_GLOVE,87,35,10,10,FALSE,1993
NC_1996_PLY_003317_AS,PLY_003317,3,ALLSTAR,77,24,10,10,TRUE,1996
NC_2013_PLY_003318_AS,PLY_003318,3,ALLSTAR,75,24,10,10,TRUE,2013
NC_2011_PLY_003318_LN,PLY_003318,1,LIVE_NORMAL,61,12,10,0,TRUE,2011
NC_2014_PLY_003318_LN,PLY_003318,1,LIVE_NORMAL,57,12,10,0,TRUE,2014
NC_2004_PLY_003318_EPIC,PLY_003318,2,LIVE_EPIC,73,18,10,0,TRUE,2004
NC_2014_PLY_003318_EPIC,PLY_003318,2,LIVE_EPIC,71,18,10,0,TRUE,2014
NC_2012_PLY_003318_LN,PLY_003318,1,LIVE_NORMAL,67,12,10,0,TRUE,2012
NC_2007_PLY_003318_LN,PLY_003318,1,LIVE_NORMAL,63,12,10,0,TRUE,2007
NC_2004_PLY_003318_AS,PLY_003318,3,ALLSTAR,75,24,10,10,TRUE,2004
NC_2006_PLY_003318_TH,PLY_003318,4,TITLE_HOLDER,86,30,10,10,FALSE,2006
NC_2011_PLY_003318_AS,PLY_003318,3,ALLSTAR,77,24,10,10,TRUE,2011
NC_2001_PLY_003319_EPIC,PLY_003319,2,LIVE_EPIC,70,18,10,0,TRUE,2001
NC_1994_PLY_003319_AS,PLY_003319,3,ALLSTAR,80,24,10,10,TRUE,1994
NC_2010_PLY_003319_LN,PLY_003319,1,LIVE_NORMAL,62,12,10,0,TRUE,2010
NC_2009_PLY_003319_EPIC,PLY_003319,2,LIVE_EPIC,70,18,10,0,TRUE,2009
NC_1996_PLY_003319_EPIC,PLY_003319,2,LIVE_EPIC,75,18,10,0,TRUE,1996
NC_2001_PLY_003319_TH,PLY_003319,4,TITLE_HOLDER,81,30,10,10,FALSE,2001
NC_1997_PLY_003320_EPIC,PLY_003320,2,LIVE_EPIC,71,18,10,0,TRUE,1997
NC_1997_PLY_003320_TH,PLY_003320,4,TITLE_HOLDER,82,30,10,10,FALSE,1997
NC_1995_PLY_003320_EPIC,PLY_003320,2,LIVE_EPIC,65,18,10,0,TRUE,1995
NC_1992_PLY_003321_AS,PLY_003321,3,ALLSTAR,77,24,10,10,TRUE,1992
NC_1994_PLY_003321_EPIC,PLY_003321,2,LIVE_EPIC,72,18,10,0,TRUE,1994
NC_2021_PLY_003322_EPIC,PLY_003322,2,LIVE_EPIC,69,18,10,0,TRUE,2021
NC_2009_PLY_003322_AS,PLY_003322,3,ALLSTAR,77,24,10,10,TRUE,2009
NC_2012_PLY_003322_LN,PLY_003322,1,LIVE_NORMAL,60,12,10,0,TRUE,2012
NC_2023_PLY_003323_LN,PLY_003323,1,LIVE_NORMAL,59,12,10,0,TRUE,2023
NC_2023_PLY_003323_SIG,PLY_003323,5,SIGNATURE,89,40,10,10,FALSE,2023
NC_2017_PLY_003323_LN,PLY_003323,1,LIVE_NORMAL,68,12,10,0,TRUE,2017
NC_2025_PLY_003323_GG,PLY_003323,6,GOLDEN_GLOVE,89,35,10,10,FALSE,2025
NC_2018_PLY_003323_AS,PLY_003323,3,ALLSTAR,83,24,10,10,TRUE,2018
NC_2018_PLY_003323_LN,PLY_003323,1,LIVE_NORMAL,55,12,10,0,TRUE,2018
NC_2018_PLY_003323_EPIC,PLY_003323,2,LIVE_EPIC,68,18,10,0,TRUE,2018
NC_2022_PLY_003323_GG,PLY_003323,6,GOLDEN_GLOVE,90,35,10,10,FALSE,2022
NC_2021_PLY_003323_LN,PLY_003323,1,LIVE_NORMAL,56,12,10,0,TRUE,2021
NC_2011_PLY_003324_GG,PLY_003324,6,GOLDEN_GLOVE,86,35,10,10,FALSE,2011
NC_2006_PLY_003324_LN,PLY_003324,1,LIVE_NORMAL,55,12,10,0,TRUE,2006
NC_2008_PLY_003324_LN,PLY_003324,1,LIVE_NORMAL,56,12,10,0,TRUE,2008
NC_2009_PLY_003324_LN,PLY_003324,1,LIVE_NORMAL,63,12,10,0,TRUE,2009
NC_2014_PLY_003324_EPIC,PLY_003324,2,LIVE_EPIC,73,18,10,0,TRUE,2014
NC_2010_PLY_003324_AS,PLY_003324,3,ALLSTAR,75,24,10,10,TRUE,2010
NC_2010_PLY_003324_EPIC,PLY_003324,2,LIVE_EPIC,75,18,10,0,TRUE,2010
NC_2007_PLY_003325_EPIC,PLY_003325,2,LIVE_EPIC,69,18,10,0,TRUE,2007
NC_2005_PLY_003325_EPIC,PLY_003325,2,LIVE_EPIC,69,18,10,0,TRUE,2005
NC_2004_PLY_003325_AS,PLY_003325,3,ALLSTAR,75,24,10,10,TRUE,2004
NC_2004_PLY_003325_LN,PLY_003325,1,LIVE_NORMAL,62,12,10,0,TRUE,2004
NC_1997_PLY_003326_EPIC,PLY_003326,2,LIVE_EPIC,72,18,10,0,TRUE,1997
NC_1996_PLY_003326_LN,PLY_003326,1,LIVE_NORMAL,64,12,10,0,TRUE,1996
NC_1999_PLY_003326_EPIC,PLY_003326,2,LIVE_EPIC,66,18,10,0,TRUE,1999
NC_2018_PLY_003327_LN,PLY_003327,1,LIVE_NORMAL,57,12,10,0,TRUE,2018
NC_2020_PLY_003327_LN,PLY_003327,1,LIVE_NORMAL,68,12,10,0,TRUE,2020
NC_2009_PLY_003328_EPIC,PLY_003328,2,LIVE_EPIC,67,18,10,0,TRUE,2009
NC_2010_PLY_003328_GG,PLY_003328,6,GOLDEN_GLOVE,86,35,10,10,FALSE,2010
NC_2010_PLY_003328_TH,PLY_003328,4,TITLE_HOLDER,87,30,10,10,FALSE,2010
NC_2011_PLY_003328_EPIC,PLY_003328,2,LIVE_EPIC,65,18,10,0,TRUE,2011
NC_2012_PLY_003328_LN,PLY_003328,1,LIVE_NORMAL,63,12,10,0,TRUE,2012
NC_2013_PLY_003328_LN,PLY_003328,1,LIVE_NORMAL,65,12,10,0,TRUE,2013
NC_2011_PLY_003328_AS,PLY_003328,3,ALLSTAR,75,24,10,10,TRUE,2011
NC_2008_PLY_003328_GG,PLY_003328,6,GOLDEN_GLOVE,83,35,10,10,FALSE,2008
NC_2022_PLY_003329_EPIC,PLY_003329,2,LIVE_EPIC,67,18,10,0,TRUE,2022
NC_2025_PLY_003329_EPIC,PLY_003329,2,LIVE_EPIC,73,18,10,0,TRUE,2025
NC_2025_PLY_003329_LN,PLY_003329,1,LIVE_NORMAL,68,12,10,0,TRUE,2025
NC_2022_PLY_003329_AS,PLY_003329,3,ALLSTAR,83,24,10,10,TRUE,2022
NC_2025_PLY_003329_GG,PLY_003329,6,GOLDEN_GLOVE,87,35,10,10,FALSE,2025
NC_2024_PLY_003329_GG,PLY_003329,6,GOLDEN_GLOVE,86,35,10,10,FALSE,2024
NC_1990_PLY_003330_LN,PLY_003330,1,LIVE_NORMAL,62,12,10,0,TRUE,1990
NC_2000_PLY_003330_TH,PLY_003330,4,TITLE_HOLDER,82,30,10,10,FALSE,2000
NC_2001_PLY_003330_LN,PLY_003330,1,LIVE_NORMAL,57,12,10,0,TRUE,2001
NC_1989_PLY_003330_LN,PLY_003330,1,LIVE_NORMAL,66,12,10,0,TRUE,1989
NC_2005_PLY_003331_EPIC,PLY_003331,2,LIVE_EPIC,65,18,10,0,TRUE,2005
NC_1998_PLY_003331_AS,PLY_003331,3,ALLSTAR,76,24,10,10,TRUE,1998
NC_2004_PLY_003331_LN,PLY_003331,1,LIVE_NORMAL,64,12,10,0,TRUE,2004
NC_2007_PLY_003332_EPIC,PLY_003332,2,LIVE_EPIC,67,18,10,0,TRUE,2007
NC_2004_PLY_003332_AS,PLY_003332,3,ALLSTAR,80,24,10,10,TRUE,2004
NC_2007_PLY_003332_LN,PLY_003332,1,LIVE_NORMAL,62,12,10,0,TRUE,2007
NC_2010_PLY_003332_EPIC,PLY_003332,2,LIVE_EPIC,65,18,10,0,TRUE,2010
NC_2004_PLY_003332_GG,PLY_003332,6,GOLDEN_GLOVE,85,35,10,10,FALSE,2004
NC_2005_PLY_003332_SIG,PLY_003332,5,SIGNATURE,87,40,10,10,FALSE,2005
NC_2011_PLY_003332_AS,PLY_003332,3,ALLSTAR,81,24,10,10,TRUE,2011
NC_2012_PLY_003332_EPIC,PLY_003332,2,LIVE_EPIC,74,18,10,0,TRUE,2012
NC_2004_PLY_003332_EPIC,PLY_003332,2,LIVE_EPIC,73,18,10,0,TRUE,2004
NC_2010_PLY_003332_LN,PLY_003332,1,LIVE_NORMAL,56,12,10,0,TRUE,2010
NC_2011_PLY_003332_LN,PLY_003332,1,LIVE_NORMAL,65,12,10,0,TRUE,2011
NC_2007_PLY_003332_AS,PLY_003332,3,ALLSTAR,83,24,10,10,TRUE,2007
NC_1990_PLY_003333_AS,PLY_003333,3,ALLSTAR,74,24,10,10,TRUE,1990
NC_2005_PLY_003333_AS,PLY_003333,3,ALLSTAR,75,24,10,10,TRUE,2005
NC_2004_PLY_003333_TH,PLY_003333,4,TITLE_HOLDER,80,30,10,10,FALSE,2004
NC_2003_PLY_003333_LN,PLY_003333,1,LIVE_NORMAL,67,12,10,0,TRUE,2003
NC_2000_PLY_003333_TH,PLY_003333,4,TITLE_HOLDER,87,30,10,10,FALSE,2000
NC_1998_PLY_003333_AS,PLY_003333,3,ALLSTAR,75,24,10,10,TRUE,1998
NC_2007_PLY_003333_GG,PLY_003333,6,GOLDEN_GLOVE,85,35,10,10,FALSE,2007
NC_1993_PLY_003333_EPIC,PLY_003333,2,LIVE_EPIC,67,18,10,0,TRUE,1993
NC_2000_PLY_003334_LN,PLY_003334,1,LIVE_NORMAL,67,12,10,0,TRUE,2000
NC_1999_PLY_003334_GG,PLY_003334,6,GOLDEN_GLOVE,89,35,10,10,FALSE,1999
NC_2005_PLY_003335_AS,PLY_003335,3,ALLSTAR,83,24,10,10,TRUE,2005
NC_2007_PLY_003335_EPIC,PLY_003335,2,LIVE_EPIC,68,18,10,0,TRUE,2007
NC_2010_PLY_003335_TH,PLY_003335,4,TITLE_HOLDER,85,30,10,10,FALSE,2010
NC_2012_PLY_003335_GG,PLY_003335,6,GOLDEN_GLOVE,84,35,10,10,FALSE,2012
NC_2003_PLY_003335_EPIC,PLY_003335,2,LIVE_EPIC,69,18,10,0,TRUE,2003
NC_2011_PLY_003335_LN,PLY_003335,1,LIVE_NORMAL,65,12,10,0,TRUE,2011
NC_2005_PLY_003335_LN,PLY_003335,1,LIVE_NORMAL,67,12,10,0,TRUE,2005
NC_2009_PLY_003335_LN,PLY_003335,1,LIVE_NORMAL,67,12,10,0,TRUE,2009
NC_2008_PLY_003335_LN,PLY_003335,1,LIVE_NORMAL,60,12,10,0,TRUE,2008
NC_2012_PLY_003336_EPIC,PLY_003336,2,LIVE_EPIC,69,18,10,0,TRUE,2012
NC_2019_PLY_003336_EPIC,PLY_003336,2,LIVE_EPIC,73,18,10,0,TRUE,2019
NC_2011_PLY_003336_AS,PLY_003336,3,ALLSTAR,79,24,10,10,TRUE,2011
NC_2012_PLY_003337_LN,PLY_003337,1,LIVE_NORMAL,60,12,10,0,TRUE,2012
NC_2014_PLY_003337_LN,PLY_003337,1,LIVE_NORMAL,58,12,10,0,TRUE,2014
NC_2014_PLY_003337_EPIC,PLY_003337,2,LIVE_EPIC,69,18,10,0,TRUE,2014
NC_2012_PLY_003337_GG,PLY_003337,6,GOLDEN_GLOVE,88,35,10,10,FALSE,2012
NC_2014_PLY_003337_AS,PLY_003337,3,ALLSTAR,76,24,10,10,TRUE,2014
NC_1999_PLY_003338_EPIC,PLY_003338,2,LIVE_EPIC,73,18,10,0,TRUE,1999
NC_1992_PLY_003338_EPIC,PLY_003338,2,LIVE_EPIC,65,18,10,0,TRUE,1992
NC_1995_PLY_003338_LN,PLY_003338,1,LIVE_NORMAL,63,12,10,0,TRUE,1995
NC_2001_PLY_003338_LN,PLY_003338,1,LIVE_NORMAL,58,12,10,0,TRUE,2001
NC_1998_PLY_003338_EPIC,PLY_003338,2,LIVE_EPIC,68,18,10,0,TRUE,1998
NC_1993_PLY_003338_LN,PLY_003338,1,LIVE_NORMAL,66,12,10,0,TRUE,1993
NC_1992_PLY_003338_LN,PLY_003338,1,LIVE_NORMAL,56,12,10,0,TRUE,1992
NC_1993_PLY_003338_SIG,PLY_003338,5,SIGNATURE,90,40,10,10,FALSE,1993
NC_1997_PLY_003338_EPIC,PLY_003338,2,LIVE_EPIC,71,18,10,0,TRUE,1997
NC_1998_PLY_003338_LN,PLY_003338,1,LIVE_NORMAL,55,12,10,0,TRUE,1998
NC_2000_PLY_003338_LN,PLY_003338,1,LIVE_NORMAL,55,12,10,0,TRUE,2000
NC_1997_PLY_003339_EPIC,PLY_003339,2,LIVE_EPIC,67,18,10,0,TRUE,1997
NC_1998_PLY_003339_LN,PLY_003339,1,LIVE_NORMAL,62,12,10,0,TRUE,1998
NC_2000_PLY_003339_LN,PLY_003339,1,LIVE_NORMAL,62,12,10,0,TRUE,2000
NC_2002_PLY_003339_EPIC,PLY_003339,2,LIVE_EPIC,69,18,10,0,TRUE,2002
NC_1995_PLY_003340_GG,PLY_003340,6,GOLDEN_GLOVE,86,35,10,10,FALSE,1995
NC_1990_PLY_003340_EPIC,PLY_003340,2,LIVE_EPIC,76,18,10,0,TRUE,1990
NC_1992_PLY_003340_AS,PLY_003340,3,ALLSTAR,83,24,10,10,TRUE,1992
NC_2024_PLY_003341_LN,PLY_003341,1,LIVE_NORMAL,66,12,10,0,TRUE,2024
NC_2023_PLY_003341_EPIC,PLY_003341,2,LIVE_EPIC,65,18,10,0,TRUE,2023
NC_2010_PLY_003342_LN,PLY_003342,1,LIVE_NORMAL,68,12,10,0,TRUE,2010
NC_1998_PLY_003342_LN,PLY_003342,1,LIVE_NORMAL,57,12,10,0,TRUE,1998
NC_2005_PLY_003342_LN,PLY_003342,1,LIVE_NORMAL,56,12,10,0,TRUE,2005
NC_2023_PLY_003343_AS,PLY_003343,3,ALLSTAR,81,24,10,10,TRUE,2023
NC_2022_PLY_003343_EPIC,PLY_003343,2,LIVE_EPIC,70,18,10,0,TRUE,2022
NC_2024_PLY_003343_LN,PLY_003343,1,LIVE_NORMAL,67,12,10,0,TRUE,2024
NC_2026_PLY_003343_LN,PLY_003343,1,LIVE_NORMAL,60,12,10,0,TRUE,2026
NC_2024_PLY_003343_EPIC,PLY_003343,2,LIVE_EPIC,76,18,10,0,TRUE,2024
NC_2021_PLY_003343_AS,PLY_003343,3,ALLSTAR,79,24,10,10,TRUE,2021
NC_2025_PLY_003343_LN,PLY_003343,1,LIVE_NORMAL,64,12,10,0,TRUE,2025
NC_2023_PLY_003343_TH,PLY_003343,4,TITLE_HOLDER,80,30,10,10,FALSE,2023
NC_2025_PLY_003343_EPIC,PLY_003343,2,LIVE_EPIC,67,18,10,0,TRUE,2025
NC_2013_PLY_003344_EPIC,PLY_003344,2,LIVE_EPIC,70,18,10,0,TRUE,2013
NC_2015_PLY_003344_EPIC,PLY_003344,2,LIVE_EPIC,68,18,10,0,TRUE,2015
NC_2008_PLY_003345_LN,PLY_003345,1,LIVE_NORMAL,57,12,10,0,TRUE,2008
NC_2013_PLY_003345_AS,PLY_003345,3,ALLSTAR,82,24,10,10,TRUE,2013
NC_2009_PLY_003345_LN,PLY_003345,1,LIVE_NORMAL,62,12,10,0,TRUE,2009
NC_2005_PLY_003345_GG,PLY_003345,6,GOLDEN_GLOVE,90,35,10,10,FALSE,2005
NC_2004_PLY_003345_EPIC,PLY_003345,2,LIVE_EPIC,75,18,10,0,TRUE,2004
NC_2015_PLY_003345_LN,PLY_003345,1,LIVE_NORMAL,61,12,10,0,TRUE,2015
NC_2009_PLY_003345_EPIC,PLY_003345,2,LIVE_EPIC,72,18,10,0,TRUE,2009
NC_2013_PLY_003345_EPIC,PLY_003345,2,LIVE_EPIC,71,18,10,0,TRUE,2013
NC_2004_PLY_003345_TH,PLY_003345,4,TITLE_HOLDER,81,30,10,10,FALSE,2004
NC_2026_PLY_003346_TH,PLY_003346,4,TITLE_HOLDER,80,30,10,10,FALSE,2026
NC_2022_PLY_003346_EPIC,PLY_003346,2,LIVE_EPIC,75,18,10,0,TRUE,2022
NC_2024_PLY_003346_EPIC,PLY_003346,2,LIVE_EPIC,72,18,10,0,TRUE,2024
NC_2023_PLY_003346_LN,PLY_003346,1,LIVE_NORMAL,68,12,10,0,TRUE,2023
NC_2026_PLY_003346_LN,PLY_003346,1,LIVE_NORMAL,59,12,10,0,TRUE,2026
NC_2022_PLY_003346_LN,PLY_003346,1,LIVE_NORMAL,63,12,10,0,TRUE,2022
NC_2025_PLY_003346_LN,PLY_003346,1,LIVE_NORMAL,68,12,10,0,TRUE,2025
NC_2024_PLY_003346_AS,PLY_003346,3,ALLSTAR,78,24,10,10,TRUE,2024
NC_2013_PLY_003347_TH,PLY_003347,4,TITLE_HOLDER,87,30,10,10,FALSE,2013
NC_2004_PLY_003347_LN,PLY_003347,1,LIVE_NORMAL,59,12,10,0,TRUE,2004
NC_2004_PLY_003347_SIG,PLY_003347,5,SIGNATURE,91,40,10,10,FALSE,2004
NC_2011_PLY_003347_LN,PLY_003347,1,LIVE_NORMAL,68,12,10,0,TRUE,2011
NC_2013_PLY_003347_LN,PLY_003347,1,LIVE_NORMAL,68,12,10,0,TRUE,2013
NC_2012_PLY_003347_LN,PLY_003347,1,LIVE_NORMAL,67,12,10,0,TRUE,2012
NC_2008_PLY_003347_GG,PLY_003347,6,GOLDEN_GLOVE,88,35,10,10,FALSE,2008
NC_2010_PLY_003347_TH,PLY_003347,4,TITLE_HOLDER,82,30,10,10,FALSE,2010
NC_2015_PLY_003347_EPIC,PLY_003347,2,LIVE_EPIC,72,18,10,0,TRUE,2015
NC_2003_PLY_003347_LN,PLY_003347,1,LIVE_NORMAL,65,12,10,0,TRUE,2003
NC_2025_PLY_003348_LN,PLY_003348,1,LIVE_NORMAL,55,12,10,0,TRUE,2025
NC_2021_PLY_003348_SIG,PLY_003348,5,SIGNATURE,92,40,10,10,FALSE,2021
NC_2026_PLY_003349_GG,PLY_003349,6,GOLDEN_GLOVE,89,35,10,10,FALSE,2026
NC_2024_PLY_003349_GG,PLY_003349,6,GOLDEN_GLOVE,84,35,10,10,FALSE,2024
NC_2025_PLY_003349_LN,PLY_003349,1,LIVE_NORMAL,68,12,10,0,TRUE,2025
NC_2022_PLY_003349_EPIC,PLY_003349,2,LIVE_EPIC,72,18,10,0,TRUE,2022
NC_2022_PLY_003349_LN,PLY_003349,1,LIVE_NORMAL,67,12,10,0,TRUE,2022
NC_2024_PLY_003349_EPIC,PLY_003349,2,LIVE_EPIC,73,18,10,0,TRUE,2024
NC_2017_PLY_003350_LN,PLY_003350,1,LIVE_NORMAL,56,12,10,0,TRUE,2017
NC_2016_PLY_003350_SIG,PLY_003350,5,SIGNATURE,87,40,10,10,FALSE,2016
NC_2016_PLY_003350_EPIC,PLY_003350,2,LIVE_EPIC,73,18,10,0,TRUE,2016
NC_2017_PLY_003350_EPIC,PLY_003350,2,LIVE_EPIC,70,18,10,0,TRUE,2017
NC_2019_PLY_003350_AS,PLY_003350,3,ALLSTAR,81,24,10,10,TRUE,2019
NC_2014_PLY_003350_GG,PLY_003350,6,GOLDEN_GLOVE,86,35,10,10,FALSE,2014
NC_2009_PLY_003351_LN,PLY_003351,1,LIVE_NORMAL,60,12,10,0,TRUE,2009
NC_2010_PLY_003351_GG,PLY_003351,6,GOLDEN_GLOVE,84,35,10,10,FALSE,2010
NC_2008_PLY_003352_LN,PLY_003352,1,LIVE_NORMAL,65,12,10,0,TRUE,2008
NC_2004_PLY_003352_LN,PLY_003352,1,LIVE_NORMAL,64,12,10,0,TRUE,2004
NC_2004_PLY_003352_EPIC,PLY_003352,2,LIVE_EPIC,75,18,10,0,TRUE,2004
NC_2014_PLY_003352_LN,PLY_003352,1,LIVE_NORMAL,58,12,10,0,TRUE,2014
NC_2007_PLY_003352_GG,PLY_003352,6,GOLDEN_GLOVE,88,35,10,10,FALSE,2007
NC_2017_PLY_003352_AS,PLY_003352,3,ALLSTAR,83,24,10,10,TRUE,2017
NC_2023_PLY_003353_LN,PLY_003353,1,LIVE_NORMAL,63,12,10,0,TRUE,2023
NC_2025_PLY_003353_SIG,PLY_003353,5,SIGNATURE,93,40,10,10,FALSE,2025
NC_2012_PLY_003354_TH,PLY_003354,4,TITLE_HOLDER,82,30,10,10,FALSE,2012
NC_2015_PLY_003354_GG,PLY_003354,6,GOLDEN_GLOVE,90,35,10,10,FALSE,2015
NC_2007_PLY_003354_LN,PLY_003354,1,LIVE_NORMAL,68,12,10,0,TRUE,2007
NC_2016_PLY_003354_LN,PLY_003354,1,LIVE_NORMAL,59,12,10,0,TRUE,2016
NC_2021_PLY_003355_AS,PLY_003355,3,ALLSTAR,74,24,10,10,TRUE,2021
NC_2026_PLY_003355_LN,PLY_003355,1,LIVE_NORMAL,62,12,10,0,TRUE,2026
NC_2024_PLY_003355_EPIC,PLY_003355,2,LIVE_EPIC,68,18,10,0,TRUE,2024
NC_2019_PLY_003355_TH,PLY_003355,4,TITLE_HOLDER,86,30,10,10,FALSE,2019
NC_2024_PLY_003355_SIG,PLY_003355,5,SIGNATURE,87,40,10,10,FALSE,2024
NC_2023_PLY_003355_TH,PLY_003355,4,TITLE_HOLDER,81,30,10,10,FALSE,2023
NC_2025_PLY_003355_EPIC,PLY_003355,2,LIVE_EPIC,73,18,10,0,TRUE,2025
NC_2022_PLY_003355_AS,PLY_003355,3,ALLSTAR,78,24,10,10,TRUE,2022
NC_2020_PLY_003356_EPIC,PLY_003356,2,LIVE_EPIC,75,18,10,0,TRUE,2020
NC_2024_PLY_003356_AS,PLY_003356,3,ALLSTAR,77,24,10,10,TRUE,2024
NC_2013_PLY_003356_EPIC,PLY_003356,2,LIVE_EPIC,76,18,10,0,TRUE,2013
NC_2004_PLY_003357_TH,PLY_003357,4,TITLE_HOLDER,82,30,10,10,FALSE,2004
NC_2007_PLY_003357_AS,PLY_003357,3,ALLSTAR,75,24,10,10,TRUE,2007
NC_2001_PLY_003357_EPIC,PLY_003357,2,LIVE_EPIC,76,18,10,0,TRUE,2001
NC_1999_PLY_003357_TH,PLY_003357,4,TITLE_HOLDER,80,30,10,10,FALSE,1999
NC_2007_PLY_003357_LN,PLY_003357,1,LIVE_NORMAL,60,12,10,0,TRUE,2007
NC_2006_PLY_003357_EPIC,PLY_003357,2,LIVE_EPIC,75,18,10,0,TRUE,2006
NC_2001_PLY_003357_LN,PLY_003357,1,LIVE_NORMAL,68,12,10,0,TRUE,2001
NC_2000_PLY_003357_AS,PLY_003357,3,ALLSTAR,83,24,10,10,TRUE,2000
NC_2000_PLY_003357_SIG,PLY_003357,5,SIGNATURE,93,40,10,10,FALSE,2000
NC_2021_PLY_003358_LN,PLY_003358,1,LIVE_NORMAL,57,12,10,0,TRUE,2021
NC_2018_PLY_003358_EPIC,PLY_003358,2,LIVE_EPIC,67,18,10,0,TRUE,2018
NC_2015_PLY_003359_AS,PLY_003359,3,ALLSTAR,83,24,10,10,TRUE,2015
NC_2000_PLY_003359_AS,PLY_003359,3,ALLSTAR,81,24,10,10,TRUE,2000
NC_1996_PLY_003359_AS,PLY_003359,3,ALLSTAR,78,24,10,10,TRUE,1996
NC_2021_PLY_003360_AS,PLY_003360,3,ALLSTAR,76,24,10,10,TRUE,2021
NC_2006_PLY_003360_EPIC,PLY_003360,2,LIVE_EPIC,76,18,10,0,TRUE,2006
NC_2007_PLY_003360_EPIC,PLY_003360,2,LIVE_EPIC,68,18,10,0,TRUE,2007
NC_2005_PLY_003360_LN,PLY_003360,1,LIVE_NORMAL,67,12,10,0,TRUE,2005
NC_2026_PLY_003361_EPIC,PLY_003361,2,LIVE_EPIC,72,18,10,0,TRUE,2026
NC_2024_PLY_003361_AS,PLY_003361,3,ALLSTAR,77,24,10,10,TRUE,2024
NC_1993_PLY_003362_LN,PLY_003362,1,LIVE_NORMAL,61,12,10,0,TRUE,1993
NC_2001_PLY_003362_AS,PLY_003362,3,ALLSTAR,79,24,10,10,TRUE,2001
NC_2001_PLY_003362_TH,PLY_003362,4,TITLE_HOLDER,83,30,10,10,FALSE,2001
NC_2001_PLY_003362_EPIC,PLY_003362,2,LIVE_EPIC,65,18,10,0,TRUE,2001
NC_1993_PLY_003362_AS,PLY_003362,3,ALLSTAR,80,24,10,10,TRUE,1993
NC_2000_PLY_003362_LN,PLY_003362,1,LIVE_NORMAL,57,12,10,0,TRUE,2000
NC_1989_PLY_003362_EPIC,PLY_003362,2,LIVE_EPIC,65,18,10,0,TRUE,1989
NC_1995_PLY_003362_LN,PLY_003362,1,LIVE_NORMAL,57,12,10,0,TRUE,1995
NC_1994_PLY_003362_SIG,PLY_003362,5,SIGNATURE,89,40,10,10,FALSE,1994
NC_2011_PLY_003363_AS,PLY_003363,3,ALLSTAR,82,24,10,10,TRUE,2011
NC_2014_PLY_003363_LN,PLY_003363,1,LIVE_NORMAL,67,12,10,0,TRUE,2014
NC_2006_PLY_003363_SIG,PLY_003363,5,SIGNATURE,93,40,10,10,FALSE,2006
NC_2006_PLY_003363_EPIC,PLY_003363,2,LIVE_EPIC,74,18,10,0,TRUE,2006
NC_1992_PLY_003364_EPIC,PLY_003364,2,LIVE_EPIC,68,18,10,0,TRUE,1992
NC_1991_PLY_003364_EPIC,PLY_003364,2,LIVE_EPIC,66,18,10,0,TRUE,1991
NC_2021_PLY_003365_AS,PLY_003365,3,ALLSTAR,80,24,10,10,TRUE,2021
NC_2018_PLY_003365_TH,PLY_003365,4,TITLE_HOLDER,86,30,10,10,FALSE,2018
NC_2023_PLY_003365_LN,PLY_003365,1,LIVE_NORMAL,67,12,10,0,TRUE,2023
NC_2013_PLY_003365_AS,PLY_003365,3,ALLSTAR,80,24,10,10,TRUE,2013
NC_2011_PLY_003365_LN,PLY_003365,1,LIVE_NORMAL,56,12,10,0,TRUE,2011
NC_2018_PLY_003365_EPIC,PLY_003365,2,LIVE_EPIC,73,18,10,0,TRUE,2018
NC_2017_PLY_003365_AS,PLY_003365,3,ALLSTAR,83,24,10,10,TRUE,2017
NC_2019_PLY_003365_EPIC,PLY_003365,2,LIVE_EPIC,74,18,10,0,TRUE,2019
NC_2017_PLY_003365_EPIC,PLY_003365,2,LIVE_EPIC,72,18,10,0,TRUE,2017
NC_2020_PLY_003365_LN,PLY_003365,1,LIVE_NORMAL,67,12,10,0,TRUE,2020
NC_2020_PLY_003365_GG,PLY_003365,6,GOLDEN_GLOVE,86,35,10,10,FALSE,2020
NC_2018_PLY_003365_LN,PLY_003365,1,LIVE_NORMAL,57,12,10,0,TRUE,2018
NC_2008_PLY_003366_SIG,PLY_003366,5,SIGNATURE,93,40,10,10,FALSE,2008
NC_2008_PLY_003366_LN,PLY_003366,1,LIVE_NORMAL,62,12,10,0,TRUE,2008
NC_2010_PLY_003366_LN,PLY_003366,1,LIVE_NORMAL,55,12,10,0,TRUE,2010
NC_2012_PLY_003366_TH,PLY_003366,4,TITLE_HOLDER,82,30,10,10,FALSE,2012
NC_2016_PLY_003366_EPIC,PLY_003366,2,LIVE_EPIC,69,18,10,0,TRUE,2016
NC_2005_PLY_003366_TH,PLY_003366,4,TITLE_HOLDER,81,30,10,10,FALSE,2005
NC_2005_PLY_003366_EPIC,PLY_003366,2,LIVE_EPIC,72,18,10,0,TRUE,2005
NC_2005_PLY_003366_AS,PLY_003366,3,ALLSTAR,82,24,10,10,TRUE,2005
NC_2015_PLY_003366_AS,PLY_003366,3,ALLSTAR,82,24,10,10,TRUE,2015
NC_2013_PLY_003366_EPIC,PLY_003366,2,LIVE_EPIC,73,18,10,0,TRUE,2013
NC_1994_PLY_003367_LN,PLY_003367,1,LIVE_NORMAL,57,12,10,0,TRUE,1994
NC_1997_PLY_003367_LN,PLY_003367,1,LIVE_NORMAL,68,12,10,0,TRUE,1997
NC_2006_PLY_003367_TH,PLY_003367,4,TITLE_HOLDER,86,30,10,10,FALSE,2006
NC_1999_PLY_003367_EPIC,PLY_003367,2,LIVE_EPIC,69,18,10,0,TRUE,1999
NC_1992_PLY_003367_AS,PLY_003367,3,ALLSTAR,76,24,10,10,TRUE,1992
NC_1995_PLY_003367_LN,PLY_003367,1,LIVE_NORMAL,59,12,10,0,TRUE,1995
NC_2002_PLY_003367_LN,PLY_003367,1,LIVE_NORMAL,60,12,10,0,TRUE,2002
NC_1998_PLY_003367_EPIC,PLY_003367,2,LIVE_EPIC,76,18,10,0,TRUE,1998
NC_2001_PLY_003368_EPIC,PLY_003368,2,LIVE_EPIC,73,18,10,0,TRUE,2001
NC_2000_PLY_003368_AS,PLY_003368,3,ALLSTAR,82,24,10,10,TRUE,2000
NC_2003_PLY_003368_LN,PLY_003368,1,LIVE_NORMAL,68,12,10,0,TRUE,2003
NC_2000_PLY_003368_EPIC,PLY_003368,2,LIVE_EPIC,66,18,10,0,TRUE,2000
NC_2000_PLY_003368_LN,PLY_003368,1,LIVE_NORMAL,63,12,10,0,TRUE,2000
NC_1991_PLY_003369_SIG,PLY_003369,5,SIGNATURE,93,40,10,10,FALSE,1991
NC_1993_PLY_003369_EPIC,PLY_003369,2,LIVE_EPIC,72,18,10,0,TRUE,1993
NC_1990_PLY_003369_EPIC,PLY_003369,2,LIVE_EPIC,75,18,10,0,TRUE,1990
NC_1994_PLY_003369_EPIC,PLY_003369,2,LIVE_EPIC,75,18,10,0,TRUE,1994
NC_1990_PLY_003369_LN,PLY_003369,1,LIVE_NORMAL,57,12,10,0,TRUE,1990
NC_1995_PLY_003369_EPIC,PLY_003369,2,LIVE_EPIC,68,18,10,0,TRUE,1995
NC_1992_PLY_003369_LN,PLY_003369,1,LIVE_NORMAL,61,12,10,0,TRUE,1992
NC_1988_PLY_003369_TH,PLY_003369,4,TITLE_HOLDER,85,30,10,10,FALSE,1988
NC_1992_PLY_003369_SIG,PLY_003369,5,SIGNATURE,93,40,10,10,FALSE,1992
NC_2007_PLY_003370_LN,PLY_003370,1,LIVE_NORMAL,65,12,10,0,TRUE,2007
NC_2002_PLY_003370_AS,PLY_003370,3,ALLSTAR,81,24,10,10,TRUE,2002
NC_2004_PLY_003370_LN,PLY_003370,1,LIVE_NORMAL,61,12,10,0,TRUE,2004
NC_2006_PLY_003370_LN,PLY_003370,1,LIVE_NORMAL,67,12,10,0,TRUE,2006
NC_2006_PLY_003370_SIG,PLY_003370,5,SIGNATURE,90,40,10,10,FALSE,2006
NC_2004_PLY_003370_GG,PLY_003370,6,GOLDEN_GLOVE,85,35,10,10,FALSE,2004
NC_2002_PLY_003370_LN,PLY_003370,1,LIVE_NORMAL,68,12,10,0,TRUE,2002
NC_2004_PLY_003370_AS,PLY_003370,3,ALLSTAR,83,24,10,10,TRUE,2004
NC_2001_PLY_003370_LN,PLY_003370,1,LIVE_NORMAL,61,12,10,0,TRUE,2001
NC_2007_PLY_003370_TH,PLY_003370,4,TITLE_HOLDER,80,30,10,10,FALSE,2007
NC_2023_PLY_003371_AS,PLY_003371,3,ALLSTAR,78,24,10,10,TRUE,2023
NC_2024_PLY_003371_LN,PLY_003371,1,LIVE_NORMAL,58,12,10,0,TRUE,2024
NC_2026_PLY_003371_SIG,PLY_003371,5,SIGNATURE,87,40,10,10,FALSE,2026
NC_2011_PLY_003372_EPIC,PLY_003372,2,LIVE_EPIC,71,18,10,0,TRUE,2011
NC_2007_PLY_003372_AS,PLY_003372,3,ALLSTAR,75,24,10,10,TRUE,2007
NC_2006_PLY_003372_EPIC,PLY_003372,2,LIVE_EPIC,73,18,10,0,TRUE,2006
NC_2010_PLY_003372_LN,PLY_003372,1,LIVE_NORMAL,60,12,10,0,TRUE,2010
NC_2005_PLY_003372_LN,PLY_003372,1,LIVE_NORMAL,68,12,10,0,TRUE,2005
NC_2001_PLY_003372_TH,PLY_003372,4,TITLE_HOLDER,85,30,10,10,FALSE,2001
NC_1998_PLY_003372_EPIC,PLY_003372,2,LIVE_EPIC,70,18,10,0,TRUE,1998
NC_2012_PLY_003372_SIG,PLY_003372,5,SIGNATURE,88,40,10,10,FALSE,2012
NC_1996_PLY_003372_LN,PLY_003372,1,LIVE_NORMAL,57,12,10,0,TRUE,1996
NC_2009_PLY_003372_TH,PLY_003372,4,TITLE_HOLDER,81,30,10,10,FALSE,2009
NC_1988_PLY_003373_SIG,PLY_003373,5,SIGNATURE,90,40,10,10,FALSE,1988
NC_2001_PLY_003373_EPIC,PLY_003373,2,LIVE_EPIC,76,18,10,0,TRUE,2001
NC_1986_PLY_003373_AS,PLY_003373,3,ALLSTAR,77,24,10,10,TRUE,1986
NC_1998_PLY_003373_EPIC,PLY_003373,2,LIVE_EPIC,67,18,10,0,TRUE,1998
NC_1991_PLY_003373_EPIC,PLY_003373,2,LIVE_EPIC,73,18,10,0,TRUE,1991
NC_1987_PLY_003373_LN,PLY_003373,1,LIVE_NORMAL,63,12,10,0,TRUE,1987
NC_2002_PLY_003373_LN,PLY_003373,1,LIVE_NORMAL,67,12,10,0,TRUE,2002
NC_1995_PLY_003373_LN,PLY_003373,1,LIVE_NORMAL,60,12,10,0,TRUE,1995
NC_1998_PLY_003373_SIG,PLY_003373,5,SIGNATURE,87,40,10,10,FALSE,1998
NC_2022_PLY_003374_LN,PLY_003374,1,LIVE_NORMAL,63,12,10,0,TRUE,2022
NC_2018_PLY_003374_TH,PLY_003374,4,TITLE_HOLDER,80,30,10,10,FALSE,2018
NC_2011_PLY_003374_LN,PLY_003374,1,LIVE_NORMAL,61,12,10,0,TRUE,2011
NC_2019_PLY_003374_AS,PLY_003374,3,ALLSTAR,82,24,10,10,TRUE,2019
NC_2021_PLY_003374_AS,PLY_003374,3,ALLSTAR,80,24,10,10,TRUE,2021
NC_2007_PLY_003374_LN,PLY_003374,1,LIVE_NORMAL,68,12,10,0,TRUE,2007
NC_1991_PLY_003375_LN,PLY_003375,1,LIVE_NORMAL,57,12,10,0,TRUE,1991
NC_1993_PLY_003375_SIG,PLY_003375,5,SIGNATURE,87,40,10,10,FALSE,1993
NC_1992_PLY_003375_LN,PLY_003375,1,LIVE_NORMAL,63,12,10,0,TRUE,1992
NC_1995_PLY_003375_EPIC,PLY_003375,2,LIVE_EPIC,74,18,10,0,TRUE,1995
NC_1996_PLY_003375_LN,PLY_003375,1,LIVE_NORMAL,63,12,10,0,TRUE,1996
NC_1995_PLY_003375_GG,PLY_003375,6,GOLDEN_GLOVE,83,35,10,10,FALSE,1995
NC_1998_PLY_003375_EPIC,PLY_003375,2,LIVE_EPIC,66,18,10,0,TRUE,1998
NC_1992_PLY_003375_EPIC,PLY_003375,2,LIVE_EPIC,75,18,10,0,TRUE,1992
NC_1993_PLY_003375_EPIC,PLY_003375,2,LIVE_EPIC,71,18,10,0,TRUE,1993
NC_1996_PLY_003376_LN,PLY_003376,1,LIVE_NORMAL,66,12,10,0,TRUE,1996
NC_1997_PLY_003376_EPIC,PLY_003376,2,LIVE_EPIC,73,18,10,0,TRUE,1997
NC_2003_PLY_003376_GG,PLY_003376,6,GOLDEN_GLOVE,88,35,10,10,FALSE,2003
NC_2004_PLY_003376_SIG,PLY_003376,5,SIGNATURE,94,40,10,10,FALSE,2004
NC_2004_PLY_003376_LN,PLY_003376,1,LIVE_NORMAL,68,12,10,0,TRUE,2004
NC_2003_PLY_003376_EPIC,PLY_003376,2,LIVE_EPIC,74,18,10,0,TRUE,2003
NC_1996_PLY_003376_EPIC,PLY_003376,2,LIVE_EPIC,72,18,10,0,TRUE,1996
NC_1994_PLY_003377_AS,PLY_003377,3,ALLSTAR,74,24,10,10,TRUE,1994
NC_1990_PLY_003377_LN,PLY_003377,1,LIVE_NORMAL,64,12,10,0,TRUE,1990
NC_1993_PLY_003377_LN,PLY_003377,1,LIVE_NORMAL,62,12,10,0,TRUE,1993
NC_1988_PLY_003377_EPIC,PLY_003377,2,LIVE_EPIC,70,18,10,0,TRUE,1988
NC_1991_PLY_003377_LN,PLY_003377,1,LIVE_NORMAL,68,12,10,0,TRUE,1991
NC_1997_PLY_003377_LN,PLY_003377,1,LIVE_NORMAL,67,12,10,0,TRUE,1997
NC_1987_PLY_003377_AS,PLY_003377,3,ALLSTAR,82,24,10,10,TRUE,1987
NC_1995_PLY_003377_EPIC,PLY_003377,2,LIVE_EPIC,67,18,10,0,TRUE,1995
NC_1987_PLY_003377_LN,PLY_003377,1,LIVE_NORMAL,65,12,10,0,TRUE,1987
NC_2002_PLY_003378_EPIC,PLY_003378,2,LIVE_EPIC,66,18,10,0,TRUE,2002
NC_2005_PLY_003378_LN,PLY_003378,1,LIVE_NORMAL,66,12,10,0,TRUE,2005
NC_2006_PLY_003378_LN,PLY_003378,1,LIVE_NORMAL,67,12,10,0,TRUE,2006
NC_2000_PLY_003378_AS,PLY_003378,3,ALLSTAR,83,24,10,10,TRUE,2000
NC_2007_PLY_003378_AS,PLY_003378,3,ALLSTAR,81,24,10,10,TRUE,2007
NC_2007_PLY_003378_EPIC,PLY_003378,2,LIVE_EPIC,65,18,10,0,TRUE,2007
NC_2004_PLY_003378_LN,PLY_003378,1,LIVE_NORMAL,55,12,10,0,TRUE,2004
NC_2004_PLY_003379_AS,PLY_003379,3,ALLSTAR,78,24,10,10,TRUE,2004
NC_2010_PLY_003379_LN,PLY_003379,1,LIVE_NORMAL,62,12,10,0,TRUE,2010
NC_2003_PLY_003379_LN,PLY_003379,1,LIVE_NORMAL,66,12,10,0,TRUE,2003
NC_2006_PLY_003379_SIG,PLY_003379,5,SIGNATURE,89,40,10,10,FALSE,2006
NC_2001_PLY_003379_EPIC,PLY_003379,2,LIVE_EPIC,70,18,10,0,TRUE,2001
NC_1993_PLY_003380_EPIC,PLY_003380,2,LIVE_EPIC,65,18,10,0,TRUE,1993
NC_1997_PLY_003380_EPIC,PLY_003380,2,LIVE_EPIC,65,18,10,0,TRUE,1997
NC_1995_PLY_003380_LN,PLY_003380,1,LIVE_NORMAL,62,12,10,0,TRUE,1995
NC_1997_PLY_003380_AS,PLY_003380,3,ALLSTAR,78,24,10,10,TRUE,1997
NC_1996_PLY_003380_TH,PLY_003380,4,TITLE_HOLDER,80,30,10,10,FALSE,1996
NC_1997_PLY_003380_TH,PLY_003380,4,TITLE_HOLDER,82,30,10,10,FALSE,1997
NC_1998_PLY_003380_AS,PLY_003380,3,ALLSTAR,77,24,10,10,TRUE,1998
NC_1995_PLY_003380_SIG,PLY_003380,5,SIGNATURE,91,40,10,10,FALSE,1995
NC_1994_PLY_003380_EPIC,PLY_003380,2,LIVE_EPIC,75,18,10,0,TRUE,1994
NC_1996_PLY_003380_EPIC,PLY_003380,2,LIVE_EPIC,73,18,10,0,TRUE,1996
NC_2015_PLY_003381_SIG,PLY_003381,5,SIGNATURE,90,40,10,10,FALSE,2015
NC_2004_PLY_003381_GG,PLY_003381,6,GOLDEN_GLOVE,88,35,10,10,FALSE,2004
NC_2021_PLY_003381_LN,PLY_003381,1,LIVE_NORMAL,63,12,10,0,TRUE,2021
NC_2003_PLY_003381_LN,PLY_003381,1,LIVE_NORMAL,66,12,10,0,TRUE,2003
NC_2007_PLY_003381_GG,PLY_003381,6,GOLDEN_GLOVE,83,35,10,10,FALSE,2007
NC_2014_PLY_003381_AS,PLY_003381,3,ALLSTAR,78,24,10,10,TRUE,2014
NC_2011_PLY_003381_LN,PLY_003381,1,LIVE_NORMAL,60,12,10,0,TRUE,2011
NC_2020_PLY_003381_EPIC,PLY_003381,2,LIVE_EPIC,72,18,10,0,TRUE,2020
NC_2004_PLY_003381_LN,PLY_003381,1,LIVE_NORMAL,58,12,10,0,TRUE,2004
NC_2013_PLY_003381_TH,PLY_003381,4,TITLE_HOLDER,85,30,10,10,FALSE,2013
NC_2008_PLY_003381_AS,PLY_003381,3,ALLSTAR,76,24,10,10,TRUE,2008
NC_2001_PLY_003382_LN,PLY_003382,1,LIVE_NORMAL,58,12,10,0,TRUE,2001
NC_1987_PLY_003382_LN,PLY_003382,1,LIVE_NORMAL,57,12,10,0,TRUE,1987
NC_2001_PLY_003382_EPIC,PLY_003382,2,LIVE_EPIC,72,18,10,0,TRUE,2001
NC_1993_PLY_003383_EPIC,PLY_003383,2,LIVE_EPIC,74,18,10,0,TRUE,1993
NC_1994_PLY_003383_SIG,PLY_003383,5,SIGNATURE,91,40,10,10,FALSE,1994
NC_1996_PLY_003383_EPIC,PLY_003383,2,LIVE_EPIC,70,18,10,0,TRUE,1996
NC_1995_PLY_003383_LN,PLY_003383,1,LIVE_NORMAL,56,12,10,0,TRUE,1995
NC_2018_PLY_003384_EPIC,PLY_003384,2,LIVE_EPIC,69,18,10,0,TRUE,2018
NC_2025_PLY_003384_LN,PLY_003384,1,LIVE_NORMAL,63,12,10,0,TRUE,2025
NC_2011_PLY_003384_EPIC,PLY_003384,2,LIVE_EPIC,71,18,10,0,TRUE,2011
NC_2010_PLY_003384_EPIC,PLY_003384,2,LIVE_EPIC,68,18,10,0,TRUE,2010
NC_2016_PLY_003384_TH,PLY_003384,4,TITLE_HOLDER,85,30,10,10,FALSE,2016
NC_2021_PLY_003384_EPIC,PLY_003384,2,LIVE_EPIC,76,18,10,0,TRUE,2021
NC_2007_PLY_003384_EPIC,PLY_003384,2,LIVE_EPIC,69,18,10,0,TRUE,2007
NC_2014_PLY_003384_AS,PLY_003384,3,ALLSTAR,80,24,10,10,TRUE,2014
NC_2013_PLY_003384_AS,PLY_003384,3,ALLSTAR,82,24,10,10,TRUE,2013
NC_2007_PLY_003384_SIG,PLY_003384,5,SIGNATURE,93,40,10,10,FALSE,2007
NC_2025_PLY_003385_EPIC,PLY_003385,2,LIVE_EPIC,76,18,10,0,TRUE,2025
NC_2026_PLY_003385_LN,PLY_003385,1,LIVE_NORMAL,68,12,10,0,TRUE,2026
NC_2017_PLY_003385_GG,PLY_003385,6,GOLDEN_GLOVE,89,35,10,10,FALSE,2017
NC_2020_PLY_003385_AS,PLY_003385,3,ALLSTAR,75,24,10,10,TRUE,2020
NC_2018_PLY_003385_LN,PLY_003385,1,LIVE_NORMAL,67,12,10,0,TRUE,2018
NC_2026_PLY_003385_AS,PLY_003385,3,ALLSTAR,80,24,10,10,TRUE,2026
NC_2016_PLY_003385_TH,PLY_003385,4,TITLE_HOLDER,83,30,10,10,FALSE,2016
NC_2015_PLY_003385_LN,PLY_003385,1,LIVE_NORMAL,65,12,10,0,TRUE,2015
NC_1999_PLY_003386_AS,PLY_003386,3,ALLSTAR,81,24,10,10,TRUE,1999
NC_1995_PLY_003386_LN,PLY_003386,1,LIVE_NORMAL,55,12,10,0,TRUE,1995
NC_1998_PLY_003386_EPIC,PLY_003386,2,LIVE_EPIC,76,18,10,0,TRUE,1998
NC_1990_PLY_003386_AS,PLY_003386,3,ALLSTAR,82,24,10,10,TRUE,1990
NC_1991_PLY_003386_LN,PLY_003386,1,LIVE_NORMAL,65,12,10,0,TRUE,1991
NC_2006_PLY_003386_LN,PLY_003386,1,LIVE_NORMAL,59,12,10,0,TRUE,2006
NC_1999_PLY_003387_EPIC,PLY_003387,2,LIVE_EPIC,65,18,10,0,TRUE,1999
NC_1996_PLY_003387_EPIC,PLY_003387,2,LIVE_EPIC,68,18,10,0,TRUE,1996
NC_1991_PLY_003387_LN,PLY_003387,1,LIVE_NORMAL,62,12,10,0,TRUE,1991
NC_1998_PLY_003387_TH,PLY_003387,4,TITLE_HOLDER,85,30,10,10,FALSE,1998
NC_2000_PLY_003387_SIG,PLY_003387,5,SIGNATURE,88,40,10,10,FALSE,2000
NC_2002_PLY_003387_EPIC,PLY_003387,2,LIVE_EPIC,68,18,10,0,TRUE,2002
NC_1998_PLY_003387_EPIC,PLY_003387,2,LIVE_EPIC,66,18,10,0,TRUE,1998
NC_2003_PLY_003387_LN,PLY_003387,1,LIVE_NORMAL,57,12,10,0,TRUE,2003
NC_2026_PLY_003388_LN,PLY_003388,1,LIVE_NORMAL,67,12,10,0,TRUE,2026
NC_2019_PLY_003388_LN,PLY_003388,1,LIVE_NORMAL,66,12,10,0,TRUE,2019
NC_2022_PLY_003388_AS,PLY_003388,3,ALLSTAR,79,24,10,10,TRUE,2022
NC_2020_PLY_003388_EPIC,PLY_003388,2,LIVE_EPIC,66,18,10,0,TRUE,2020
NC_2023_PLY_003388_EPIC,PLY_003388,2,LIVE_EPIC,69,18,10,0,TRUE,2023
NC_2016_PLY_003388_LN,PLY_003388,1,LIVE_NORMAL,56,12,10,0,TRUE,2016
NC_2017_PLY_003388_SIG,PLY_003388,5,SIGNATURE,89,40,10,10,FALSE,2017
NC_2013_PLY_003388_AS,PLY_003388,3,ALLSTAR,82,24,10,10,TRUE,2013
NC_2020_PLY_003388_TH,PLY_003388,4,TITLE_HOLDER,83,30,10,10,FALSE,2020
NC_2013_PLY_003388_TH,PLY_003388,4,TITLE_HOLDER,87,30,10,10,FALSE,2013
NC_2024_PLY_003388_EPIC,PLY_003388,2,LIVE_EPIC,65,18,10,0,TRUE,2024
NC_2002_PLY_003389_LN,PLY_003389,1,LIVE_NORMAL,66,12,10,0,TRUE,2002
NC_2004_PLY_003389_EPIC,PLY_003389,2,LIVE_EPIC,75,18,10,0,TRUE,2004
NC_2006_PLY_003389_LN,PLY_003389,1,LIVE_NORMAL,59,12,10,0,TRUE,2006
NC_2007_PLY_003389_TH,PLY_003389,4,TITLE_HOLDER,80,30,10,10,FALSE,2007
NC_2008_PLY_003389_TH,PLY_003389,4,TITLE_HOLDER,84,30,10,10,FALSE,2008
NC_2012_PLY_003389_EPIC,PLY_003389,2,LIVE_EPIC,65,18,10,0,TRUE,2012
NC_1989_PLY_003390_EPIC,PLY_003390,2,LIVE_EPIC,69,18,10,0,TRUE,1989
NC_1991_PLY_003390_AS,PLY_003390,3,ALLSTAR,81,24,10,10,TRUE,1991
NC_1995_PLY_003390_TH,PLY_003390,4,TITLE_HOLDER,84,30,10,10,FALSE,1995
NC_1998_PLY_003390_EPIC,PLY_003390,2,LIVE_EPIC,75,18,10,0,TRUE,1998
NC_1987_PLY_003390_AS,PLY_003390,3,ALLSTAR,75,24,10,10,TRUE,1987
NC_1993_PLY_003390_EPIC,PLY_003390,2,LIVE_EPIC,69,18,10,0,TRUE,1993
NC_1987_PLY_003390_LN,PLY_003390,1,LIVE_NORMAL,62,12,10,0,TRUE,1987
NC_1988_PLY_003390_AS,PLY_003390,3,ALLSTAR,80,24,10,10,TRUE,1988
NC_1989_PLY_003390_SIG,PLY_003390,5,SIGNATURE,91,40,10,10,FALSE,1989
NC_1994_PLY_003390_AS,PLY_003390,3,ALLSTAR,79,24,10,10,TRUE,1994
NC_1999_PLY_003391_EPIC,PLY_003391,2,LIVE_EPIC,72,18,10,0,TRUE,1999
NC_2000_PLY_003391_LN,PLY_003391,1,LIVE_NORMAL,59,12,10,0,TRUE,2000
NC_1999_PLY_003391_SIG,PLY_003391,5,SIGNATURE,91,40,10,10,FALSE,1999
NC_1998_PLY_003391_LN,PLY_003391,1,LIVE_NORMAL,68,12,10,0,TRUE,1998
NC_2001_PLY_003392_EPIC,PLY_003392,2,LIVE_EPIC,72,18,10,0,TRUE,2001
NC_2012_PLY_003392_LN,PLY_003392,1,LIVE_NORMAL,64,12,10,0,TRUE,2012
NC_2007_PLY_003392_LN,PLY_003392,1,LIVE_NORMAL,65,12,10,0,TRUE,2007
NC_2005_PLY_003392_LN,PLY_003392,1,LIVE_NORMAL,68,12,10,0,TRUE,2005
NC_2011_PLY_003392_EPIC,PLY_003392,2,LIVE_EPIC,76,18,10,0,TRUE,2011
NC_2013_PLY_003392_LN,PLY_003392,1,LIVE_NORMAL,64,12,10,0,TRUE,2013
NC_2003_PLY_003392_AS,PLY_003392,3,ALLSTAR,74,24,10,10,TRUE,2003
NC_2006_PLY_003392_TH,PLY_003392,4,TITLE_HOLDER,85,30,10,10,FALSE,2006
NC_2014_PLY_003392_EPIC,PLY_003392,2,LIVE_EPIC,71,18,10,0,TRUE,2014
NC_2021_PLY_003393_SIG,PLY_003393,5,SIGNATURE,92,40,10,10,FALSE,2021
NC_2020_PLY_003393_EPIC,PLY_003393,2,LIVE_EPIC,66,18,10,0,TRUE,2020
NC_2014_PLY_003394_EPIC,PLY_003394,2,LIVE_EPIC,69,18,10,0,TRUE,2014
NC_2003_PLY_003394_LN,PLY_003394,1,LIVE_NORMAL,66,12,10,0,TRUE,2003
NC_2014_PLY_003394_SIG,PLY_003394,5,SIGNATURE,92,40,10,10,FALSE,2014
NC_2008_PLY_003394_SIG,PLY_003394,5,SIGNATURE,88,40,10,10,FALSE,2008
NC_2006_PLY_003394_LN,PLY_003394,1,LIVE_NORMAL,57,12,10,0,TRUE,2006
NC_2021_PLY_003395_SIG,PLY_003395,5,SIGNATURE,88,40,10,10,FALSE,2021
NC_2019_PLY_003395_TH,PLY_003395,4,TITLE_HOLDER,81,30,10,10,FALSE,2019
NC_2021_PLY_003395_LN,PLY_003395,1,LIVE_NORMAL,60,12,10,0,TRUE,2021
NC_2023_PLY_003395_LN,PLY_003395,1,LIVE_NORMAL,61,12,10,0,TRUE,2023
NC_2022_PLY_003395_LN,PLY_003395,1,LIVE_NORMAL,58,12,10,0,TRUE,2022
NC_2023_PLY_003395_TH,PLY_003395,4,TITLE_HOLDER,80,30,10,10,FALSE,2023
NC_2009_PLY_003396_EPIC,PLY_003396,2,LIVE_EPIC,72,18,10,0,TRUE,2009
NC_2001_PLY_003396_EPIC,PLY_003396,2,LIVE_EPIC,73,18,10,0,TRUE,2001
NC_2015_PLY_003396_GG,PLY_003396,6,GOLDEN_GLOVE,90,35,10,10,FALSE,2015
NC_2008_PLY_003396_LN,PLY_003396,1,LIVE_NORMAL,59,12,10,0,TRUE,2008
NC_1999_PLY_003396_EPIC,PLY_003396,2,LIVE_EPIC,73,18,10,0,TRUE,1999
NC_2003_PLY_003396_AS,PLY_003396,3,ALLSTAR,80,24,10,10,TRUE,2003
NC_2010_PLY_003396_AS,PLY_003396,3,ALLSTAR,74,24,10,10,TRUE,2010
NC_2000_PLY_003396_EPIC,PLY_003396,2,LIVE_EPIC,72,18,10,0,TRUE,2000
NC_2014_PLY_003396_SIG,PLY_003396,5,SIGNATURE,92,40,10,10,FALSE,2014
NC_2005_PLY_003396_LN,PLY_003396,1,LIVE_NORMAL,59,12,10,0,TRUE,2005
NC_1997_PLY_003396_LN,PLY_003396,1,LIVE_NORMAL,68,12,10,0,TRUE,1997
NC_2002_PLY_003397_AS,PLY_003397,3,ALLSTAR,81,24,10,10,TRUE,2002
NC_2000_PLY_003397_LN,PLY_003397,1,LIVE_NORMAL,64,12,10,0,TRUE,2000
NC_1993_PLY_003397_GG,PLY_003397,6,GOLDEN_GLOVE,90,35,10,10,FALSE,1993
NC_2004_PLY_003397_AS,PLY_003397,3,ALLSTAR,74,24,10,10,TRUE,2004
NC_2004_PLY_003397_LN,PLY_003397,1,LIVE_NORMAL,55,12,10,0,TRUE,2004
NC_2001_PLY_003397_LN,PLY_003397,1,LIVE_NORMAL,63,12,10,0,TRUE,2001
NC_1992_PLY_003397_EPIC,PLY_003397,2,LIVE_EPIC,65,18,10,0,TRUE,1992
NC_1998_PLY_003398_EPIC,PLY_003398,2,LIVE_EPIC,67,18,10,0,TRUE,1998
NC_2005_PLY_003398_TH,PLY_003398,4,TITLE_HOLDER,83,30,10,10,FALSE,2005
NC_2001_PLY_003398_AS,PLY_003398,3,ALLSTAR,82,24,10,10,TRUE,2001
NC_1997_PLY_003399_LN,PLY_003399,1,LIVE_NORMAL,60,12,10,0,TRUE,1997
NC_1997_PLY_003399_SIG,PLY_003399,5,SIGNATURE,88,40,10,10,FALSE,1997
NC_1994_PLY_003399_GG,PLY_003399,6,GOLDEN_GLOVE,84,35,10,10,FALSE,1994
NC_1998_PLY_003399_EPIC,PLY_003399,2,LIVE_EPIC,67,18,10,0,TRUE,1998
NC_1995_PLY_003399_LN,PLY_003399,1,LIVE_NORMAL,60,12,10,0,TRUE,1995
NC_1992_PLY_003399_AS,PLY_003399,3,ALLSTAR,81,24,10,10,TRUE,1992
NC_1994_PLY_003399_TH,PLY_003399,4,TITLE_HOLDER,84,30,10,10,FALSE,1994
NC_1996_PLY_003399_AS,PLY_003399,3,ALLSTAR,76,24,10,10,TRUE,1996
NC_1991_PLY_003399_LN,PLY_003399,1,LIVE_NORMAL,59,12,10,0,TRUE,1991
NC_1996_PLY_003400_AS,PLY_003400,3,ALLSTAR,78,24,10,10,TRUE,1996
NC_1993_PLY_003400_LN,PLY_003400,1,LIVE_NORMAL,58,12,10,0,TRUE,1993
NC_2001_PLY_003400_TH,PLY_003400,4,TITLE_HOLDER,83,30,10,10,FALSE,2001
NC_1998_PLY_003400_LN,PLY_003400,1,LIVE_NORMAL,59,12,10,0,TRUE,1998
NC_1996_PLY_003400_LN,PLY_003400,1,LIVE_NORMAL,61,12,10,0,TRUE,1996
NC_1995_PLY_003400_EPIC,PLY_003400,2,LIVE_EPIC,71,18,10,0,TRUE,1995
NC_1997_PLY_003400_TH,PLY_003400,4,TITLE_HOLDER,83,30,10,10,FALSE,1997
NC_2005_PLY_003401_EPIC,PLY_003401,2,LIVE_EPIC,71,18,10,0,TRUE,2005
NC_2004_PLY_003401_EPIC,PLY_003401,2,LIVE_EPIC,71,18,10,0,TRUE,2004
NC_2001_PLY_003401_LN,PLY_003401,1,LIVE_NORMAL,55,12,10,0,TRUE,2001
NC_2017_PLY_003401_LN,PLY_003401,1,LIVE_NORMAL,62,12,10,0,TRUE,2017
NC_2012_PLY_003401_AS,PLY_003401,3,ALLSTAR,77,24,10,10,TRUE,2012
NC_2013_PLY_003401_EPIC,PLY_003401,2,LIVE_EPIC,71,18,10,0,TRUE,2013
NC_2019_PLY_003402_LN,PLY_003402,1,LIVE_NORMAL,55,12,10,0,TRUE,2019
NC_2017_PLY_003402_LN,PLY_003402,1,LIVE_NORMAL,66,12,10,0,TRUE,2017
NC_2019_PLY_003402_EPIC,PLY_003402,2,LIVE_EPIC,72,18,10,0,TRUE,2019
NC_2009_PLY_003402_EPIC,PLY_003402,2,LIVE_EPIC,67,18,10,0,TRUE,2009
NC_2015_PLY_003402_AS,PLY_003402,3,ALLSTAR,75,24,10,10,TRUE,2015
NC_2016_PLY_003402_EPIC,PLY_003402,2,LIVE_EPIC,70,18,10,0,TRUE,2016
NC_2017_PLY_003402_GG,PLY_003402,6,GOLDEN_GLOVE,90,35,10,10,FALSE,2017
NC_2006_PLY_003403_GG,PLY_003403,6,GOLDEN_GLOVE,84,35,10,10,FALSE,2006
NC_1999_PLY_003403_EPIC,PLY_003403,2,LIVE_EPIC,66,18,10,0,TRUE,1999
NC_2005_PLY_003403_TH,PLY_003403,4,TITLE_HOLDER,87,30,10,10,FALSE,2005
NC_2004_PLY_003403_SIG,PLY_003403,5,SIGNATURE,91,40,10,10,FALSE,2004
NC_2009_PLY_003403_LN,PLY_003403,1,LIVE_NORMAL,68,12,10,0,TRUE,2009
NC_2001_PLY_003403_EPIC,PLY_003403,2,LIVE_EPIC,67,18,10,0,TRUE,2001
NC_2021_PLY_003404_EPIC,PLY_003404,2,LIVE_EPIC,70,18,10,0,TRUE,2021
NC_2018_PLY_003404_EPIC,PLY_003404,2,LIVE_EPIC,76,18,10,0,TRUE,2018
NC_2022_PLY_003404_LN,PLY_003404,1,LIVE_NORMAL,68,12,10,0,TRUE,2022
NC_2016_PLY_003404_TH,PLY_003404,4,TITLE_HOLDER,86,30,10,10,FALSE,2016
NC_2016_PLY_003404_LN,PLY_003404,1,LIVE_NORMAL,65,12,10,0,TRUE,2016
NC_2025_PLY_003404_AS,PLY_003404,3,ALLSTAR,79,24,10,10,TRUE,2025
NC_2020_PLY_003404_LN,PLY_003404,1,LIVE_NORMAL,59,12,10,0,TRUE,2020
NC_2022_PLY_003404_GG,PLY_003404,6,GOLDEN_GLOVE,86,35,10,10,FALSE,2022
NC_2023_PLY_003404_EPIC,PLY_003404,2,LIVE_EPIC,69,18,10,0,TRUE,2023
NC_2024_PLY_003404_LN,PLY_003404,1,LIVE_NORMAL,55,12,10,0,TRUE,2024
NC_2025_PLY_003405_LN,PLY_003405,1,LIVE_NORMAL,61,12,10,0,TRUE,2025
NC_2026_PLY_003405_EPIC,PLY_003405,2,LIVE_EPIC,74,18,10,0,TRUE,2026
NC_2023_PLY_003405_LN,PLY_003405,1,LIVE_NORMAL,66,12,10,0,TRUE,2023
NC_1987_PLY_003406_LN,PLY_003406,1,LIVE_NORMAL,59,12,10,0,TRUE,1987
NC_1995_PLY_003406_AS,PLY_003406,3,ALLSTAR,79,24,10,10,TRUE,1995
NC_1991_PLY_003406_TH,PLY_003406,4,TITLE_HOLDER,80,30,10,10,FALSE,1991
NC_1989_PLY_003406_LN,PLY_003406,1,LIVE_NORMAL,56,12,10,0,TRUE,1989
NC_2017_PLY_003407_LN,PLY_003407,1,LIVE_NORMAL,61,12,10,0,TRUE,2017
NC_2017_PLY_003407_SIG,PLY_003407,5,SIGNATURE,92,40,10,10,FALSE,2017
NC_2020_PLY_003407_LN,PLY_003407,1,LIVE_NORMAL,62,12,10,0,TRUE,2020
NC_2016_PLY_003407_LN,PLY_003407,1,LIVE_NORMAL,59,12,10,0,TRUE,2016
NC_2017_PLY_003407_EPIC,PLY_003407,2,LIVE_EPIC,67,18,10,0,TRUE,2017
NC_2019_PLY_003407_LN,PLY_003407,1,LIVE_NORMAL,66,12,10,0,TRUE,2019
NC_2018_PLY_003407_EPIC,PLY_003407,2,LIVE_EPIC,70,18,10,0,TRUE,2018
NC_2021_PLY_003407_AS,PLY_003407,3,ALLSTAR,79,24,10,10,TRUE,2021
NC_2018_PLY_003407_AS,PLY_003407,3,ALLSTAR,81,24,10,10,TRUE,2018
NC_2000_PLY_003408_TH,PLY_003408,4,TITLE_HOLDER,81,30,10,10,FALSE,2000
NC_2000_PLY_003408_LN,PLY_003408,1,LIVE_NORMAL,57,12,10,0,TRUE,2000
NC_2005_PLY_003408_EPIC,PLY_003408,2,LIVE_EPIC,75,18,10,0,TRUE,2005
NC_2005_PLY_003408_SIG,PLY_003408,5,SIGNATURE,89,40,10,10,FALSE,2005
NC_2011_PLY_003408_LN,PLY_003408,1,LIVE_NORMAL,63,12,10,0,TRUE,2011
NC_2004_PLY_003408_EPIC,PLY_003408,2,LIVE_EPIC,76,18,10,0,TRUE,2004
NC_2006_PLY_003408_LN,PLY_003408,1,LIVE_NORMAL,62,12,10,0,TRUE,2006
NC_2013_PLY_003408_EPIC,PLY_003408,2,LIVE_EPIC,68,18,10,0,TRUE,2013
NC_2006_PLY_003409_EPIC,PLY_003409,2,LIVE_EPIC,73,18,10,0,TRUE,2006
NC_2001_PLY_003409_AS,PLY_003409,3,ALLSTAR,81,24,10,10,TRUE,2001
NC_1997_PLY_003409_EPIC,PLY_003409,2,LIVE_EPIC,76,18,10,0,TRUE,1997
NC_2008_PLY_003409_GG,PLY_003409,6,GOLDEN_GLOVE,89,35,10,10,FALSE,2008
NC_2005_PLY_003409_EPIC,PLY_003409,2,LIVE_EPIC,73,18,10,0,TRUE,2005
NC_2001_PLY_003410_TH,PLY_003410,4,TITLE_HOLDER,84,30,10,10,FALSE,2001
NC_2003_PLY_003410_TH,PLY_003410,4,TITLE_HOLDER,81,30,10,10,FALSE,2003
NC_2000_PLY_003410_LN,PLY_003410,1,LIVE_NORMAL,64,12,10,0,TRUE,2000
NC_2011_PLY_003410_LN,PLY_003410,1,LIVE_NORMAL,56,12,10,0,TRUE,2011
NC_2002_PLY_003410_LN,PLY_003410,1,LIVE_NORMAL,62,12,10,0,TRUE,2002
NC_2005_PLY_003410_TH,PLY_003410,4,TITLE_HOLDER,81,30,10,10,FALSE,2005
NC_2007_PLY_003410_LN,PLY_003410,1,LIVE_NORMAL,62,12,10,0,TRUE,2007
NC_2009_PLY_003411_AS,PLY_003411,3,ALLSTAR,74,24,10,10,TRUE,2009
NC_2014_PLY_003411_EPIC,PLY_003411,2,LIVE_EPIC,68,18,10,0,TRUE,2014
NC_2011_PLY_003411_LN,PLY_003411,1,LIVE_NORMAL,63,12,10,0,TRUE,2011
NC_2010_PLY_003412_EPIC,PLY_003412,2,LIVE_EPIC,75,18,10,0,TRUE,2010
NC_2013_PLY_003412_LN,PLY_003412,1,LIVE_NORMAL,66,12,10,0,TRUE,2013
NC_2008_PLY_003412_EPIC,PLY_003412,2,LIVE_EPIC,67,18,10,0,TRUE,2008
NC_2009_PLY_003412_EPIC,PLY_003412,2,LIVE_EPIC,72,18,10,0,TRUE,2009
NC_2004_PLY_003412_LN,PLY_003412,1,LIVE_NORMAL,61,12,10,0,TRUE,2004
NC_2007_PLY_003412_LN,PLY_003412,1,LIVE_NORMAL,56,12,10,0,TRUE,2007
NC_2024_PLY_003413_LN,PLY_003413,1,LIVE_NORMAL,60,12,10,0,TRUE,2024
NC_2023_PLY_003413_EPIC,PLY_003413,2,LIVE_EPIC,73,18,10,0,TRUE,2023
NC_2023_PLY_003413_SIG,PLY_003413,5,SIGNATURE,89,40,10,10,FALSE,2023
NC_2026_PLY_003413_LN,PLY_003413,1,LIVE_NORMAL,60,12,10,0,TRUE,2026
NC_2026_PLY_003413_EPIC,PLY_003413,2,LIVE_EPIC,68,18,10,0,TRUE,2026
NC_2025_PLY_003413_TH,PLY_003413,4,TITLE_HOLDER,81,30,10,10,FALSE,2025
NC_2025_PLY_003413_LN,PLY_003413,1,LIVE_NORMAL,59,12,10,0,TRUE,2025
NC_1996_PLY_003414_TH,PLY_003414,4,TITLE_HOLDER,84,30,10,10,FALSE,1996
NC_1996_PLY_003414_GG,PLY_003414,6,GOLDEN_GLOVE,89,35,10,10,FALSE,1996
NC_1998_PLY_003414_LN,PLY_003414,1,LIVE_NORMAL,67,12,10,0,TRUE,1998
NC_1995_PLY_003414_GG,PLY_003414,6,GOLDEN_GLOVE,84,35,10,10,FALSE,1995
NC_1997_PLY_003414_LN,PLY_003414,1,LIVE_NORMAL,60,12,10,0,TRUE,1997
NC_2016_PLY_003415_EPIC,PLY_003415,2,LIVE_EPIC,65,18,10,0,TRUE,2016
NC_2025_PLY_003415_EPIC,PLY_003415,2,LIVE_EPIC,71,18,10,0,TRUE,2025
NC_2015_PLY_003415_EPIC,PLY_003415,2,LIVE_EPIC,70,18,10,0,TRUE,2015
NC_2019_PLY_003415_LN,PLY_003415,1,LIVE_NORMAL,62,12,10,0,TRUE,2019
NC_2016_PLY_003415_TH,PLY_003415,4,TITLE_HOLDER,86,30,10,10,FALSE,2016
NC_2003_PLY_003416_LN,PLY_003416,1,LIVE_NORMAL,63,12,10,0,TRUE,2003
NC_1999_PLY_003416_TH,PLY_003416,4,TITLE_HOLDER,87,30,10,10,FALSE,1999
NC_2016_PLY_003417_LN,PLY_003417,1,LIVE_NORMAL,68,12,10,0,TRUE,2016
NC_2016_PLY_003417_EPIC,PLY_003417,2,LIVE_EPIC,74,18,10,0,TRUE,2016
NC_2024_PLY_003417_AS,PLY_003417,3,ALLSTAR,78,24,10,10,TRUE,2024
NC_2021_PLY_003417_EPIC,PLY_003417,2,LIVE_EPIC,69,18,10,0,TRUE,2021
NC_1991_PLY_003418_EPIC,PLY_003418,2,LIVE_EPIC,65,18,10,0,TRUE,1991
NC_1992_PLY_003418_AS,PLY_003418,3,ALLSTAR,76,24,10,10,TRUE,1992
NC_1989_PLY_003418_EPIC,PLY_003418,2,LIVE_EPIC,76,18,10,0,TRUE,1989
NC_1998_PLY_003418_GG,PLY_003418,6,GOLDEN_GLOVE,84,35,10,10,FALSE,1998
NC_1988_PLY_003418_LN,PLY_003418,1,LIVE_NORMAL,66,12,10,0,TRUE,1988
NC_1989_PLY_003418_LN,PLY_003418,1,LIVE_NORMAL,59,12,10,0,TRUE,1989
NC_2026_PLY_003419_LN,PLY_003419,1,LIVE_NORMAL,65,12,10,0,TRUE,2026
NC_2026_PLY_003419_EPIC,PLY_003419,2,LIVE_EPIC,75,18,10,0,TRUE,2026
NC_2025_PLY_003419_EPIC,PLY_003419,2,LIVE_EPIC,66,18,10,0,TRUE,2025
NC_2025_PLY_003419_AS,PLY_003419,3,ALLSTAR,78,24,10,10,TRUE,2025
NC_2025_PLY_003419_GG,PLY_003419,6,GOLDEN_GLOVE,88,35,10,10,FALSE,2025
NC_2025_PLY_003419_SIG,PLY_003419,5,SIGNATURE,94,40,10,10,FALSE,2025
NC_2025_PLY_003419_TH,PLY_003419,4,TITLE_HOLDER,83,30,10,10,FALSE,2025
NC_2024_PLY_003419_LN,PLY_003419,1,LIVE_NORMAL,63,12,10,0,TRUE,2024
NC_2026_PLY_003419_GG,PLY_003419,6,GOLDEN_GLOVE,86,35,10,10,FALSE,2026
NC_2024_PLY_003419_TH,PLY_003419,4,TITLE_HOLDER,86,30,10,10,FALSE,2024
NC_2001_PLY_003420_EPIC,PLY_003420,2,LIVE_EPIC,70,18,10,0,TRUE,2001
NC_2000_PLY_003420_TH,PLY_003420,4,TITLE_HOLDER,80,30,10,10,FALSE,2000
NC_1998_PLY_003420_EPIC,PLY_003420,2,LIVE_EPIC,68,18,10,0,TRUE,1998
NC_2000_PLY_003420_EPIC,PLY_003420,2,LIVE_EPIC,75,18,10,0,TRUE,2000
NC_1999_PLY_003420_LN,PLY_003420,1,LIVE_NORMAL,64,12,10,0,TRUE,1999
NC_1996_PLY_003420_EPIC,PLY_003420,2,LIVE_EPIC,73,18,10,0,TRUE,1996
NC_2002_PLY_003420_EPIC,PLY_003420,2,LIVE_EPIC,74,18,10,0,TRUE,2002
NC_1999_PLY_003420_TH,PLY_003420,4,TITLE_HOLDER,87,30,10,10,FALSE,1999
NC_1997_PLY_003420_LN,PLY_003420,1,LIVE_NORMAL,59,12,10,0,TRUE,1997
NC_1990_PLY_003421_GG,PLY_003421,6,GOLDEN_GLOVE,86,35,10,10,FALSE,1990
NC_1994_PLY_003421_EPIC,PLY_003421,2,LIVE_EPIC,73,18,10,0,TRUE,1994
NC_1996_PLY_003421_TH,PLY_003421,4,TITLE_HOLDER,84,30,10,10,FALSE,1996
NC_1993_PLY_003421_AS,PLY_003421,3,ALLSTAR,80,24,10,10,TRUE,1993
NC_1996_PLY_003421_LN,PLY_003421,1,LIVE_NORMAL,65,12,10,0,TRUE,1996
NC_2010_PLY_003422_LN,PLY_003422,1,LIVE_NORMAL,66,12,10,0,TRUE,2010
NC_2010_PLY_003422_SIG,PLY_003422,5,SIGNATURE,91,40,10,10,FALSE,2010
NC_2009_PLY_003422_AS,PLY_003422,3,ALLSTAR,77,24,10,10,TRUE,2009
NC_2006_PLY_003422_LN,PLY_003422,1,LIVE_NORMAL,68,12,10,0,TRUE,2006
NC_2004_PLY_003422_LN,PLY_003422,1,LIVE_NORMAL,63,12,10,0,TRUE,2004
NC_2005_PLY_003423_EPIC,PLY_003423,2,LIVE_EPIC,69,18,10,0,TRUE,2005
NC_2001_PLY_003423_LN,PLY_003423,1,LIVE_NORMAL,58,12,10,0,TRUE,2001
NC_1999_PLY_003423_EPIC,PLY_003423,2,LIVE_EPIC,69,18,10,0,TRUE,1999
NC_2012_PLY_003423_LN,PLY_003423,1,LIVE_NORMAL,66,12,10,0,TRUE,2012
NC_2009_PLY_003423_LN,PLY_003423,1,LIVE_NORMAL,67,12,10,0,TRUE,2009
NC_1994_PLY_003423_GG,PLY_003423,6,GOLDEN_GLOVE,84,35,10,10,FALSE,1994
NC_1998_PLY_003423_TH,PLY_003423,4,TITLE_HOLDER,83,30,10,10,FALSE,1998
NC_1997_PLY_003423_EPIC,PLY_003423,2,LIVE_EPIC,66,18,10,0,TRUE,1997
NC_2002_PLY_003423_GG,PLY_003423,6,GOLDEN_GLOVE,89,35,10,10,FALSE,2002
NC_2005_PLY_003423_AS,PLY_003423,3,ALLSTAR,76,24,10,10,TRUE,2005
NC_2002_PLY_003423_TH,PLY_003423,4,TITLE_HOLDER,80,30,10,10,FALSE,2002
NC_2011_PLY_003424_EPIC,PLY_003424,2,LIVE_EPIC,70,18,10,0,TRUE,2011
NC_2009_PLY_003424_LN,PLY_003424,1,LIVE_NORMAL,57,12,10,0,TRUE,2009
NC_2018_PLY_003425_AS,PLY_003425,3,ALLSTAR,74,24,10,10,TRUE,2018
NC_2015_PLY_003425_LN,PLY_003425,1,LIVE_NORMAL,62,12,10,0,TRUE,2015
NC_2014_PLY_003425_AS,PLY_003425,3,ALLSTAR,83,24,10,10,TRUE,2014
NC_2020_PLY_003425_GG,PLY_003425,6,GOLDEN_GLOVE,86,35,10,10,FALSE,2020
NC_2020_PLY_003425_AS,PLY_003425,3,ALLSTAR,77,24,10,10,TRUE,2020
NC_2022_PLY_003425_EPIC,PLY_003425,2,LIVE_EPIC,76,18,10,0,TRUE,2022
NC_2021_PLY_003425_EPIC,PLY_003425,2,LIVE_EPIC,72,18,10,0,TRUE,2021
NC_2010_PLY_003426_EPIC,PLY_003426,2,LIVE_EPIC,66,18,10,0,TRUE,2010
NC_2012_PLY_003426_LN,PLY_003426,1,LIVE_NORMAL,63,12,10,0,TRUE,2012
NC_2011_PLY_003426_AS,PLY_003426,3,ALLSTAR,77,24,10,10,TRUE,2011
NC_2010_PLY_003426_LN,PLY_003426,1,LIVE_NORMAL,62,12,10,0,TRUE,2010
NC_2013_PLY_003426_GG,PLY_003426,6,GOLDEN_GLOVE,83,35,10,10,FALSE,2013
NC_2011_PLY_003426_EPIC,PLY_003426,2,LIVE_EPIC,70,18,10,0,TRUE,2011
NC_2013_PLY_003426_AS,PLY_003426,3,ALLSTAR,82,24,10,10,TRUE,2013
NC_2013_PLY_003426_EPIC,PLY_003426,2,LIVE_EPIC,70,18,10,0,TRUE,2013
NC_2012_PLY_003426_SIG,PLY_003426,5,SIGNATURE,89,40,10,10,FALSE,2012
NC_2012_PLY_003426_GG,PLY_003426,6,GOLDEN_GLOVE,88,35,10,10,FALSE,2012
NC_1998_PLY_003427_LN,PLY_003427,1,LIVE_NORMAL,61,12,10,0,TRUE,1998
NC_1991_PLY_003427_EPIC,PLY_003427,2,LIVE_EPIC,73,18,10,0,TRUE,1991
NC_2004_PLY_003427_EPIC,PLY_003427,2,LIVE_EPIC,76,18,10,0,TRUE,2004
NC_1999_PLY_003427_EPIC,PLY_003427,2,LIVE_EPIC,73,18,10,0,TRUE,1999
NC_2004_PLY_003427_TH,PLY_003427,4,TITLE_HOLDER,81,30,10,10,FALSE,2004
NC_2020_PLY_003428_EPIC,PLY_003428,2,LIVE_EPIC,73,18,10,0,TRUE,2020
NC_2022_PLY_003428_EPIC,PLY_003428,2,LIVE_EPIC,70,18,10,0,TRUE,2022
NC_2020_PLY_003428_LN,PLY_003428,1,LIVE_NORMAL,55,12,10,0,TRUE,2020
NC_2016_PLY_003428_TH,PLY_003428,4,TITLE_HOLDER,82,30,10,10,FALSE,2016
NC_2022_PLY_003428_LN,PLY_003428,1,LIVE_NORMAL,55,12,10,0,TRUE,2022
NC_2019_PLY_003428_EPIC,PLY_003428,2,LIVE_EPIC,74,18,10,0,TRUE,2019
NC_2019_PLY_003428_TH,PLY_003428,4,TITLE_HOLDER,82,30,10,10,FALSE,2019
NC_2021_PLY_003428_GG,PLY_003428,6,GOLDEN_GLOVE,89,35,10,10,FALSE,2021
NC_2021_PLY_003428_SIG,PLY_003428,5,SIGNATURE,88,40,10,10,FALSE,2021
NC_2018_PLY_003428_EPIC,PLY_003428,2,LIVE_EPIC,68,18,10,0,TRUE,2018
NC_2021_PLY_003428_AS,PLY_003428,3,ALLSTAR,80,24,10,10,TRUE,2021
NC_1997_PLY_003429_LN,PLY_003429,1,LIVE_NORMAL,65,12,10,0,TRUE,1997
NC_1994_PLY_003429_LN,PLY_003429,1,LIVE_NORMAL,57,12,10,0,TRUE,1994
NC_2004_PLY_003429_EPIC,PLY_003429,2,LIVE_EPIC,65,18,10,0,TRUE,2004
NC_1993_PLY_003429_AS,PLY_003429,3,ALLSTAR,81,24,10,10,TRUE,1993
NC_1992_PLY_003429_LN,PLY_003429,1,LIVE_NORMAL,62,12,10,0,TRUE,1992
NC_2002_PLY_003429_EPIC,PLY_003429,2,LIVE_EPIC,69,18,10,0,TRUE,2002
NC_1994_PLY_003429_EPIC,PLY_003429,2,LIVE_EPIC,71,18,10,0,TRUE,1994
NC_2000_PLY_003429_LN,PLY_003429,1,LIVE_NORMAL,63,12,10,0,TRUE,2000
NC_2004_PLY_003429_LN,PLY_003429,1,LIVE_NORMAL,67,12,10,0,TRUE,2004
NC_2015_PLY_003430_GG,PLY_003430,6,GOLDEN_GLOVE,87,35,10,10,FALSE,2015
NC_2026_PLY_003430_EPIC,PLY_003430,2,LIVE_EPIC,73,18,10,0,TRUE,2026
NC_2021_PLY_003430_LN,PLY_003430,1,LIVE_NORMAL,58,12,10,0,TRUE,2021
NC_2023_PLY_003430_LN,PLY_003430,1,LIVE_NORMAL,60,12,10,0,TRUE,2023
NC_2015_PLY_003430_AS,PLY_003430,3,ALLSTAR,77,24,10,10,TRUE,2015
NC_2016_PLY_003430_LN,PLY_003430,1,LIVE_NORMAL,62,12,10,0,TRUE,2016
NC_2020_PLY_003430_TH,PLY_003430,4,TITLE_HOLDER,80,30,10,10,FALSE,2020
NC_2018_PLY_003430_EPIC,PLY_003430,2,LIVE_EPIC,68,18,10,0,TRUE,2018
NC_1987_PLY_003431_EPIC,PLY_003431,2,LIVE_EPIC,66,18,10,0,TRUE,1987
NC_1995_PLY_003431_AS,PLY_003431,3,ALLSTAR,82,24,10,10,TRUE,1995
NC_1987_PLY_003431_LN,PLY_003431,1,LIVE_NORMAL,65,12,10,0,TRUE,1987
NC_1991_PLY_003431_LN,PLY_003431,1,LIVE_NORMAL,61,12,10,0,TRUE,1991
NC_2007_PLY_003432_EPIC,PLY_003432,2,LIVE_EPIC,72,18,10,0,TRUE,2007
NC_1994_PLY_003432_EPIC,PLY_003432,2,LIVE_EPIC,73,18,10,0,TRUE,1994
NC_2001_PLY_003432_AS,PLY_003432,3,ALLSTAR,83,24,10,10,TRUE,2001
NC_1994_PLY_003432_LN,PLY_003432,1,LIVE_NORMAL,55,12,10,0,TRUE,1994
NC_2005_PLY_003432_EPIC,PLY_003432,2,LIVE_EPIC,71,18,10,0,TRUE,2005
NC_2017_PLY_003433_LN,PLY_003433,1,LIVE_NORMAL,67,12,10,0,TRUE,2017
NC_2015_PLY_003433_LN,PLY_003433,1,LIVE_NORMAL,63,12,10,0,TRUE,2015
NC_2009_PLY_003433_GG,PLY_003433,6,GOLDEN_GLOVE,84,35,10,10,FALSE,2009
NC_2011_PLY_003433_TH,PLY_003433,4,TITLE_HOLDER,81,30,10,10,FALSE,2011
NC_2019_PLY_003433_LN,PLY_003433,1,LIVE_NORMAL,62,12,10,0,TRUE,2019
NC_2005_PLY_003433_EPIC,PLY_003433,2,LIVE_EPIC,70,18,10,0,TRUE,2005
NC_2002_PLY_003433_EPIC,PLY_003433,2,LIVE_EPIC,67,18,10,0,TRUE,2002
NC_2020_PLY_003433_EPIC,PLY_003433,2,LIVE_EPIC,73,18,10,0,TRUE,2020
NC_2005_PLY_003433_AS,PLY_003433,3,ALLSTAR,75,24,10,10,TRUE,2005
NC_1992_PLY_003434_EPIC,PLY_003434,2,LIVE_EPIC,76,18,10,0,TRUE,1992
NC_1991_PLY_003434_AS,PLY_003434,3,ALLSTAR,82,24,10,10,TRUE,1991
NC_1997_PLY_003434_LN,PLY_003434,1,LIVE_NORMAL,56,12,10,0,TRUE,1997
NC_2000_PLY_003435_EPIC,PLY_003435,2,LIVE_EPIC,71,18,10,0,TRUE,2000
NC_1995_PLY_003435_TH,PLY_003435,4,TITLE_HOLDER,80,30,10,10,FALSE,1995
NC_2000_PLY_003435_SIG,PLY_003435,5,SIGNATURE,88,40,10,10,FALSE,2000
NC_2005_PLY_003435_LN,PLY_003435,1,LIVE_NORMAL,66,12,10,0,TRUE,2005
NC_2004_PLY_003435_LN,PLY_003435,1,LIVE_NORMAL,63,12,10,0,TRUE,2004
NC_1997_PLY_003435_LN,PLY_003435,1,LIVE_NORMAL,62,12,10,0,TRUE,1997
NC_2017_PLY_003436_LN,PLY_003436,1,LIVE_NORMAL,58,12,10,0,TRUE,2017
NC_2017_PLY_003436_EPIC,PLY_003436,2,LIVE_EPIC,71,18,10,0,TRUE,2017
NC_2014_PLY_003436_EPIC,PLY_003436,2,LIVE_EPIC,69,18,10,0,TRUE,2014
NC_2018_PLY_003436_EPIC,PLY_003436,2,LIVE_EPIC,68,18,10,0,TRUE,2018
NC_2005_PLY_003436_LN,PLY_003436,1,LIVE_NORMAL,63,12,10,0,TRUE,2005
NC_2011_PLY_003436_SIG,PLY_003436,5,SIGNATURE,89,40,10,10,FALSE,2011
NC_2003_PLY_003436_TH,PLY_003436,4,TITLE_HOLDER,80,30,10,10,FALSE,2003
NC_2008_PLY_003436_TH,PLY_003436,4,TITLE_HOLDER,85,30,10,10,FALSE,2008
NC_2025_PLY_003437_LN,PLY_003437,1,LIVE_NORMAL,56,12,10,0,TRUE,2025
NC_2025_PLY_003437_TH,PLY_003437,4,TITLE_HOLDER,80,30,10,10,FALSE,2025
NC_2023_PLY_003437_EPIC,PLY_003437,2,LIVE_EPIC,69,18,10,0,TRUE,2023
NC_2026_PLY_003437_LN,PLY_003437,1,LIVE_NORMAL,58,12,10,0,TRUE,2026
NC_2023_PLY_003437_LN,PLY_003437,1,LIVE_NORMAL,62,12,10,0,TRUE,2023
NC_2025_PLY_003437_EPIC,PLY_003437,2,LIVE_EPIC,74,18,10,0,TRUE,2025
NC_2022_PLY_003437_AS,PLY_003437,3,ALLSTAR,75,24,10,10,TRUE,2022
NC_2026_PLY_003437_EPIC,PLY_003437,2,LIVE_EPIC,68,18,10,0,TRUE,2026
NC_2026_PLY_003437_TH,PLY_003437,4,TITLE_HOLDER,83,30,10,10,FALSE,2026
NC_2025_PLY_003438_EPIC,PLY_003438,2,LIVE_EPIC,69,18,10,0,TRUE,2025
NC_2019_PLY_003438_EPIC,PLY_003438,2,LIVE_EPIC,73,18,10,0,TRUE,2019
NC_2003_PLY_003439_EPIC,PLY_003439,2,LIVE_EPIC,67,18,10,0,TRUE,2003
NC_2004_PLY_003439_LN,PLY_003439,1,LIVE_NORMAL,62,12,10,0,TRUE,2004
NC_2005_PLY_003439_EPIC,PLY_003439,2,LIVE_EPIC,76,18,10,0,TRUE,2005
NC_2008_PLY_003439_TH,PLY_003439,4,TITLE_HOLDER,83,30,10,10,FALSE,2008
NC_2007_PLY_003439_LN,PLY_003439,1,LIVE_NORMAL,63,12,10,0,TRUE,2007
NC_2006_PLY_003439_LN,PLY_003439,1,LIVE_NORMAL,67,12,10,0,TRUE,2006
NC_2006_PLY_003440_EPIC,PLY_003440,2,LIVE_EPIC,69,18,10,0,TRUE,2006
NC_2010_PLY_003440_TH,PLY_003440,4,TITLE_HOLDER,86,30,10,10,FALSE,2010
NC_2009_PLY_003440_EPIC,PLY_003440,2,LIVE_EPIC,76,18,10,0,TRUE,2009
NC_2017_PLY_003441_EPIC,PLY_003441,2,LIVE_EPIC,65,18,10,0,TRUE,2017
NC_2021_PLY_003441_TH,PLY_003441,4,TITLE_HOLDER,86,30,10,10,FALSE,2021
NC_2011_PLY_003441_EPIC,PLY_003441,2,LIVE_EPIC,66,18,10,0,TRUE,2011
NC_2014_PLY_003441_LN,PLY_003441,1,LIVE_NORMAL,57,12,10,0,TRUE,2014
NC_2008_PLY_003441_TH,PLY_003441,4,TITLE_HOLDER,82,30,10,10,FALSE,2008
NC_2020_PLY_003441_SIG,PLY_003441,5,SIGNATURE,93,40,10,10,FALSE,2020
NC_2010_PLY_003441_GG,PLY_003441,6,GOLDEN_GLOVE,84,35,10,10,FALSE,2010
NC_1997_PLY_003442_EPIC,PLY_003442,2,LIVE_EPIC,75,18,10,0,TRUE,1997
NC_2002_PLY_003442_LN,PLY_003442,1,LIVE_NORMAL,56,12,10,0,TRUE,2002
NC_2000_PLY_003442_TH,PLY_003442,4,TITLE_HOLDER,87,30,10,10,FALSE,2000
NC_1993_PLY_003442_TH,PLY_003442,4,TITLE_HOLDER,87,30,10,10,FALSE,1993
NC_2007_PLY_003443_LN,PLY_003443,1,LIVE_NORMAL,62,12,10,0,TRUE,2007
NC_1999_PLY_003443_EPIC,PLY_003443,2,LIVE_EPIC,75,18,10,0,TRUE,1999
NC_2023_PLY_003444_AS,PLY_003444,3,ALLSTAR,83,24,10,10,TRUE,2023
NC_2026_PLY_003444_LN,PLY_003444,1,LIVE_NORMAL,68,12,10,0,TRUE,2026
NC_2025_PLY_003444_TH,PLY_003444,4,TITLE_HOLDER,81,30,10,10,FALSE,2025
NC_2022_PLY_003444_LN,PLY_003444,1,LIVE_NORMAL,67,12,10,0,TRUE,2022
NC_2024_PLY_003444_EPIC,PLY_003444,2,LIVE_EPIC,68,18,10,0,TRUE,2024
NC_2026_PLY_003444_AS,PLY_003444,3,ALLSTAR,79,24,10,10,TRUE,2026
NC_2025_PLY_003444_AS,PLY_003444,3,ALLSTAR,78,24,10,10,TRUE,2025
NC_2024_PLY_003444_LN,PLY_003444,1,LIVE_NORMAL,64,12,10,0,TRUE,2024
NC_2022_PLY_003444_SIG,PLY_003444,5,SIGNATURE,92,40,10,10,FALSE,2022
NC_2024_PLY_003445_EPIC,PLY_003445,2,LIVE_EPIC,66,18,10,0,TRUE,2024
NC_2025_PLY_003445_LN,PLY_003445,1,LIVE_NORMAL,55,12,10,0,TRUE,2025
NC_2024_PLY_003445_TH,PLY_003445,4,TITLE_HOLDER,83,30,10,10,FALSE,2024
NC_2020_PLY_003445_LN,PLY_003445,1,LIVE_NORMAL,68,12,10,0,TRUE,2020
NC_2024_PLY_003446_EPIC,PLY_003446,2,LIVE_EPIC,65,18,10,0,TRUE,2024
NC_2021_PLY_003446_AS,PLY_003446,3,ALLSTAR,74,24,10,10,TRUE,2021
NC_2022_PLY_003446_AS,PLY_003446,3,ALLSTAR,74,24,10,10,TRUE,2022
NC_2023_PLY_003446_LN,PLY_003446,1,LIVE_NORMAL,58,12,10,0,TRUE,2023
NC_2026_PLY_003446_EPIC,PLY_003446,2,LIVE_EPIC,74,18,10,0,TRUE,2026
NC_2021_PLY_003446_EPIC,PLY_003446,2,LIVE_EPIC,71,18,10,0,TRUE,2021
NC_1999_PLY_003447_EPIC,PLY_003447,2,LIVE_EPIC,76,18,10,0,TRUE,1999
NC_2003_PLY_003447_EPIC,PLY_003447,2,LIVE_EPIC,72,18,10,0,TRUE,2003
NC_2021_PLY_003448_LN,PLY_003448,1,LIVE_NORMAL,67,12,10,0,TRUE,2021
NC_2015_PLY_003448_AS,PLY_003448,3,ALLSTAR,74,24,10,10,TRUE,2015
NC_2026_PLY_003449_EPIC,PLY_003449,2,LIVE_EPIC,69,18,10,0,TRUE,2026
NC_2023_PLY_003449_LN,PLY_003449,1,LIVE_NORMAL,57,12,10,0,TRUE,2023
NC_2025_PLY_003449_AS,PLY_003449,3,ALLSTAR,75,24,10,10,TRUE,2025
NC_2024_PLY_003449_SIG,PLY_003449,5,SIGNATURE,92,40,10,10,FALSE,2024
NC_2026_PLY_003449_LN,PLY_003449,1,LIVE_NORMAL,58,12,10,0,TRUE,2026
NC_2021_PLY_003450_LN,PLY_003450,1,LIVE_NORMAL,68,12,10,0,TRUE,2021
NC_2014_PLY_003450_EPIC,PLY_003450,2,LIVE_EPIC,76,18,10,0,TRUE,2014
NC_2023_PLY_003450_LN,PLY_003450,1,LIVE_NORMAL,61,12,10,0,TRUE,2023
NC_2014_PLY_003450_AS,PLY_003450,3,ALLSTAR,78,24,10,10,TRUE,2014
NC_2018_PLY_003450_EPIC,PLY_003450,2,LIVE_EPIC,73,18,10,0,TRUE,2018
NC_2017_PLY_003450_TH,PLY_003450,4,TITLE_HOLDER,86,30,10,10,FALSE,2017
NC_2012_PLY_003450_LN,PLY_003450,1,LIVE_NORMAL,56,12,10,0,TRUE,2012
NC_2010_PLY_003450_AS,PLY_003450,3,ALLSTAR,78,24,10,10,TRUE,2010
NC_2010_PLY_003450_GG,PLY_003450,6,GOLDEN_GLOVE,89,35,10,10,FALSE,2010
NC_2016_PLY_003450_LN,PLY_003450,1,LIVE_NORMAL,65,12,10,0,TRUE,2016
NC_2020_PLY_003451_EPIC,PLY_003451,2,LIVE_EPIC,76,18,10,0,TRUE,2020
NC_2022_PLY_003451_TH,PLY_003451,4,TITLE_HOLDER,82,30,10,10,FALSE,2022
NC_2017_PLY_003452_LN,PLY_003452,1,LIVE_NORMAL,67,12,10,0,TRUE,2017
NC_2013_PLY_003452_TH,PLY_003452,4,TITLE_HOLDER,86,30,10,10,FALSE,2013
NC_2010_PLY_003452_TH,PLY_003452,4,TITLE_HOLDER,80,30,10,10,FALSE,2010
NC_2008_PLY_003452_EPIC,PLY_003452,2,LIVE_EPIC,73,18,10,0,TRUE,2008
NC_2020_PLY_003452_LN,PLY_003452,1,LIVE_NORMAL,59,12,10,0,TRUE,2020
NC_2024_PLY_003453_LN,PLY_003453,1,LIVE_NORMAL,57,12,10,0,TRUE,2024
NC_2025_PLY_003453_LN,PLY_003453,1,LIVE_NORMAL,57,12,10,0,TRUE,2025
NC_2024_PLY_003453_EPIC,PLY_003453,2,LIVE_EPIC,68,18,10,0,TRUE,2024
NC_2008_PLY_003454_LN,PLY_003454,1,LIVE_NORMAL,67,12,10,0,TRUE,2008
NC_2018_PLY_003454_EPIC,PLY_003454,2,LIVE_EPIC,68,18,10,0,TRUE,2018
NC_2016_PLY_003454_TH,PLY_003454,4,TITLE_HOLDER,84,30,10,10,FALSE,2016
NC_2015_PLY_003454_EPIC,PLY_003454,2,LIVE_EPIC,65,18,10,0,TRUE,2015
NC_2016_PLY_003454_LN,PLY_003454,1,LIVE_NORMAL,68,12,10,0,TRUE,2016
NC_2009_PLY_003454_AS,PLY_003454,3,ALLSTAR,76,24,10,10,TRUE,2009
NC_2008_PLY_003454_EPIC,PLY_003454,2,LIVE_EPIC,72,18,10,0,TRUE,2008
NC_2017_PLY_003454_LN,PLY_003454,1,LIVE_NORMAL,65,12,10,0,TRUE,2017
NC_2017_PLY_003454_SIG,PLY_003454,5,SIGNATURE,92,40,10,10,FALSE,2017
NC_2024_PLY_003455_TH,PLY_003455,4,TITLE_HOLDER,83,30,10,10,FALSE,2024
NC_2020_PLY_003455_GG,PLY_003455,6,GOLDEN_GLOVE,87,35,10,10,FALSE,2020
NC_2023_PLY_003455_LN,PLY_003455,1,LIVE_NORMAL,66,12,10,0,TRUE,2023
NC_2020_PLY_003455_EPIC,PLY_003455,2,LIVE_EPIC,68,18,10,0,TRUE,2020
NC_2022_PLY_003455_LN,PLY_003455,1,LIVE_NORMAL,67,12,10,0,TRUE,2022
NC_2025_PLY_003455_LN,PLY_003455,1,LIVE_NORMAL,55,12,10,0,TRUE,2025
NC_2023_PLY_003455_AS,PLY_003455,3,ALLSTAR,75,24,10,10,TRUE,2023
NC_2021_PLY_003455_EPIC,PLY_003455,2,LIVE_EPIC,72,18,10,0,TRUE,2021
NC_2023_PLY_003455_EPIC,PLY_003455,2,LIVE_EPIC,73,18,10,0,TRUE,2023
NC_1993_PLY_003456_LN,PLY_003456,1,LIVE_NORMAL,59,12,10,0,TRUE,1993
NC_1991_PLY_003456_GG,PLY_003456,6,GOLDEN_GLOVE,87,35,10,10,FALSE,1991
NC_2000_PLY_003456_LN,PLY_003456,1,LIVE_NORMAL,63,12,10,0,TRUE,2000
NC_2002_PLY_003456_LN,PLY_003456,1,LIVE_NORMAL,59,12,10,0,TRUE,2002
NC_1999_PLY_003457_LN,PLY_003457,1,LIVE_NORMAL,61,12,10,0,TRUE,1999
NC_1994_PLY_003457_EPIC,PLY_003457,2,LIVE_EPIC,65,18,10,0,TRUE,1994
NC_1993_PLY_003457_TH,PLY_003457,4,TITLE_HOLDER,84,30,10,10,FALSE,1993
NC_1996_PLY_003457_EPIC,PLY_003457,2,LIVE_EPIC,75,18,10,0,TRUE,1996
NC_1997_PLY_003457_EPIC,PLY_003457,2,LIVE_EPIC,65,18,10,0,TRUE,1997
NC_1995_PLY_003457_AS,PLY_003457,3,ALLSTAR,83,24,10,10,TRUE,1995
NC_1998_PLY_003457_LN,PLY_003457,1,LIVE_NORMAL,65,12,10,0,TRUE,1998
NC_1998_PLY_003457_EPIC,PLY_003457,2,LIVE_EPIC,65,18,10,0,TRUE,1998
NC_2023_PLY_003458_GG,PLY_003458,6,GOLDEN_GLOVE,87,35,10,10,FALSE,2023
NC_2015_PLY_003458_TH,PLY_003458,4,TITLE_HOLDER,86,30,10,10,FALSE,2015
NC_2000_PLY_003459_EPIC,PLY_003459,2,LIVE_EPIC,72,18,10,0,TRUE,2000
NC_2000_PLY_003459_AS,PLY_003459,3,ALLSTAR,83,24,10,10,TRUE,2000
NC_1992_PLY_003459_LN,PLY_003459,1,LIVE_NORMAL,65,12,10,0,TRUE,1992
NC_1994_PLY_003459_LN,PLY_003459,1,LIVE_NORMAL,65,12,10,0,TRUE,1994
NC_2002_PLY_003459_GG,PLY_003459,6,GOLDEN_GLOVE,84,35,10,10,FALSE,2002
NC_2004_PLY_003459_EPIC,PLY_003459,2,LIVE_EPIC,70,18,10,0,TRUE,2004
NC_1992_PLY_003459_AS,PLY_003459,3,ALLSTAR,79,24,10,10,TRUE,1992
NC_2023_PLY_003460_EPIC,PLY_003460,2,LIVE_EPIC,69,18,10,0,TRUE,2023
NC_2020_PLY_003460_EPIC,PLY_003460,2,LIVE_EPIC,70,18,10,0,TRUE,2020
NC_2025_PLY_003460_AS,PLY_003460,3,ALLSTAR,74,24,10,10,TRUE,2025
NC_2020_PLY_003460_SIG,PLY_003460,5,SIGNATURE,94,40,10,10,FALSE,2020
NC_2023_PLY_003460_LN,PLY_003460,1,LIVE_NORMAL,59,12,10,0,TRUE,2023
NC_2016_PLY_003460_LN,PLY_003460,1,LIVE_NORMAL,57,12,10,0,TRUE,2016
NC_2022_PLY_003460_AS,PLY_003460,3,ALLSTAR,79,24,10,10,TRUE,2022
NC_2016_PLY_003460_EPIC,PLY_003460,2,LIVE_EPIC,67,18,10,0,TRUE,2016
NC_2024_PLY_003460_EPIC,PLY_003460,2,LIVE_EPIC,75,18,10,0,TRUE,2024
NC_2025_PLY_003460_LN,PLY_003460,1,LIVE_NORMAL,60,12,10,0,TRUE,2025
NC_1990_PLY_003461_GG,PLY_003461,6,GOLDEN_GLOVE,86,35,10,10,FALSE,1990
NC_1994_PLY_003461_EPIC,PLY_003461,2,LIVE_EPIC,69,18,10,0,TRUE,1994
NC_1988_PLY_003461_EPIC,PLY_003461,2,LIVE_EPIC,76,18,10,0,TRUE,1988
NC_1988_PLY_003461_LN,PLY_003461,1,LIVE_NORMAL,55,12,10,0,TRUE,1988
NC_1993_PLY_003461_TH,PLY_003461,4,TITLE_HOLDER,82,30,10,10,FALSE,1993
NC_2025_PLY_003462_LN,PLY_003462,1,LIVE_NORMAL,59,12,10,0,TRUE,2025
NC_2021_PLY_003462_GG,PLY_003462,6,GOLDEN_GLOVE,86,35,10,10,FALSE,2021
NC_2023_PLY_003462_LN,PLY_003462,1,LIVE_NORMAL,58,12,10,0,TRUE,2023
NC_2024_PLY_003462_EPIC,PLY_003462,2,LIVE_EPIC,70,18,10,0,TRUE,2024
NC_2021_PLY_003462_EPIC,PLY_003462,2,LIVE_EPIC,72,18,10,0,TRUE,2021
NC_2024_PLY_003462_LN,PLY_003462,1,LIVE_NORMAL,61,12,10,0,TRUE,2024
NC_2020_PLY_003462_LN,PLY_003462,1,LIVE_NORMAL,60,12,10,0,TRUE,2020
NC_2026_PLY_003462_EPIC,PLY_003462,2,LIVE_EPIC,66,18,10,0,TRUE,2026
NC_2026_PLY_003463_LN,PLY_003463,1,LIVE_NORMAL,57,12,10,0,TRUE,2026
NC_2023_PLY_003463_AS,PLY_003463,3,ALLSTAR,81,24,10,10,TRUE,2023
NC_2023_PLY_003463_LN,PLY_003463,1,LIVE_NORMAL,67,12,10,0,TRUE,2023
NC_2026_PLY_003463_AS,PLY_003463,3,ALLSTAR,79,24,10,10,TRUE,2026
NC_2026_PLY_003463_EPIC,PLY_003463,2,LIVE_EPIC,74,18,10,0,TRUE,2026
NC_1999_PLY_003464_LN,PLY_003464,1,LIVE_NORMAL,68,12,10,0,TRUE,1999
NC_1992_PLY_003464_EPIC,PLY_003464,2,LIVE_EPIC,68,18,10,0,TRUE,1992
NC_1995_PLY_003464_GG,PLY_003464,6,GOLDEN_GLOVE,88,35,10,10,FALSE,1995
NC_1991_PLY_003464_AS,PLY_003464,3,ALLSTAR,81,24,10,10,TRUE,1991
NC_1995_PLY_003464_EPIC,PLY_003464,2,LIVE_EPIC,65,18,10,0,TRUE,1995
NC_1991_PLY_003464_TH,PLY_003464,4,TITLE_HOLDER,84,30,10,10,FALSE,1991
NC_1990_PLY_003464_AS,PLY_003464,3,ALLSTAR,76,24,10,10,TRUE,1990
NC_1998_PLY_003464_LN,PLY_003464,1,LIVE_NORMAL,67,12,10,0,TRUE,1998
NC_1995_PLY_003464_LN,PLY_003464,1,LIVE_NORMAL,63,12,10,0,TRUE,1995
NC_2012_PLY_003465_EPIC,PLY_003465,2,LIVE_EPIC,69,18,10,0,TRUE,2012
NC_2018_PLY_003465_LN,PLY_003465,1,LIVE_NORMAL,61,12,10,0,TRUE,2018
NC_2012_PLY_003465_LN,PLY_003465,1,LIVE_NORMAL,57,12,10,0,TRUE,2012
NC_2010_PLY_003465_TH,PLY_003465,4,TITLE_HOLDER,83,30,10,10,FALSE,2010
NC_2017_PLY_003465_TH,PLY_003465,4,TITLE_HOLDER,80,30,10,10,FALSE,2017
NC_2013_PLY_003465_AS,PLY_003465,3,ALLSTAR,74,24,10,10,TRUE,2013
NC_2001_PLY_003465_EPIC,PLY_003465,2,LIVE_EPIC,73,18,10,0,TRUE,2001
NC_2003_PLY_003465_LN,PLY_003465,1,LIVE_NORMAL,68,12,10,0,TRUE,2003
NC_2026_PLY_003466_TH,PLY_003466,4,TITLE_HOLDER,84,30,10,10,FALSE,2026
NC_2017_PLY_003466_TH,PLY_003466,4,TITLE_HOLDER,86,30,10,10,FALSE,2017
NC_2022_PLY_003466_EPIC,PLY_003466,2,LIVE_EPIC,68,18,10,0,TRUE,2022
NC_2017_PLY_003466_AS,PLY_003466,3,ALLSTAR,79,24,10,10,TRUE,2017
NC_2023_PLY_003466_LN,PLY_003466,1,LIVE_NORMAL,58,12,10,0,TRUE,2023
NC_2018_PLY_003466_LN,PLY_003466,1,LIVE_NORMAL,67,12,10,0,TRUE,2018
NC_2024_PLY_003467_EPIC,PLY_003467,2,LIVE_EPIC,75,18,10,0,TRUE,2024
NC_2025_PLY_003467_EPIC,PLY_003467,2,LIVE_EPIC,75,18,10,0,TRUE,2025
NC_2024_PLY_003467_LN,PLY_003467,1,LIVE_NORMAL,56,12,10,0,TRUE,2024
NC_2023_PLY_003467_GG,PLY_003467,6,GOLDEN_GLOVE,85,35,10,10,FALSE,2023
NC_2025_PLY_003467_LN,PLY_003467,1,LIVE_NORMAL,61,12,10,0,TRUE,2025
NC_2023_PLY_003467_LN,PLY_003467,1,LIVE_NORMAL,61,12,10,0,TRUE,2023
NC_1999_PLY_003468_AS,PLY_003468,3,ALLSTAR,80,24,10,10,TRUE,1999
NC_1994_PLY_003468_TH,PLY_003468,4,TITLE_HOLDER,85,30,10,10,FALSE,1994
NC_1997_PLY_003468_LN,PLY_003468,1,LIVE_NORMAL,63,12,10,0,TRUE,1997
NC_1999_PLY_003468_LN,PLY_003468,1,LIVE_NORMAL,64,12,10,0,TRUE,1999
NC_1998_PLY_003468_GG,PLY_003468,6,GOLDEN_GLOVE,87,35,10,10,FALSE,1998
NC_2001_PLY_003468_LN,PLY_003468,1,LIVE_NORMAL,65,12,10,0,TRUE,2001
NC_1998_PLY_003469_AS,PLY_003469,3,ALLSTAR,79,24,10,10,TRUE,1998
NC_2011_PLY_003469_LN,PLY_003469,1,LIVE_NORMAL,60,12,10,0,TRUE,2011
NC_2006_PLY_003469_EPIC,PLY_003469,2,LIVE_EPIC,74,18,10,0,TRUE,2006
NC_2010_PLY_003469_LN,PLY_003469,1,LIVE_NORMAL,66,12,10,0,TRUE,2010
NC_2009_PLY_003469_AS,PLY_003469,3,ALLSTAR,77,24,10,10,TRUE,2009
NC_2002_PLY_003469_LN,PLY_003469,1,LIVE_NORMAL,61,12,10,0,TRUE,2002
NC_2002_PLY_003469_SIG,PLY_003469,5,SIGNATURE,87,40,10,10,FALSE,2002
NC_2009_PLY_003469_EPIC,PLY_003469,2,LIVE_EPIC,76,18,10,0,TRUE,2009
NC_2006_PLY_003469_TH,PLY_003469,4,TITLE_HOLDER,83,30,10,10,FALSE,2006
NC_2014_PLY_003470_AS,PLY_003470,3,ALLSTAR,81,24,10,10,TRUE,2014
NC_2018_PLY_003470_EPIC,PLY_003470,2,LIVE_EPIC,74,18,10,0,TRUE,2018
NC_2021_PLY_003471_EPIC,PLY_003471,2,LIVE_EPIC,76,18,10,0,TRUE,2021
NC_2022_PLY_003471_LN,PLY_003471,1,LIVE_NORMAL,65,12,10,0,TRUE,2022
NC_2026_PLY_003471_SIG,PLY_003471,5,SIGNATURE,91,40,10,10,FALSE,2026
NC_2024_PLY_003471_EPIC,PLY_003471,2,LIVE_EPIC,74,18,10,0,TRUE,2024
NC_2023_PLY_003471_AS,PLY_003471,3,ALLSTAR,78,24,10,10,TRUE,2023
NC_2006_PLY_003472_LN,PLY_003472,1,LIVE_NORMAL,68,12,10,0,TRUE,2006
NC_2008_PLY_003472_LN,PLY_003472,1,LIVE_NORMAL,65,12,10,0,TRUE,2008
NC_2007_PLY_003472_EPIC,PLY_003472,2,LIVE_EPIC,70,18,10,0,TRUE,2007
NC_2007_PLY_003472_LN,PLY_003472,1,LIVE_NORMAL,58,12,10,0,TRUE,2007
NC_2003_PLY_003472_EPIC,PLY_003472,2,LIVE_EPIC,65,18,10,0,TRUE,2003
NC_2002_PLY_003472_LN,PLY_003472,1,LIVE_NORMAL,58,12,10,0,TRUE,2002
NC_2008_PLY_003472_AS,PLY_003472,3,ALLSTAR,77,24,10,10,TRUE,2008
NC_2004_PLY_003472_EPIC,PLY_003472,2,LIVE_EPIC,75,18,10,0,TRUE,2004
NC_2000_PLY_003473_EPIC,PLY_003473,2,LIVE_EPIC,71,18,10,0,TRUE,2000
NC_1992_PLY_003473_GG,PLY_003473,6,GOLDEN_GLOVE,87,35,10,10,FALSE,1992
NC_1994_PLY_003473_TH,PLY_003473,4,TITLE_HOLDER,83,30,10,10,FALSE,1994
NC_1991_PLY_003473_LN,PLY_003473,1,LIVE_NORMAL,64,12,10,0,TRUE,1991
NC_2001_PLY_003473_EPIC,PLY_003473,2,LIVE_EPIC,65,18,10,0,TRUE,2001
NC_2001_PLY_003473_LN,PLY_003473,1,LIVE_NORMAL,56,12,10,0,TRUE,2001
NC_2006_PLY_003473_AS,PLY_003473,3,ALLSTAR,76,24,10,10,TRUE,2006
NC_1996_PLY_003474_EPIC,PLY_003474,2,LIVE_EPIC,66,18,10,0,TRUE,1996
NC_1995_PLY_003474_LN,PLY_003474,1,LIVE_NORMAL,66,12,10,0,TRUE,1995
NC_1997_PLY_003474_LN,PLY_003474,1,LIVE_NORMAL,68,12,10,0,TRUE,1997
NC_2005_PLY_003474_SIG,PLY_003474,5,SIGNATURE,90,40,10,10,FALSE,2005
NC_2002_PLY_003474_GG,PLY_003474,6,GOLDEN_GLOVE,88,35,10,10,FALSE,2002
NC_1998_PLY_003474_EPIC,PLY_003474,2,LIVE_EPIC,72,18,10,0,TRUE,1998
NC_2007_PLY_003474_TH,PLY_003474,4,TITLE_HOLDER,87,30,10,10,FALSE,2007
NC_1995_PLY_003474_AS,PLY_003474,3,ALLSTAR,82,24,10,10,TRUE,1995
NC_1990_PLY_003475_SIG,PLY_003475,5,SIGNATURE,92,40,10,10,FALSE,1990
NC_1989_PLY_003475_AS,PLY_003475,3,ALLSTAR,74,24,10,10,TRUE,1989
NC_1988_PLY_003475_LN,PLY_003475,1,LIVE_NORMAL,63,12,10,0,TRUE,1988
NC_1989_PLY_003475_LN,PLY_003475,1,LIVE_NORMAL,58,12,10,0,TRUE,1989
NC_1991_PLY_003475_LN,PLY_003475,1,LIVE_NORMAL,56,12,10,0,TRUE,1991
NC_1991_PLY_003475_EPIC,PLY_003475,2,LIVE_EPIC,68,18,10,0,TRUE,1991
NC_1991_PLY_003475_GG,PLY_003475,6,GOLDEN_GLOVE,84,35,10,10,FALSE,1991
NC_2000_PLY_003476_LN,PLY_003476,1,LIVE_NORMAL,58,12,10,0,TRUE,2000
NC_2006_PLY_003476_LN,PLY_003476,1,LIVE_NORMAL,66,12,10,0,TRUE,2006
NC_2001_PLY_003476_EPIC,PLY_003476,2,LIVE_EPIC,70,18,10,0,TRUE,2001
NC_2005_PLY_003476_EPIC,PLY_003476,2,LIVE_EPIC,69,18,10,0,TRUE,2005
NC_1999_PLY_003476_EPIC,PLY_003476,2,LIVE_EPIC,75,18,10,0,TRUE,1999
NC_2009_PLY_003476_AS,PLY_003476,3,ALLSTAR,83,24,10,10,TRUE,2009
NC_2012_PLY_003476_LN,PLY_003476,1,LIVE_NORMAL,58,12,10,0,TRUE,2012
NC_2013_PLY_003477_LN,PLY_003477,1,LIVE_NORMAL,65,12,10,0,TRUE,2013
NC_2000_PLY_003477_LN,PLY_003477,1,LIVE_NORMAL,68,12,10,0,TRUE,2000
NC_2012_PLY_003477_LN,PLY_003477,1,LIVE_NORMAL,56,12,10,0,TRUE,2012
NC_2012_PLY_003477_EPIC,PLY_003477,2,LIVE_EPIC,75,18,10,0,TRUE,2012
NC_2009_PLY_003477_AS,PLY_003477,3,ALLSTAR,83,24,10,10,TRUE,2009
NC_2007_PLY_003477_LN,PLY_003477,1,LIVE_NORMAL,68,12,10,0,TRUE,2007
NC_2005_PLY_003477_EPIC,PLY_003477,2,LIVE_EPIC,65,18,10,0,TRUE,2005
NC_2009_PLY_003477_EPIC,PLY_003477,2,LIVE_EPIC,71,18,10,0,TRUE,2009
NC_2005_PLY_003477_LN,PLY_003477,1,LIVE_NORMAL,60,12,10,0,TRUE,2005
NC_2022_PLY_003478_AS,PLY_003478,3,ALLSTAR,83,24,10,10,TRUE,2022
NC_2020_PLY_003478_AS,PLY_003478,3,ALLSTAR,74,24,10,10,TRUE,2020
NC_2020_PLY_003478_LN,PLY_003478,1,LIVE_NORMAL,63,12,10,0,TRUE,2020
NC_2023_PLY_003478_AS,PLY_003478,3,ALLSTAR,78,24,10,10,TRUE,2023
NC_2022_PLY_003478_EPIC,PLY_003478,2,LIVE_EPIC,74,18,10,0,TRUE,2022
NC_2021_PLY_003478_AS,PLY_003478,3,ALLSTAR,83,24,10,10,TRUE,2021
NC_2026_PLY_003478_AS,PLY_003478,3,ALLSTAR,77,24,10,10,TRUE,2026
NC_2019_PLY_003478_LN,PLY_003478,1,LIVE_NORMAL,60,12,10,0,TRUE,2019
NC_2000_PLY_003479_LN,PLY_003479,1,LIVE_NORMAL,66,12,10,0,TRUE,2000
NC_2009_PLY_003479_TH,PLY_003479,4,TITLE_HOLDER,80,30,10,10,FALSE,2009
NC_2008_PLY_003479_LN,PLY_003479,1,LIVE_NORMAL,68,12,10,0,TRUE,2008
NC_2003_PLY_003479_LN,PLY_003479,1,LIVE_NORMAL,62,12,10,0,TRUE,2003
NC_2010_PLY_003479_AS,PLY_003479,3,ALLSTAR,79,24,10,10,TRUE,2010
NC_2003_PLY_003479_AS,PLY_003479,3,ALLSTAR,77,24,10,10,TRUE,2003
NC_2017_PLY_003480_AS,PLY_003480,3,ALLSTAR,75,24,10,10,TRUE,2017
NC_2022_PLY_003480_EPIC,PLY_003480,2,LIVE_EPIC,66,18,10,0,TRUE,2022
NC_2022_PLY_003480_LN,PLY_003480,1,LIVE_NORMAL,67,12,10,0,TRUE,2022
NC_2016_PLY_003480_AS,PLY_003480,3,ALLSTAR,79,24,10,10,TRUE,2016
NC_2023_PLY_003480_TH,PLY_003480,4,TITLE_HOLDER,86,30,10,10,FALSE,2023
NC_2021_PLY_003480_TH,PLY_003480,4,TITLE_HOLDER,86,30,10,10,FALSE,2021
NC_2019_PLY_003480_EPIC,PLY_003480,2,LIVE_EPIC,69,18,10,0,TRUE,2019
NC_2019_PLY_003480_LN,PLY_003480,1,LIVE_NORMAL,56,12,10,0,TRUE,2019
NC_2026_PLY_003480_GG,PLY_003480,6,GOLDEN_GLOVE,88,35,10,10,FALSE,2026
NC_2021_PLY_003481_LN,PLY_003481,1,LIVE_NORMAL,64,12,10,0,TRUE,2021
NC_2019_PLY_003481_LN,PLY_003481,1,LIVE_NORMAL,65,12,10,0,TRUE,2019
NC_2026_PLY_003481_TH,PLY_003481,4,TITLE_HOLDER,84,30,10,10,FALSE,2026
NC_2023_PLY_003481_EPIC,PLY_003481,2,LIVE_EPIC,70,18,10,0,TRUE,2023
NC_2019_PLY_003481_AS,PLY_003481,3,ALLSTAR,79,24,10,10,TRUE,2019
NC_1986_PLY_003482_LN,PLY_003482,1,LIVE_NORMAL,61,12,10,0,TRUE,1986
NC_1989_PLY_003482_LN,PLY_003482,1,LIVE_NORMAL,58,12,10,0,TRUE,1989
NC_1992_PLY_003482_LN,PLY_003482,1,LIVE_NORMAL,56,12,10,0,TRUE,1992
NC_1990_PLY_003482_EPIC,PLY_003482,2,LIVE_EPIC,72,18,10,0,TRUE,1990
NC_1991_PLY_003482_TH,PLY_003482,4,TITLE_HOLDER,83,30,10,10,FALSE,1991
NC_1989_PLY_003482_TH,PLY_003482,4,TITLE_HOLDER,82,30,10,10,FALSE,1989
NC_1986_PLY_003482_EPIC,PLY_003482,2,LIVE_EPIC,72,18,10,0,TRUE,1986
NC_2019_PLY_003483_LN,PLY_003483,1,LIVE_NORMAL,61,12,10,0,TRUE,2019
NC_2018_PLY_003483_LN,PLY_003483,1,LIVE_NORMAL,57,12,10,0,TRUE,2018
NC_2015_PLY_003483_LN,PLY_003483,1,LIVE_NORMAL,58,12,10,0,TRUE,2015
NC_2013_PLY_003483_EPIC,PLY_003483,2,LIVE_EPIC,69,18,10,0,TRUE,2013
NC_2018_PLY_003483_EPIC,PLY_003483,2,LIVE_EPIC,72,18,10,0,TRUE,2018
NC_2002_PLY_003484_EPIC,PLY_003484,2,LIVE_EPIC,74,18,10,0,TRUE,2002
NC_2005_PLY_003484_EPIC,PLY_003484,2,LIVE_EPIC,71,18,10,0,TRUE,2005
NC_2003_PLY_003484_EPIC,PLY_003484,2,LIVE_EPIC,70,18,10,0,TRUE,2003
NC_2002_PLY_003484_AS,PLY_003484,3,ALLSTAR,81,24,10,10,TRUE,2002
NC_2004_PLY_003484_LN,PLY_003484,1,LIVE_NORMAL,61,12,10,0,TRUE,2004
NC_2002_PLY_003485_EPIC,PLY_003485,2,LIVE_EPIC,72,18,10,0,TRUE,2002
NC_2006_PLY_003485_AS,PLY_003485,3,ALLSTAR,79,24,10,10,TRUE,2006
NC_2005_PLY_003485_EPIC,PLY_003485,2,LIVE_EPIC,70,18,10,0,TRUE,2005
NC_2003_PLY_003485_LN,PLY_003485,1,LIVE_NORMAL,68,12,10,0,TRUE,2003
NC_2006_PLY_003485_LN,PLY_003485,1,LIVE_NORMAL,61,12,10,0,TRUE,2006
NC_2002_PLY_003485_LN,PLY_003485,1,LIVE_NORMAL,62,12,10,0,TRUE,2002
NC_2002_PLY_003485_TH,PLY_003485,4,TITLE_HOLDER,83,30,10,10,FALSE,2002
NC_2005_PLY_003485_SIG,PLY_003485,5,SIGNATURE,91,40,10,10,FALSE,2005
NC_2005_PLY_003485_LN,PLY_003485,1,LIVE_NORMAL,61,12,10,0,TRUE,2005
NC_2003_PLY_003485_EPIC,PLY_003485,2,LIVE_EPIC,71,18,10,0,TRUE,2003
NC_2019_PLY_003486_EPIC,PLY_003486,2,LIVE_EPIC,73,18,10,0,TRUE,2019
NC_2024_PLY_003486_EPIC,PLY_003486,2,LIVE_EPIC,68,18,10,0,TRUE,2024
NC_2026_PLY_003486_LN,PLY_003486,1,LIVE_NORMAL,55,12,10,0,TRUE,2026
NC_2018_PLY_003486_LN,PLY_003486,1,LIVE_NORMAL,61,12,10,0,TRUE,2018
NC_2023_PLY_003486_LN,PLY_003486,1,LIVE_NORMAL,61,12,10,0,TRUE,2023
NC_2016_PLY_003487_AS,PLY_003487,3,ALLSTAR,79,24,10,10,TRUE,2016
NC_2021_PLY_003487_EPIC,PLY_003487,2,LIVE_EPIC,67,18,10,0,TRUE,2021
NC_2016_PLY_003487_SIG,PLY_003487,5,SIGNATURE,93,40,10,10,FALSE,2016
NC_2016_PLY_003487_LN,PLY_003487,1,LIVE_NORMAL,61,12,10,0,TRUE,2016
NC_2018_PLY_003487_LN,PLY_003487,1,LIVE_NORMAL,60,12,10,0,TRUE,2018
NC_2021_PLY_003487_LN,PLY_003487,1,LIVE_NORMAL,65,12,10,0,TRUE,2021
NC_2021_PLY_003487_AS,PLY_003487,3,ALLSTAR,79,24,10,10,TRUE,2021
NC_2017_PLY_003487_LN,PLY_003487,1,LIVE_NORMAL,57,12,10,0,TRUE,2017
NC_2020_PLY_003487_LN,PLY_003487,1,LIVE_NORMAL,66,12,10,0,TRUE,2020
NC_2007_PLY_003488_AS,PLY_003488,3,ALLSTAR,74,24,10,10,TRUE,2007
NC_2006_PLY_003488_EPIC,PLY_003488,2,LIVE_EPIC,74,18,10,0,TRUE,2006
NC_2007_PLY_003489_TH,PLY_003489,4,TITLE_HOLDER,86,30,10,10,FALSE,2007
NC_2009_PLY_003489_LN,PLY_003489,1,LIVE_NORMAL,63,12,10,0,TRUE,2009
NC_2008_PLY_003489_EPIC,PLY_003489,2,LIVE_EPIC,71,18,10,0,TRUE,2008
NC_2007_PLY_003489_AS,PLY_003489,3,ALLSTAR,76,24,10,10,TRUE,2007
NC_2007_PLY_003489_LN,PLY_003489,1,LIVE_NORMAL,64,12,10,0,TRUE,2007
NC_1989_PLY_003490_LN,PLY_003490,1,LIVE_NORMAL,59,12,10,0,TRUE,1989
NC_1992_PLY_003490_EPIC,PLY_003490,2,LIVE_EPIC,75,18,10,0,TRUE,1992
NC_1989_PLY_003490_TH,PLY_003490,4,TITLE_HOLDER,85,30,10,10,FALSE,1989
NC_1998_PLY_003490_EPIC,PLY_003490,2,LIVE_EPIC,69,18,10,0,TRUE,1998
NC_1998_PLY_003491_LN,PLY_003491,1,LIVE_NORMAL,67,12,10,0,TRUE,1998
NC_1996_PLY_003491_AS,PLY_003491,3,ALLSTAR,79,24,10,10,TRUE,1996
NC_2002_PLY_003491_EPIC,PLY_003491,2,LIVE_EPIC,67,18,10,0,TRUE,2002
NC_2002_PLY_003491_AS,PLY_003491,3,ALLSTAR,83,24,10,10,TRUE,2002
NC_2011_PLY_003492_LN,PLY_003492,1,LIVE_NORMAL,56,12,10,0,TRUE,2011
NC_2014_PLY_003492_LN,PLY_003492,1,LIVE_NORMAL,68,12,10,0,TRUE,2014
NC_2025_PLY_003493_EPIC,PLY_003493,2,LIVE_EPIC,68,18,10,0,TRUE,2025
NC_2017_PLY_003493_LN,PLY_003493,1,LIVE_NORMAL,68,12,10,0,TRUE,2017
NC_2019_PLY_003493_AS,PLY_003493,3,ALLSTAR,77,24,10,10,TRUE,2019
NC_2019_PLY_003493_GG,PLY_003493,6,GOLDEN_GLOVE,84,35,10,10,FALSE,2019
NC_2026_PLY_003493_AS,PLY_003493,3,ALLSTAR,77,24,10,10,TRUE,2026
NC_2023_PLY_003493_LN,PLY_003493,1,LIVE_NORMAL,66,12,10,0,TRUE,2023
NC_2006_PLY_003494_LN,PLY_003494,1,LIVE_NORMAL,58,12,10,0,TRUE,2006
NC_2003_PLY_003494_EPIC,PLY_003494,2,LIVE_EPIC,67,18,10,0,TRUE,2003
NC_2004_PLY_003494_AS,PLY_003494,3,ALLSTAR,75,24,10,10,TRUE,2004
NC_2007_PLY_003494_LN,PLY_003494,1,LIVE_NORMAL,64,12,10,0,TRUE,2007
NC_2007_PLY_003494_TH,PLY_003494,4,TITLE_HOLDER,85,30,10,10,FALSE,2007
NC_2002_PLY_003494_SIG,PLY_003494,5,SIGNATURE,88,40,10,10,FALSE,2002
NC_2004_PLY_003494_GG,PLY_003494,6,GOLDEN_GLOVE,84,35,10,10,FALSE,2004
NC_2002_PLY_003494_AS,PLY_003494,3,ALLSTAR,82,24,10,10,TRUE,2002
NC_2026_PLY_003495_LN,PLY_003495,1,LIVE_NORMAL,55,12,10,0,TRUE,2026
NC_2021_PLY_003495_LN,PLY_003495,1,LIVE_NORMAL,56,12,10,0,TRUE,2021
NC_2024_PLY_003495_EPIC,PLY_003495,2,LIVE_EPIC,67,18,10,0,TRUE,2024
NC_2022_PLY_003495_EPIC,PLY_003495,2,LIVE_EPIC,67,18,10,0,TRUE,2022
NC_2000_PLY_003496_LN,PLY_003496,1,LIVE_NORMAL,58,12,10,0,TRUE,2000
NC_2002_PLY_003496_TH,PLY_003496,4,TITLE_HOLDER,82,30,10,10,FALSE,2002
NC_1990_PLY_003496_LN,PLY_003496,1,LIVE_NORMAL,62,12,10,0,TRUE,1990
NC_1999_PLY_003497_GG,PLY_003497,6,GOLDEN_GLOVE,88,35,10,10,FALSE,1999
NC_1990_PLY_003497_EPIC,PLY_003497,2,LIVE_EPIC,67,18,10,0,TRUE,1990
NC_1996_PLY_003497_LN,PLY_003497,1,LIVE_NORMAL,57,12,10,0,TRUE,1996
NC_1995_PLY_003498_SIG,PLY_003498,5,SIGNATURE,88,40,10,10,FALSE,1995
NC_1992_PLY_003498_LN,PLY_003498,1,LIVE_NORMAL,55,12,10,0,TRUE,1992
NC_1995_PLY_003498_EPIC,PLY_003498,2,LIVE_EPIC,69,18,10,0,TRUE,1995
NC_1993_PLY_003498_EPIC,PLY_003498,2,LIVE_EPIC,69,18,10,0,TRUE,1993
NC_2004_PLY_003499_LN,PLY_003499,1,LIVE_NORMAL,58,12,10,0,TRUE,2004
NC_2003_PLY_003499_AS,PLY_003499,3,ALLSTAR,80,24,10,10,TRUE,2003
NC_2005_PLY_003499_EPIC,PLY_003499,2,LIVE_EPIC,73,18,10,0,TRUE,2005
NC_2003_PLY_003499_LN,PLY_003499,1,LIVE_NORMAL,62,12,10,0,TRUE,2003
NC_2005_PLY_003499_AS,PLY_003499,3,ALLSTAR,75,24,10,10,TRUE,2005
NC_2005_PLY_003499_LN,PLY_003499,1,LIVE_NORMAL,58,12,10,0,TRUE,2005
NC_2008_PLY_003499_LN,PLY_003499,1,LIVE_NORMAL,64,12,10,0,TRUE,2008
NC_2007_PLY_003499_LN,PLY_003499,1,LIVE_NORMAL,68,12,10,0,TRUE,2007
NC_2012_PLY_003500_LN,PLY_003500,1,LIVE_NORMAL,68,12,10,0,TRUE,2012
NC_2005_PLY_003500_LN,PLY_003500,1,LIVE_NORMAL,66,12,10,0,TRUE,2005
NC_2011_PLY_003500_EPIC,PLY_003500,2,LIVE_EPIC,72,18,10,0,TRUE,2011
NC_2014_PLY_003501_EPIC,PLY_003501,2,LIVE_EPIC,66,18,10,0,TRUE,2014
NC_2019_PLY_003501_TH,PLY_003501,4,TITLE_HOLDER,85,30,10,10,FALSE,2019
NC_2022_PLY_003502_LN,PLY_003502,1,LIVE_NORMAL,62,12,10,0,TRUE,2022
NC_2023_PLY_003502_AS,PLY_003502,3,ALLSTAR,75,24,10,10,TRUE,2023
NC_2026_PLY_003502_EPIC,PLY_003502,2,LIVE_EPIC,72,18,10,0,TRUE,2026
NC_2013_PLY_003503_EPIC,PLY_003503,2,LIVE_EPIC,74,18,10,0,TRUE,2013
NC_2001_PLY_003503_LN,PLY_003503,1,LIVE_NORMAL,55,12,10,0,TRUE,2001
NC_2014_PLY_003503_TH,PLY_003503,4,TITLE_HOLDER,85,30,10,10,FALSE,2014
NC_2005_PLY_003503_LN,PLY_003503,1,LIVE_NORMAL,67,12,10,0,TRUE,2005
NC_2011_PLY_003503_AS,PLY_003503,3,ALLSTAR,75,24,10,10,TRUE,2011
NC_2006_PLY_003503_LN,PLY_003503,1,LIVE_NORMAL,56,12,10,0,TRUE,2006
NC_2005_PLY_003504_EPIC,PLY_003504,2,LIVE_EPIC,67,18,10,0,TRUE,2005
NC_2003_PLY_003504_EPIC,PLY_003504,2,LIVE_EPIC,68,18,10,0,TRUE,2003
NC_1994_PLY_003505_LN,PLY_003505,1,LIVE_NORMAL,65,12,10,0,TRUE,1994
NC_1993_PLY_003505_AS,PLY_003505,3,ALLSTAR,82,24,10,10,TRUE,1993
NC_1995_PLY_003505_EPIC,PLY_003505,2,LIVE_EPIC,74,18,10,0,TRUE,1995
NC_1997_PLY_003505_AS,PLY_003505,3,ALLSTAR,78,24,10,10,TRUE,1997
NC_1997_PLY_003505_LN,PLY_003505,1,LIVE_NORMAL,63,12,10,0,TRUE,1997
NC_1996_PLY_003505_AS,PLY_003505,3,ALLSTAR,77,24,10,10,TRUE,1996
NC_1995_PLY_003505_LN,PLY_003505,1,LIVE_NORMAL,63,12,10,0,TRUE,1995
NC_1993_PLY_003505_GG,PLY_003505,6,GOLDEN_GLOVE,87,35,10,10,FALSE,1993
NC_1997_PLY_003505_SIG,PLY_003505,5,SIGNATURE,94,40,10,10,FALSE,1997
NC_1994_PLY_003505_TH,PLY_003505,4,TITLE_HOLDER,84,30,10,10,FALSE,1994
NC_1994_PLY_003505_EPIC,PLY_003505,2,LIVE_EPIC,70,18,10,0,TRUE,1994
NC_1997_PLY_003505_TH,PLY_003505,4,TITLE_HOLDER,86,30,10,10,FALSE,1997
NC_2010_PLY_003506_AS,PLY_003506,3,ALLSTAR,82,24,10,10,TRUE,2010
NC_2002_PLY_003506_EPIC,PLY_003506,2,LIVE_EPIC,72,18,10,0,TRUE,2002
NC_2009_PLY_003506_LN,PLY_003506,1,LIVE_NORMAL,63,12,10,0,TRUE,2009
NC_2010_PLY_003507_LN,PLY_003507,1,LIVE_NORMAL,57,12,10,0,TRUE,2010
NC_2014_PLY_003507_AS,PLY_003507,3,ALLSTAR,82,24,10,10,TRUE,2014
NC_2011_PLY_003507_EPIC,PLY_003507,2,LIVE_EPIC,68,18,10,0,TRUE,2011
NC_2013_PLY_003507_LN,PLY_003507,1,LIVE_NORMAL,55,12,10,0,TRUE,2013
NC_2005_PLY_003507_LN,PLY_003507,1,LIVE_NORMAL,58,12,10,0,TRUE,2005
NC_2006_PLY_003507_LN,PLY_003507,1,LIVE_NORMAL,57,12,10,0,TRUE,2006
NC_2012_PLY_003507_TH,PLY_003507,4,TITLE_HOLDER,82,30,10,10,FALSE,2012
NC_2014_PLY_003507_SIG,PLY_003507,5,SIGNATURE,94,40,10,10,FALSE,2014
NC_2012_PLY_003507_LN,PLY_003507,1,LIVE_NORMAL,67,12,10,0,TRUE,2012
NC_2010_PLY_003507_EPIC,PLY_003507,2,LIVE_EPIC,68,18,10,0,TRUE,2010
NC_2006_PLY_003507_EPIC,PLY_003507,2,LIVE_EPIC,66,18,10,0,TRUE,2006
NC_2005_PLY_003508_LN,PLY_003508,1,LIVE_NORMAL,64,12,10,0,TRUE,2005
NC_2003_PLY_003508_AS,PLY_003508,3,ALLSTAR,82,24,10,10,TRUE,2003
NC_2006_PLY_003508_EPIC,PLY_003508,2,LIVE_EPIC,69,18,10,0,TRUE,2006
NC_1998_PLY_003508_LN,PLY_003508,1,LIVE_NORMAL,62,12,10,0,TRUE,1998
NC_2004_PLY_003508_EPIC,PLY_003508,2,LIVE_EPIC,68,18,10,0,TRUE,2004
NC_1994_PLY_003508_TH,PLY_003508,4,TITLE_HOLDER,84,30,10,10,FALSE,1994
NC_2026_PLY_003509_LN,PLY_003509,1,LIVE_NORMAL,66,12,10,0,TRUE,2026
NC_2026_PLY_003509_TH,PLY_003509,4,TITLE_HOLDER,85,30,10,10,FALSE,2026
NC_2024_PLY_003509_LN,PLY_003509,1,LIVE_NORMAL,62,12,10,0,TRUE,2024
NC_2026_PLY_003509_EPIC,PLY_003509,2,LIVE_EPIC,69,18,10,0,TRUE,2026
NC_2025_PLY_003509_LN,PLY_003509,1,LIVE_NORMAL,55,12,10,0,TRUE,2025
NC_2024_PLY_003509_EPIC,PLY_003509,2,LIVE_EPIC,71,18,10,0,TRUE,2024
NC_2024_PLY_003509_AS,PLY_003509,3,ALLSTAR,76,24,10,10,TRUE,2024
NC_2020_PLY_003510_EPIC,PLY_003510,2,LIVE_EPIC,71,18,10,0,TRUE,2020
NC_2014_PLY_003510_AS,PLY_003510,3,ALLSTAR,78,24,10,10,TRUE,2014
NC_2024_PLY_003511_EPIC,PLY_003511,2,LIVE_EPIC,71,18,10,0,TRUE,2024
NC_2025_PLY_003511_AS,PLY_003511,3,ALLSTAR,77,24,10,10,TRUE,2025
NC_2025_PLY_003511_EPIC,PLY_003511,2,LIVE_EPIC,69,18,10,0,TRUE,2025
NC_2024_PLY_003511_GG,PLY_003511,6,GOLDEN_GLOVE,84,35,10,10,FALSE,2024
NC_2024_PLY_003511_AS,PLY_003511,3,ALLSTAR,83,24,10,10,TRUE,2024
NC_2023_PLY_003511_EPIC,PLY_003511,2,LIVE_EPIC,65,18,10,0,TRUE,2023
NC_2024_PLY_003511_SIG,PLY_003511,5,SIGNATURE,89,40,10,10,FALSE,2024
NC_2015_PLY_003512_LN,PLY_003512,1,LIVE_NORMAL,67,12,10,0,TRUE,2015
NC_2023_PLY_003512_LN,PLY_003512,1,LIVE_NORMAL,56,12,10,0,TRUE,2023
NC_2025_PLY_003512_LN,PLY_003512,1,LIVE_NORMAL,63,12,10,0,TRUE,2025
NC_2024_PLY_003512_AS,PLY_003512,3,ALLSTAR,80,24,10,10,TRUE,2024
NC_2017_PLY_003512_EPIC,PLY_003512,2,LIVE_EPIC,73,18,10,0,TRUE,2017
NC_2016_PLY_003512_EPIC,PLY_003512,2,LIVE_EPIC,70,18,10,0,TRUE,2016
NC_2007_PLY_003513_EPIC,PLY_003513,2,LIVE_EPIC,67,18,10,0,TRUE,2007
NC_2010_PLY_003513_EPIC,PLY_003513,2,LIVE_EPIC,65,18,10,0,TRUE,2010
NC_2012_PLY_003513_TH,PLY_003513,4,TITLE_HOLDER,84,30,10,10,FALSE,2012
NC_2013_PLY_003513_LN,PLY_003513,1,LIVE_NORMAL,55,12,10,0,TRUE,2013
NC_2008_PLY_003513_GG,PLY_003513,6,GOLDEN_GLOVE,85,35,10,10,FALSE,2008
NC_2006_PLY_003513_LN,PLY_003513,1,LIVE_NORMAL,66,12,10,0,TRUE,2006
NC_2006_PLY_003513_EPIC,PLY_003513,2,LIVE_EPIC,70,18,10,0,TRUE,2006
NC_2003_PLY_003513_EPIC,PLY_003513,2,LIVE_EPIC,76,18,10,0,TRUE,2003
NC_2010_PLY_003513_LN,PLY_003513,1,LIVE_NORMAL,66,12,10,0,TRUE,2010
NC_2010_PLY_003513_TH,PLY_003513,4,TITLE_HOLDER,84,30,10,10,FALSE,2010
NC_1998_PLY_003513_LN,PLY_003513,1,LIVE_NORMAL,65,12,10,0,TRUE,1998
NC_2010_PLY_003514_AS,PLY_003514,3,ALLSTAR,74,24,10,10,TRUE,2010
NC_2019_PLY_003514_EPIC,PLY_003514,2,LIVE_EPIC,65,18,10,0,TRUE,2019
NC_2007_PLY_003514_SIG,PLY_003514,5,SIGNATURE,90,40,10,10,FALSE,2007
NC_2010_PLY_003514_EPIC,PLY_003514,2,LIVE_EPIC,66,18,10,0,TRUE,2010
NC_2011_PLY_003514_EPIC,PLY_003514,2,LIVE_EPIC,70,18,10,0,TRUE,2011
NC_2015_PLY_003514_LN,PLY_003514,1,LIVE_NORMAL,56,12,10,0,TRUE,2015
NC_2018_PLY_003514_LN,PLY_003514,1,LIVE_NORMAL,59,12,10,0,TRUE,2018
NC_2013_PLY_003514_LN,PLY_003514,1,LIVE_NORMAL,67,12,10,0,TRUE,2013
NC_2012_PLY_003514_LN,PLY_003514,1,LIVE_NORMAL,67,12,10,0,TRUE,2012
NC_2004_PLY_003515_LN,PLY_003515,1,LIVE_NORMAL,57,12,10,0,TRUE,2004
NC_2009_PLY_003515_LN,PLY_003515,1,LIVE_NORMAL,56,12,10,0,TRUE,2009
NC_1999_PLY_003515_LN,PLY_003515,1,LIVE_NORMAL,60,12,10,0,TRUE,1999
NC_2008_PLY_003515_SIG,PLY_003515,5,SIGNATURE,94,40,10,10,FALSE,2008
NC_2006_PLY_003515_AS,PLY_003515,3,ALLSTAR,75,24,10,10,TRUE,2006
NC_2012_PLY_003515_LN,PLY_003515,1,LIVE_NORMAL,56,12,10,0,TRUE,2012
NC_2011_PLY_003515_AS,PLY_003515,3,ALLSTAR,83,24,10,10,TRUE,2011
NC_2013_PLY_003515_LN,PLY_003515,1,LIVE_NORMAL,56,12,10,0,TRUE,2013
NC_2011_PLY_003515_LN,PLY_003515,1,LIVE_NORMAL,67,12,10,0,TRUE,2011
NC_2013_PLY_003515_EPIC,PLY_003515,2,LIVE_EPIC,69,18,10,0,TRUE,2013
NC_2009_PLY_003516_TH,PLY_003516,4,TITLE_HOLDER,87,30,10,10,FALSE,2009
NC_2009_PLY_003516_EPIC,PLY_003516,2,LIVE_EPIC,74,18,10,0,TRUE,2009
NC_2003_PLY_003516_LN,PLY_003516,1,LIVE_NORMAL,56,12,10,0,TRUE,2003
NC_2004_PLY_003516_LN,PLY_003516,1,LIVE_NORMAL,61,12,10,0,TRUE,2004
NC_2007_PLY_003516_TH,PLY_003516,4,TITLE_HOLDER,86,30,10,10,FALSE,2007
NC_2007_PLY_003516_EPIC,PLY_003516,2,LIVE_EPIC,69,18,10,0,TRUE,2007
NC_2016_PLY_003517_LN,PLY_003517,1,LIVE_NORMAL,66,12,10,0,TRUE,2016
NC_2018_PLY_003517_EPIC,PLY_003517,2,LIVE_EPIC,76,18,10,0,TRUE,2018
NC_2017_PLY_003517_EPIC,PLY_003517,2,LIVE_EPIC,65,18,10,0,TRUE,2017
NC_2014_PLY_003517_LN,PLY_003517,1,LIVE_NORMAL,59,12,10,0,TRUE,2014
NC_2014_PLY_003517_EPIC,PLY_003517,2,LIVE_EPIC,69,18,10,0,TRUE,2014
NC_2018_PLY_003517_AS,PLY_003517,3,ALLSTAR,80,24,10,10,TRUE,2018
NC_1998_PLY_003518_AS,PLY_003518,3,ALLSTAR,78,24,10,10,TRUE,1998
NC_2000_PLY_003518_LN,PLY_003518,1,LIVE_NORMAL,63,12,10,0,TRUE,2000
NC_2004_PLY_003518_AS,PLY_003518,3,ALLSTAR,74,24,10,10,TRUE,2004
NC_1992_PLY_003518_LN,PLY_003518,1,LIVE_NORMAL,55,12,10,0,TRUE,1992
NC_1996_PLY_003518_LN,PLY_003518,1,LIVE_NORMAL,58,12,10,0,TRUE,1996
NC_2004_PLY_003518_TH,PLY_003518,4,TITLE_HOLDER,87,30,10,10,FALSE,2004
NC_1997_PLY_003518_EPIC,PLY_003518,2,LIVE_EPIC,66,18,10,0,TRUE,1997
NC_2005_PLY_003518_EPIC,PLY_003518,2,LIVE_EPIC,66,18,10,0,TRUE,2005
NC_2005_PLY_003519_EPIC,PLY_003519,2,LIVE_EPIC,76,18,10,0,TRUE,2005
NC_2004_PLY_003519_EPIC,PLY_003519,2,LIVE_EPIC,70,18,10,0,TRUE,2004
NC_2001_PLY_003520_GG,PLY_003520,6,GOLDEN_GLOVE,87,35,10,10,FALSE,2001
NC_2013_PLY_003520_EPIC,PLY_003520,2,LIVE_EPIC,67,18,10,0,TRUE,2013
NC_2014_PLY_003520_TH,PLY_003520,4,TITLE_HOLDER,80,30,10,10,FALSE,2014
NC_2013_PLY_003520_AS,PLY_003520,3,ALLSTAR,81,24,10,10,TRUE,2013
NC_2013_PLY_003520_TH,PLY_003520,4,TITLE_HOLDER,87,30,10,10,FALSE,2013
NC_1997_PLY_003521_EPIC,PLY_003521,2,LIVE_EPIC,73,18,10,0,TRUE,1997
NC_1991_PLY_003521_EPIC,PLY_003521,2,LIVE_EPIC,76,18,10,0,TRUE,1991
NC_2000_PLY_003521_EPIC,PLY_003521,2,LIVE_EPIC,67,18,10,0,TRUE,2000
NC_1993_PLY_003521_LN,PLY_003521,1,LIVE_NORMAL,57,12,10,0,TRUE,1993
NC_1997_PLY_003521_TH,PLY_003521,4,TITLE_HOLDER,86,30,10,10,FALSE,1997
NC_2000_PLY_003521_LN,PLY_003521,1,LIVE_NORMAL,60,12,10,0,TRUE,2000
NC_2003_PLY_003522_AS,PLY_003522,3,ALLSTAR,75,24,10,10,TRUE,2003
NC_2004_PLY_003522_LN,PLY_003522,1,LIVE_NORMAL,59,12,10,0,TRUE,2004
NC_2005_PLY_003522_LN,PLY_003522,1,LIVE_NORMAL,60,12,10,0,TRUE,2005
NC_2014_PLY_003523_LN,PLY_003523,1,LIVE_NORMAL,65,12,10,0,TRUE,2014
NC_2011_PLY_003523_LN,PLY_003523,1,LIVE_NORMAL,60,12,10,0,TRUE,2011
NC_2010_PLY_003523_LN,PLY_003523,1,LIVE_NORMAL,61,12,10,0,TRUE,2010
NC_1996_PLY_003524_EPIC,PLY_003524,2,LIVE_EPIC,75,18,10,0,TRUE,1996
NC_1996_PLY_003524_SIG,PLY_003524,5,SIGNATURE,87,40,10,10,FALSE,1996
NC_1999_PLY_003524_AS,PLY_003524,3,ALLSTAR,81,24,10,10,TRUE,1999
NC_1999_PLY_003524_EPIC,PLY_003524,2,LIVE_EPIC,70,18,10,0,TRUE,1999
NC_1998_PLY_003524_SIG,PLY_003524,5,SIGNATURE,91,40,10,10,FALSE,1998
NC_1997_PLY_003524_LN,PLY_003524,1,LIVE_NORMAL,60,12,10,0,TRUE,1997
NC_1998_PLY_003524_LN,PLY_003524,1,LIVE_NORMAL,65,12,10,0,TRUE,1998
NC_1999_PLY_003525_LN,PLY_003525,1,LIVE_NORMAL,58,12,10,0,TRUE,1999
NC_2000_PLY_003525_AS,PLY_003525,3,ALLSTAR,78,24,10,10,TRUE,2000
NC_1998_PLY_003525_EPIC,PLY_003525,2,LIVE_EPIC,72,18,10,0,TRUE,1998
NC_2014_PLY_003526_LN,PLY_003526,1,LIVE_NORMAL,66,12,10,0,TRUE,2014
NC_2011_PLY_003526_LN,PLY_003526,1,LIVE_NORMAL,65,12,10,0,TRUE,2011
NC_2014_PLY_003526_EPIC,PLY_003526,2,LIVE_EPIC,67,18,10,0,TRUE,2014
NC_2013_PLY_003526_AS,PLY_003526,3,ALLSTAR,82,24,10,10,TRUE,2013
NC_2011_PLY_003526_TH,PLY_003526,4,TITLE_HOLDER,87,30,10,10,FALSE,2011
NC_2011_PLY_003526_SIG,PLY_003526,5,SIGNATURE,93,40,10,10,FALSE,2011
NC_2018_PLY_003527_LN,PLY_003527,1,LIVE_NORMAL,66,12,10,0,TRUE,2018
NC_2017_PLY_003527_EPIC,PLY_003527,2,LIVE_EPIC,76,18,10,0,TRUE,2017
NC_2015_PLY_003527_LN,PLY_003527,1,LIVE_NORMAL,56,12,10,0,TRUE,2015
NC_2014_PLY_003527_LN,PLY_003527,1,LIVE_NORMAL,68,12,10,0,TRUE,2014
NC_2012_PLY_003527_EPIC,PLY_003527,2,LIVE_EPIC,65,18,10,0,TRUE,2012
NC_2012_PLY_003527_AS,PLY_003527,3,ALLSTAR,78,24,10,10,TRUE,2012
NC_1996_PLY_003528_LN,PLY_003528,1,LIVE_NORMAL,66,12,10,0,TRUE,1996
NC_1996_PLY_003528_TH,PLY_003528,4,TITLE_HOLDER,82,30,10,10,FALSE,1996
NC_1993_PLY_003528_EPIC,PLY_003528,2,LIVE_EPIC,65,18,10,0,TRUE,1993
NC_1992_PLY_003528_LN,PLY_003528,1,LIVE_NORMAL,64,12,10,0,TRUE,1992
NC_1999_PLY_003529_LN,PLY_003529,1,LIVE_NORMAL,64,12,10,0,TRUE,1999
NC_2006_PLY_003529_EPIC,PLY_003529,2,LIVE_EPIC,71,18,10,0,TRUE,2006
NC_2004_PLY_003529_EPIC,PLY_003529,2,LIVE_EPIC,66,18,10,0,TRUE,2004
NC_1997_PLY_003529_LN,PLY_003529,1,LIVE_NORMAL,59,12,10,0,TRUE,1997
NC_2006_PLY_003529_GG,PLY_003529,6,GOLDEN_GLOVE,89,35,10,10,FALSE,2006
NC_2006_PLY_003529_LN,PLY_003529,1,LIVE_NORMAL,65,12,10,0,TRUE,2006
NC_1999_PLY_003529_EPIC,PLY_003529,2,LIVE_EPIC,70,18,10,0,TRUE,1999
NC_1996_PLY_003529_EPIC,PLY_003529,2,LIVE_EPIC,68,18,10,0,TRUE,1996
NC_1995_PLY_003529_LN,PLY_003529,1,LIVE_NORMAL,63,12,10,0,TRUE,1995
NC_1996_PLY_003529_GG,PLY_003529,6,GOLDEN_GLOVE,84,35,10,10,FALSE,1996
NC_1996_PLY_003529_LN,PLY_003529,1,LIVE_NORMAL,62,12,10,0,TRUE,1996
NC_1991_PLY_003530_LN,PLY_003530,1,LIVE_NORMAL,55,12,10,0,TRUE,1991
NC_1989_PLY_003530_AS,PLY_003530,3,ALLSTAR,77,24,10,10,TRUE,1989
NC_1999_PLY_003530_SIG,PLY_003530,5,SIGNATURE,90,40,10,10,FALSE,1999
NC_1995_PLY_003530_GG,PLY_003530,6,GOLDEN_GLOVE,89,35,10,10,FALSE,1995
NC_2007_PLY_003530_AS,PLY_003530,3,ALLSTAR,80,24,10,10,TRUE,2007
NC_2002_PLY_003530_EPIC,PLY_003530,2,LIVE_EPIC,67,18,10,0,TRUE,2002
NC_1989_PLY_003530_LN,PLY_003530,1,LIVE_NORMAL,62,12,10,0,TRUE,1989
NC_1999_PLY_003531_AS,PLY_003531,3,ALLSTAR,83,24,10,10,TRUE,1999
NC_1994_PLY_003531_EPIC,PLY_003531,2,LIVE_EPIC,71,18,10,0,TRUE,1994
NC_1991_PLY_003531_LN,PLY_003531,1,LIVE_NORMAL,55,12,10,0,TRUE,1991
NC_1993_PLY_003531_LN,PLY_003531,1,LIVE_NORMAL,65,12,10,0,TRUE,1993
NC_2004_PLY_003531_LN,PLY_003531,1,LIVE_NORMAL,55,12,10,0,TRUE,2004
NC_2017_PLY_003532_LN,PLY_003532,1,LIVE_NORMAL,59,12,10,0,TRUE,2017
NC_2020_PLY_003532_EPIC,PLY_003532,2,LIVE_EPIC,70,18,10,0,TRUE,2020
NC_2023_PLY_003532_GG,PLY_003532,6,GOLDEN_GLOVE,85,35,10,10,FALSE,2023
NC_2021_PLY_003532_LN,PLY_003532,1,LIVE_NORMAL,55,12,10,0,TRUE,2021
NC_2023_PLY_003532_AS,PLY_003532,3,ALLSTAR,76,24,10,10,TRUE,2023
NC_2000_PLY_003533_EPIC,PLY_003533,2,LIVE_EPIC,68,18,10,0,TRUE,2000
NC_2004_PLY_003533_LN,PLY_003533,1,LIVE_NORMAL,60,12,10,0,TRUE,2004
NC_2002_PLY_003533_LN,PLY_003533,1,LIVE_NORMAL,55,12,10,0,TRUE,2002
NC_2002_PLY_003533_EPIC,PLY_003533,2,LIVE_EPIC,73,18,10,0,TRUE,2002
NC_1998_PLY_003533_AS,PLY_003533,3,ALLSTAR,81,24,10,10,TRUE,1998
NC_2001_PLY_003533_LN,PLY_003533,1,LIVE_NORMAL,64,12,10,0,TRUE,2001
NC_1997_PLY_003533_LN,PLY_003533,1,LIVE_NORMAL,55,12,10,0,TRUE,1997
NC_2005_PLY_003533_GG,PLY_003533,6,GOLDEN_GLOVE,86,35,10,10,FALSE,2005
NC_2024_PLY_003534_AS,PLY_003534,3,ALLSTAR,81,24,10,10,TRUE,2024
NC_2017_PLY_003534_LN,PLY_003534,1,LIVE_NORMAL,67,12,10,0,TRUE,2017
NC_2020_PLY_003534_LN,PLY_003534,1,LIVE_NORMAL,58,12,10,0,TRUE,2020
NC_2022_PLY_003534_LN,PLY_003534,1,LIVE_NORMAL,61,12,10,0,TRUE,2022
NC_2019_PLY_003534_EPIC,PLY_003534,2,LIVE_EPIC,72,18,10,0,TRUE,2019
NC_2020_PLY_003534_EPIC,PLY_003534,2,LIVE_EPIC,72,18,10,0,TRUE,2020
NC_2021_PLY_003534_GG,PLY_003534,6,GOLDEN_GLOVE,83,35,10,10,FALSE,2021
NC_2022_PLY_003534_EPIC,PLY_003534,2,LIVE_EPIC,72,18,10,0,TRUE,2022
NC_2026_PLY_003534_AS,PLY_003534,3,ALLSTAR,76,24,10,10,TRUE,2026
NC_2019_PLY_003534_AS,PLY_003534,3,ALLSTAR,82,24,10,10,TRUE,2019
NC_2025_PLY_003534_LN,PLY_003534,1,LIVE_NORMAL,67,12,10,0,TRUE,2025
NC_1999_PLY_003535_LN,PLY_003535,1,LIVE_NORMAL,57,12,10,0,TRUE,1999
NC_2001_PLY_003535_EPIC,PLY_003535,2,LIVE_EPIC,70,18,10,0,TRUE,2001
NC_1999_PLY_003535_EPIC,PLY_003535,2,LIVE_EPIC,70,18,10,0,TRUE,1999
NC_1994_PLY_003535_LN,PLY_003535,1,LIVE_NORMAL,65,12,10,0,TRUE,1994
NC_2000_PLY_003535_SIG,PLY_003535,5,SIGNATURE,89,40,10,10,FALSE,2000
NC_1993_PLY_003535_AS,PLY_003535,3,ALLSTAR,76,24,10,10,TRUE,1993
NC_2003_PLY_003536_GG,PLY_003536,6,GOLDEN_GLOVE,87,35,10,10,FALSE,2003
NC_2000_PLY_003536_LN,PLY_003536,1,LIVE_NORMAL,68,12,10,0,TRUE,2000
NC_2010_PLY_003536_LN,PLY_003536,1,LIVE_NORMAL,55,12,10,0,TRUE,2010
NC_2005_PLY_003537_EPIC,PLY_003537,2,LIVE_EPIC,73,18,10,0,TRUE,2005
NC_1998_PLY_003537_EPIC,PLY_003537,2,LIVE_EPIC,66,18,10,0,TRUE,1998
NC_2003_PLY_003537_LN,PLY_003537,1,LIVE_NORMAL,60,12,10,0,TRUE,2003
NC_1999_PLY_003537_AS,PLY_003537,3,ALLSTAR,80,24,10,10,TRUE,1999
NC_2004_PLY_003537_TH,PLY_003537,4,TITLE_HOLDER,81,30,10,10,FALSE,2004
NC_2001_PLY_003537_AS,PLY_003537,3,ALLSTAR,83,24,10,10,TRUE,2001
NC_2003_PLY_003537_GG,PLY_003537,6,GOLDEN_GLOVE,88,35,10,10,FALSE,2003
NC_2003_PLY_003537_AS,PLY_003537,3,ALLSTAR,77,24,10,10,TRUE,2003
NC_2000_PLY_003538_LN,PLY_003538,1,LIVE_NORMAL,59,12,10,0,TRUE,2000
NC_1997_PLY_003538_EPIC,PLY_003538,2,LIVE_EPIC,67,18,10,0,TRUE,1997
NC_1999_PLY_003538_EPIC,PLY_003538,2,LIVE_EPIC,72,18,10,0,TRUE,1999
NC_1998_PLY_003538_LN,PLY_003538,1,LIVE_NORMAL,55,12,10,0,TRUE,1998
NC_1994_PLY_003538_EPIC,PLY_003538,2,LIVE_EPIC,76,18,10,0,TRUE,1994
NC_1999_PLY_003538_AS,PLY_003538,3,ALLSTAR,74,24,10,10,TRUE,1999
NC_1999_PLY_003538_GG,PLY_003538,6,GOLDEN_GLOVE,83,35,10,10,FALSE,1999
NC_2005_PLY_003539_SIG,PLY_003539,5,SIGNATURE,92,40,10,10,FALSE,2005
NC_2002_PLY_003539_EPIC,PLY_003539,2,LIVE_EPIC,68,18,10,0,TRUE,2002
NC_2008_PLY_003539_EPIC,PLY_003539,2,LIVE_EPIC,74,18,10,0,TRUE,2008
NC_2005_PLY_003539_LN,PLY_003539,1,LIVE_NORMAL,63,12,10,0,TRUE,2005
NC_2016_PLY_003539_LN,PLY_003539,1,LIVE_NORMAL,67,12,10,0,TRUE,2016
NC_2012_PLY_003539_SIG,PLY_003539,5,SIGNATURE,87,40,10,10,FALSE,2012
NC_2017_PLY_003539_LN,PLY_003539,1,LIVE_NORMAL,62,12,10,0,TRUE,2017
NC_2007_PLY_003540_EPIC,PLY_003540,2,LIVE_EPIC,69,18,10,0,TRUE,2007
NC_2004_PLY_003541_EPIC,PLY_003541,2,LIVE_EPIC,74,18,10,0,TRUE,2004
NC_2014_PLY_003541_LN,PLY_003541,1,LIVE_NORMAL,63,12,10,0,TRUE,2014
NC_2011_PLY_003541_LN,PLY_003541,1,LIVE_NORMAL,63,12,10,0,TRUE,2011
NC_2019_PLY_003541_EPIC,PLY_003541,2,LIVE_EPIC,73,18,10,0,TRUE,2019
NC_2012_PLY_003541_EPIC,PLY_003541,2,LIVE_EPIC,68,18,10,0,TRUE,2012
NC_2009_PLY_003541_GG,PLY_003541,6,GOLDEN_GLOVE,85,35,10,10,FALSE,2009
NC_2007_PLY_003541_AS,PLY_003541,3,ALLSTAR,75,24,10,10,TRUE,2007
NC_2003_PLY_003541_LN,PLY_003541,1,LIVE_NORMAL,59,12,10,0,TRUE,2003
NC_2004_PLY_003542_AS,PLY_003542,3,ALLSTAR,82,24,10,10,TRUE,2004
NC_2008_PLY_003542_LN,PLY_003542,1,LIVE_NORMAL,60,12,10,0,TRUE,2008
NC_2009_PLY_003542_AS,PLY_003542,3,ALLSTAR,76,24,10,10,TRUE,2009
NC_2014_PLY_003542_AS,PLY_003542,3,ALLSTAR,78,24,10,10,TRUE,2014
NC_2011_PLY_003542_TH,PLY_003542,4,TITLE_HOLDER,84,30,10,10,FALSE,2011
NC_2014_PLY_003542_TH,PLY_003542,4,TITLE_HOLDER,84,30,10,10,FALSE,2014
NC_2001_PLY_003542_LN,PLY_003542,1,LIVE_NORMAL,59,12,10,0,TRUE,2001
NC_1997_PLY_003542_EPIC,PLY_003542,2,LIVE_EPIC,73,18,10,0,TRUE,1997
NC_2006_PLY_003542_LN,PLY_003542,1,LIVE_NORMAL,65,12,10,0,TRUE,2006
NC_2013_PLY_003542_LN,PLY_003542,1,LIVE_NORMAL,62,12,10,0,TRUE,2013
NC_1990_PLY_003543_LN,PLY_003543,1,LIVE_NORMAL,68,12,10,0,TRUE,1990
NC_1991_PLY_003543_EPIC,PLY_003543,2,LIVE_EPIC,76,18,10,0,TRUE,1991
NC_1990_PLY_003543_EPIC,PLY_003543,2,LIVE_EPIC,68,18,10,0,TRUE,1990
NC_1989_PLY_003543_LN,PLY_003543,1,LIVE_NORMAL,55,12,10,0,TRUE,1989
NC_1995_PLY_003543_LN,PLY_003543,1,LIVE_NORMAL,62,12,10,0,TRUE,1995
NC_1993_PLY_003543_LN,PLY_003543,1,LIVE_NORMAL,58,12,10,0,TRUE,1993
NC_1994_PLY_003543_EPIC,PLY_003543,2,LIVE_EPIC,68,18,10,0,TRUE,1994
NC_1993_PLY_003543_TH,PLY_003543,4,TITLE_HOLDER,84,30,10,10,FALSE,1993
NC_1995_PLY_003543_SIG,PLY_003543,5,SIGNATURE,93,40,10,10,FALSE,1995
NC_2021_PLY_003544_LN,PLY_003544,1,LIVE_NORMAL,62,12,10,0,TRUE,2021
NC_2022_PLY_003544_EPIC,PLY_003544,2,LIVE_EPIC,76,18,10,0,TRUE,2022
NC_2024_PLY_003544_LN,PLY_003544,1,LIVE_NORMAL,60,12,10,0,TRUE,2024
NC_2022_PLY_003544_LN,PLY_003544,1,LIVE_NORMAL,58,12,10,0,TRUE,2022
NC_2025_PLY_003544_SIG,PLY_003544,5,SIGNATURE,94,40,10,10,FALSE,2025
NC_2025_PLY_003544_GG,PLY_003544,6,GOLDEN_GLOVE,89,35,10,10,FALSE,2025
NC_1992_PLY_003545_LN,PLY_003545,1,LIVE_NORMAL,66,12,10,0,TRUE,1992
NC_1993_PLY_003545_LN,PLY_003545,1,LIVE_NORMAL,66,12,10,0,TRUE,1993
NC_2002_PLY_003545_AS,PLY_003545,3,ALLSTAR,80,24,10,10,TRUE,2002
NC_2002_PLY_003545_LN,PLY_003545,1,LIVE_NORMAL,55,12,10,0,TRUE,2002
NC_1993_PLY_003545_AS,PLY_003545,3,ALLSTAR,78,24,10,10,TRUE,1993
NC_1995_PLY_003545_GG,PLY_003545,6,GOLDEN_GLOVE,88,35,10,10,FALSE,1995
NC_1997_PLY_003546_LN,PLY_003546,1,LIVE_NORMAL,58,12,10,0,TRUE,1997
NC_1999_PLY_003546_LN,PLY_003546,1,LIVE_NORMAL,61,12,10,0,TRUE,1999
NC_1999_PLY_003546_EPIC,PLY_003546,2,LIVE_EPIC,69,18,10,0,TRUE,1999
NC_1997_PLY_003546_AS,PLY_003546,3,ALLSTAR,83,24,10,10,TRUE,1997
NC_1998_PLY_003546_EPIC,PLY_003546,2,LIVE_EPIC,74,18,10,0,TRUE,1998
NC_1998_PLY_003546_LN,PLY_003546,1,LIVE_NORMAL,56,12,10,0,TRUE,1998
NC_2001_PLY_003546_LN,PLY_003546,1,LIVE_NORMAL,62,12,10,0,TRUE,2001
NC_2001_PLY_003547_EPIC,PLY_003547,2,LIVE_EPIC,67,18,10,0,TRUE,2001
NC_2001_PLY_003547_LN,PLY_003547,1,LIVE_NORMAL,62,12,10,0,TRUE,2001
NC_2012_PLY_003547_LN,PLY_003547,1,LIVE_NORMAL,63,12,10,0,TRUE,2012
NC_2009_PLY_003547_EPIC,PLY_003547,2,LIVE_EPIC,76,18,10,0,TRUE,2009
NC_2002_PLY_003547_EPIC,PLY_003547,2,LIVE_EPIC,74,18,10,0,TRUE,2002
NC_2013_PLY_003547_EPIC,PLY_003547,2,LIVE_EPIC,66,18,10,0,TRUE,2013
NC_2009_PLY_003548_TH,PLY_003548,4,TITLE_HOLDER,84,30,10,10,FALSE,2009
NC_2017_PLY_003548_EPIC,PLY_003548,2,LIVE_EPIC,69,18,10,0,TRUE,2017
NC_2004_PLY_003548_SIG,PLY_003548,5,SIGNATURE,93,40,10,10,FALSE,2004
NC_2015_PLY_003548_GG,PLY_003548,6,GOLDEN_GLOVE,84,35,10,10,FALSE,2015
NC_2011_PLY_003548_LN,PLY_003548,1,LIVE_NORMAL,57,12,10,0,TRUE,2011
NC_2006_PLY_003548_LN,PLY_003548,1,LIVE_NORMAL,65,12,10,0,TRUE,2006
NC_2003_PLY_003548_EPIC,PLY_003548,2,LIVE_EPIC,69,18,10,0,TRUE,2003
NC_2015_PLY_003548_LN,PLY_003548,1,LIVE_NORMAL,63,12,10,0,TRUE,2015
NC_2011_PLY_003548_EPIC,PLY_003548,2,LIVE_EPIC,66,18,10,0,TRUE,2011
NC_2010_PLY_003548_TH,PLY_003548,4,TITLE_HOLDER,84,30,10,10,FALSE,2010
NC_2018_PLY_003548_TH,PLY_003548,4,TITLE_HOLDER,85,30,10,10,FALSE,2018
NC_2003_PLY_003548_LN,PLY_003548,1,LIVE_NORMAL,58,12,10,0,TRUE,2003
NC_2009_PLY_003549_LN,PLY_003549,1,LIVE_NORMAL,58,12,10,0,TRUE,2009
NC_2016_PLY_003549_AS,PLY_003549,3,ALLSTAR,82,24,10,10,TRUE,2016
NC_2013_PLY_003549_EPIC,PLY_003549,2,LIVE_EPIC,67,18,10,0,TRUE,2013
NC_2013_PLY_003549_LN,PLY_003549,1,LIVE_NORMAL,63,12,10,0,TRUE,2013
NC_2012_PLY_003549_GG,PLY_003549,6,GOLDEN_GLOVE,85,35,10,10,FALSE,2012
NC_2016_PLY_003549_EPIC,PLY_003549,2,LIVE_EPIC,72,18,10,0,TRUE,2016
NC_2010_PLY_003549_EPIC,PLY_003549,2,LIVE_EPIC,72,18,10,0,TRUE,2010
NC_2022_PLY_003549_LN,PLY_003549,1,LIVE_NORMAL,57,12,10,0,TRUE,2022
NC_1998_PLY_003550_LN,PLY_003550,1,LIVE_NORMAL,64,12,10,0,TRUE,1998
NC_1993_PLY_003550_EPIC,PLY_003550,2,LIVE_EPIC,69,18,10,0,TRUE,1993
NC_1992_PLY_003550_LN,PLY_003550,1,LIVE_NORMAL,58,12,10,0,TRUE,1992
NC_1994_PLY_003550_LN,PLY_003550,1,LIVE_NORMAL,58,12,10,0,TRUE,1994
NC_1993_PLY_003550_SIG,PLY_003550,5,SIGNATURE,89,40,10,10,FALSE,1993
NC_1994_PLY_003550_AS,PLY_003550,3,ALLSTAR,79,24,10,10,TRUE,1994
NC_1991_PLY_003550_LN,PLY_003550,1,LIVE_NORMAL,67,12,10,0,TRUE,1991
NC_1999_PLY_003550_LN,PLY_003550,1,LIVE_NORMAL,65,12,10,0,TRUE,1999
NC_1991_PLY_003550_EPIC,PLY_003550,2,LIVE_EPIC,74,18,10,0,TRUE,1991
NC_1994_PLY_003550_EPIC,PLY_003550,2,LIVE_EPIC,70,18,10,0,TRUE,1994
NC_2002_PLY_003551_EPIC,PLY_003551,2,LIVE_EPIC,72,18,10,0,TRUE,2002
NC_2002_PLY_003551_GG,PLY_003551,6,GOLDEN_GLOVE,84,35,10,10,FALSE,2002
NC_2002_PLY_003551_TH,PLY_003551,4,TITLE_HOLDER,86,30,10,10,FALSE,2002
NC_2020_PLY_003552_EPIC,PLY_003552,2,LIVE_EPIC,65,18,10,0,TRUE,2020
NC_2022_PLY_003552_LN,PLY_003552,1,LIVE_NORMAL,68,12,10,0,TRUE,2022
NC_2022_PLY_003552_EPIC,PLY_003552,2,LIVE_EPIC,76,18,10,0,TRUE,2022
NC_2019_PLY_003552_AS,PLY_003552,3,ALLSTAR,77,24,10,10,TRUE,2019
NC_2019_PLY_003552_TH,PLY_003552,4,TITLE_HOLDER,84,30,10,10,FALSE,2019
NC_2024_PLY_003553_TH,PLY_003553,4,TITLE_HOLDER,87,30,10,10,FALSE,2024
NC_2024_PLY_003553_AS,PLY_003553,3,ALLSTAR,78,24,10,10,TRUE,2024
NC_2024_PLY_003553_EPIC,PLY_003553,2,LIVE_EPIC,75,18,10,0,TRUE,2024
NC_2025_PLY_003553_AS,PLY_003553,3,ALLSTAR,77,24,10,10,TRUE,2025
NC_2023_PLY_003553_EPIC,PLY_003553,2,LIVE_EPIC,71,18,10,0,TRUE,2023
NC_2026_PLY_003553_LN,PLY_003553,1,LIVE_NORMAL,65,12,10,0,TRUE,2026
NC_2025_PLY_003553_TH,PLY_003553,4,TITLE_HOLDER,80,30,10,10,FALSE,2025
NC_2022_PLY_003553_AS,PLY_003553,3,ALLSTAR,78,24,10,10,TRUE,2022
NC_2024_PLY_003553_LN,PLY_003553,1,LIVE_NORMAL,56,12,10,0,TRUE,2024
NC_2022_PLY_003553_TH,PLY_003553,4,TITLE_HOLDER,84,30,10,10,FALSE,2022
NC_1995_PLY_003554_LN,PLY_003554,1,LIVE_NORMAL,63,12,10,0,TRUE,1995
NC_1996_PLY_003554_LN,PLY_003554,1,LIVE_NORMAL,59,12,10,0,TRUE,1996
NC_1996_PLY_003554_EPIC,PLY_003554,2,LIVE_EPIC,74,18,10,0,TRUE,1996
NC_1998_PLY_003554_EPIC,PLY_003554,2,LIVE_EPIC,73,18,10,0,TRUE,1998
NC_1999_PLY_003554_EPIC,PLY_003554,2,LIVE_EPIC,73,18,10,0,TRUE,1999
NC_2013_PLY_003555_EPIC,PLY_003555,2,LIVE_EPIC,71,18,10,0,TRUE,2013
NC_2012_PLY_003555_EPIC,PLY_003555,2,LIVE_EPIC,73,18,10,0,TRUE,2012
NC_2016_PLY_003556_TH,PLY_003556,4,TITLE_HOLDER,81,30,10,10,FALSE,2016
NC_2025_PLY_003556_TH,PLY_003556,4,TITLE_HOLDER,87,30,10,10,FALSE,2025
NC_2018_PLY_003556_LN,PLY_003556,1,LIVE_NORMAL,59,12,10,0,TRUE,2018
NC_2021_PLY_003556_EPIC,PLY_003556,2,LIVE_EPIC,66,18,10,0,TRUE,2021
NC_2024_PLY_003556_EPIC,PLY_003556,2,LIVE_EPIC,75,18,10,0,TRUE,2024
NC_2020_PLY_003556_TH,PLY_003556,4,TITLE_HOLDER,84,30,10,10,FALSE,2020
NC_2024_PLY_003556_SIG,PLY_003556,5,SIGNATURE,94,40,10,10,FALSE,2024
NC_2017_PLY_003557_AS,PLY_003557,3,ALLSTAR,83,24,10,10,TRUE,2017
NC_2020_PLY_003557_LN,PLY_003557,1,LIVE_NORMAL,64,12,10,0,TRUE,2020
NC_2021_PLY_003557_EPIC,PLY_003557,2,LIVE_EPIC,75,18,10,0,TRUE,2021
NC_2018_PLY_003557_EPIC,PLY_003557,2,LIVE_EPIC,68,18,10,0,TRUE,2018
NC_2019_PLY_003557_LN,PLY_003557,1,LIVE_NORMAL,63,12,10,0,TRUE,2019
NC_1992_PLY_003558_LN,PLY_003558,1,LIVE_NORMAL,64,12,10,0,TRUE,1992
NC_1989_PLY_003558_AS,PLY_003558,3,ALLSTAR,81,24,10,10,TRUE,1989
NC_1986_PLY_003558_GG,PLY_003558,6,GOLDEN_GLOVE,87,35,10,10,FALSE,1986
NC_1990_PLY_003558_LN,PLY_003558,1,LIVE_NORMAL,63,12,10,0,TRUE,1990
NC_1988_PLY_003558_LN,PLY_003558,1,LIVE_NORMAL,68,12,10,0,TRUE,1988
NC_1989_PLY_003558_EPIC,PLY_003558,2,LIVE_EPIC,68,18,10,0,TRUE,1989
NC_1988_PLY_003558_EPIC,PLY_003558,2,LIVE_EPIC,75,18,10,0,TRUE,1988
NC_1992_PLY_003558_TH,PLY_003558,4,TITLE_HOLDER,81,30,10,10,FALSE,1992
NC_1989_PLY_003558_LN,PLY_003558,1,LIVE_NORMAL,60,12,10,0,TRUE,1989
NC_1990_PLY_003558_EPIC,PLY_003558,2,LIVE_EPIC,73,18,10,0,TRUE,1990
NC_1997_PLY_003559_AS,PLY_003559,3,ALLSTAR,79,24,10,10,TRUE,1997
NC_2005_PLY_003559_EPIC,PLY_003559,2,LIVE_EPIC,71,18,10,0,TRUE,2005
NC_1995_PLY_003559_SIG,PLY_003559,5,SIGNATURE,93,40,10,10,FALSE,1995
NC_1998_PLY_003560_AS,PLY_003560,3,ALLSTAR,81,24,10,10,TRUE,1998
NC_1996_PLY_003560_EPIC,PLY_003560,2,LIVE_EPIC,66,18,10,0,TRUE,1996
NC_1997_PLY_003560_GG,PLY_003560,6,GOLDEN_GLOVE,89,35,10,10,FALSE,1997
NC_1992_PLY_003560_TH,PLY_003560,4,TITLE_HOLDER,81,30,10,10,FALSE,1992
NC_2021_PLY_003561_EPIC,PLY_003561,2,LIVE_EPIC,72,18,10,0,TRUE,2021
NC_2018_PLY_003561_EPIC,PLY_003561,2,LIVE_EPIC,71,18,10,0,TRUE,2018
NC_2025_PLY_003561_TH,PLY_003561,4,TITLE_HOLDER,85,30,10,10,FALSE,2025
NC_2022_PLY_003561_TH,PLY_003561,4,TITLE_HOLDER,85,30,10,10,FALSE,2022
NC_2015_PLY_003561_EPIC,PLY_003561,2,LIVE_EPIC,66,18,10,0,TRUE,2015
NC_2012_PLY_003561_LN,PLY_003561,1,LIVE_NORMAL,66,12,10,0,TRUE,2012
NC_2015_PLY_003561_LN,PLY_003561,1,LIVE_NORMAL,62,12,10,0,TRUE,2015
NC_2024_PLY_003561_TH,PLY_003561,4,TITLE_HOLDER,83,30,10,10,FALSE,2024
NC_2012_PLY_003561_EPIC,PLY_003561,2,LIVE_EPIC,71,18,10,0,TRUE,2012
NC_2014_PLY_003562_GG,PLY_003562,6,GOLDEN_GLOVE,88,35,10,10,FALSE,2014
NC_2024_PLY_003562_LN,PLY_003562,1,LIVE_NORMAL,62,12,10,0,TRUE,2024
NC_2019_PLY_003562_LN,PLY_003562,1,LIVE_NORMAL,60,12,10,0,TRUE,2019
NC_2014_PLY_003562_EPIC,PLY_003562,2,LIVE_EPIC,68,18,10,0,TRUE,2014
NC_2017_PLY_003562_AS,PLY_003562,3,ALLSTAR,76,24,10,10,TRUE,2017
NC_2022_PLY_003562_LN,PLY_003562,1,LIVE_NORMAL,66,12,10,0,TRUE,2022
NC_2025_PLY_003562_EPIC,PLY_003562,2,LIVE_EPIC,76,18,10,0,TRUE,2025
NC_2017_PLY_003562_LN,PLY_003562,1,LIVE_NORMAL,65,12,10,0,TRUE,2017
NC_2018_PLY_003562_LN,PLY_003562,1,LIVE_NORMAL,60,12,10,0,TRUE,2018
NC_2015_PLY_003562_LN,PLY_003562,1,LIVE_NORMAL,57,12,10,0,TRUE,2015
NC_2023_PLY_003562_EPIC,PLY_003562,2,LIVE_EPIC,75,18,10,0,TRUE,2023
NC_2018_PLY_003563_GG,PLY_003563,6,GOLDEN_GLOVE,83,35,10,10,FALSE,2018
NC_2026_PLY_003563_GG,PLY_003563,6,GOLDEN_GLOVE,90,35,10,10,FALSE,2026
NC_2023_PLY_003563_LN,PLY_003563,1,LIVE_NORMAL,66,12,10,0,TRUE,2023
NC_2022_PLY_003563_SIG,PLY_003563,5,SIGNATURE,93,40,10,10,FALSE,2022
NC_2026_PLY_003563_LN,PLY_003563,1,LIVE_NORMAL,64,12,10,0,TRUE,2026
NC_2021_PLY_003563_LN,PLY_003563,1,LIVE_NORMAL,68,12,10,0,TRUE,2021
NC_2024_PLY_003563_EPIC,PLY_003563,2,LIVE_EPIC,69,18,10,0,TRUE,2024
NC_2004_PLY_003564_AS,PLY_003564,3,ALLSTAR,76,24,10,10,TRUE,2004
NC_2001_PLY_003564_TH,PLY_003564,4,TITLE_HOLDER,87,30,10,10,FALSE,2001
NC_2003_PLY_003564_GG,PLY_003564,6,GOLDEN_GLOVE,86,35,10,10,FALSE,2003
NC_2005_PLY_003564_TH,PLY_003564,4,TITLE_HOLDER,86,30,10,10,FALSE,2005
NC_1997_PLY_003564_LN,PLY_003564,1,LIVE_NORMAL,61,12,10,0,TRUE,1997
NC_1998_PLY_003565_GG,PLY_003565,6,GOLDEN_GLOVE,90,35,10,10,FALSE,1998
NC_1999_PLY_003565_LN,PLY_003565,1,LIVE_NORMAL,68,12,10,0,TRUE,1999
NC_2001_PLY_003565_AS,PLY_003565,3,ALLSTAR,76,24,10,10,TRUE,2001
NC_2003_PLY_003565_LN,PLY_003565,1,LIVE_NORMAL,56,12,10,0,TRUE,2003
NC_1997_PLY_003565_LN,PLY_003565,1,LIVE_NORMAL,61,12,10,0,TRUE,1997
NC_2023_PLY_003566_TH,PLY_003566,4,TITLE_HOLDER,81,30,10,10,FALSE,2023
NC_2022_PLY_003566_EPIC,PLY_003566,2,LIVE_EPIC,69,18,10,0,TRUE,2022
NC_2024_PLY_003567_AS,PLY_003567,3,ALLSTAR,79,24,10,10,TRUE,2024
NC_2022_PLY_003567_AS,PLY_003567,3,ALLSTAR,76,24,10,10,TRUE,2022
NC_2024_PLY_003567_EPIC,PLY_003567,2,LIVE_EPIC,73,18,10,0,TRUE,2024
NC_2008_PLY_003567_TH,PLY_003567,4,TITLE_HOLDER,82,30,10,10,FALSE,2008
NC_2009_PLY_003567_LN,PLY_003567,1,LIVE_NORMAL,68,12,10,0,TRUE,2009
NC_1999_PLY_003568_EPIC,PLY_003568,2,LIVE_EPIC,67,18,10,0,TRUE,1999
NC_1999_PLY_003568_AS,PLY_003568,3,ALLSTAR,76,24,10,10,TRUE,1999
NC_2002_PLY_003568_LN,PLY_003568,1,LIVE_NORMAL,59,12,10,0,TRUE,2002
NC_2012_PLY_003568_TH,PLY_003568,4,TITLE_HOLDER,81,30,10,10,FALSE,2012
NC_2008_PLY_003568_AS,PLY_003568,3,ALLSTAR,80,24,10,10,TRUE,2008
NC_2019_PLY_003569_TH,PLY_003569,4,TITLE_HOLDER,85,30,10,10,FALSE,2019
NC_2019_PLY_003569_LN,PLY_003569,1,LIVE_NORMAL,68,12,10,0,TRUE,2019
NC_2019_PLY_003569_EPIC,PLY_003569,2,LIVE_EPIC,76,18,10,0,TRUE,2019
NC_2016_PLY_003569_LN,PLY_003569,1,LIVE_NORMAL,59,12,10,0,TRUE,2016
NC_1995_PLY_003570_LN,PLY_003570,1,LIVE_NORMAL,65,12,10,0,TRUE,1995
NC_1996_PLY_003570_EPIC,PLY_003570,2,LIVE_EPIC,68,18,10,0,TRUE,1996
NC_1994_PLY_003570_EPIC,PLY_003570,2,LIVE_EPIC,74,18,10,0,TRUE,1994
NC_1995_PLY_003570_EPIC,PLY_003570,2,LIVE_EPIC,67,18,10,0,TRUE,1995
NC_2006_PLY_003571_AS,PLY_003571,3,ALLSTAR,79,24,10,10,TRUE,2006
NC_2003_PLY_003571_EPIC,PLY_003571,2,LIVE_EPIC,73,18,10,0,TRUE,2003
NC_2005_PLY_003571_TH,PLY_003571,4,TITLE_HOLDER,80,30,10,10,FALSE,2005
NC_1998_PLY_003571_TH,PLY_003571,4,TITLE_HOLDER,87,30,10,10,FALSE,1998
NC_2001_PLY_003571_TH,PLY_003571,4,TITLE_HOLDER,86,30,10,10,FALSE,2001
NC_2006_PLY_003571_EPIC,PLY_003571,2,LIVE_EPIC,69,18,10,0,TRUE,2006
NC_2018_PLY_003572_TH,PLY_003572,4,TITLE_HOLDER,81,30,10,10,FALSE,2018
NC_2015_PLY_003572_AS,PLY_003572,3,ALLSTAR,78,24,10,10,TRUE,2015
NC_2017_PLY_003572_EPIC,PLY_003572,2,LIVE_EPIC,67,18,10,0,TRUE,2017
NC_2023_PLY_003572_LN,PLY_003572,1,LIVE_NORMAL,64,12,10,0,TRUE,2023
NC_2020_PLY_003572_EPIC,PLY_003572,2,LIVE_EPIC,66,18,10,0,TRUE,2020
NC_2012_PLY_003572_AS,PLY_003572,3,ALLSTAR,83,24,10,10,TRUE,2012
NC_2019_PLY_003572_TH,PLY_003572,4,TITLE_HOLDER,87,30,10,10,FALSE,2019
NC_2019_PLY_003572_LN,PLY_003572,1,LIVE_NORMAL,55,12,10,0,TRUE,2019
NC_2022_PLY_003572_LN,PLY_003572,1,LIVE_NORMAL,67,12,10,0,TRUE,2022
NC_2020_PLY_003572_LN,PLY_003572,1,LIVE_NORMAL,59,12,10,0,TRUE,2020
NC_2002_PLY_003573_EPIC,PLY_003573,2,LIVE_EPIC,68,18,10,0,TRUE,2002
NC_2003_PLY_003573_LN,PLY_003573,1,LIVE_NORMAL,62,12,10,0,TRUE,2003
NC_1999_PLY_003573_TH,PLY_003573,4,TITLE_HOLDER,81,30,10,10,FALSE,1999
NC_1997_PLY_003573_LN,PLY_003573,1,LIVE_NORMAL,67,12,10,0,TRUE,1997
NC_2002_PLY_003573_LN,PLY_003573,1,LIVE_NORMAL,64,12,10,0,TRUE,2002
NC_2002_PLY_003573_AS,PLY_003573,3,ALLSTAR,79,24,10,10,TRUE,2002
NC_1998_PLY_003573_LN,PLY_003573,1,LIVE_NORMAL,63,12,10,0,TRUE,1998
NC_2020_PLY_003574_LN,PLY_003574,1,LIVE_NORMAL,58,12,10,0,TRUE,2020
NC_2017_PLY_003574_TH,PLY_003574,4,TITLE_HOLDER,87,30,10,10,FALSE,2017
NC_2020_PLY_003574_AS,PLY_003574,3,ALLSTAR,75,24,10,10,TRUE,2020
NC_2017_PLY_003574_LN,PLY_003574,1,LIVE_NORMAL,56,12,10,0,TRUE,2017
NC_2017_PLY_003574_GG,PLY_003574,6,GOLDEN_GLOVE,86,35,10,10,FALSE,2017
NC_2018_PLY_003574_LN,PLY_003574,1,LIVE_NORMAL,59,12,10,0,TRUE,2018
NC_2017_PLY_003574_AS,PLY_003574,3,ALLSTAR,75,24,10,10,TRUE,2017
NC_2019_PLY_003574_EPIC,PLY_003574,2,LIVE_EPIC,75,18,10,0,TRUE,2019
NC_2009_PLY_003575_EPIC,PLY_003575,2,LIVE_EPIC,70,18,10,0,TRUE,2009
NC_2007_PLY_003575_SIG,PLY_003575,5,SIGNATURE,93,40,10,10,FALSE,2007
NC_2004_PLY_003575_LN,PLY_003575,1,LIVE_NORMAL,64,12,10,0,TRUE,2004
NC_2002_PLY_003575_LN,PLY_003575,1,LIVE_NORMAL,59,12,10,0,TRUE,2002
NC_2011_PLY_003575_LN,PLY_003575,1,LIVE_NORMAL,59,12,10,0,TRUE,2011
NC_2009_PLY_003575_LN,PLY_003575,1,LIVE_NORMAL,67,12,10,0,TRUE,2009
NC_2014_PLY_003576_LN,PLY_003576,1,LIVE_NORMAL,56,12,10,0,TRUE,2014
NC_2013_PLY_003576_LN,PLY_003576,1,LIVE_NORMAL,59,12,10,0,TRUE,2013
NC_2013_PLY_003576_AS,PLY_003576,3,ALLSTAR,77,24,10,10,TRUE,2013
NC_2011_PLY_003576_LN,PLY_003576,1,LIVE_NORMAL,61,12,10,0,TRUE,2011
NC_2018_PLY_003576_LN,PLY_003576,1,LIVE_NORMAL,65,12,10,0,TRUE,2018
NC_2020_PLY_003576_LN,PLY_003576,1,LIVE_NORMAL,66,12,10,0,TRUE,2020
NC_2010_PLY_003576_AS,PLY_003576,3,ALLSTAR,77,24,10,10,TRUE,2010
NC_2019_PLY_003576_SIG,PLY_003576,5,SIGNATURE,91,40,10,10,FALSE,2019
NC_2005_PLY_003577_EPIC,PLY_003577,2,LIVE_EPIC,76,18,10,0,TRUE,2005
NC_2001_PLY_003577_SIG,PLY_003577,5,SIGNATURE,88,40,10,10,FALSE,2001
NC_2004_PLY_003577_AS,PLY_003577,3,ALLSTAR,77,24,10,10,TRUE,2004
NC_2002_PLY_003577_LN,PLY_003577,1,LIVE_NORMAL,56,12,10,0,TRUE,2002
NC_2005_PLY_003577_AS,PLY_003577,3,ALLSTAR,80,24,10,10,TRUE,2005
NC_2002_PLY_003577_GG,PLY_003577,6,GOLDEN_GLOVE,83,35,10,10,FALSE,2002
NC_2003_PLY_003577_AS,PLY_003577,3,ALLSTAR,80,24,10,10,TRUE,2003
NC_2004_PLY_003577_SIG,PLY_003577,5,SIGNATURE,94,40,10,10,FALSE,2004
NC_2004_PLY_003577_LN,PLY_003577,1,LIVE_NORMAL,64,12,10,0,TRUE,2004
NC_2003_PLY_003577_LN,PLY_003577,1,LIVE_NORMAL,66,12,10,0,TRUE,2003
NC_2023_PLY_003578_LN,PLY_003578,1,LIVE_NORMAL,55,12,10,0,TRUE,2023
NC_2022_PLY_003578_AS,PLY_003578,3,ALLSTAR,79,24,10,10,TRUE,2022
NC_2026_PLY_003578_LN,PLY_003578,1,LIVE_NORMAL,58,12,10,0,TRUE,2026
NC_2023_PLY_003578_AS,PLY_003578,3,ALLSTAR,74,24,10,10,TRUE,2023
NC_2020_PLY_003578_TH,PLY_003578,4,TITLE_HOLDER,83,30,10,10,FALSE,2020
NC_2005_PLY_003579_LN,PLY_003579,1,LIVE_NORMAL,62,12,10,0,TRUE,2005
NC_2002_PLY_003579_AS,PLY_003579,3,ALLSTAR,81,24,10,10,TRUE,2002
NC_2001_PLY_003579_AS,PLY_003579,3,ALLSTAR,79,24,10,10,TRUE,2001
NC_2003_PLY_003579_AS,PLY_003579,3,ALLSTAR,79,24,10,10,TRUE,2003
NC_2002_PLY_003579_LN,PLY_003579,1,LIVE_NORMAL,63,12,10,0,TRUE,2002
NC_2001_PLY_003579_TH,PLY_003579,4,TITLE_HOLDER,84,30,10,10,FALSE,2001
NC_2002_PLY_003579_EPIC,PLY_003579,2,LIVE_EPIC,66,18,10,0,TRUE,2002
NC_2005_PLY_003579_EPIC,PLY_003579,2,LIVE_EPIC,71,18,10,0,TRUE,2005
NC_2008_PLY_003580_EPIC,PLY_003580,2,LIVE_EPIC,68,18,10,0,TRUE,2008
NC_2016_PLY_003580_AS,PLY_003580,3,ALLSTAR,74,24,10,10,TRUE,2016
NC_2010_PLY_003580_TH,PLY_003580,4,TITLE_HOLDER,81,30,10,10,FALSE,2010
NC_2006_PLY_003581_EPIC,PLY_003581,2,LIVE_EPIC,76,18,10,0,TRUE,2006
NC_2015_PLY_003581_LN,PLY_003581,1,LIVE_NORMAL,64,12,10,0,TRUE,2015
NC_2013_PLY_003581_LN,PLY_003581,1,LIVE_NORMAL,65,12,10,0,TRUE,2013
NC_2019_PLY_003581_TH,PLY_003581,4,TITLE_HOLDER,86,30,10,10,FALSE,2019
NC_2018_PLY_003581_LN,PLY_003581,1,LIVE_NORMAL,57,12,10,0,TRUE,2018
NC_2008_PLY_003581_AS,PLY_003581,3,ALLSTAR,76,24,10,10,TRUE,2008
NC_2017_PLY_003581_EPIC,PLY_003581,2,LIVE_EPIC,71,18,10,0,TRUE,2017
NC_2017_PLY_003581_AS,PLY_003581,3,ALLSTAR,75,24,10,10,TRUE,2017
NC_2010_PLY_003581_TH,PLY_003581,4,TITLE_HOLDER,82,30,10,10,FALSE,2010
NC_2013_PLY_003581_TH,PLY_003581,4,TITLE_HOLDER,84,30,10,10,FALSE,2013
NC_1999_PLY_003582_EPIC,PLY_003582,2,LIVE_EPIC,70,18,10,0,TRUE,1999
NC_2000_PLY_003582_LN,PLY_003582,1,LIVE_NORMAL,60,12,10,0,TRUE,2000
NC_2006_PLY_003582_EPIC,PLY_003582,2,LIVE_EPIC,75,18,10,0,TRUE,2006
NC_1998_PLY_003582_EPIC,PLY_003582,2,LIVE_EPIC,67,18,10,0,TRUE,1998
NC_1992_PLY_003582_EPIC,PLY_003582,2,LIVE_EPIC,66,18,10,0,TRUE,1992
NC_2002_PLY_003583_LN,PLY_003583,1,LIVE_NORMAL,67,12,10,0,TRUE,2002
NC_2006_PLY_003583_AS,PLY_003583,3,ALLSTAR,74,24,10,10,TRUE,2006
NC_2004_PLY_003583_EPIC,PLY_003583,2,LIVE_EPIC,68,18,10,0,TRUE,2004
NC_2002_PLY_003583_TH,PLY_003583,4,TITLE_HOLDER,80,30,10,10,FALSE,2002
NC_2007_PLY_003583_LN,PLY_003583,1,LIVE_NORMAL,55,12,10,0,TRUE,2007
NC_2021_PLY_003584_EPIC,PLY_003584,2,LIVE_EPIC,67,18,10,0,TRUE,2021
NC_2016_PLY_003584_TH,PLY_003584,4,TITLE_HOLDER,85,30,10,10,FALSE,2016
NC_2022_PLY_003584_EPIC,PLY_003584,2,LIVE_EPIC,70,18,10,0,TRUE,2022
NC_2022_PLY_003584_LN,PLY_003584,1,LIVE_NORMAL,60,12,10,0,TRUE,2022
NC_2018_PLY_003584_LN,PLY_003584,1,LIVE_NORMAL,64,12,10,0,TRUE,2018
NC_2020_PLY_003584_EPIC,PLY_003584,2,LIVE_EPIC,67,18,10,0,TRUE,2020
NC_2016_PLY_003585_EPIC,PLY_003585,2,LIVE_EPIC,72,18,10,0,TRUE,2016
NC_2026_PLY_003585_LN,PLY_003585,1,LIVE_NORMAL,65,12,10,0,TRUE,2026
NC_2017_PLY_003585_GG,PLY_003585,6,GOLDEN_GLOVE,84,35,10,10,FALSE,2017
NC_2022_PLY_003585_AS,PLY_003585,3,ALLSTAR,74,24,10,10,TRUE,2022
NC_2019_PLY_003585_LN,PLY_003585,1,LIVE_NORMAL,61,12,10,0,TRUE,2019
NC_2023_PLY_003585_EPIC,PLY_003585,2,LIVE_EPIC,68,18,10,0,TRUE,2023
NC_2024_PLY_003585_SIG,PLY_003585,5,SIGNATURE,88,40,10,10,FALSE,2024
NC_2020_PLY_003585_EPIC,PLY_003585,2,LIVE_EPIC,69,18,10,0,TRUE,2020
NC_2021_PLY_003586_EPIC,PLY_003586,2,LIVE_EPIC,67,18,10,0,TRUE,2021
NC_2006_PLY_003586_LN,PLY_003586,1,LIVE_NORMAL,63,12,10,0,TRUE,2006
NC_2003_PLY_003586_LN,PLY_003586,1,LIVE_NORMAL,56,12,10,0,TRUE,2003
NC_2014_PLY_003587_LN,PLY_003587,1,LIVE_NORMAL,64,12,10,0,TRUE,2014
NC_2021_PLY_003587_GG,PLY_003587,6,GOLDEN_GLOVE,83,35,10,10,FALSE,2021
NC_1996_PLY_003588_LN,PLY_003588,1,LIVE_NORMAL,60,12,10,0,TRUE,1996
NC_1995_PLY_003588_LN,PLY_003588,1,LIVE_NORMAL,58,12,10,0,TRUE,1995
NC_1994_PLY_003588_LN,PLY_003588,1,LIVE_NORMAL,60,12,10,0,TRUE,1994
NC_1997_PLY_003588_EPIC,PLY_003588,2,LIVE_EPIC,71,18,10,0,TRUE,1997
NC_1998_PLY_003588_LN,PLY_003588,1,LIVE_NORMAL,65,12,10,0,TRUE,1998
NC_2026_PLY_003589_EPIC,PLY_003589,2,LIVE_EPIC,75,18,10,0,TRUE,2026
NC_2026_PLY_003589_LN,PLY_003589,1,LIVE_NORMAL,59,12,10,0,TRUE,2026
NC_1997_PLY_003590_EPIC,PLY_003590,2,LIVE_EPIC,74,18,10,0,TRUE,1997
NC_1990_PLY_003590_AS,PLY_003590,3,ALLSTAR,75,24,10,10,TRUE,1990
NC_1992_PLY_003590_AS,PLY_003590,3,ALLSTAR,79,24,10,10,TRUE,1992
NC_1995_PLY_003591_LN,PLY_003591,1,LIVE_NORMAL,58,12,10,0,TRUE,1995
NC_2001_PLY_003591_LN,PLY_003591,1,LIVE_NORMAL,57,12,10,0,TRUE,2001
NC_1992_PLY_003591_EPIC,PLY_003591,2,LIVE_EPIC,75,18,10,0,TRUE,1992
NC_1995_PLY_003591_AS,PLY_003591,3,ALLSTAR,80,24,10,10,TRUE,1995
NC_1991_PLY_003591_EPIC,PLY_003591,2,LIVE_EPIC,65,18,10,0,TRUE,1991
NC_1991_PLY_003591_LN,PLY_003591,1,LIVE_NORMAL,67,12,10,0,TRUE,1991
NC_2003_PLY_003591_LN,PLY_003591,1,LIVE_NORMAL,66,12,10,0,TRUE,2003
NC_1997_PLY_003591_LN,PLY_003591,1,LIVE_NORMAL,62,12,10,0,TRUE,1997
NC_2008_PLY_003592_LN,PLY_003592,1,LIVE_NORMAL,57,12,10,0,TRUE,2008
NC_2019_PLY_003592_EPIC,PLY_003592,2,LIVE_EPIC,66,18,10,0,TRUE,2019
NC_2012_PLY_003592_TH,PLY_003592,4,TITLE_HOLDER,81,30,10,10,FALSE,2012
NC_2013_PLY_003592_LN,PLY_003592,1,LIVE_NORMAL,58,12,10,0,TRUE,2013
NC_2015_PLY_003592_LN,PLY_003592,1,LIVE_NORMAL,63,12,10,0,TRUE,2015
NC_2019_PLY_003592_LN,PLY_003592,1,LIVE_NORMAL,61,12,10,0,TRUE,2019
NC_2018_PLY_003592_AS,PLY_003592,3,ALLSTAR,83,24,10,10,TRUE,2018
NC_2009_PLY_003592_EPIC,PLY_003592,2,LIVE_EPIC,69,18,10,0,TRUE,2009
NC_2016_PLY_003592_LN,PLY_003592,1,LIVE_NORMAL,60,12,10,0,TRUE,2016
NC_1991_PLY_003593_LN,PLY_003593,1,LIVE_NORMAL,59,12,10,0,TRUE,1991
NC_1992_PLY_003593_LN,PLY_003593,1,LIVE_NORMAL,68,12,10,0,TRUE,1992
NC_1994_PLY_003594_EPIC,PLY_003594,2,LIVE_EPIC,70,18,10,0,TRUE,1994
NC_1991_PLY_003594_AS,PLY_003594,3,ALLSTAR,75,24,10,10,TRUE,1991
NC_1988_PLY_003594_EPIC,PLY_003594,2,LIVE_EPIC,71,18,10,0,TRUE,1988
NC_1996_PLY_003594_AS,PLY_003594,3,ALLSTAR,83,24,10,10,TRUE,1996
NC_1992_PLY_003594_AS,PLY_003594,3,ALLSTAR,78,24,10,10,TRUE,1992
NC_1994_PLY_003595_LN,PLY_003595,1,LIVE_NORMAL,64,12,10,0,TRUE,1994
NC_1994_PLY_003595_GG,PLY_003595,6,GOLDEN_GLOVE,88,35,10,10,FALSE,1994
NC_1992_PLY_003595_LN,PLY_003595,1,LIVE_NORMAL,66,12,10,0,TRUE,1992
NC_1990_PLY_003595_EPIC,PLY_003595,2,LIVE_EPIC,69,18,10,0,TRUE,1990
NC_1993_PLY_003595_GG,PLY_003595,6,GOLDEN_GLOVE,88,35,10,10,FALSE,1993
NC_1993_PLY_003595_EPIC,PLY_003595,2,LIVE_EPIC,71,18,10,0,TRUE,1993
NC_1990_PLY_003595_LN,PLY_003595,1,LIVE_NORMAL,61,12,10,0,TRUE,1990
NC_1991_PLY_003595_LN,PLY_003595,1,LIVE_NORMAL,57,12,10,0,TRUE,1991
NC_2024_PLY_003596_TH,PLY_003596,4,TITLE_HOLDER,83,30,10,10,FALSE,2024
NC_2024_PLY_003596_EPIC,PLY_003596,2,LIVE_EPIC,67,18,10,0,TRUE,2024
NC_2025_PLY_003596_LN,PLY_003596,1,LIVE_NORMAL,66,12,10,0,TRUE,2025
NC_2021_PLY_003596_LN,PLY_003596,1,LIVE_NORMAL,60,12,10,0,TRUE,2021
NC_2020_PLY_003596_TH,PLY_003596,4,TITLE_HOLDER,84,30,10,10,FALSE,2020
NC_2022_PLY_003596_LN,PLY_003596,1,LIVE_NORMAL,67,12,10,0,TRUE,2022
NC_2007_PLY_003597_LN,PLY_003597,1,LIVE_NORMAL,61,12,10,0,TRUE,2007
NC_2014_PLY_003597_LN,PLY_003597,1,LIVE_NORMAL,66,12,10,0,TRUE,2014
NC_1993_PLY_003598_LN,PLY_003598,1,LIVE_NORMAL,60,12,10,0,TRUE,1993
NC_1997_PLY_003598_TH,PLY_003598,4,TITLE_HOLDER,85,30,10,10,FALSE,1997
NC_1995_PLY_003598_AS,PLY_003598,3,ALLSTAR,74,24,10,10,TRUE,1995
NC_1996_PLY_003598_AS,PLY_003598,3,ALLSTAR,75,24,10,10,TRUE,1996
NC_1994_PLY_003598_LN,PLY_003598,1,LIVE_NORMAL,65,12,10,0,TRUE,1994
NC_1994_PLY_003598_AS,PLY_003598,3,ALLSTAR,82,24,10,10,TRUE,1994
NC_1997_PLY_003598_GG,PLY_003598,6,GOLDEN_GLOVE,84,35,10,10,FALSE,1997
NC_1994_PLY_003598_GG,PLY_003598,6,GOLDEN_GLOVE,89,35,10,10,FALSE,1994
NC_1993_PLY_003598_AS,PLY_003598,3,ALLSTAR,75,24,10,10,TRUE,1993
NC_1993_PLY_003598_SIG,PLY_003598,5,SIGNATURE,94,40,10,10,FALSE,1993
NC_1994_PLY_003598_SIG,PLY_003598,5,SIGNATURE,88,40,10,10,FALSE,1994
NC_2021_PLY_003599_SIG,PLY_003599,5,SIGNATURE,89,40,10,10,FALSE,2021
NC_2026_PLY_003599_LN,PLY_003599,1,LIVE_NORMAL,62,12,10,0,TRUE,2026
NC_2022_PLY_003599_LN,PLY_003599,1,LIVE_NORMAL,64,12,10,0,TRUE,2022
NC_2026_PLY_003599_EPIC,PLY_003599,2,LIVE_EPIC,71,18,10,0,TRUE,2026
NC_2024_PLY_003599_TH,PLY_003599,4,TITLE_HOLDER,82,30,10,10,FALSE,2024
NC_2023_PLY_003599_LN,PLY_003599,1,LIVE_NORMAL,56,12,10,0,TRUE,2023
NC_2026_PLY_003599_AS,PLY_003599,3,ALLSTAR,81,24,10,10,TRUE,2026
NC_2024_PLY_003599_AS,PLY_003599,3,ALLSTAR,83,24,10,10,TRUE,2024
NC_2026_PLY_003600_LN,PLY_003600,1,LIVE_NORMAL,58,12,10,0,TRUE,2026
NC_2015_PLY_003600_LN,PLY_003600,1,LIVE_NORMAL,67,12,10,0,TRUE,2015
NC_2024_PLY_003600_LN,PLY_003600,1,LIVE_NORMAL,57,12,10,0,TRUE,2024
NC_2018_PLY_003600_EPIC,PLY_003600,2,LIVE_EPIC,67,18,10,0,TRUE,2018
NC_2019_PLY_003600_AS,PLY_003600,3,ALLSTAR,79,24,10,10,TRUE,2019
NC_2023_PLY_003600_AS,PLY_003600,3,ALLSTAR,83,24,10,10,TRUE,2023
NC_2022_PLY_003600_LN,PLY_003600,1,LIVE_NORMAL,65,12,10,0,TRUE,2022
NC_2018_PLY_003600_GG,PLY_003600,6,GOLDEN_GLOVE,85,35,10,10,FALSE,2018
NC_2020_PLY_003600_LN,PLY_003600,1,LIVE_NORMAL,57,12,10,0,TRUE,2020
NC_2025_PLY_003600_LN,PLY_003600,1,LIVE_NORMAL,64,12,10,0,TRUE,2025
NC_1999_PLY_003601_LN,PLY_003601,1,LIVE_NORMAL,63,12,10,0,TRUE,1999
NC_2009_PLY_003601_GG,PLY_003601,6,GOLDEN_GLOVE,89,35,10,10,FALSE,2009
NC_2005_PLY_003601_EPIC,PLY_003601,2,LIVE_EPIC,74,18,10,0,TRUE,2005
NC_2003_PLY_003601_EPIC,PLY_003601,2,LIVE_EPIC,72,18,10,0,TRUE,2003
NC_2010_PLY_003602_AS,PLY_003602,3,ALLSTAR,75,24,10,10,TRUE,2010
NC_2009_PLY_003602_AS,PLY_003602,3,ALLSTAR,82,24,10,10,TRUE,2009
NC_2011_PLY_003602_AS,PLY_003602,3,ALLSTAR,78,24,10,10,TRUE,2011
NC_2012_PLY_003602_EPIC,PLY_003602,2,LIVE_EPIC,69,18,10,0,TRUE,2012
NC_2012_PLY_003602_LN,PLY_003602,1,LIVE_NORMAL,61,12,10,0,TRUE,2012
NC_2011_PLY_003602_EPIC,PLY_003602,2,LIVE_EPIC,69,18,10,0,TRUE,2011
NC_2010_PLY_003602_LN,PLY_003602,1,LIVE_NORMAL,63,12,10,0,TRUE,2010
NC_2013_PLY_003602_EPIC,PLY_003602,2,LIVE_EPIC,73,18,10,0,TRUE,2013
NC_2011_PLY_003602_LN,PLY_003602,1,LIVE_NORMAL,60,12,10,0,TRUE,2011
NC_2020_PLY_003603_EPIC,PLY_003603,2,LIVE_EPIC,73,18,10,0,TRUE,2020
NC_2024_PLY_003603_LN,PLY_003603,1,LIVE_NORMAL,55,12,10,0,TRUE,2024
NC_2024_PLY_003603_SIG,PLY_003603,5,SIGNATURE,89,40,10,10,FALSE,2024
NC_2019_PLY_003603_LN,PLY_003603,1,LIVE_NORMAL,55,12,10,0,TRUE,2019
NC_2025_PLY_003603_EPIC,PLY_003603,2,LIVE_EPIC,68,18,10,0,TRUE,2025
NC_2023_PLY_003603_AS,PLY_003603,3,ALLSTAR,77,24,10,10,TRUE,2023
NC_2026_PLY_003603_LN,PLY_003603,1,LIVE_NORMAL,58,12,10,0,TRUE,2026
NC_2022_PLY_003603_EPIC,PLY_003603,2,LIVE_EPIC,74,18,10,0,TRUE,2022
NC_2021_PLY_003603_AS,PLY_003603,3,ALLSTAR,76,24,10,10,TRUE,2021
NC_2004_PLY_003604_LN,PLY_003604,1,LIVE_NORMAL,59,12,10,0,TRUE,2004
NC_2005_PLY_003604_AS,PLY_003604,3,ALLSTAR,82,24,10,10,TRUE,2005
NC_2005_PLY_003604_LN,PLY_003604,1,LIVE_NORMAL,65,12,10,0,TRUE,2005
NC_1998_PLY_003604_AS,PLY_003604,3,ALLSTAR,82,24,10,10,TRUE,1998
NC_2004_PLY_003604_TH,PLY_003604,4,TITLE_HOLDER,81,30,10,10,FALSE,2004
NC_2002_PLY_003604_EPIC,PLY_003604,2,LIVE_EPIC,71,18,10,0,TRUE,2002
NC_1998_PLY_003604_LN,PLY_003604,1,LIVE_NORMAL,55,12,10,0,TRUE,1998
NC_2000_PLY_003604_LN,PLY_003604,1,LIVE_NORMAL,67,12,10,0,TRUE,2000
NC_1995_PLY_003604_LN,PLY_003604,1,LIVE_NORMAL,66,12,10,0,TRUE,1995
NC_2024_PLY_003605_AS,PLY_003605,3,ALLSTAR,75,24,10,10,TRUE,2024
NC_2018_PLY_003605_EPIC,PLY_003605,2,LIVE_EPIC,70,18,10,0,TRUE,2018
NC_2021_PLY_003605_LN,PLY_003605,1,LIVE_NORMAL,68,12,10,0,TRUE,2021
NC_2025_PLY_003605_AS,PLY_003605,3,ALLSTAR,81,24,10,10,TRUE,2025
NC_2025_PLY_003605_SIG,PLY_003605,5,SIGNATURE,91,40,10,10,FALSE,2025
NC_2026_PLY_003605_LN,PLY_003605,1,LIVE_NORMAL,57,12,10,0,TRUE,2026
NC_2025_PLY_003605_EPIC,PLY_003605,2,LIVE_EPIC,74,18,10,0,TRUE,2025
NC_2022_PLY_003606_LN,PLY_003606,1,LIVE_NORMAL,66,12,10,0,TRUE,2022
NC_2020_PLY_003606_LN,PLY_003606,1,LIVE_NORMAL,59,12,10,0,TRUE,2020
NC_2016_PLY_003606_LN,PLY_003606,1,LIVE_NORMAL,63,12,10,0,TRUE,2016
NC_2022_PLY_003606_AS,PLY_003606,3,ALLSTAR,77,24,10,10,TRUE,2022
NC_2018_PLY_003606_LN,PLY_003606,1,LIVE_NORMAL,66,12,10,0,TRUE,2018
NC_2017_PLY_003607_EPIC,PLY_003607,2,LIVE_EPIC,69,18,10,0,TRUE,2017
NC_2010_PLY_003607_AS,PLY_003607,3,ALLSTAR,75,24,10,10,TRUE,2010
NC_2005_PLY_003607_EPIC,PLY_003607,2,LIVE_EPIC,75,18,10,0,TRUE,2005
NC_2013_PLY_003607_LN,PLY_003607,1,LIVE_NORMAL,59,12,10,0,TRUE,2013
NC_2009_PLY_003607_LN,PLY_003607,1,LIVE_NORMAL,57,12,10,0,TRUE,2009
NC_2012_PLY_003607_EPIC,PLY_003607,2,LIVE_EPIC,65,18,10,0,TRUE,2012
NC_2006_PLY_003607_SIG,PLY_003607,5,SIGNATURE,87,40,10,10,FALSE,2006
NC_2016_PLY_003608_AS,PLY_003608,3,ALLSTAR,75,24,10,10,TRUE,2016
NC_2016_PLY_003608_EPIC,PLY_003608,2,LIVE_EPIC,75,18,10,0,TRUE,2016
NC_2013_PLY_003608_TH,PLY_003608,4,TITLE_HOLDER,82,30,10,10,FALSE,2013
NC_2023_PLY_003608_EPIC,PLY_003608,2,LIVE_EPIC,65,18,10,0,TRUE,2023
NC_2010_PLY_003608_EPIC,PLY_003608,2,LIVE_EPIC,76,18,10,0,TRUE,2010
NC_2024_PLY_003608_TH,PLY_003608,4,TITLE_HOLDER,84,30,10,10,FALSE,2024
NC_2014_PLY_003608_EPIC,PLY_003608,2,LIVE_EPIC,68,18,10,0,TRUE,2014
NC_2014_PLY_003608_AS,PLY_003608,3,ALLSTAR,79,24,10,10,TRUE,2014
NC_2024_PLY_003608_EPIC,PLY_003608,2,LIVE_EPIC,72,18,10,0,TRUE,2024
NC_2001_PLY_003609_LN,PLY_003609,1,LIVE_NORMAL,62,12,10,0,TRUE,2001
NC_2006_PLY_003609_EPIC,PLY_003609,2,LIVE_EPIC,70,18,10,0,TRUE,2006
NC_2000_PLY_003609_EPIC,PLY_003609,2,LIVE_EPIC,76,18,10,0,TRUE,2000
NC_1995_PLY_003609_TH,PLY_003609,4,TITLE_HOLDER,82,30,10,10,FALSE,1995
NC_1999_PLY_003609_LN,PLY_003609,1,LIVE_NORMAL,60,12,10,0,TRUE,1999
NC_1995_PLY_003609_EPIC,PLY_003609,2,LIVE_EPIC,76,18,10,0,TRUE,1995
NC_2006_PLY_003609_LN,PLY_003609,1,LIVE_NORMAL,56,12,10,0,TRUE,2006
NC_2001_PLY_003609_EPIC,PLY_003609,2,LIVE_EPIC,70,18,10,0,TRUE,2001
NC_1993_PLY_003609_LN,PLY_003609,1,LIVE_NORMAL,59,12,10,0,TRUE,1993
NC_2014_PLY_003610_AS,PLY_003610,3,ALLSTAR,77,24,10,10,TRUE,2014
NC_2016_PLY_003610_LN,PLY_003610,1,LIVE_NORMAL,68,12,10,0,TRUE,2016
NC_2008_PLY_003610_EPIC,PLY_003610,2,LIVE_EPIC,70,18,10,0,TRUE,2008
NC_2015_PLY_003610_AS,PLY_003610,3,ALLSTAR,78,24,10,10,TRUE,2015
NC_2005_PLY_003610_LN,PLY_003610,1,LIVE_NORMAL,68,12,10,0,TRUE,2005
NC_2019_PLY_003610_TH,PLY_003610,4,TITLE_HOLDER,84,30,10,10,FALSE,2019
NC_2011_PLY_003610_GG,PLY_003610,6,GOLDEN_GLOVE,84,35,10,10,FALSE,2011
NC_2016_PLY_003610_AS,PLY_003610,3,ALLSTAR,82,24,10,10,TRUE,2016
NC_2018_PLY_003610_LN,PLY_003610,1,LIVE_NORMAL,55,12,10,0,TRUE,2018
NC_2012_PLY_003610_EPIC,PLY_003610,2,LIVE_EPIC,71,18,10,0,TRUE,2012
NC_2018_PLY_003610_EPIC,PLY_003610,2,LIVE_EPIC,71,18,10,0,TRUE,2018
NC_2014_PLY_003611_AS,PLY_003611,3,ALLSTAR,77,24,10,10,TRUE,2014
NC_2022_PLY_003611_TH,PLY_003611,4,TITLE_HOLDER,86,30,10,10,FALSE,2022
NC_2025_PLY_003611_LN,PLY_003611,1,LIVE_NORMAL,57,12,10,0,TRUE,2025
NC_2026_PLY_003611_TH,PLY_003611,4,TITLE_HOLDER,83,30,10,10,FALSE,2026
NC_2016_PLY_003611_LN,PLY_003611,1,LIVE_NORMAL,62,12,10,0,TRUE,2016
NC_2018_PLY_003611_EPIC,PLY_003611,2,LIVE_EPIC,73,18,10,0,TRUE,2018
NC_2022_PLY_003611_EPIC,PLY_003611,2,LIVE_EPIC,75,18,10,0,TRUE,2022
NC_2023_PLY_003611_AS,PLY_003611,3,ALLSTAR,82,24,10,10,TRUE,2023
NC_2022_PLY_003611_LN,PLY_003611,1,LIVE_NORMAL,55,12,10,0,TRUE,2022
NC_2001_PLY_003612_TH,PLY_003612,4,TITLE_HOLDER,85,30,10,10,FALSE,2001
NC_1997_PLY_003612_EPIC,PLY_003612,2,LIVE_EPIC,68,18,10,0,TRUE,1997
NC_2004_PLY_003612_LN,PLY_003612,1,LIVE_NORMAL,64,12,10,0,TRUE,2004
NC_2005_PLY_003612_EPIC,PLY_003612,2,LIVE_EPIC,65,18,10,0,TRUE,2005
NC_2004_PLY_003612_EPIC,PLY_003612,2,LIVE_EPIC,74,18,10,0,TRUE,2004
NC_1994_PLY_003612_LN,PLY_003612,1,LIVE_NORMAL,62,12,10,0,TRUE,1994
NC_2002_PLY_003613_SIG,PLY_003613,5,SIGNATURE,93,40,10,10,FALSE,2002
NC_2002_PLY_003613_EPIC,PLY_003613,2,LIVE_EPIC,68,18,10,0,TRUE,2002
NC_2000_PLY_003613_AS,PLY_003613,3,ALLSTAR,77,24,10,10,TRUE,2000
NC_1999_PLY_003613_LN,PLY_003613,1,LIVE_NORMAL,62,12,10,0,TRUE,1999
NC_2001_PLY_003613_EPIC,PLY_003613,2,LIVE_EPIC,65,18,10,0,TRUE,2001
NC_2000_PLY_003613_EPIC,PLY_003613,2,LIVE_EPIC,67,18,10,0,TRUE,2000
NC_1999_PLY_003613_EPIC,PLY_003613,2,LIVE_EPIC,75,18,10,0,TRUE,1999
NC_1999_PLY_003613_AS,PLY_003613,3,ALLSTAR,78,24,10,10,TRUE,1999
NC_2001_PLY_003613_LN,PLY_003613,1,LIVE_NORMAL,56,12,10,0,TRUE,2001
NC_1993_PLY_003614_EPIC,PLY_003614,2,LIVE_EPIC,75,18,10,0,TRUE,1993
NC_1990_PLY_003614_EPIC,PLY_003614,2,LIVE_EPIC,69,18,10,0,TRUE,1990
NC_1995_PLY_003614_LN,PLY_003614,1,LIVE_NORMAL,60,12,10,0,TRUE,1995
NC_1995_PLY_003614_GG,PLY_003614,6,GOLDEN_GLOVE,88,35,10,10,FALSE,1995
NC_1991_PLY_003614_LN,PLY_003614,1,LIVE_NORMAL,59,12,10,0,TRUE,1991
NC_1994_PLY_003614_AS,PLY_003614,3,ALLSTAR,82,24,10,10,TRUE,1994
NC_1994_PLY_003614_LN,PLY_003614,1,LIVE_NORMAL,67,12,10,0,TRUE,1994
NC_1986_PLY_003614_LN,PLY_003614,1,LIVE_NORMAL,59,12,10,0,TRUE,1986
NC_1992_PLY_003614_LN,PLY_003614,1,LIVE_NORMAL,63,12,10,0,TRUE,1992
NC_2009_PLY_003615_GG,PLY_003615,6,GOLDEN_GLOVE,85,35,10,10,FALSE,2009
NC_2010_PLY_003615_TH,PLY_003615,4,TITLE_HOLDER,82,30,10,10,FALSE,2010
NC_2008_PLY_003615_TH,PLY_003615,4,TITLE_HOLDER,80,30,10,10,FALSE,2008
NC_2004_PLY_003615_EPIC,PLY_003615,2,LIVE_EPIC,73,18,10,0,TRUE,2004
NC_2003_PLY_003616_LN,PLY_003616,1,LIVE_NORMAL,56,12,10,0,TRUE,2003
NC_2003_PLY_003616_EPIC,PLY_003616,2,LIVE_EPIC,70,18,10,0,TRUE,2003
NC_2011_PLY_003617_TH,PLY_003617,4,TITLE_HOLDER,80,30,10,10,FALSE,2011
NC_2002_PLY_003617_TH,PLY_003617,4,TITLE_HOLDER,82,30,10,10,FALSE,2002
NC_2012_PLY_003617_EPIC,PLY_003617,2,LIVE_EPIC,76,18,10,0,TRUE,2012
NC_2001_PLY_003617_AS,PLY_003617,3,ALLSTAR,76,24,10,10,TRUE,2001
NC_2008_PLY_003617_EPIC,PLY_003617,2,LIVE_EPIC,65,18,10,0,TRUE,2008
NC_2007_PLY_003617_EPIC,PLY_003617,2,LIVE_EPIC,69,18,10,0,TRUE,2007
NC_2006_PLY_003617_AS,PLY_003617,3,ALLSTAR,77,24,10,10,TRUE,2006
NC_2013_PLY_003617_AS,PLY_003617,3,ALLSTAR,80,24,10,10,TRUE,2013
NC_2019_PLY_003618_EPIC,PLY_003618,2,LIVE_EPIC,67,18,10,0,TRUE,2019
NC_2020_PLY_003618_AS,PLY_003618,3,ALLSTAR,77,24,10,10,TRUE,2020
NC_2023_PLY_003618_EPIC,PLY_003618,2,LIVE_EPIC,74,18,10,0,TRUE,2023
NC_2022_PLY_003618_TH,PLY_003618,4,TITLE_HOLDER,87,30,10,10,FALSE,2022
NC_2019_PLY_003618_LN,PLY_003618,1,LIVE_NORMAL,59,12,10,0,TRUE,2019
NC_2023_PLY_003618_LN,PLY_003618,1,LIVE_NORMAL,66,12,10,0,TRUE,2023
NC_2021_PLY_003618_LN,PLY_003618,1,LIVE_NORMAL,65,12,10,0,TRUE,2021
NC_2019_PLY_003618_AS,PLY_003618,3,ALLSTAR,78,24,10,10,TRUE,2019
NC_2012_PLY_003619_GG,PLY_003619,6,GOLDEN_GLOVE,83,35,10,10,FALSE,2012
NC_2008_PLY_003619_AS,PLY_003619,3,ALLSTAR,74,24,10,10,TRUE,2008
NC_2019_PLY_003619_GG,PLY_003619,6,GOLDEN_GLOVE,86,35,10,10,FALSE,2019
NC_2010_PLY_003619_LN,PLY_003619,1,LIVE_NORMAL,63,12,10,0,TRUE,2010
NC_2012_PLY_003619_AS,PLY_003619,3,ALLSTAR,78,24,10,10,TRUE,2012
NC_2020_PLY_003619_EPIC,PLY_003619,2,LIVE_EPIC,65,18,10,0,TRUE,2020
NC_2021_PLY_003619_EPIC,PLY_003619,2,LIVE_EPIC,69,18,10,0,TRUE,2021
NC_2018_PLY_003619_LN,PLY_003619,1,LIVE_NORMAL,61,12,10,0,TRUE,2018
NC_2019_PLY_003620_EPIC,PLY_003620,2,LIVE_EPIC,70,18,10,0,TRUE,2019
NC_2014_PLY_003620_LN,PLY_003620,1,LIVE_NORMAL,64,12,10,0,TRUE,2014
NC_2026_PLY_003620_LN,PLY_003620,1,LIVE_NORMAL,65,12,10,0,TRUE,2026
NC_2016_PLY_003620_EPIC,PLY_003620,2,LIVE_EPIC,75,18,10,0,TRUE,2016
NC_2025_PLY_003620_EPIC,PLY_003620,2,LIVE_EPIC,72,18,10,0,TRUE,2025
NC_2024_PLY_003620_TH,PLY_003620,4,TITLE_HOLDER,80,30,10,10,FALSE,2024
NC_2025_PLY_003620_SIG,PLY_003620,5,SIGNATURE,89,40,10,10,FALSE,2025
NC_2023_PLY_003620_EPIC,PLY_003620,2,LIVE_EPIC,69,18,10,0,TRUE,2023
NC_2021_PLY_003620_GG,PLY_003620,6,GOLDEN_GLOVE,90,35,10,10,FALSE,2021
NC_2018_PLY_003620_LN,PLY_003620,1,LIVE_NORMAL,67,12,10,0,TRUE,2018
NC_2013_PLY_003620_TH,PLY_003620,4,TITLE_HOLDER,86,30,10,10,FALSE,2013
NC_2021_PLY_003620_LN,PLY_003620,1,LIVE_NORMAL,56,12,10,0,TRUE,2021
NC_1998_PLY_003621_TH,PLY_003621,4,TITLE_HOLDER,84,30,10,10,FALSE,1998
NC_1995_PLY_003621_AS,PLY_003621,3,ALLSTAR,75,24,10,10,TRUE,1995
NC_2001_PLY_003621_EPIC,PLY_003621,2,LIVE_EPIC,75,18,10,0,TRUE,2001
NC_1995_PLY_003621_EPIC,PLY_003621,2,LIVE_EPIC,67,18,10,0,TRUE,1995
NC_2016_PLY_003622_AS,PLY_003622,3,ALLSTAR,76,24,10,10,TRUE,2016
NC_2025_PLY_003622_LN,PLY_003622,1,LIVE_NORMAL,60,12,10,0,TRUE,2025
NC_2008_PLY_003622_TH,PLY_003622,4,TITLE_HOLDER,80,30,10,10,FALSE,2008
NC_2020_PLY_003622_LN,PLY_003622,1,LIVE_NORMAL,60,12,10,0,TRUE,2020
NC_2011_PLY_003622_EPIC,PLY_003622,2,LIVE_EPIC,65,18,10,0,TRUE,2011
NC_2024_PLY_003622_AS,PLY_003622,3,ALLSTAR,81,24,10,10,TRUE,2024
NC_2021_PLY_003622_LN,PLY_003622,1,LIVE_NORMAL,60,12,10,0,TRUE,2021
NC_2016_PLY_003622_LN,PLY_003622,1,LIVE_NORMAL,56,12,10,0,TRUE,2016
NC_2018_PLY_003622_LN,PLY_003622,1,LIVE_NORMAL,56,12,10,0,TRUE,2018
NC_2015_PLY_003622_AS,PLY_003622,3,ALLSTAR,75,24,10,10,TRUE,2015
NC_1993_PLY_003623_LN,PLY_003623,1,LIVE_NORMAL,57,12,10,0,TRUE,1993
NC_1998_PLY_003623_LN,PLY_003623,1,LIVE_NORMAL,67,12,10,0,TRUE,1998
NC_1995_PLY_003623_EPIC,PLY_003623,2,LIVE_EPIC,72,18,10,0,TRUE,1995
NC_2005_PLY_003624_LN,PLY_003624,1,LIVE_NORMAL,55,12,10,0,TRUE,2005
NC_2003_PLY_003624_TH,PLY_003624,4,TITLE_HOLDER,82,30,10,10,FALSE,2003
NC_1989_PLY_003624_TH,PLY_003624,4,TITLE_HOLDER,86,30,10,10,FALSE,1989
NC_2007_PLY_003624_LN,PLY_003624,1,LIVE_NORMAL,66,12,10,0,TRUE,2007
NC_2024_PLY_003625_LN,PLY_003625,1,LIVE_NORMAL,59,12,10,0,TRUE,2024
NC_2025_PLY_003625_LN,PLY_003625,1,LIVE_NORMAL,59,12,10,0,TRUE,2025
NC_2024_PLY_003625_AS,PLY_003625,3,ALLSTAR,74,24,10,10,TRUE,2024
NC_2023_PLY_003626_GG,PLY_003626,6,GOLDEN_GLOVE,83,35,10,10,FALSE,2023
NC_2023_PLY_003626_LN,PLY_003626,1,LIVE_NORMAL,61,12,10,0,TRUE,2023
NC_2022_PLY_003626_EPIC,PLY_003626,2,LIVE_EPIC,67,18,10,0,TRUE,2022
NC_2025_PLY_003626_LN,PLY_003626,1,LIVE_NORMAL,60,12,10,0,TRUE,2025
NC_2022_PLY_003626_TH,PLY_003626,4,TITLE_HOLDER,81,30,10,10,FALSE,2022
NC_2022_PLY_003627_AS,PLY_003627,3,ALLSTAR,78,24,10,10,TRUE,2022
NC_2018_PLY_003627_LN,PLY_003627,1,LIVE_NORMAL,58,12,10,0,TRUE,2018
NC_2018_PLY_003627_EPIC,PLY_003627,2,LIVE_EPIC,72,18,10,0,TRUE,2018
NC_2024_PLY_003627_LN,PLY_003627,1,LIVE_NORMAL,58,12,10,0,TRUE,2024
NC_2016_PLY_003627_LN,PLY_003627,1,LIVE_NORMAL,62,12,10,0,TRUE,2016
NC_2013_PLY_003628_TH,PLY_003628,4,TITLE_HOLDER,87,30,10,10,FALSE,2013
NC_2014_PLY_003628_LN,PLY_003628,1,LIVE_NORMAL,59,12,10,0,TRUE,2014
NC_2011_PLY_003628_LN,PLY_003628,1,LIVE_NORMAL,60,12,10,0,TRUE,2011
NC_2012_PLY_003628_EPIC,PLY_003628,2,LIVE_EPIC,74,18,10,0,TRUE,2012
NC_2013_PLY_003628_LN,PLY_003628,1,LIVE_NORMAL,67,12,10,0,TRUE,2013
NC_2013_PLY_003628_EPIC,PLY_003628,2,LIVE_EPIC,66,18,10,0,TRUE,2013
NC_2010_PLY_003628_EPIC,PLY_003628,2,LIVE_EPIC,76,18,10,0,TRUE,2010
NC_2012_PLY_003628_AS,PLY_003628,3,ALLSTAR,79,24,10,10,TRUE,2012
NC_2012_PLY_003628_LN,PLY_003628,1,LIVE_NORMAL,57,12,10,0,TRUE,2012
NC_2026_PLY_003629_EPIC,PLY_003629,2,LIVE_EPIC,67,18,10,0,TRUE,2026
NC_2016_PLY_003629_EPIC,PLY_003629,2,LIVE_EPIC,65,18,10,0,TRUE,2016
NC_2024_PLY_003629_AS,PLY_003629,3,ALLSTAR,74,24,10,10,TRUE,2024
NC_2023_PLY_003629_LN,PLY_003629,1,LIVE_NORMAL,61,12,10,0,TRUE,2023
NC_2017_PLY_003629_EPIC,PLY_003629,2,LIVE_EPIC,66,18,10,0,TRUE,2017
NC_2017_PLY_003629_LN,PLY_003629,1,LIVE_NORMAL,66,12,10,0,TRUE,2017
NC_2022_PLY_003629_TH,PLY_003629,4,TITLE_HOLDER,86,30,10,10,FALSE,2022
NC_2024_PLY_003629_EPIC,PLY_003629,2,LIVE_EPIC,67,18,10,0,TRUE,2024
NC_2016_PLY_003629_LN,PLY_003629,1,LIVE_NORMAL,64,12,10,0,TRUE,2016
NC_2026_PLY_003629_LN,PLY_003629,1,LIVE_NORMAL,57,12,10,0,TRUE,2026
NC_2020_PLY_003629_LN,PLY_003629,1,LIVE_NORMAL,68,12,10,0,TRUE,2020
