card_id,player_id,grade_id,grade_name,base_ovr,salary_cost,max_enhance,max_awaken,is_droppable,year
HANWHA_2023_PLY_002830_SIG,PLY_002830,7,SIGNATURE,88,1,10,10,FALSE,2023
HANWHA_2023_PLY_002830_LN,PLY_002830,1,LIVE_NORMAL,66,4,10,10,TRUE,2023
HANWHA_2021_PLY_002830_LN,PLY_002830,1,LIVE_NORMAL,65,4,10,10,TRUE,2021
HANWHA_2019_PLY_002831_LN,PLY_002831,1,LIVE_NORMAL,59,4,10,10,TRUE,2019
HANWHA_2024_PLY_002831_LN,PLY_002831,1,LIVE_NORMAL,65,4,10,10,TRUE,2024
HANWHA_2025_PLY_002831_LN,PLY_002831,1,LIVE_NORMAL,66,4,10,10,TRUE,2025
HANWHA_2020_PLY_002831_LN,PLY_002831,1,LIVE_NORMAL,58,4,10,10,TRUE,2020
HANWHA_2018_PLY_002832_AS,PLY_002832,3,ALLSTAR,83,4,10,9,TRUE,2018
HANWHA_2018_PLY_002832_LN,PLY_002832,1,LIVE_NORMAL,67,4,10,10,TRUE,2018
HANWHA_2014_PLY_002832_EPIC,PLY_002832,2,LIVE_EPIC,66,4,10,10,TRUE,2014
HANWHA_2019_PLY_002832_LN,PLY_002832,1,LIVE_NORMAL,67,4,10,10,TRUE,2019
HANWHA_2012_PLY_002832_LN,PLY_002832,1,LIVE_NORMAL,56,4,10,10,TRUE,2012
HANWHA_2009_PLY_002832_EPIC,PLY_002832,2,LIVE_EPIC,75,4,10,10,TRUE,2009
HANWHA_2016_PLY_002832_EPIC,PLY_002832,2,LIVE_EPIC,74,4,10,10,TRUE,2016
HANWHA_2011_PLY_002833_TH,PLY_002833,5,TITLE_HOLDER,80,3,10,9,FALSE,2011
HANWHA_2016_PLY_002833_EPIC,PLY_002833,2,LIVE_EPIC,65,4,10,10,TRUE,2016
HANWHA_2016_PLY_002833_LN,PLY_002833,1,LIVE_NORMAL,67,4,10,10,TRUE,2016
HANWHA_2013_PLY_002833_EPIC,PLY_002833,2,LIVE_EPIC,73,4,10,10,TRUE,2013
HANWHA_2015_PLY_002833_AS,PLY_002833,3,ALLSTAR,74,4,10,9,TRUE,2015
HANWHA_2017_PLY_002833_AS,PLY_002833,3,ALLSTAR,82,4,10,9,TRUE,2017
HANWHA_2014_PLY_002833_LN,PLY_002833,1,LIVE_NORMAL,60,4,10,10,TRUE,2014
HANWHA_2018_PLY_002834_SIG,PLY_002834,7,SIGNATURE,88,1,10,10,FALSE,2018
HANWHA_2022_PLY_002834_LN,PLY_002834,1,LIVE_NORMAL,65,4,10,10,TRUE,2022
HANWHA_2013_PLY_002834_EPIC,PLY_002834,2,LIVE_EPIC,68,4,10,10,TRUE,2013
HANWHA_2014_PLY_002835_EPIC,PLY_002835,2,LIVE_EPIC,76,4,10,10,TRUE,2014
HANWHA_2013_PLY_002835_EPIC,PLY_002835,2,LIVE_EPIC,74,4,10,10,TRUE,2013
HANWHA_2007_PLY_002835_SIG,PLY_002835,7,SIGNATURE,90,1,10,10,FALSE,2007
HANWHA_2012_PLY_002835_TH,PLY_002835,5,TITLE_HOLDER,84,3,10,9,FALSE,2012
HANWHA_2010_PLY_002835_EPIC,PLY_002835,2,LIVE_EPIC,68,4,10,10,TRUE,2010
HANWHA_1994_PLY_002836_EPIC,PLY_002836,2,LIVE_EPIC,67,4,10,10,TRUE,1994
HANWHA_1994_PLY_002836_LN,PLY_002836,1,LIVE_NORMAL,64,4,10,10,TRUE,1994
HANWHA_1994_PLY_002836_GG,PLY_002836,8,GOLDEN_GLOVE,84,2,10,10,FALSE,1994
HANWHA_1994_PLY_002836_TH,PLY_002836,5,TITLE_HOLDER,87,3,10,9,FALSE,1994
HANWHA_1995_PLY_002836_LN,PLY_002836,1,LIVE_NORMAL,64,4,10,10,TRUE,1995
HANWHA_2007_PLY_002837_EPIC,PLY_002837,2,LIVE_EPIC,75,4,10,10,TRUE,2007
HANWHA_2006_PLY_002837_GG,PLY_002837,8,GOLDEN_GLOVE,86,2,10,10,FALSE,2006
HANWHA_2007_PLY_002837_AS,PLY_002837,3,ALLSTAR,74,4,10,9,TRUE,2007
HANWHA_1998_PLY_002837_TH,PLY_002837,5,TITLE_HOLDER,86,3,10,9,FALSE,1998
HANWHA_2010_PLY_002837_TH,PLY_002837,5,TITLE_HOLDER,85,3,10,9,FALSE,2010
HANWHA_2005_PLY_002837_LN,PLY_002837,1,LIVE_NORMAL,63,4,10,10,TRUE,2005
HANWHA_2013_PLY_002837_LN,PLY_002837,1,LIVE_NORMAL,63,4,10,10,TRUE,2013
HANWHA_2014_PLY_002837_LN,PLY_002837,1,LIVE_NORMAL,68,4,10,10,TRUE,2014
HANWHA_2003_PLY_002837_LN,PLY_002837,1,LIVE_NORMAL,58,4,10,10,TRUE,2003
HANWHA_2004_PLY_002837_EPIC,PLY_002837,2,LIVE_EPIC,69,4,10,10,TRUE,2004
HANWHA_2012_PLY_002838_LN,PLY_002838,1,LIVE_NORMAL,57,4,10,10,TRUE,2012
HANWHA_2022_PLY_002838_EPIC,PLY_002838,2,LIVE_EPIC,66,4,10,10,TRUE,2022
HANWHA_2024_PLY_002838_EPIC,PLY_002838,2,LIVE_EPIC,66,4,10,10,TRUE,2024
HANWHA_2021_PLY_002838_EPIC,PLY_002838,2,LIVE_EPIC,65,4,10,10,TRUE,2021
HANWHA_2012_PLY_002838_EPIC,PLY_002838,2,LIVE_EPIC,68,4,10,10,TRUE,2012
HANWHA_2008_PLY_002839_LN,PLY_002839,1,LIVE_NORMAL,60,4,10,10,TRUE,2008
HANWHA_2013_PLY_002839_AS,PLY_002839,3,ALLSTAR,75,4,10,9,TRUE,2013
HANWHA_2009_PLY_002839_EPIC,PLY_002839,2,LIVE_EPIC,71,4,10,10,TRUE,2009
HANWHA_2010_PLY_002839_TH,PLY_002839,5,TITLE_HOLDER,80,3,10,9,FALSE,2010
HANWHA_2008_PLY_002839_GG,PLY_002839,8,GOLDEN_GLOVE,88,2,10,10,FALSE,2008
HANWHA_2013_PLY_002839_SIG,PLY_002839,7,SIGNATURE,88,1,10,10,FALSE,2013
HANWHA_2013_PLY_002839_EPIC,PLY_002839,2,LIVE_EPIC,75,4,10,10,TRUE,2013
HANWHA_2014_PLY_002839_GG,PLY_002839,8,GOLDEN_GLOVE,87,2,10,10,FALSE,2014
HANWHA_2012_PLY_002839_LN,PLY_002839,1,LIVE_NORMAL,68,4,10,10,TRUE,2012
HANWHA_2012_PLY_002839_TH,PLY_002839,5,TITLE_HOLDER,84,3,10,9,FALSE,2012
HANWHA_2013_PLY_002839_LN,PLY_002839,1,LIVE_NORMAL,67,4,10,10,TRUE,2013
HANWHA_1998_PLY_002840_EPIC,PLY_002840,2,LIVE_EPIC,70,4,10,10,TRUE,1998
HANWHA_2000_PLY_002840_AS,PLY_002840,3,ALLSTAR,74,4,10,9,TRUE,2000
HANWHA_1997_PLY_002840_LN,PLY_002840,1,LIVE_NORMAL,64,4,10,10,TRUE,1997
HANWHA_1998_PLY_002840_LN,PLY_002840,1,LIVE_NORMAL,63,4,10,10,TRUE,1998
HANWHA_2000_PLY_002840_LN,PLY_002840,1,LIVE_NORMAL,64,4,10,10,TRUE,2000
HANWHA_2000_PLY_002840_EPIC,PLY_002840,2,LIVE_EPIC,69,4,10,10,TRUE,2000
HANWHA_2024_PLY_002841_LN,PLY_002841,1,LIVE_NORMAL,63,4,10,10,TRUE,2024
HANWHA_2025_PLY_002842_LN,PLY_002842,1,LIVE_NORMAL,61,4,10,10,TRUE,2025
HANWHA_2023_PLY_002842_LN,PLY_002842,1,LIVE_NORMAL,62,4,10,10,TRUE,2023
HANWHA_2025_PLY_002842_EPIC,PLY_002842,2,LIVE_EPIC,68,4,10,10,TRUE,2025
HANWHA_2006_PLY_002843_SIG,PLY_002843,7,SIGNATURE,88,1,10,10,FALSE,2006
HANWHA_2007_PLY_002843_AS,PLY_002843,3,ALLSTAR,76,4,10,9,TRUE,2007
HANWHA_2000_PLY_002843_EPIC,PLY_002843,2,LIVE_EPIC,72,4,10,10,TRUE,2000
HANWHA_2026_PLY_002844_AS,PLY_002844,3,ALLSTAR,77,4,10,9,TRUE,2026
HANWHA_2024_PLY_002844_LN,PLY_002844,1,LIVE_NORMAL,55,4,10,10,TRUE,2024
HANWHA_2025_PLY_002844_TH,PLY_002844,5,TITLE_HOLDER,86,3,10,9,FALSE,2025
HANWHA_2025_PLY_002844_EPIC,PLY_002844,2,LIVE_EPIC,73,4,10,10,TRUE,2025
HANWHA_2025_PLY_002844_AS,PLY_002844,3,ALLSTAR,77,4,10,9,TRUE,2025
HANWHA_2023_PLY_002844_LN,PLY_002844,1,LIVE_NORMAL,66,4,10,10,TRUE,2023
HANWHA_2024_PLY_002844_TH,PLY_002844,5,TITLE_HOLDER,86,3,10,9,FALSE,2024
HANWHA_2026_PLY_002844_LN,PLY_002844,1,LIVE_NORMAL,65,4,10,10,TRUE,2026
HANWHA_2024_PLY_002844_SIG,PLY_002844,7,SIGNATURE,88,1,10,10,FALSE,2024
HANWHA_2025_PLY_002845_EPIC,PLY_002845,2,LIVE_EPIC,67,4,10,10,TRUE,2025
HANWHA_2025_PLY_002845_TH,PLY_002845,5,TITLE_HOLDER,85,3,10,9,FALSE,2025
HANWHA_2024_PLY_002845_LN,PLY_002845,1,LIVE_NORMAL,61,4,10,10,TRUE,2024
HANWHA_2024_PLY_002845_TH,PLY_002845,5,TITLE_HOLDER,85,3,10,9,FALSE,2024
HANWHA_2026_PLY_002845_AS,PLY_002845,3,ALLSTAR,78,4,10,9,TRUE,2026
HANWHA_2026_PLY_002845_SIG,PLY_002845,7,SIGNATURE,89,1,10,10,FALSE,2026
HANWHA_2024_PLY_002845_EPIC,PLY_002845,2,LIVE_EPIC,74,4,10,10,TRUE,2024
HANWHA_2025_PLY_002845_AS,PLY_002845,3,ALLSTAR,80,4,10,9,TRUE,2025
HANWHA_1991_PLY_002846_EPIC,PLY_002846,2,LIVE_EPIC,68,4,10,10,TRUE,1991
HANWHA_1999_PLY_002846_LN,PLY_002846,1,LIVE_NORMAL,64,4,10,10,TRUE,1999
HANWHA_1994_PLY_002846_LN,PLY_002846,1,LIVE_NORMAL,57,4,10,10,TRUE,1994
HANWHA_1992_PLY_002846_AS,PLY_002846,3,ALLSTAR,74,4,10,9,TRUE,1992
HANWHA_2023_PLY_002847_GG,PLY_002847,8,GOLDEN_GLOVE,83,2,10,10,FALSE,2023
HANWHA_2022_PLY_002847_LN,PLY_002847,1,LIVE_NORMAL,58,4,10,10,TRUE,2022
HANWHA_2026_PLY_002847_AS,PLY_002847,3,ALLSTAR,77,4,10,9,TRUE,2026
HANWHA_2023_PLY_002847_LN,PLY_002847,1,LIVE_NORMAL,64,4,10,10,TRUE,2023
HANWHA_2026_PLY_002847_EPIC,PLY_002847,2,LIVE_EPIC,71,4,10,10,TRUE,2026
HANWHA_2024_PLY_002847_AS,PLY_002847,3,ALLSTAR,77,4,10,9,TRUE,2024
HANWHA_2014_PLY_002848_LN,PLY_002848,1,LIVE_NORMAL,59,4,10,10,TRUE,2014
HANWHA_2013_PLY_002848_AS,PLY_002848,3,ALLSTAR,81,4,10,9,TRUE,2013
HANWHA_2013_PLY_002848_EPIC,PLY_002848,2,LIVE_EPIC,65,4,10,10,TRUE,2013
HANWHA_2016_PLY_002848_LN,PLY_002848,1,LIVE_NORMAL,66,4,10,10,TRUE,2016
HANWHA_2001_PLY_002849_EPIC,PLY_002849,2,LIVE_EPIC,68,4,10,10,TRUE,2001
HANWHA_2008_PLY_002849_TH,PLY_002849,5,TITLE_HOLDER,81,3,10,9,FALSE,2008
HANWHA_2007_PLY_002849_GG,PLY_002849,8,GOLDEN_GLOVE,83,2,10,10,FALSE,2007
HANWHA_2004_PLY_002849_SIG,PLY_002849,7,SIGNATURE,93,1,10,10,FALSE,2004
HANWHA_2009_PLY_002849_GG,PLY_002849,8,GOLDEN_GLOVE,83,2,10,10,FALSE,2009
HANWHA_2000_PLY_002849_AS,PLY_002849,3,ALLSTAR,76,4,10,9,TRUE,2000
HANWHA_2003_PLY_002849_AS,PLY_002849,3,ALLSTAR,81,4,10,9,TRUE,2003
HANWHA_1998_PLY_002849_LN,PLY_002849,1,LIVE_NORMAL,64,4,10,10,TRUE,1998
HANWHA_1988_PLY_002850_EPIC,PLY_002850,2,LIVE_EPIC,72,4,10,10,TRUE,1988
HANWHA_1995_PLY_002850_LN,PLY_002850,1,LIVE_NORMAL,63,4,10,10,TRUE,1995
HANWHA_1996_PLY_002850_LN,PLY_002850,1,LIVE_NORMAL,57,4,10,10,TRUE,1996
HANWHA_1994_PLY_002850_AS,PLY_002850,3,ALLSTAR,78,4,10,9,TRUE,1994
HANWHA_1995_PLY_002850_EPIC,PLY_002850,2,LIVE_EPIC,68,4,10,10,TRUE,1995
HANWHA_1989_PLY_002850_AS,PLY_002850,3,ALLSTAR,80,4,10,9,TRUE,1989
HANWHA_1992_PLY_002850_EPIC,PLY_002850,2,LIVE_EPIC,65,4,10,10,TRUE,1992
HANWHA_1989_PLY_002850_LN,PLY_002850,1,LIVE_NORMAL,66,4,10,10,TRUE,1989
HANWHA_2021_PLY_002851_AS,PLY_002851,3,ALLSTAR,75,4,10,9,TRUE,2021
HANWHA_2024_PLY_002851_EPIC,PLY_002851,2,LIVE_EPIC,69,4,10,10,TRUE,2024
HANWHA_2024_PLY_002851_TH,PLY_002851,5,TITLE_HOLDER,81,3,10,9,FALSE,2024
HANWHA_2025_PLY_002851_EPIC,PLY_002851,2,LIVE_EPIC,68,4,10,10,TRUE,2025
HANWHA_2026_PLY_002851_LN,PLY_002851,1,LIVE_NORMAL,66,4,10,10,TRUE,2026
HANWHA_2026_PLY_002851_AS,PLY_002851,3,ALLSTAR,76,4,10,9,TRUE,2026
HANWHA_2021_PLY_002851_EPIC,PLY_002851,2,LIVE_EPIC,66,4,10,10,TRUE,2021
HANWHA_2025_PLY_002851_LN,PLY_002851,1,LIVE_NORMAL,57,4,10,10,TRUE,2025
HANWHA_2025_PLY_002851_SIG,PLY_002851,7,SIGNATURE,90,1,10,10,FALSE,2025
HANWHA_2024_PLY_002851_LN,PLY_002851,1,LIVE_NORMAL,58,4,10,10,TRUE,2024
HANWHA_2026_PLY_002852_LN,PLY_002852,1,LIVE_NORMAL,67,4,10,10,TRUE,2026
HANWHA_2016_PLY_002852_LN,PLY_002852,1,LIVE_NORMAL,58,4,10,10,TRUE,2016
HANWHA_2022_PLY_002852_LN,PLY_002852,1,LIVE_NORMAL,60,4,10,10,TRUE,2022
HANWHA_2022_PLY_002852_TH,PLY_002852,5,TITLE_HOLDER,84,3,10,9,FALSE,2022
HANWHA_2023_PLY_002852_LN,PLY_002852,1,LIVE_NORMAL,68,4,10,10,TRUE,2023
HANWHA_2017_PLY_002852_LN,PLY_002852,1,LIVE_NORMAL,55,4,10,10,TRUE,2017
HANWHA_2014_PLY_002853_EPIC,PLY_002853,2,LIVE_EPIC,67,4,10,10,TRUE,2014
HANWHA_2015_PLY_002853_EPIC,PLY_002853,2,LIVE_EPIC,76,4,10,10,TRUE,2015
HANWHA_2014_PLY_002853_SIG,PLY_002853,7,SIGNATURE,91,1,10,10,FALSE,2014
HANWHA_2012_PLY_002853_LN,PLY_002853,1,LIVE_NORMAL,59,4,10,10,TRUE,2012
HANWHA_2013_PLY_002853_AS,PLY_002853,3,ALLSTAR,79,4,10,9,TRUE,2013
HANWHA_2010_PLY_002853_AS,PLY_002853,3,ALLSTAR,74,4,10,9,TRUE,2010
HANWHA_2013_PLY_002853_TH,PLY_002853,5,TITLE_HOLDER,85,3,10,9,FALSE,2013
HANWHA_2004_PLY_002854_EPIC,PLY_002854,2,LIVE_EPIC,74,4,10,10,TRUE,2004
HANWHA_2003_PLY_002854_LN,PLY_002854,1,LIVE_NORMAL,66,4,10,10,TRUE,2003
HANWHA_2007_PLY_002854_GG,PLY_002854,8,GOLDEN_GLOVE,83,2,10,10,FALSE,2007
HANWHA_1999_PLY_002854_EPIC,PLY_002854,2,LIVE_EPIC,75,4,10,10,TRUE,1999
HANWHA_2000_PLY_002854_LN,PLY_002854,1,LIVE_NORMAL,56,4,10,10,TRUE,2000
HANWHA_2006_PLY_002854_AS,PLY_002854,3,ALLSTAR,75,4,10,9,TRUE,2006
HANWHA_1999_PLY_002854_AS,PLY_002854,3,ALLSTAR,77,4,10,9,TRUE,1999
HANWHA_2006_PLY_002854_EPIC,PLY_002854,2,LIVE_EPIC,74,4,10,10,TRUE,2006
HANWHA_2004_PLY_002854_LN,PLY_002854,1,LIVE_NORMAL,56,4,10,10,TRUE,2004
HANWHA_2001_PLY_002854_LN,PLY_002854,1,LIVE_NORMAL,59,4,10,10,TRUE,2001
HANWHA_2004_PLY_002855_LN,PLY_002855,1,LIVE_NORMAL,56,4,10,10,TRUE,2004
HANWHA_2005_PLY_002855_LN,PLY_002855,1,LIVE_NORMAL,57,4,10,10,TRUE,2005
HANWHA_2007_PLY_002855_EPIC,PLY_002855,2,LIVE_EPIC,68,4,10,10,TRUE,2007
HANWHA_2010_PLY_002855_LN,PLY_002855,1,LIVE_NORMAL,61,4,10,10,TRUE,2010
HANWHA_2007_PLY_002855_LN,PLY_002855,1,LIVE_NORMAL,61,4,10,10,TRUE,2007
HANWHA_2006_PLY_002855_GG,PLY_002855,8,GOLDEN_GLOVE,90,2,10,10,FALSE,2006
HANWHA_2012_PLY_002855_TH,PLY_002855,5,TITLE_HOLDER,83,3,10,9,FALSE,2012
HANWHA_2002_PLY_002855_TH,PLY_002855,5,TITLE_HOLDER,86,3,10,9,FALSE,2002
HANWHA_2003_PLY_002855_LN,PLY_002855,1,LIVE_NORMAL,64,4,10,10,TRUE,2003
HANWHA_2006_PLY_002855_EPIC,PLY_002855,2,LIVE_EPIC,65,4,10,10,TRUE,2006
HANWHA_2024_PLY_002856_SIG,PLY_002856,7,SIGNATURE,91,1,10,10,FALSE,2024
HANWHA_2017_PLY_002856_EPIC,PLY_002856,2,LIVE_EPIC,71,4,10,10,TRUE,2017
HANWHA_2018_PLY_002856_LN,PLY_002856,1,LIVE_NORMAL,62,4,10,10,TRUE,2018
HANWHA_2020_PLY_002856_LN,PLY_002856,1,LIVE_NORMAL,57,4,10,10,TRUE,2020
HANWHA_2019_PLY_002856_AS,PLY_002856,3,ALLSTAR,74,4,10,9,TRUE,2019
HANWHA_2019_PLY_002856_LN,PLY_002856,1,LIVE_NORMAL,66,4,10,10,TRUE,2019
HANWHA_2021_PLY_002856_SIG,PLY_002856,7,SIGNATURE,87,1,10,10,FALSE,2021
HANWHA_2022_PLY_002856_LN,PLY_002856,1,LIVE_NORMAL,65,4,10,10,TRUE,2022
HANWHA_2022_PLY_002856_EPIC,PLY_002856,2,LIVE_EPIC,74,4,10,10,TRUE,2022
HANWHA_2024_PLY_002856_GG,PLY_002856,8,GOLDEN_GLOVE,85,2,10,10,FALSE,2024
HANWHA_1991_PLY_002857_EPIC,PLY_002857,2,LIVE_EPIC,67,4,10,10,TRUE,1991
HANWHA_2008_PLY_002857_AS,PLY_002857,3,ALLSTAR,78,4,10,9,TRUE,2008
HANWHA_1993_PLY_002857_SIG,PLY_002857,7,SIGNATURE,94,1,10,10,FALSE,1993
HANWHA_1994_PLY_002857_EPIC,PLY_002857,2,LIVE_EPIC,73,4,10,10,TRUE,1994
HANWHA_1998_PLY_002857_AS,PLY_002857,3,ALLSTAR,83,4,10,9,TRUE,1998
HANWHA_1990_PLY_002857_LN,PLY_002857,1,LIVE_NORMAL,62,4,10,10,TRUE,1990
HANWHA_2002_PLY_002857_LN,PLY_002857,1,LIVE_NORMAL,57,4,10,10,TRUE,2002
HANWHA_2007_PLY_002857_EPIC,PLY_002857,2,LIVE_EPIC,71,4,10,10,TRUE,2007
HANWHA_2000_PLY_002857_AS,PLY_002857,3,ALLSTAR,82,4,10,9,TRUE,2000
HANWHA_2005_PLY_002857_EPIC,PLY_002857,2,LIVE_EPIC,67,4,10,10,TRUE,2005
HANWHA_2006_PLY_002857_AS,PLY_002857,3,ALLSTAR,76,4,10,9,TRUE,2006
HANWHA_2019_PLY_002858_AS,PLY_002858,3,ALLSTAR,74,4,10,9,TRUE,2019
HANWHA_2018_PLY_002858_EPIC,PLY_002858,2,LIVE_EPIC,71,4,10,10,TRUE,2018
HANWHA_2017_PLY_002858_EPIC,PLY_002858,2,LIVE_EPIC,76,4,10,10,TRUE,2017
HANWHA_2017_PLY_002858_AS,PLY_002858,3,ALLSTAR,82,4,10,9,TRUE,2017
HANWHA_2005_PLY_002859_LN,PLY_002859,1,LIVE_NORMAL,55,4,10,10,TRUE,2005
HANWHA_2002_PLY_002859_LN,PLY_002859,1,LIVE_NORMAL,67,4,10,10,TRUE,2002
HANWHA_2002_PLY_002859_EPIC,PLY_002859,2,LIVE_EPIC,69,4,10,10,TRUE,2002
HANWHA_2000_PLY_002859_GG,PLY_002859,8,GOLDEN_GLOVE,90,2,10,10,FALSE,2000
HANWHA_2000_PLY_002859_EPIC,PLY_002859,2,LIVE_EPIC,75,4,10,10,TRUE,2000
HANWHA_2001_PLY_002859_LN,PLY_002859,1,LIVE_NORMAL,65,4,10,10,TRUE,2001
HANWHA_1997_PLY_002859_LN,PLY_002859,1,LIVE_NORMAL,56,4,10,10,TRUE,1997
HANWHA_2003_PLY_002859_EPIC,PLY_002859,2,LIVE_EPIC,70,4,10,10,TRUE,2003
HANWHA_2003_PLY_002859_LN,PLY_002859,1,LIVE_NORMAL,65,4,10,10,TRUE,2003
HANWHA_2007_PLY_002859_AS,PLY_002859,3,ALLSTAR,78,4,10,9,TRUE,2007
HANWHA_2014_PLY_002860_AS,PLY_002860,3,ALLSTAR,77,4,10,9,TRUE,2014
HANWHA_2015_PLY_002860_EPIC,PLY_002860,2,LIVE_EPIC,66,4,10,10,TRUE,2015
HANWHA_2019_PLY_002860_LN,PLY_002860,1,LIVE_NORMAL,66,4,10,10,TRUE,2019
HANWHA_2016_PLY_002860_AS,PLY_002860,3,ALLSTAR,75,4,10,9,TRUE,2016
HANWHA_2017_PLY_002860_LN,PLY_002860,1,LIVE_NORMAL,61,4,10,10,TRUE,2017
HANWHA_2013_PLY_002860_EPIC,PLY_002860,2,LIVE_EPIC,72,4,10,10,TRUE,2013
HANWHA_2018_PLY_002860_LN,PLY_002860,1,LIVE_NORMAL,61,4,10,10,TRUE,2018
HANWHA_2017_PLY_002860_EPIC,PLY_002860,2,LIVE_EPIC,75,4,10,10,TRUE,2017
HANWHA_2008_PLY_002861_GG,PLY_002861,8,GOLDEN_GLOVE,86,2,10,10,FALSE,2008
HANWHA_2012_PLY_002861_AS,PLY_002861,3,ALLSTAR,83,4,10,9,TRUE,2012
HANWHA_2016_PLY_002861_EPIC,PLY_002861,2,LIVE_EPIC,67,4,10,10,TRUE,2016
HANWHA_2011_PLY_002862_GG,PLY_002862,8,GOLDEN_GLOVE,86,2,10,10,FALSE,2011
HANWHA_2011_PLY_002862_LN,PLY_002862,1,LIVE_NORMAL,60,4,10,10,TRUE,2011
HANWHA_2016_PLY_002862_LN,PLY_002862,1,LIVE_NORMAL,67,4,10,10,TRUE,2016
HANWHA_2007_PLY_002862_EPIC,PLY_002862,2,LIVE_EPIC,75,4,10,10,TRUE,2007
HANWHA_2017_PLY_002862_EPIC,PLY_002862,2,LIVE_EPIC,66,4,10,10,TRUE,2017
HANWHA_2017_PLY_002862_SIG,PLY_002862,7,SIGNATURE,94,1,10,10,FALSE,2017
HANWHA_2012_PLY_002862_EPIC,PLY_002862,2,LIVE_EPIC,67,4,10,10,TRUE,2012
HANWHA_2006_PLY_002862_AS,PLY_002862,3,ALLSTAR,76,4,10,9,TRUE,2006
HANWHA_2014_PLY_002862_AS,PLY_002862,3,ALLSTAR,83,4,10,9,TRUE,2014
HANWHA_2013_PLY_002862_LN,PLY_002862,1,LIVE_NORMAL,56,4,10,10,TRUE,2013
HANWHA_2023_PLY_002863_AS,PLY_002863,3,ALLSTAR,77,4,10,9,TRUE,2023
HANWHA_2026_PLY_002863_AS,PLY_002863,3,ALLSTAR,80,4,10,9,TRUE,2026
HANWHA_2024_PLY_002863_EPIC,PLY_002863,2,LIVE_EPIC,76,4,10,10,TRUE,2024
HANWHA_2026_PLY_002863_EPIC,PLY_002863,2,LIVE_EPIC,73,4,10,10,TRUE,2026
HANWHA_2023_PLY_002863_LN,PLY_002863,1,LIVE_NORMAL,61,4,10,10,TRUE,2023
HANWHA_2026_PLY_002863_LN,PLY_002863,1,LIVE_NORMAL,58,4,10,10,TRUE,2026
HANWHA_2024_PLY_002863_AS,PLY_002863,3,ALLSTAR,76,4,10,9,TRUE,2024
HANWHA_2018_PLY_002864_TH,PLY_002864,5,TITLE_HOLDER,82,3,10,9,FALSE,2018
HANWHA_2021_PLY_002864_TH,PLY_002864,5,TITLE_HOLDER,85,3,10,9,FALSE,2021
HANWHA_1995_PLY_002865_SIG,PLY_002865,7,SIGNATURE,89,1,10,10,FALSE,1995
HANWHA_1995_PLY_002865_AS,PLY_002865,3,ALLSTAR,74,4,10,9,TRUE,1995
HANWHA_1995_PLY_002865_LN,PLY_002865,1,LIVE_NORMAL,61,4,10,10,TRUE,1995
HANWHA_1994_PLY_002865_EPIC,PLY_002865,2,LIVE_EPIC,74,4,10,10,TRUE,1994
HANWHA_1998_PLY_002865_LN,PLY_002865,1,LIVE_NORMAL,63,4,10,10,TRUE,1998
HANWHA_1993_PLY_002865_EPIC,PLY_002865,2,LIVE_EPIC,69,4,10,10,TRUE,1993
HANWHA_1997_PLY_002865_EPIC,PLY_002865,2,LIVE_EPIC,74,4,10,10,TRUE,1997
HANWHA_1995_PLY_002865_EPIC,PLY_002865,2,LIVE_EPIC,66,4,10,10,TRUE,1995
HANWHA_1995_PLY_002866_LN,PLY_002866,1,LIVE_NORMAL,55,4,10,10,TRUE,1995
HANWHA_1995_PLY_002866_AS,PLY_002866,3,ALLSTAR,80,4,10,9,TRUE,1995
HANWHA_1992_PLY_002866_LN,PLY_002866,1,LIVE_NORMAL,61,4,10,10,TRUE,1992
HANWHA_1995_PLY_002866_GG,PLY_002866,8,GOLDEN_GLOVE,84,2,10,10,FALSE,1995
HANWHA_1994_PLY_002866_EPIC,PLY_002866,2,LIVE_EPIC,66,4,10,10,TRUE,1994
HANWHA_1992_PLY_002867_EPIC,PLY_002867,2,LIVE_EPIC,69,4,10,10,TRUE,1992
HANWHA_1993_PLY_002867_LN,PLY_002867,1,LIVE_NORMAL,64,4,10,10,TRUE,1993
HANWHA_1996_PLY_002867_LN,PLY_002867,1,LIVE_NORMAL,64,4,10,10,TRUE,1996
HANWHA_1999_PLY_002867_LN,PLY_002867,1,LIVE_NORMAL,67,4,10,10,TRUE,1999
HANWHA_1994_PLY_002867_LN,PLY_002867,1,LIVE_NORMAL,63,4,10,10,TRUE,1994
HANWHA_2021_PLY_002868_EPIC,PLY_002868,2,LIVE_EPIC,68,4,10,10,TRUE,2021
HANWHA_2012_PLY_002868_EPIC,PLY_002868,2,LIVE_EPIC,69,4,10,10,TRUE,2012
HANWHA_2022_PLY_002868_LN,PLY_002868,1,LIVE_NORMAL,59,4,10,10,TRUE,2022
HANWHA_2024_PLY_002868_LN,PLY_002868,1,LIVE_NORMAL,62,4,10,10,TRUE,2024
HANWHA_2022_PLY_002868_AS,PLY_002868,3,ALLSTAR,82,4,10,9,TRUE,2022
HANWHA_2003_PLY_002869_EPIC,PLY_002869,2,LIVE_EPIC,70,4,10,10,TRUE,2003
HANWHA_2003_PLY_002869_TH,PLY_002869,5,TITLE_HOLDER,85,3,10,9,FALSE,2003
HANWHA_2004_PLY_002869_LN,PLY_002869,1,LIVE_NORMAL,57,4,10,10,TRUE,2004
HANWHA_2005_PLY_002869_EPIC,PLY_002869,2,LIVE_EPIC,73,4,10,10,TRUE,2005
HANWHA_2003_PLY_002869_LN,PLY_002869,1,LIVE_NORMAL,59,4,10,10,TRUE,2003
HANWHA_2025_PLY_002870_LN,PLY_002870,1,LIVE_NORMAL,61,4,10,10,TRUE,2025
HANWHA_2022_PLY_002870_AS,PLY_002870,3,ALLSTAR,78,4,10,9,TRUE,2022
HANWHA_2025_PLY_002870_EPIC,PLY_002870,2,LIVE_EPIC,74,4,10,10,TRUE,2025
HANWHA_2001_PLY_002871_LN,PLY_002871,1,LIVE_NORMAL,57,4,10,10,TRUE,2001
HANWHA_2003_PLY_002871_EPIC,PLY_002871,2,LIVE_EPIC,75,4,10,10,TRUE,2003
HANWHA_1996_PLY_002871_EPIC,PLY_002871,2,LIVE_EPIC,67,4,10,10,TRUE,1996
HANWHA_2009_PLY_002872_GG,PLY_002872,8,GOLDEN_GLOVE,83,2,10,10,FALSE,2009
HANWHA_2018_PLY_002872_GG,PLY_002872,8,GOLDEN_GLOVE,88,2,10,10,FALSE,2018
HANWHA_2016_PLY_002872_EPIC,PLY_002872,2,LIVE_EPIC,72,4,10,10,TRUE,2016
HANWHA_2015_PLY_002872_LN,PLY_002872,1,LIVE_NORMAL,57,4,10,10,TRUE,2015
HANWHA_2010_PLY_002872_LN,PLY_002872,1,LIVE_NORMAL,56,4,10,10,TRUE,2010
HANWHA_2019_PLY_002872_LN,PLY_002872,1,LIVE_NORMAL,60,4,10,10,TRUE,2019
HANWHA_2012_PLY_002872_AS,PLY_002872,3,ALLSTAR,75,4,10,9,TRUE,2012
HANWHA_1996_PLY_002873_LN,PLY_002873,1,LIVE_NORMAL,63,4,10,10,TRUE,1996
HANWHA_2002_PLY_002873_LN,PLY_002873,1,LIVE_NORMAL,58,4,10,10,TRUE,2002
HANWHA_2014_PLY_002874_LN,PLY_002874,1,LIVE_NORMAL,68,4,10,10,TRUE,2014
HANWHA_2018_PLY_002874_LN,PLY_002874,1,LIVE_NORMAL,67,4,10,10,TRUE,2018
HANWHA_2012_PLY_002874_SIG,PLY_002874,7,SIGNATURE,90,1,10,10,FALSE,2012
HANWHA_2011_PLY_002874_EPIC,PLY_002874,2,LIVE_EPIC,69,4,10,10,TRUE,2011
HANWHA_2011_PLY_002874_LN,PLY_002874,1,LIVE_NORMAL,67,4,10,10,TRUE,2011
HANWHA_2015_PLY_002874_LN,PLY_002874,1,LIVE_NORMAL,55,4,10,10,TRUE,2015
HANWHA_2014_PLY_002874_EPIC,PLY_002874,2,LIVE_EPIC,76,4,10,10,TRUE,2014
HANWHA_2015_PLY_002874_AS,PLY_002874,3,ALLSTAR,75,4,10,9,TRUE,2015
HANWHA_2019_PLY_002874_EPIC,PLY_002874,2,LIVE_EPIC,70,4,10,10,TRUE,2019
HANWHA_2021_PLY_002874_TH,PLY_002874,5,TITLE_HOLDER,80,3,10,9,FALSE,2021
HANWHA_2017_PLY_002874_LN,PLY_002874,1,LIVE_NORMAL,62,4,10,10,TRUE,2017
HANWHA_2026_PLY_002875_LN,PLY_002875,1,LIVE_NORMAL,59,4,10,10,TRUE,2026
HANWHA_2023_PLY_002875_AS,PLY_002875,3,ALLSTAR,81,4,10,9,TRUE,2023
HANWHA_2023_PLY_002875_LN,PLY_002875,1,LIVE_NORMAL,68,4,10,10,TRUE,2023
HANWHA_2024_PLY_002875_AS,PLY_002875,3,ALLSTAR,82,4,10,9,TRUE,2024
HANWHA_2025_PLY_002875_LN,PLY_002875,1,LIVE_NORMAL,64,4,10,10,TRUE,2025
HANWHA_2021_PLY_002875_LN,PLY_002875,1,LIVE_NORMAL,63,4,10,10,TRUE,2021
HANWHA_2025_PLY_002875_EPIC,PLY_002875,2,LIVE_EPIC,70,4,10,10,TRUE,2025
HANWHA_2022_PLY_002875_TH,PLY_002875,5,TITLE_HOLDER,81,3,10,9,FALSE,2022
HANWHA_2024_PLY_002875_LN,PLY_002875,1,LIVE_NORMAL,58,4,10,10,TRUE,2024
HANWHA_2003_PLY_002876_TH,PLY_002876,5,TITLE_HOLDER,85,3,10,9,FALSE,2003
HANWHA_1996_PLY_002876_TH,PLY_002876,5,TITLE_HOLDER,83,3,10,9,FALSE,1996
HANWHA_2000_PLY_002876_LN,PLY_002876,1,LIVE_NORMAL,60,4,10,10,TRUE,2000
HANWHA_2007_PLY_002876_AS,PLY_002876,3,ALLSTAR,78,4,10,9,TRUE,2007
HANWHA_2006_PLY_002876_EPIC,PLY_002876,2,LIVE_EPIC,75,4,10,10,TRUE,2006
HANWHA_2002_PLY_002877_EPIC,PLY_002877,2,LIVE_EPIC,76,4,10,10,TRUE,2002
HANWHA_2000_PLY_002877_AS,PLY_002877,3,ALLSTAR,82,4,10,9,TRUE,2000
HANWHA_1993_PLY_002877_LN,PLY_002877,1,LIVE_NORMAL,65,4,10,10,TRUE,1993
HANWHA_2006_PLY_002878_LN,PLY_002878,1,LIVE_NORMAL,59,4,10,10,TRUE,2006
HANWHA_2003_PLY_002878_EPIC,PLY_002878,2,LIVE_EPIC,74,4,10,10,TRUE,2003
HANWHA_2004_PLY_002878_AS,PLY_002878,3,ALLSTAR,76,4,10,9,TRUE,2004
HANWHA_2005_PLY_002878_TH,PLY_002878,5,TITLE_HOLDER,85,3,10,9,FALSE,2005
HANWHA_2003_PLY_002878_LN,PLY_002878,1,LIVE_NORMAL,66,4,10,10,TRUE,2003
HANWHA_2004_PLY_002878_LN,PLY_002878,1,LIVE_NORMAL,64,4,10,10,TRUE,2004
HANWHA_1991_PLY_002879_TH,PLY_002879,5,TITLE_HOLDER,80,3,10,9,FALSE,1991
HANWHA_1989_PLY_002879_AS,PLY_002879,3,ALLSTAR,79,4,10,9,TRUE,1989
HANWHA_1994_PLY_002879_AS,PLY_002879,3,ALLSTAR,80,4,10,9,TRUE,1994
HANWHA_1988_PLY_002879_GG,PLY_002879,8,GOLDEN_GLOVE,90,2,10,10,FALSE,1988
HANWHA_1993_PLY_002879_LN,PLY_002879,1,LIVE_NORMAL,58,4,10,10,TRUE,1993
HANWHA_1990_PLY_002879_AS,PLY_002879,3,ALLSTAR,80,4,10,9,TRUE,1990
HANWHA_2018_PLY_002880_AS,PLY_002880,3,ALLSTAR,77,4,10,9,TRUE,2018
HANWHA_2022_PLY_002880_SIG,PLY_002880,7,SIGNATURE,87,1,10,10,FALSE,2022
HANWHA_2024_PLY_002880_TH,PLY_002880,5,TITLE_HOLDER,84,3,10,9,FALSE,2024
HANWHA_2017_PLY_002880_GG,PLY_002880,8,GOLDEN_GLOVE,87,2,10,10,FALSE,2017
HANWHA_2016_PLY_002880_LN,PLY_002880,1,LIVE_NORMAL,67,4,10,10,TRUE,2016
HANWHA_2026_PLY_002880_TH,PLY_002880,5,TITLE_HOLDER,80,3,10,9,FALSE,2026
HANWHA_2022_PLY_002880_EPIC,PLY_002880,2,LIVE_EPIC,74,4,10,10,TRUE,2022
HANWHA_2022_PLY_002880_LN,PLY_002880,1,LIVE_NORMAL,62,4,10,10,TRUE,2022
HANWHA_2018_PLY_002880_LN,PLY_002880,1,LIVE_NORMAL,57,4,10,10,TRUE,2018
HANWHA_2017_PLY_002880_LN,PLY_002880,1,LIVE_NORMAL,68,4,10,10,TRUE,2017
HANWHA_2011_PLY_002881_LN,PLY_002881,1,LIVE_NORMAL,57,4,10,10,TRUE,2011
HANWHA_2014_PLY_002881_LN,PLY_002881,1,LIVE_NORMAL,58,4,10,10,TRUE,2014
HANWHA_2022_PLY_002882_GG,PLY_002882,8,GOLDEN_GLOVE,87,2,10,10,FALSE,2022
HANWHA_2022_PLY_002882_LN,PLY_002882,1,LIVE_NORMAL,65,4,10,10,TRUE,2022
HANWHA_2025_PLY_002882_EPIC,PLY_002882,2,LIVE_EPIC,74,4,10,10,TRUE,2025
HANWHA_2024_PLY_002882_LN,PLY_002882,1,LIVE_NORMAL,59,4,10,10,TRUE,2024
HANWHA_2023_PLY_002882_TH,PLY_002882,5,TITLE_HOLDER,84,3,10,9,FALSE,2023
HANWHA_2024_PLY_002882_AS,PLY_002882,3,ALLSTAR,83,4,10,9,TRUE,2024
HANWHA_2026_PLY_002882_TH,PLY_002882,5,TITLE_HOLDER,86,3,10,9,FALSE,2026
HANWHA_2023_PLY_002882_AS,PLY_002882,3,ALLSTAR,75,4,10,9,TRUE,2023
HANWHA_2024_PLY_002882_EPIC,PLY_002882,2,LIVE_EPIC,69,4,10,10,TRUE,2024
HANWHA_2026_PLY_002882_LN,PLY_002882,1,LIVE_NORMAL,61,4,10,10,TRUE,2026
HANWHA_1998_PLY_002883_LN,PLY_002883,1,LIVE_NORMAL,55,4,10,10,TRUE,1998
HANWHA_2007_PLY_002883_LN,PLY_002883,1,LIVE_NORMAL,59,4,10,10,TRUE,2007
HANWHA_1998_PLY_002883_TH,PLY_002883,5,TITLE_HOLDER,86,3,10,9,FALSE,1998
HANWHA_1998_PLY_002883_GG,PLY_002883,8,GOLDEN_GLOVE,84,2,10,10,FALSE,1998
HANWHA_2001_PLY_002883_GG,PLY_002883,8,GOLDEN_GLOVE,83,2,10,10,FALSE,2001
HANWHA_2003_PLY_002883_AS,PLY_002883,3,ALLSTAR,79,4,10,9,TRUE,2003
HANWHA_2005_PLY_002883_LN,PLY_002883,1,LIVE_NORMAL,62,4,10,10,TRUE,2005
HANWHA_1999_PLY_002883_AS,PLY_002883,3,ALLSTAR,76,4,10,9,TRUE,1999
HANWHA_2007_PLY_002883_AS,PLY_002883,3,ALLSTAR,83,4,10,9,TRUE,2007
HANWHA_2008_PLY_002883_EPIC,PLY_002883,2,LIVE_EPIC,75,4,10,10,TRUE,2008
HANWHA_1998_PLY_002884_TH,PLY_002884,5,TITLE_HOLDER,81,3,10,9,FALSE,1998
HANWHA_1998_PLY_002884_AS,PLY_002884,3,ALLSTAR,75,4,10,9,TRUE,1998
HANWHA_2000_PLY_002884_EPIC,PLY_002884,2,LIVE_EPIC,65,4,10,10,TRUE,2000
HANWHA_1999_PLY_002884_SIG,PLY_002884,7,SIGNATURE,88,1,10,10,FALSE,1999
HANWHA_1999_PLY_002884_EPIC,PLY_002884,2,LIVE_EPIC,68,4,10,10,TRUE,1999
HANWHA_1997_PLY_002884_AS,PLY_002884,3,ALLSTAR,78,4,10,9,TRUE,1997
HANWHA_2013_PLY_002885_LN,PLY_002885,1,LIVE_NORMAL,58,4,10,10,TRUE,2013
HANWHA_2007_PLY_002885_AS,PLY_002885,3,ALLSTAR,74,4,10,9,TRUE,2007
HANWHA_2013_PLY_002885_EPIC,PLY_002885,2,LIVE_EPIC,71,4,10,10,TRUE,2013
HANWHA_2017_PLY_002885_TH,PLY_002885,5,TITLE_HOLDER,84,3,10,9,FALSE,2017
HANWHA_2017_PLY_002885_EPIC,PLY_002885,2,LIVE_EPIC,76,4,10,10,TRUE,2017
HANWHA_2009_PLY_002885_AS,PLY_002885,3,ALLSTAR,79,4,10,9,TRUE,2009
HANWHA_2022_PLY_002885_LN,PLY_002885,1,LIVE_NORMAL,66,4,10,10,TRUE,2022
HANWHA_2014_PLY_002886_LN,PLY_002886,1,LIVE_NORMAL,68,4,10,10,TRUE,2014
HANWHA_2014_PLY_002886_TH,PLY_002886,5,TITLE_HOLDER,84,3,10,9,FALSE,2014
HANWHA_2019_PLY_002886_LN,PLY_002886,1,LIVE_NORMAL,64,4,10,10,TRUE,2019
HANWHA_2014_PLY_002886_EPIC,PLY_002886,2,LIVE_EPIC,74,4,10,10,TRUE,2014
HANWHA_2003_PLY_002887_LN,PLY_002887,1,LIVE_NORMAL,59,4,10,10,TRUE,2003
HANWHA_1998_PLY_002887_SIG,PLY_002887,7,SIGNATURE,93,1,10,10,FALSE,1998
HANWHA_2000_PLY_002887_LN,PLY_002887,1,LIVE_NORMAL,61,4,10,10,TRUE,2000
HANWHA_2006_PLY_002887_TH,PLY_002887,5,TITLE_HOLDER,87,3,10,9,FALSE,2006
HANWHA_1997_PLY_002887_LN,PLY_002887,1,LIVE_NORMAL,67,4,10,10,TRUE,1997
HANWHA_2011_PLY_002887_EPIC,PLY_002887,2,LIVE_EPIC,69,4,10,10,TRUE,2011
HANWHA_2004_PLY_002887_EPIC,PLY_002887,2,LIVE_EPIC,71,4,10,10,TRUE,2004
HANWHA_2004_PLY_002887_TH,PLY_002887,5,TITLE_HOLDER,82,3,10,9,FALSE,2004
HANWHA_2009_PLY_002888_EPIC,PLY_002888,2,LIVE_EPIC,72,4,10,10,TRUE,2009
HANWHA_2008_PLY_002888_TH,PLY_002888,5,TITLE_HOLDER,83,3,10,9,FALSE,2008
HANWHA_2013_PLY_002888_LN,PLY_002888,1,LIVE_NORMAL,67,4,10,10,TRUE,2013
HANWHA_2011_PLY_002888_EPIC,PLY_002888,2,LIVE_EPIC,69,4,10,10,TRUE,2011
HANWHA_2011_PLY_002888_TH,PLY_002888,5,TITLE_HOLDER,83,3,10,9,FALSE,2011
HANWHA_2010_PLY_002888_TH,PLY_002888,5,TITLE_HOLDER,86,3,10,9,FALSE,2010
HANWHA_2008_PLY_002888_AS,PLY_002888,3,ALLSTAR,77,4,10,9,TRUE,2008
HANWHA_2019_PLY_002889_EPIC,PLY_002889,2,LIVE_EPIC,69,4,10,10,TRUE,2019
HANWHA_2018_PLY_002889_LN,PLY_002889,1,LIVE_NORMAL,67,4,10,10,TRUE,2018
HANWHA_2022_PLY_002889_LN,PLY_002889,1,LIVE_NORMAL,66,4,10,10,TRUE,2022
HANWHA_2023_PLY_002889_LN,PLY_002889,1,LIVE_NORMAL,66,4,10,10,TRUE,2023
HANWHA_2022_PLY_002890_EPIC,PLY_002890,2,LIVE_EPIC,70,4,10,10,TRUE,2022
HANWHA_2025_PLY_002890_TH,PLY_002890,5,TITLE_HOLDER,87,3,10,9,FALSE,2025
HANWHA_2020_PLY_002890_EPIC,PLY_002890,2,LIVE_EPIC,67,4,10,10,TRUE,2020
HANWHA_2025_PLY_002890_AS,PLY_002890,3,ALLSTAR,75,4,10,9,TRUE,2025
HANWHA_2020_PLY_002890_AS,PLY_002890,3,ALLSTAR,74,4,10,9,TRUE,2020
HANWHA_2021_PLY_002890_TH,PLY_002890,5,TITLE_HOLDER,80,3,10,9,FALSE,2021
HANWHA_2019_PLY_002890_LN,PLY_002890,1,LIVE_NORMAL,55,4,10,10,TRUE,2019
HANWHA_2025_PLY_002890_LN,PLY_002890,1,LIVE_NORMAL,62,4,10,10,TRUE,2025
HANWHA_2020_PLY_002890_LN,PLY_002890,1,LIVE_NORMAL,59,4,10,10,TRUE,2020
HANWHA_2022_PLY_002891_LN,PLY_002891,1,LIVE_NORMAL,62,4,10,10,TRUE,2022
HANWHA_2024_PLY_002891_LN,PLY_002891,1,LIVE_NORMAL,59,4,10,10,TRUE,2024
HANWHA_2026_PLY_002891_LN,PLY_002891,1,LIVE_NORMAL,64,4,10,10,TRUE,2026
HANWHA_2026_PLY_002891_AS,PLY_002891,3,ALLSTAR,79,4,10,9,TRUE,2026
HANWHA_2002_PLY_002892_EPIC,PLY_002892,2,LIVE_EPIC,66,4,10,10,TRUE,2002
HANWHA_1995_PLY_002892_AS,PLY_002892,3,ALLSTAR,82,4,10,9,TRUE,1995
HANWHA_1991_PLY_002892_TH,PLY_002892,5,TITLE_HOLDER,87,3,10,9,FALSE,1991
HANWHA_1992_PLY_002892_SIG,PLY_002892,7,SIGNATURE,93,1,10,10,FALSE,1992
HANWHA_1999_PLY_002892_EPIC,PLY_002892,2,LIVE_EPIC,66,4,10,10,TRUE,1999
HANWHA_1993_PLY_002892_GG,PLY_002892,8,GOLDEN_GLOVE,83,2,10,10,FALSE,1993
HANWHA_2023_PLY_002893_LN,PLY_002893,1,LIVE_NORMAL,66,4,10,10,TRUE,2023
HANWHA_2011_PLY_002894_LN,PLY_002894,1,LIVE_NORMAL,61,4,10,10,TRUE,2011
HANWHA_2023_PLY_002894_GG,PLY_002894,8,GOLDEN_GLOVE,85,2,10,10,FALSE,2023
HANWHA_2016_PLY_002894_LN,PLY_002894,1,LIVE_NORMAL,58,4,10,10,TRUE,2016
HANWHA_2018_PLY_002895_EPIC,PLY_002895,2,LIVE_EPIC,73,4,10,10,TRUE,2018
HANWHA_2024_PLY_002895_AS,PLY_002895,3,ALLSTAR,75,4,10,9,TRUE,2024
HANWHA_2025_PLY_002895_EPIC,PLY_002895,2,LIVE_EPIC,73,4,10,10,TRUE,2025
HANWHA_2023_PLY_002895_LN,PLY_002895,1,LIVE_NORMAL,56,4,10,10,TRUE,2023
HANWHA_2024_PLY_002895_TH,PLY_002895,5,TITLE_HOLDER,81,3,10,9,FALSE,2024
HANWHA_2022_PLY_002895_EPIC,PLY_002895,2,LIVE_EPIC,67,4,10,10,TRUE,2022
HANWHA_2022_PLY_002895_AS,PLY_002895,3,ALLSTAR,82,4,10,9,TRUE,2022
HANWHA_2020_PLY_002895_LN,PLY_002895,1,LIVE_NORMAL,57,4,10,10,TRUE,2020
HANWHA_2023_PLY_002895_GG,PLY_002895,8,GOLDEN_GLOVE,88,2,10,10,FALSE,2023
HANWHA_2006_PLY_002896_LN,PLY_002896,1,LIVE_NORMAL,62,4,10,10,TRUE,2006
HANWHA_2004_PLY_002896_LN,PLY_002896,1,LIVE_NORMAL,61,4,10,10,TRUE,2004
HANWHA_2014_PLY_002896_LN,PLY_002896,1,LIVE_NORMAL,68,4,10,10,TRUE,2014
HANWHA_2010_PLY_002896_LN,PLY_002896,1,LIVE_NORMAL,67,4,10,10,TRUE,2010
HANWHA_2006_PLY_002896_TH,PLY_002896,5,TITLE_HOLDER,84,3,10,9,FALSE,2006
HANWHA_2011_PLY_002896_TH,PLY_002896,5,TITLE_HOLDER,81,3,10,9,FALSE,2011
HANWHA_2010_PLY_002896_AS,PLY_002896,3,ALLSTAR,76,4,10,9,TRUE,2010
HANWHA_2014_PLY_002896_EPIC,PLY_002896,2,LIVE_EPIC,68,4,10,10,TRUE,2014
HANWHA_2004_PLY_002896_EPIC,PLY_002896,2,LIVE_EPIC,75,4,10,10,TRUE,2004
HANWHA_2011_PLY_002897_AS,PLY_002897,3,ALLSTAR,75,4,10,9,TRUE,2011
HANWHA_2015_PLY_002897_TH,PLY_002897,5,TITLE_HOLDER,82,3,10,9,FALSE,2015
HANWHA_2015_PLY_002897_EPIC,PLY_002897,2,LIVE_EPIC,75,4,10,10,TRUE,2015
HANWHA_2015_PLY_002897_LN,PLY_002897,1,LIVE_NORMAL,58,4,10,10,TRUE,2015
HANWHA_2011_PLY_002897_EPIC,PLY_002897,2,LIVE_EPIC,68,4,10,10,TRUE,2011
HANWHA_2024_PLY_002898_TH,PLY_002898,5,TITLE_HOLDER,84,3,10,9,FALSE,2024
HANWHA_2022_PLY_002898_EPIC,PLY_002898,2,LIVE_EPIC,74,4,10,10,TRUE,2022
HANWHA_2004_PLY_002899_LN,PLY_002899,1,LIVE_NORMAL,61,4,10,10,TRUE,2004
HANWHA_2005_PLY_002899_EPIC,PLY_002899,2,LIVE_EPIC,72,4,10,10,TRUE,2005
HANWHA_2023_PLY_002900_LN,PLY_002900,1,LIVE_NORMAL,59,4,10,10,TRUE,2023
HANWHA_2026_PLY_002900_GG,PLY_002900,8,GOLDEN_GLOVE,88,2,10,10,FALSE,2026
HANWHA_2024_PLY_002900_LN,PLY_002900,1,LIVE_NORMAL,60,4,10,10,TRUE,2024
HANWHA_2023_PLY_002901_LN,PLY_002901,1,LIVE_NORMAL,61,4,10,10,TRUE,2023
HANWHA_2026_PLY_002901_LN,PLY_002901,1,LIVE_NORMAL,63,4,10,10,TRUE,2026
HANWHA_2013_PLY_002902_AS,PLY_002902,3,ALLSTAR,74,4,10,9,TRUE,2013
HANWHA_2014_PLY_002902_LN,PLY_002902,1,LIVE_NORMAL,61,4,10,10,TRUE,2014
HANWHA_2016_PLY_002902_SIG,PLY_002902,7,SIGNATURE,91,1,10,10,FALSE,2016
HANWHA_1996_PLY_002903_TH,PLY_002903,5,TITLE_HOLDER,86,3,10,9,FALSE,1996
HANWHA_2000_PLY_002903_LN,PLY_002903,1,LIVE_NORMAL,61,4,10,10,TRUE,2000
HANWHA_1998_PLY_002903_TH,PLY_002903,5,TITLE_HOLDER,85,3,10,9,FALSE,1998
HANWHA_2005_PLY_002903_LN,PLY_002903,1,LIVE_NORMAL,66,4,10,10,TRUE,2005
HANWHA_2003_PLY_002903_LN,PLY_002903,1,LIVE_NORMAL,62,4,10,10,TRUE,2003
HANWHA_2000_PLY_002903_EPIC,PLY_002903,2,LIVE_EPIC,73,4,10,10,TRUE,2000
HANWHA_2002_PLY_002903_AS,PLY_002903,3,ALLSTAR,83,4,10,9,TRUE,2002
HANWHA_2003_PLY_002903_TH,PLY_002903,5,TITLE_HOLDER,82,3,10,9,FALSE,2003
HANWHA_2003_PLY_002903_AS,PLY_002903,3,ALLSTAR,78,4,10,9,TRUE,2003
HANWHA_1997_PLY_002903_LN,PLY_002903,1,LIVE_NORMAL,59,4,10,10,TRUE,1997
HANWHA_2022_PLY_002904_AS,PLY_002904,3,ALLSTAR,83,4,10,9,TRUE,2022
HANWHA_2020_PLY_002904_EPIC,PLY_002904,2,LIVE_EPIC,70,4,10,10,TRUE,2020
HANWHA_2021_PLY_002904_LN,PLY_002904,1,LIVE_NORMAL,67,4,10,10,TRUE,2021
HANWHA_2019_PLY_002904_EPIC,PLY_002904,2,LIVE_EPIC,67,4,10,10,TRUE,2019
HANWHA_2020_PLY_002904_SIG,PLY_002904,7,SIGNATURE,89,1,10,10,FALSE,2020
HANWHA_2019_PLY_002904_LN,PLY_002904,1,LIVE_NORMAL,65,4,10,10,TRUE,2019
HANWHA_2010_PLY_002905_LN,PLY_002905,1,LIVE_NORMAL,55,4,10,10,TRUE,2010
HANWHA_2007_PLY_002905_EPIC,PLY_002905,2,LIVE_EPIC,68,4,10,10,TRUE,2007
HANWHA_2010_PLY_002905_EPIC,PLY_002905,2,LIVE_EPIC,72,4,10,10,TRUE,2010
HANWHA_2014_PLY_002905_EPIC,PLY_002905,2,LIVE_EPIC,70,4,10,10,TRUE,2014
HANWHA_2006_PLY_002905_EPIC,PLY_002905,2,LIVE_EPIC,72,4,10,10,TRUE,2006
HANWHA_2010_PLY_002905_TH,PLY_002905,5,TITLE_HOLDER,87,3,10,9,FALSE,2010
HANWHA_2003_PLY_002905_LN,PLY_002905,1,LIVE_NORMAL,62,4,10,10,TRUE,2003
HANWHA_2017_PLY_002905_LN,PLY_002905,1,LIVE_NORMAL,55,4,10,10,TRUE,2017
HANWHA_2016_PLY_002905_LN,PLY_002905,1,LIVE_NORMAL,55,4,10,10,TRUE,2016
HANWHA_2013_PLY_002905_EPIC,PLY_002905,2,LIVE_EPIC,66,4,10,10,TRUE,2013
HANWHA_2010_PLY_002905_AS,PLY_002905,3,ALLSTAR,79,4,10,9,TRUE,2010
HANWHA_2015_PLY_002905_TH,PLY_002905,5,TITLE_HOLDER,83,3,10,9,FALSE,2015
HANWHA_2026_PLY_002906_GG,PLY_002906,8,GOLDEN_GLOVE,89,2,10,10,FALSE,2026
HANWHA_2015_PLY_002906_EPIC,PLY_002906,2,LIVE_EPIC,72,4,10,10,TRUE,2015
HANWHA_2015_PLY_002906_LN,PLY_002906,1,LIVE_NORMAL,63,4,10,10,TRUE,2015
HANWHA_2020_PLY_002906_AS,PLY_002906,3,ALLSTAR,81,4,10,9,TRUE,2020
HANWHA_2020_PLY_002906_LN,PLY_002906,1,LIVE_NORMAL,61,4,10,10,TRUE,2020
HANWHA_2016_PLY_002906_LN,PLY_002906,1,LIVE_NORMAL,61,4,10,10,TRUE,2016
HANWHA_2018_PLY_002906_LN,PLY_002906,1,LIVE_NORMAL,55,4,10,10,TRUE,2018
HANWHA_2023_PLY_002906_LN,PLY_002906,1,LIVE_NORMAL,63,4,10,10,TRUE,2023
HANWHA_2014_PLY_002906_AS,PLY_002906,3,ALLSTAR,75,4,10,9,TRUE,2014
HANWHA_2024_PLY_002906_EPIC,PLY_002906,2,LIVE_EPIC,67,4,10,10,TRUE,2024
HANWHA_1996_PLY_002907_EPIC,PLY_002907,2,LIVE_EPIC,66,4,10,10,TRUE,1996
HANWHA_1997_PLY_002907_LN,PLY_002907,1,LIVE_NORMAL,66,4,10,10,TRUE,1997
HANWHA_1997_PLY_002907_EPIC,PLY_002907,2,LIVE_EPIC,67,4,10,10,TRUE,1997
HANWHA_1997_PLY_002907_TH,PLY_002907,5,TITLE_HOLDER,81,3,10,9,FALSE,1997
HANWHA_1995_PLY_002907_AS,PLY_002907,3,ALLSTAR,82,4,10,9,TRUE,1995
HANWHA_1996_PLY_002907_AS,PLY_002907,3,ALLSTAR,78,4,10,9,TRUE,1996
HANWHA_1997_PLY_002907_SIG,PLY_002907,7,SIGNATURE,94,1,10,10,FALSE,1997
HANWHA_2019_PLY_002908_LN,PLY_002908,1,LIVE_NORMAL,55,4,10,10,TRUE,2019
HANWHA_2025_PLY_002908_LN,PLY_002908,1,LIVE_NORMAL,62,4,10,10,TRUE,2025
HANWHA_2026_PLY_002908_LN,PLY_002908,1,LIVE_NORMAL,64,4,10,10,TRUE,2026
HANWHA_2020_PLY_002908_LN,PLY_002908,1,LIVE_NORMAL,60,4,10,10,TRUE,2020
HANWHA_2023_PLY_002909_EPIC,PLY_002909,2,LIVE_EPIC,74,4,10,10,TRUE,2023
HANWHA_2023_PLY_002909_SIG,PLY_002909,7,SIGNATURE,89,1,10,10,FALSE,2023
HANWHA_2025_PLY_002909_EPIC,PLY_002909,2,LIVE_EPIC,69,4,10,10,TRUE,2025
HANWHA_2026_PLY_002909_AS,PLY_002909,3,ALLSTAR,83,4,10,9,TRUE,2026
HANWHA_2026_PLY_002909_TH,PLY_002909,5,TITLE_HOLDER,84,3,10,9,FALSE,2026
HANWHA_2025_PLY_002909_AS,PLY_002909,3,ALLSTAR,74,4,10,9,TRUE,2025
HANWHA_2026_PLY_002909_EPIC,PLY_002909,2,LIVE_EPIC,75,4,10,10,TRUE,2026
HANWHA_2023_PLY_002909_LN,PLY_002909,1,LIVE_NORMAL,63,4,10,10,TRUE,2023
HANWHA_2015_PLY_002910_EPIC,PLY_002910,2,LIVE_EPIC,76,4,10,10,TRUE,2015
HANWHA_2013_PLY_002910_LN,PLY_002910,1,LIVE_NORMAL,56,4,10,10,TRUE,2013
HANWHA_2018_PLY_002910_LN,PLY_002910,1,LIVE_NORMAL,58,4,10,10,TRUE,2018
HANWHA_2015_PLY_002910_AS,PLY_002910,3,ALLSTAR,78,4,10,9,TRUE,2015
HANWHA_2016_PLY_002910_SIG,PLY_002910,7,SIGNATURE,88,1,10,10,FALSE,2016
HANWHA_2026_PLY_002910_EPIC,PLY_002910,2,LIVE_EPIC,67,4,10,10,TRUE,2026
HANWHA_2025_PLY_002910_AS,PLY_002910,3,ALLSTAR,83,4,10,9,TRUE,2025
HANWHA_2019_PLY_002910_EPIC,PLY_002910,2,LIVE_EPIC,74,4,10,10,TRUE,2019
HANWHA_2015_PLY_002910_LN,PLY_002910,1,LIVE_NORMAL,61,4,10,10,TRUE,2015
HANWHA_2019_PLY_002910_GG,PLY_002910,8,GOLDEN_GLOVE,86,2,10,10,FALSE,2019
HANWHA_2023_PLY_002910_AS,PLY_002910,3,ALLSTAR,74,4,10,9,TRUE,2023
HANWHA_2016_PLY_002911_GG,PLY_002911,8,GOLDEN_GLOVE,87,2,10,10,FALSE,2016
HANWHA_2015_PLY_002911_EPIC,PLY_002911,2,LIVE_EPIC,66,4,10,10,TRUE,2015
HANWHA_2020_PLY_002911_LN,PLY_002911,1,LIVE_NORMAL,66,4,10,10,TRUE,2020
HANWHA_2018_PLY_002911_AS,PLY_002911,3,ALLSTAR,76,4,10,9,TRUE,2018
HANWHA_2019_PLY_002911_LN,PLY_002911,1,LIVE_NORMAL,66,4,10,10,TRUE,2019
HANWHA_2016_PLY_002911_EPIC,PLY_002911,2,LIVE_EPIC,66,4,10,10,TRUE,2016
HANWHA_2021_PLY_002911_SIG,PLY_002911,7,SIGNATURE,87,1,10,10,FALSE,2021
HANWHA_2014_PLY_002911_LN,PLY_002911,1,LIVE_NORMAL,68,4,10,10,TRUE,2014
HANWHA_2025_PLY_002912_EPIC,PLY_002912,2,LIVE_EPIC,66,4,10,10,TRUE,2025
HANWHA_2020_PLY_002912_LN,PLY_002912,1,LIVE_NORMAL,60,4,10,10,TRUE,2020
HANWHA_2023_PLY_002912_LN,PLY_002912,1,LIVE_NORMAL,62,4,10,10,TRUE,2023
HANWHA_2020_PLY_002912_EPIC,PLY_002912,2,LIVE_EPIC,65,4,10,10,TRUE,2020
HANWHA_2025_PLY_002912_AS,PLY_002912,3,ALLSTAR,79,4,10,9,TRUE,2025
HANWHA_2025_PLY_002912_LN,PLY_002912,1,LIVE_NORMAL,55,4,10,10,TRUE,2025
HANWHA_2023_PLY_002912_EPIC,PLY_002912,2,LIVE_EPIC,71,4,10,10,TRUE,2023
HANWHA_2026_PLY_002912_EPIC,PLY_002912,2,LIVE_EPIC,68,4,10,10,TRUE,2026
HANWHA_2024_PLY_002912_LN,PLY_002912,1,LIVE_NORMAL,58,4,10,10,TRUE,2024
HANWHA_2023_PLY_002912_AS,PLY_002912,3,ALLSTAR,82,4,10,9,TRUE,2023
HANWHA_2007_PLY_002913_EPIC,PLY_002913,2,LIVE_EPIC,70,4,10,10,TRUE,2007
HANWHA_1999_PLY_002913_EPIC,PLY_002913,2,LIVE_EPIC,73,4,10,10,TRUE,1999
HANWHA_2008_PLY_002913_EPIC,PLY_002913,2,LIVE_EPIC,66,4,10,10,TRUE,2008
HANWHA_2023_PLY_002914_TH,PLY_002914,5,TITLE_HOLDER,81,3,10,9,FALSE,2023
HANWHA_2023_PLY_002914_EPIC,PLY_002914,2,LIVE_EPIC,70,4,10,10,TRUE,2023
HANWHA_2022_PLY_002914_SIG,PLY_002914,7,SIGNATURE,87,1,10,10,FALSE,2022
HANWHA_2023_PLY_002914_LN,PLY_002914,1,LIVE_NORMAL,57,4,10,10,TRUE,2023
HANWHA_2025_PLY_002914_LN,PLY_002914,1,LIVE_NORMAL,58,4,10,10,TRUE,2025
HANWHA_2021_PLY_002914_LN,PLY_002914,1,LIVE_NORMAL,62,4,10,10,TRUE,2021
HANWHA_2025_PLY_002914_EPIC,PLY_002914,2,LIVE_EPIC,70,4,10,10,TRUE,2025
HANWHA_2020_PLY_002914_LN,PLY_002914,1,LIVE_NORMAL,65,4,10,10,TRUE,2020
HANWHA_2001_PLY_002915_EPIC,PLY_002915,2,LIVE_EPIC,71,4,10,10,TRUE,2001
HANWHA_1997_PLY_002915_AS,PLY_002915,3,ALLSTAR,76,4,10,9,TRUE,1997
HANWHA_2004_PLY_002915_GG,PLY_002915,8,GOLDEN_GLOVE,90,2,10,10,FALSE,2004
HANWHA_1997_PLY_002915_TH,PLY_002915,5,TITLE_HOLDER,81,3,10,9,FALSE,1997
HANWHA_1998_PLY_002915_LN,PLY_002915,1,LIVE_NORMAL,56,4,10,10,TRUE,1998
HANWHA_2019_PLY_002916_LN,PLY_002916,1,LIVE_NORMAL,64,4,10,10,TRUE,2019
HANWHA_2020_PLY_002916_EPIC,PLY_002916,2,LIVE_EPIC,73,4,10,10,TRUE,2020
HANWHA_2012_PLY_002916_TH,PLY_002916,5,TITLE_HOLDER,84,3,10,9,FALSE,2012
HANWHA_2016_PLY_002916_EPIC,PLY_002916,2,LIVE_EPIC,68,4,10,10,TRUE,2016
HANWHA_2022_PLY_002917_LN,PLY_002917,1,LIVE_NORMAL,60,4,10,10,TRUE,2022
HANWHA_2019_PLY_002917_LN,PLY_002917,1,LIVE_NORMAL,55,4,10,10,TRUE,2019
HANWHA_2022_PLY_002917_EPIC,PLY_002917,2,LIVE_EPIC,72,4,10,10,TRUE,2022
HANWHA_2025_PLY_002917_TH,PLY_002917,5,TITLE_HOLDER,82,3,10,9,FALSE,2025
HANWHA_2024_PLY_002917_LN,PLY_002917,1,LIVE_NORMAL,68,4,10,10,TRUE,2024
HANWHA_2019_PLY_002917_TH,PLY_002917,5,TITLE_HOLDER,84,3,10,9,FALSE,2019
HANWHA_2024_PLY_002917_TH,PLY_002917,5,TITLE_HOLDER,81,3,10,9,FALSE,2024
HANWHA_2026_PLY_002917_LN,PLY_002917,1,LIVE_NORMAL,63,4,10,10,TRUE,2026
HANWHA_2020_PLY_002917_LN,PLY_002917,1,LIVE_NORMAL,57,4,10,10,TRUE,2020
HANWHA_1988_PLY_002918_LN,PLY_002918,1,LIVE_NORMAL,67,4,10,10,TRUE,1988
HANWHA_1986_PLY_002918_LN,PLY_002918,1,LIVE_NORMAL,62,4,10,10,TRUE,1986
HANWHA_1988_PLY_002918_EPIC,PLY_002918,2,LIVE_EPIC,76,4,10,10,TRUE,1988
HANWHA_1989_PLY_002918_TH,PLY_002918,5,TITLE_HOLDER,80,3,10,9,FALSE,1989
HANWHA_1988_PLY_002918_AS,PLY_002918,3,ALLSTAR,75,4,10,9,TRUE,1988
HANWHA_1989_PLY_002918_LN,PLY_002918,1,LIVE_NORMAL,58,4,10,10,TRUE,1989
HANWHA_2010_PLY_002919_AS,PLY_002919,3,ALLSTAR,83,4,10,9,TRUE,2010
HANWHA_2008_PLY_002919_EPIC,PLY_002919,2,LIVE_EPIC,76,4,10,10,TRUE,2008
HANWHA_2004_PLY_002919_LN,PLY_002919,1,LIVE_NORMAL,57,4,10,10,TRUE,2004
HANWHA_2004_PLY_002919_TH,PLY_002919,5,TITLE_HOLDER,83,3,10,9,FALSE,2004
HANWHA_2015_PLY_002920_EPIC,PLY_002920,2,LIVE_EPIC,73,4,10,10,TRUE,2015
HANWHA_2018_PLY_002920_EPIC,PLY_002920,2,LIVE_EPIC,74,4,10,10,TRUE,2018
HANWHA_2015_PLY_002920_SIG,PLY_002920,7,SIGNATURE,89,1,10,10,FALSE,2015
HANWHA_2013_PLY_002920_LN,PLY_002920,1,LIVE_NORMAL,57,4,10,10,TRUE,2013
HANWHA_2020_PLY_002920_TH,PLY_002920,5,TITLE_HOLDER,83,3,10,9,FALSE,2020
HANWHA_2025_PLY_002921_LN,PLY_002921,1,LIVE_NORMAL,61,4,10,10,TRUE,2025
HANWHA_2024_PLY_002921_AS,PLY_002921,3,ALLSTAR,78,4,10,9,TRUE,2024
HANWHA_2026_PLY_002921_EPIC,PLY_002921,2,LIVE_EPIC,72,4,10,10,TRUE,2026
HANWHA_2023_PLY_002921_EPIC,PLY_002921,2,LIVE_EPIC,70,4,10,10,TRUE,2023
HANWHA_2026_PLY_002921_TH,PLY_002921,5,TITLE_HOLDER,80,3,10,9,FALSE,2026
HANWHA_2024_PLY_002921_TH,PLY_002921,5,TITLE_HOLDER,85,3,10,9,FALSE,2024
HANWHA_2025_PLY_002921_GG,PLY_002921,8,GOLDEN_GLOVE,89,2,10,10,FALSE,2025
HANWHA_2022_PLY_002921_LN,PLY_002921,1,LIVE_NORMAL,66,4,10,10,TRUE,2022
HANWHA_2022_PLY_002921_AS,PLY_002921,3,ALLSTAR,78,4,10,9,TRUE,2022
HANWHA_2025_PLY_002921_EPIC,PLY_002921,2,LIVE_EPIC,67,4,10,10,TRUE,2025
HANWHA_2015_PLY_002922_SIG,PLY_002922,7,SIGNATURE,94,1,10,10,FALSE,2015
HANWHA_2018_PLY_002922_EPIC,PLY_002922,2,LIVE_EPIC,69,4,10,10,TRUE,2018
HANWHA_2021_PLY_002922_EPIC,PLY_002922,2,LIVE_EPIC,65,4,10,10,TRUE,2021
HANWHA_2024_PLY_002922_EPIC,PLY_002922,2,LIVE_EPIC,67,4,10,10,TRUE,2024
HANWHA_2015_PLY_002922_EPIC,PLY_002922,2,LIVE_EPIC,70,4,10,10,TRUE,2015
HANWHA_2011_PLY_002922_GG,PLY_002922,8,GOLDEN_GLOVE,83,2,10,10,FALSE,2011
HANWHA_2017_PLY_002922_LN,PLY_002922,1,LIVE_NORMAL,57,4,10,10,TRUE,2017
HANWHA_2023_PLY_002923_LN,PLY_002923,1,LIVE_NORMAL,58,4,10,10,TRUE,2023
HANWHA_2026_PLY_002923_AS,PLY_002923,3,ALLSTAR,78,4,10,9,TRUE,2026
HANWHA_2023_PLY_002923_EPIC,PLY_002923,2,LIVE_EPIC,76,4,10,10,TRUE,2023
HANWHA_2026_PLY_002923_LN,PLY_002923,1,LIVE_NORMAL,65,4,10,10,TRUE,2026
HANWHA_2024_PLY_002923_TH,PLY_002923,5,TITLE_HOLDER,86,3,10,9,FALSE,2024
HANWHA_2024_PLY_002923_LN,PLY_002923,1,LIVE_NORMAL,63,4,10,10,TRUE,2024
HANWHA_2025_PLY_002923_TH,PLY_002923,5,TITLE_HOLDER,80,3,10,9,FALSE,2025
HANWHA_2023_PLY_002923_AS,PLY_002923,3,ALLSTAR,81,4,10,9,TRUE,2023
HANWHA_2025_PLY_002923_EPIC,PLY_002923,2,LIVE_EPIC,69,4,10,10,TRUE,2025
HANWHA_2005_PLY_002924_AS,PLY_002924,3,ALLSTAR,81,4,10,9,TRUE,2005
HANWHA_1997_PLY_002924_EPIC,PLY_002924,2,LIVE_EPIC,69,4,10,10,TRUE,1997
HANWHA_2000_PLY_002925_AS,PLY_002925,3,ALLSTAR,82,4,10,9,TRUE,2000
HANWHA_1988_PLY_002925_LN,PLY_002925,1,LIVE_NORMAL,64,4,10,10,TRUE,1988
HANWHA_1994_PLY_002925_TH,PLY_002925,5,TITLE_HOLDER,87,3,10,9,FALSE,1994
HANWHA_1992_PLY_002926_EPIC,PLY_002926,2,LIVE_EPIC,76,4,10,10,TRUE,1992
HANWHA_1995_PLY_002926_LN,PLY_002926,1,LIVE_NORMAL,62,4,10,10,TRUE,1995
HANWHA_2001_PLY_002926_EPIC,PLY_002926,2,LIVE_EPIC,74,4,10,10,TRUE,2001
HANWHA_1991_PLY_002926_LN,PLY_002926,1,LIVE_NORMAL,63,4,10,10,TRUE,1991
HANWHA_1998_PLY_002926_EPIC,PLY_002926,2,LIVE_EPIC,67,4,10,10,TRUE,1998
HANWHA_1988_PLY_002926_EPIC,PLY_002926,2,LIVE_EPIC,73,4,10,10,TRUE,1988
HANWHA_1987_PLY_002926_TH,PLY_002926,5,TITLE_HOLDER,81,3,10,9,FALSE,1987
HANWHA_2014_PLY_002927_TH,PLY_002927,5,TITLE_HOLDER,80,3,10,9,FALSE,2014
HANWHA_2020_PLY_002927_EPIC,PLY_002927,2,LIVE_EPIC,70,4,10,10,TRUE,2020
HANWHA_2015_PLY_002927_EPIC,PLY_002927,2,LIVE_EPIC,74,4,10,10,TRUE,2015
HANWHA_2017_PLY_002927_TH,PLY_002927,5,TITLE_HOLDER,83,3,10,9,FALSE,2017
HANWHA_2021_PLY_002927_LN,PLY_002927,1,LIVE_NORMAL,67,4,10,10,TRUE,2021
HANWHA_2014_PLY_002927_EPIC,PLY_002927,2,LIVE_EPIC,65,4,10,10,TRUE,2014
HANWHA_2022_PLY_002927_AS,PLY_002927,3,ALLSTAR,80,4,10,9,TRUE,2022
HANWHA_2018_PLY_002927_LN,PLY_002927,1,LIVE_NORMAL,58,4,10,10,TRUE,2018
HANWHA_2016_PLY_002927_AS,PLY_002927,3,ALLSTAR,78,4,10,9,TRUE,2016
HANWHA_2014_PLY_002927_GG,PLY_002927,8,GOLDEN_GLOVE,85,2,10,10,FALSE,2014
HANWHA_2017_PLY_002927_LN,PLY_002927,1,LIVE_NORMAL,68,4,10,10,TRUE,2017
HANWHA_2019_PLY_002927_EPIC,PLY_002927,2,LIVE_EPIC,73,4,10,10,TRUE,2019
HANWHA_2008_PLY_002928_TH,PLY_002928,5,TITLE_HOLDER,87,3,10,9,FALSE,2008
HANWHA_2009_PLY_002928_GG,PLY_002928,8,GOLDEN_GLOVE,88,2,10,10,FALSE,2009
HANWHA_2013_PLY_002928_LN,PLY_002928,1,LIVE_NORMAL,56,4,10,10,TRUE,2013
HANWHA_2008_PLY_002928_LN,PLY_002928,1,LIVE_NORMAL,57,4,10,10,TRUE,2008
HANWHA_2023_PLY_002929_LN,PLY_002929,1,LIVE_NORMAL,66,4,10,10,TRUE,2023
HANWHA_2023_PLY_002929_TH,PLY_002929,5,TITLE_HOLDER,86,3,10,9,FALSE,2023
HANWHA_2024_PLY_002929_LN,PLY_002929,1,LIVE_NORMAL,67,4,10,10,TRUE,2024
HANWHA_2023_PLY_002929_SIG,PLY_002929,7,SIGNATURE,94,1,10,10,FALSE,2023
HANWHA_2019_PLY_002930_EPIC,PLY_002930,2,LIVE_EPIC,68,4,10,10,TRUE,2019
HANWHA_2023_PLY_002930_AS,PLY_002930,3,ALLSTAR,81,4,10,9,TRUE,2023
HANWHA_2022_PLY_002930_AS,PLY_002930,3,ALLSTAR,81,4,10,9,TRUE,2022
HANWHA_2015_PLY_002930_LN,PLY_002930,1,LIVE_NORMAL,58,4,10,10,TRUE,2015
HANWHA_2022_PLY_002930_LN,PLY_002930,1,LIVE_NORMAL,56,4,10,10,TRUE,2022
HANWHA_2025_PLY_002930_AS,PLY_002930,3,ALLSTAR,80,4,10,9,TRUE,2025
HANWHA_2016_PLY_002930_EPIC,PLY_002930,2,LIVE_EPIC,67,4,10,10,TRUE,2016
HANWHA_2013_PLY_002931_EPIC,PLY_002931,2,LIVE_EPIC,70,4,10,10,TRUE,2013
HANWHA_2010_PLY_002931_EPIC,PLY_002931,2,LIVE_EPIC,73,4,10,10,TRUE,2010
HANWHA_2009_PLY_002931_LN,PLY_002931,1,LIVE_NORMAL,67,4,10,10,TRUE,2009
HANWHA_2013_PLY_002931_AS,PLY_002931,3,ALLSTAR,83,4,10,9,TRUE,2013
HANWHA_2012_PLY_002931_EPIC,PLY_002931,2,LIVE_EPIC,73,4,10,10,TRUE,2012
HANWHA_2013_PLY_002931_LN,PLY_002931,1,LIVE_NORMAL,67,4,10,10,TRUE,2013
HANWHA_2008_PLY_002931_AS,PLY_002931,3,ALLSTAR,81,4,10,9,TRUE,2008
HANWHA_2013_PLY_002931_TH,PLY_002931,5,TITLE_HOLDER,82,3,10,9,FALSE,2013
HANWHA_2008_PLY_002931_GG,PLY_002931,8,GOLDEN_GLOVE,84,2,10,10,FALSE,2008
HANWHA_2014_PLY_002932_EPIC,PLY_002932,2,LIVE_EPIC,76,4,10,10,TRUE,2014
HANWHA_2020_PLY_002932_AS,PLY_002932,3,ALLSTAR,77,4,10,9,TRUE,2020
HANWHA_2015_PLY_002932_EPIC,PLY_002932,2,LIVE_EPIC,68,4,10,10,TRUE,2015
HANWHA_2008_PLY_002932_LN,PLY_002932,1,LIVE_NORMAL,64,4,10,10,TRUE,2008
HANWHA_2015_PLY_002932_LN,PLY_002932,1,LIVE_NORMAL,62,4,10,10,TRUE,2015
HANWHA_2017_PLY_002932_LN,PLY_002932,1,LIVE_NORMAL,55,4,10,10,TRUE,2017
HANWHA_2015_PLY_002932_TH,PLY_002932,5,TITLE_HOLDER,83,3,10,9,FALSE,2015
HANWHA_1999_PLY_002933_EPIC,PLY_002933,2,LIVE_EPIC,74,4,10,10,TRUE,1999
HANWHA_2009_PLY_002933_TH,PLY_002933,5,TITLE_HOLDER,83,3,10,9,FALSE,2009
HANWHA_2001_PLY_002933_LN,PLY_002933,1,LIVE_NORMAL,56,4,10,10,TRUE,2001
HANWHA_2003_PLY_002933_AS,PLY_002933,3,ALLSTAR,78,4,10,9,TRUE,2003
HANWHA_2004_PLY_002933_LN,PLY_002933,1,LIVE_NORMAL,64,4,10,10,TRUE,2004
HANWHA_2000_PLY_002933_EPIC,PLY_002933,2,LIVE_EPIC,69,4,10,10,TRUE,2000
HANWHA_2010_PLY_002933_LN,PLY_002933,1,LIVE_NORMAL,67,4,10,10,TRUE,2010
HANWHA_2003_PLY_002933_EPIC,PLY_002933,2,LIVE_EPIC,71,4,10,10,TRUE,2003
HANWHA_2011_PLY_002934_AS,PLY_002934,3,ALLSTAR,80,4,10,9,TRUE,2011
HANWHA_2001_PLY_002934_AS,PLY_002934,3,ALLSTAR,74,4,10,9,TRUE,2001
HANWHA_2013_PLY_002934_LN,PLY_002934,1,LIVE_NORMAL,55,4,10,10,TRUE,2013
HANWHA_2010_PLY_002934_GG,PLY_002934,8,GOLDEN_GLOVE,86,2,10,10,FALSE,2010
HANWHA_2006_PLY_002934_AS,PLY_002934,3,ALLSTAR,79,4,10,9,TRUE,2006
HANWHA_2013_PLY_002934_GG,PLY_002934,8,GOLDEN_GLOVE,87,2,10,10,FALSE,2013
HANWHA_2008_PLY_002934_TH,PLY_002934,5,TITLE_HOLDER,87,3,10,9,FALSE,2008
HANWHA_2004_PLY_002934_GG,PLY_002934,8,GOLDEN_GLOVE,87,2,10,10,FALSE,2004
HANWHA_2006_PLY_002934_EPIC,PLY_002934,2,LIVE_EPIC,68,4,10,10,TRUE,2006
HANWHA_2010_PLY_002935_EPIC,PLY_002935,2,LIVE_EPIC,67,4,10,10,TRUE,2010
HANWHA_2015_PLY_002935_LN,PLY_002935,1,LIVE_NORMAL,62,4,10,10,TRUE,2015
HANWHA_2011_PLY_002935_EPIC,PLY_002935,2,LIVE_EPIC,75,4,10,10,TRUE,2011
HANWHA_2013_PLY_002935_LN,PLY_002935,1,LIVE_NORMAL,62,4,10,10,TRUE,2013
HANWHA_2008_PLY_002935_AS,PLY_002935,3,ALLSTAR,82,4,10,9,TRUE,2008
HANWHA_2008_PLY_002935_EPIC,PLY_002935,2,LIVE_EPIC,76,4,10,10,TRUE,2008
HANWHA_2012_PLY_002935_EPIC,PLY_002935,2,LIVE_EPIC,73,4,10,10,TRUE,2012
HANWHA_2010_PLY_002936_EPIC,PLY_002936,2,LIVE_EPIC,67,4,10,10,TRUE,2010
HANWHA_2014_PLY_002936_TH,PLY_002936,5,TITLE_HOLDER,87,3,10,9,FALSE,2014
HANWHA_2002_PLY_002937_LN,PLY_002937,1,LIVE_NORMAL,63,4,10,10,TRUE,2002
HANWHA_1998_PLY_002937_EPIC,PLY_002937,2,LIVE_EPIC,73,4,10,10,TRUE,1998
HANWHA_2006_PLY_002937_AS,PLY_002937,3,ALLSTAR,75,4,10,9,TRUE,2006
HANWHA_2006_PLY_002937_EPIC,PLY_002937,2,LIVE_EPIC,73,4,10,10,TRUE,2006
HANWHA_1999_PLY_002937_LN,PLY_002937,1,LIVE_NORMAL,64,4,10,10,TRUE,1999
HANWHA_1998_PLY_002937_GG,PLY_002937,8,GOLDEN_GLOVE,87,2,10,10,FALSE,1998
HANWHA_2001_PLY_002937_AS,PLY_002937,3,ALLSTAR,78,4,10,9,TRUE,2001
HANWHA_2005_PLY_002937_EPIC,PLY_002937,2,LIVE_EPIC,70,4,10,10,TRUE,2005
HANWHA_2000_PLY_002937_EPIC,PLY_002937,2,LIVE_EPIC,69,4,10,10,TRUE,2000
HANWHA_1987_PLY_002938_AS,PLY_002938,3,ALLSTAR,77,4,10,9,TRUE,1987
HANWHA_1993_PLY_002938_AS,PLY_002938,3,ALLSTAR,78,4,10,9,TRUE,1993
HANWHA_1991_PLY_002938_TH,PLY_002938,5,TITLE_HOLDER,85,3,10,9,FALSE,1991
HANWHA_1992_PLY_002938_EPIC,PLY_002938,2,LIVE_EPIC,75,4,10,10,TRUE,1992
HANWHA_1996_PLY_002939_LN,PLY_002939,1,LIVE_NORMAL,57,4,10,10,TRUE,1996
HANWHA_1999_PLY_002939_EPIC,PLY_002939,2,LIVE_EPIC,73,4,10,10,TRUE,1999
HANWHA_1999_PLY_002939_LN,PLY_002939,1,LIVE_NORMAL,67,4,10,10,TRUE,1999
HANWHA_2009_PLY_002939_EPIC,PLY_002939,2,LIVE_EPIC,75,4,10,10,TRUE,2009
HANWHA_1996_PLY_002939_AS,PLY_002939,3,ALLSTAR,82,4,10,9,TRUE,1996
HANWHA_2004_PLY_002939_LN,PLY_002939,1,LIVE_NORMAL,55,4,10,10,TRUE,2004
HANWHA_1997_PLY_002939_EPIC,PLY_002939,2,LIVE_EPIC,73,4,10,10,TRUE,1997
HANWHA_2002_PLY_002939_LN,PLY_002939,1,LIVE_NORMAL,60,4,10,10,TRUE,2002
HANWHA_2003_PLY_002939_EPIC,PLY_002939,2,LIVE_EPIC,71,4,10,10,TRUE,2003
HANWHA_2018_PLY_002940_EPIC,PLY_002940,2,LIVE_EPIC,73,4,10,10,TRUE,2018
HANWHA_2017_PLY_002940_TH,PLY_002940,5,TITLE_HOLDER,83,3,10,9,FALSE,2017
HANWHA_1997_PLY_002941_LN,PLY_002941,1,LIVE_NORMAL,57,4,10,10,TRUE,1997
HANWHA_1996_PLY_002941_TH,PLY_002941,5,TITLE_HOLDER,87,3,10,9,FALSE,1996
HANWHA_1998_PLY_002941_EPIC,PLY_002941,2,LIVE_EPIC,70,4,10,10,TRUE,1998
HANWHA_1995_PLY_002941_EPIC,PLY_002941,2,LIVE_EPIC,72,4,10,10,TRUE,1995
HANWHA_1999_PLY_002941_EPIC,PLY_002941,2,LIVE_EPIC,76,4,10,10,TRUE,1999
HANWHA_1996_PLY_002941_AS,PLY_002941,3,ALLSTAR,77,4,10,9,TRUE,1996
HANWHA_1999_PLY_002941_LN,PLY_002941,1,LIVE_NORMAL,58,4,10,10,TRUE,1999
HANWHA_1998_PLY_002941_LN,PLY_002941,1,LIVE_NORMAL,65,4,10,10,TRUE,1998
HANWHA_1996_PLY_002941_EPIC,PLY_002941,2,LIVE_EPIC,67,4,10,10,TRUE,1996
HANWHA_2022_PLY_002942_AS,PLY_002942,3,ALLSTAR,80,4,10,9,TRUE,2022
HANWHA_2018_PLY_002942_AS,PLY_002942,3,ALLSTAR,79,4,10,9,TRUE,2018
HANWHA_2021_PLY_002942_LN,PLY_002942,1,LIVE_NORMAL,68,4,10,10,TRUE,2021
HANWHA_2023_PLY_002942_LN,PLY_002942,1,LIVE_NORMAL,66,4,10,10,TRUE,2023
HANWHA_2022_PLY_002942_EPIC,PLY_002942,2,LIVE_EPIC,68,4,10,10,TRUE,2022
HANWHA_2021_PLY_002942_AS,PLY_002942,3,ALLSTAR,78,4,10,9,TRUE,2021
HANWHA_2017_PLY_002943_TH,PLY_002943,5,TITLE_HOLDER,85,3,10,9,FALSE,2017
HANWHA_2016_PLY_002943_AS,PLY_002943,3,ALLSTAR,75,4,10,9,TRUE,2016
HANWHA_2017_PLY_002943_AS,PLY_002943,3,ALLSTAR,74,4,10,9,TRUE,2017
HANWHA_2019_PLY_002943_AS,PLY_002943,3,ALLSTAR,78,4,10,9,TRUE,2019
HANWHA_2017_PLY_002943_SIG,PLY_002943,7,SIGNATURE,90,1,10,10,FALSE,2017
HANWHA_2024_PLY_002943_EPIC,PLY_002943,2,LIVE_EPIC,69,4,10,10,TRUE,2024
HANWHA_2002_PLY_002944_EPIC,PLY_002944,2,LIVE_EPIC,65,4,10,10,TRUE,2002
HANWHA_2006_PLY_002944_LN,PLY_002944,1,LIVE_NORMAL,59,4,10,10,TRUE,2006
HANWHA_2001_PLY_002944_AS,PLY_002944,3,ALLSTAR,80,4,10,9,TRUE,2001
HANWHA_2004_PLY_002944_TH,PLY_002944,5,TITLE_HOLDER,87,3,10,9,FALSE,2004
HANWHA_2007_PLY_002945_EPIC,PLY_002945,2,LIVE_EPIC,74,4,10,10,TRUE,2007
HANWHA_2007_PLY_002945_SIG,PLY_002945,7,SIGNATURE,91,1,10,10,FALSE,2007
HANWHA_1988_PLY_002946_LN,PLY_002946,1,LIVE_NORMAL,56,4,10,10,TRUE,1988
HANWHA_1992_PLY_002946_LN,PLY_002946,1,LIVE_NORMAL,66,4,10,10,TRUE,1992
HANWHA_1989_PLY_002946_EPIC,PLY_002946,2,LIVE_EPIC,73,4,10,10,TRUE,1989
HANWHA_1993_PLY_002946_EPIC,PLY_002946,2,LIVE_EPIC,66,4,10,10,TRUE,1993
HANWHA_1992_PLY_002947_SIG,PLY_002947,7,SIGNATURE,89,1,10,10,FALSE,1992
HANWHA_1996_PLY_002947_EPIC,PLY_002947,2,LIVE_EPIC,67,4,10,10,TRUE,1996
HANWHA_1994_PLY_002947_AS,PLY_002947,3,ALLSTAR,79,4,10,9,TRUE,1994
HANWHA_1996_PLY_002947_GG,PLY_002947,8,GOLDEN_GLOVE,86,2,10,10,FALSE,1996
HANWHA_1990_PLY_002947_GG,PLY_002947,8,GOLDEN_GLOVE,84,2,10,10,FALSE,1990
HANWHA_1992_PLY_002947_LN,PLY_002947,1,LIVE_NORMAL,68,4,10,10,TRUE,1992
HANWHA_1994_PLY_002947_LN,PLY_002947,1,LIVE_NORMAL,59,4,10,10,TRUE,1994
HANWHA_2000_PLY_002948_EPIC,PLY_002948,2,LIVE_EPIC,66,4,10,10,TRUE,2000
HANWHA_2000_PLY_002948_LN,PLY_002948,1,LIVE_NORMAL,57,4,10,10,TRUE,2000
HANWHA_1999_PLY_002948_LN,PLY_002948,1,LIVE_NORMAL,64,4,10,10,TRUE,1999
HANWHA_2023_PLY_002949_LN,PLY_002949,1,LIVE_NORMAL,68,4,10,10,TRUE,2023
HANWHA_2021_PLY_002949_LN,PLY_002949,1,LIVE_NORMAL,55,4,10,10,TRUE,2021
HANWHA_2021_PLY_002949_GG,PLY_002949,8,GOLDEN_GLOVE,88,2,10,10,FALSE,2021
HANWHA_2025_PLY_002949_LN,PLY_002949,1,LIVE_NORMAL,65,4,10,10,TRUE,2025
HANWHA_2021_PLY_002949_AS,PLY_002949,3,ALLSTAR,76,4,10,9,TRUE,2021
HANWHA_2021_PLY_002949_EPIC,PLY_002949,2,LIVE_EPIC,76,4,10,10,TRUE,2021
HANWHA_2019_PLY_002950_LN,PLY_002950,1,LIVE_NORMAL,65,4,10,10,TRUE,2019
HANWHA_2016_PLY_002950_AS,PLY_002950,3,ALLSTAR,75,4,10,9,TRUE,2016
HANWHA_2000_PLY_002951_TH,PLY_002951,5,TITLE_HOLDER,84,3,10,9,FALSE,2000
HANWHA_1997_PLY_002951_LN,PLY_002951,1,LIVE_NORMAL,66,4,10,10,TRUE,1997
HANWHA_1995_PLY_002951_EPIC,PLY_002951,2,LIVE_EPIC,65,4,10,10,TRUE,1995
HANWHA_2002_PLY_002951_LN,PLY_002951,1,LIVE_NORMAL,59,4,10,10,TRUE,2002
HANWHA_1997_PLY_002951_AS,PLY_002951,3,ALLSTAR,80,4,10,9,TRUE,1997
HANWHA_2006_PLY_002951_LN,PLY_002951,1,LIVE_NORMAL,68,4,10,10,TRUE,2006
HANWHA_2006_PLY_002951_SIG,PLY_002951,7,SIGNATURE,93,1,10,10,FALSE,2006
HANWHA_1993_PLY_002951_EPIC,PLY_002951,2,LIVE_EPIC,75,4,10,10,TRUE,1993
HANWHA_1997_PLY_002951_TH,PLY_002951,5,TITLE_HOLDER,85,3,10,9,FALSE,1997
HANWHA_2000_PLY_002952_EPIC,PLY_002952,2,LIVE_EPIC,67,4,10,10,TRUE,2000
HANWHA_1992_PLY_002952_EPIC,PLY_002952,2,LIVE_EPIC,70,4,10,10,TRUE,1992
HANWHA_2003_PLY_002952_AS,PLY_002952,3,ALLSTAR,79,4,10,9,TRUE,2003
HANWHA_1999_PLY_002952_LN,PLY_002952,1,LIVE_NORMAL,55,4,10,10,TRUE,1999
HANWHA_2004_PLY_002952_LN,PLY_002952,1,LIVE_NORMAL,67,4,10,10,TRUE,2004
HANWHA_1992_PLY_002952_LN,PLY_002952,1,LIVE_NORMAL,56,4,10,10,TRUE,1992
HANWHA_1996_PLY_002953_TH,PLY_002953,5,TITLE_HOLDER,82,3,10,9,FALSE,1996
HANWHA_1995_PLY_002953_LN,PLY_002953,1,LIVE_NORMAL,55,4,10,10,TRUE,1995
HANWHA_1991_PLY_002953_GG,PLY_002953,8,GOLDEN_GLOVE,90,2,10,10,FALSE,1991
HANWHA_1994_PLY_002953_LN,PLY_002953,1,LIVE_NORMAL,67,4,10,10,TRUE,1994
HANWHA_1998_PLY_002953_AS,PLY_002953,3,ALLSTAR,75,4,10,9,TRUE,1998
HANWHA_1992_PLY_002953_EPIC,PLY_002953,2,LIVE_EPIC,66,4,10,10,TRUE,1992
HANWHA_1998_PLY_002953_GG,PLY_002953,8,GOLDEN_GLOVE,89,2,10,10,FALSE,1998
HANWHA_2003_PLY_002954_LN,PLY_002954,1,LIVE_NORMAL,65,4,10,10,TRUE,2003
HANWHA_2005_PLY_002954_EPIC,PLY_002954,2,LIVE_EPIC,69,4,10,10,TRUE,2005
HANWHA_2003_PLY_002954_AS,PLY_002954,3,ALLSTAR,82,4,10,9,TRUE,2003
HANWHA_2014_PLY_002954_EPIC,PLY_002954,2,LIVE_EPIC,65,4,10,10,TRUE,2014
HANWHA_2001_PLY_002954_TH,PLY_002954,5,TITLE_HOLDER,83,3,10,9,FALSE,2001
HANWHA_2010_PLY_002954_TH,PLY_002954,5,TITLE_HOLDER,85,3,10,9,FALSE,2010
HANWHA_2006_PLY_002954_EPIC,PLY_002954,2,LIVE_EPIC,65,4,10,10,TRUE,2006
HANWHA_2006_PLY_002955_LN,PLY_002955,1,LIVE_NORMAL,62,4,10,10,TRUE,2006
HANWHA_2000_PLY_002955_AS,PLY_002955,3,ALLSTAR,78,4,10,9,TRUE,2000
HANWHA_2007_PLY_002955_EPIC,PLY_002955,2,LIVE_EPIC,72,4,10,10,TRUE,2007
HANWHA_2008_PLY_002955_EPIC,PLY_002955,2,LIVE_EPIC,67,4,10,10,TRUE,2008
HANWHA_1997_PLY_002955_LN,PLY_002955,1,LIVE_NORMAL,65,4,10,10,TRUE,1997
HANWHA_2007_PLY_002955_LN,PLY_002955,1,LIVE_NORMAL,63,4,10,10,TRUE,2007
HANWHA_2010_PLY_002955_EPIC,PLY_002955,2,LIVE_EPIC,69,4,10,10,TRUE,2010
HANWHA_2000_PLY_002955_LN,PLY_002955,1,LIVE_NORMAL,63,4,10,10,TRUE,2000
HANWHA_2002_PLY_002955_LN,PLY_002955,1,LIVE_NORMAL,66,4,10,10,TRUE,2002
HANWHA_2005_PLY_002955_LN,PLY_002955,1,LIVE_NORMAL,64,4,10,10,TRUE,2005
HANWHA_2023_PLY_002956_LN,PLY_002956,1,LIVE_NORMAL,56,4,10,10,TRUE,2023
HANWHA_2025_PLY_002956_EPIC,PLY_002956,2,LIVE_EPIC,76,4,10,10,TRUE,2025
HANWHA_2013_PLY_002956_EPIC,PLY_002956,2,LIVE_EPIC,76,4,10,10,TRUE,2013
HANWHA_2013_PLY_002957_AS,PLY_002957,3,ALLSTAR,77,4,10,9,TRUE,2013
HANWHA_2012_PLY_002957_EPIC,PLY_002957,2,LIVE_EPIC,73,4,10,10,TRUE,2012
HANWHA_2013_PLY_002957_GG,PLY_002957,8,GOLDEN_GLOVE,89,2,10,10,FALSE,2013
HANWHA_2002_PLY_002957_EPIC,PLY_002957,2,LIVE_EPIC,66,4,10,10,TRUE,2002
HANWHA_2001_PLY_002957_TH,PLY_002957,5,TITLE_HOLDER,82,3,10,9,FALSE,2001
HANWHA_2004_PLY_002957_EPIC,PLY_002957,2,LIVE_EPIC,68,4,10,10,TRUE,2004
HANWHA_2006_PLY_002957_GG,PLY_002957,8,GOLDEN_GLOVE,84,2,10,10,FALSE,2006
HANWHA_2010_PLY_002957_EPIC,PLY_002957,2,LIVE_EPIC,66,4,10,10,TRUE,2010
HANWHA_2019_PLY_002958_EPIC,PLY_002958,2,LIVE_EPIC,72,4,10,10,TRUE,2019
HANWHA_2024_PLY_002958_GG,PLY_002958,8,GOLDEN_GLOVE,86,2,10,10,FALSE,2024
HANWHA_2024_PLY_002958_LN,PLY_002958,1,LIVE_NORMAL,66,4,10,10,TRUE,2024
HANWHA_2018_PLY_002958_GG,PLY_002958,8,GOLDEN_GLOVE,89,2,10,10,FALSE,2018
HANWHA_2014_PLY_002959_EPIC,PLY_002959,2,LIVE_EPIC,72,4,10,10,TRUE,2014
HANWHA_2015_PLY_002959_SIG,PLY_002959,7,SIGNATURE,88,1,10,10,FALSE,2015
HANWHA_2012_PLY_002959_EPIC,PLY_002959,2,LIVE_EPIC,66,4,10,10,TRUE,2012
HANWHA_2014_PLY_002959_LN,PLY_002959,1,LIVE_NORMAL,64,4,10,10,TRUE,2014
HANWHA_2013_PLY_002959_AS,PLY_002959,3,ALLSTAR,82,4,10,9,TRUE,2013
HANWHA_1990_PLY_002960_LN,PLY_002960,1,LIVE_NORMAL,61,4,10,10,TRUE,1990
HANWHA_2001_PLY_002960_AS,PLY_002960,3,ALLSTAR,77,4,10,9,TRUE,2001
HANWHA_1990_PLY_002960_TH,PLY_002960,5,TITLE_HOLDER,87,3,10,9,FALSE,1990
HANWHA_1999_PLY_002960_AS,PLY_002960,3,ALLSTAR,78,4,10,9,TRUE,1999
HANWHA_1990_PLY_002960_EPIC,PLY_002960,2,LIVE_EPIC,65,4,10,10,TRUE,1990
HANWHA_1988_PLY_002960_LN,PLY_002960,1,LIVE_NORMAL,59,4,10,10,TRUE,1988
HANWHA_2009_PLY_002961_GG,PLY_002961,8,GOLDEN_GLOVE,88,2,10,10,FALSE,2009
HANWHA_2012_PLY_002961_EPIC,PLY_002961,2,LIVE_EPIC,72,4,10,10,TRUE,2012
HANWHA_2011_PLY_002961_EPIC,PLY_002961,2,LIVE_EPIC,74,4,10,10,TRUE,2011
HANWHA_2009_PLY_002961_TH,PLY_002961,5,TITLE_HOLDER,84,3,10,9,FALSE,2009
HANWHA_2011_PLY_002961_LN,PLY_002961,1,LIVE_NORMAL,62,4,10,10,TRUE,2011
HANWHA_2009_PLY_002961_LN,PLY_002961,1,LIVE_NORMAL,67,4,10,10,TRUE,2009
HANWHA_2024_PLY_002962_TH,PLY_002962,5,TITLE_HOLDER,80,3,10,9,FALSE,2024
HANWHA_2021_PLY_002962_LN,PLY_002962,1,LIVE_NORMAL,63,4,10,10,TRUE,2021
HANWHA_2023_PLY_002962_AS,PLY_002962,3,ALLSTAR,83,4,10,9,TRUE,2023
HANWHA_2026_PLY_002962_LN,PLY_002962,1,LIVE_NORMAL,61,4,10,10,TRUE,2026
HANWHA_2022_PLY_002962_GG,PLY_002962,8,GOLDEN_GLOVE,85,2,10,10,FALSE,2022
HANWHA_2025_PLY_002962_LN,PLY_002962,1,LIVE_NORMAL,63,4,10,10,TRUE,2025
HANWHA_2022_PLY_002962_LN,PLY_002962,1,LIVE_NORMAL,59,4,10,10,TRUE,2022
HANWHA_2024_PLY_002962_LN,PLY_002962,1,LIVE_NORMAL,56,4,10,10,TRUE,2024
HANWHA_2023_PLY_002962_LN,PLY_002962,1,LIVE_NORMAL,64,4,10,10,TRUE,2023
HANWHA_1996_PLY_002963_LN,PLY_002963,1,LIVE_NORMAL,56,4,10,10,TRUE,1996
HANWHA_1990_PLY_002963_TH,PLY_002963,5,TITLE_HOLDER,82,3,10,9,FALSE,1990
HANWHA_1992_PLY_002963_EPIC,PLY_002963,2,LIVE_EPIC,68,4,10,10,TRUE,1992
HANWHA_1991_PLY_002963_LN,PLY_002963,1,LIVE_NORMAL,59,4,10,10,TRUE,1991
HANWHA_1995_PLY_002963_AS,PLY_002963,3,ALLSTAR,79,4,10,9,TRUE,1995
HANWHA_1991_PLY_002963_AS,PLY_002963,3,ALLSTAR,80,4,10,9,TRUE,1991
HANWHA_1990_PLY_002963_LN,PLY_002963,1,LIVE_NORMAL,65,4,10,10,TRUE,1990
HANWHA_1991_PLY_002963_EPIC,PLY_002963,2,LIVE_EPIC,70,4,10,10,TRUE,1991
HANWHA_1995_PLY_002963_TH,PLY_002963,5,TITLE_HOLDER,83,3,10,9,FALSE,1995
HANWHA_1997_PLY_002963_AS,PLY_002963,3,ALLSTAR,78,4,10,9,TRUE,1997
HANWHA_2016_PLY_002964_TH,PLY_002964,5,TITLE_HOLDER,80,3,10,9,FALSE,2016
HANWHA_2014_PLY_002964_AS,PLY_002964,3,ALLSTAR,81,4,10,9,TRUE,2014
HANWHA_2015_PLY_002964_GG,PLY_002964,8,GOLDEN_GLOVE,88,2,10,10,FALSE,2015
HANWHA_2019_PLY_002964_LN,PLY_002964,1,LIVE_NORMAL,68,4,10,10,TRUE,2019
HANWHA_2019_PLY_002964_EPIC,PLY_002964,2,LIVE_EPIC,70,4,10,10,TRUE,2019
HANWHA_2016_PLY_002964_LN,PLY_002964,1,LIVE_NORMAL,57,4,10,10,TRUE,2016
HANWHA_2017_PLY_002964_EPIC,PLY_002964,2,LIVE_EPIC,66,4,10,10,TRUE,2017
HANWHA_2015_PLY_002964_AS,PLY_002964,3,ALLSTAR,76,4,10,9,TRUE,2015
HANWHA_2018_PLY_002964_SIG,PLY_002964,7,SIGNATURE,89,1,10,10,FALSE,2018
HANWHA_1989_PLY_002965_LN,PLY_002965,1,LIVE_NORMAL,65,4,10,10,TRUE,1989
HANWHA_1987_PLY_002965_LN,PLY_002965,1,LIVE_NORMAL,59,4,10,10,TRUE,1987
HANWHA_1988_PLY_002965_LN,PLY_002965,1,LIVE_NORMAL,68,4,10,10,TRUE,1988
HANWHA_1987_PLY_002965_EPIC,PLY_002965,2,LIVE_EPIC,65,4,10,10,TRUE,1987
HANWHA_1988_PLY_002965_EPIC,PLY_002965,2,LIVE_EPIC,70,4,10,10,TRUE,1988
HANWHA_2012_PLY_002966_LN,PLY_002966,1,LIVE_NORMAL,56,4,10,10,TRUE,2012
HANWHA_2009_PLY_002966_LN,PLY_002966,1,LIVE_NORMAL,63,4,10,10,TRUE,2009
HANWHA_2011_PLY_002966_LN,PLY_002966,1,LIVE_NORMAL,56,4,10,10,TRUE,2011
HANWHA_2010_PLY_002966_EPIC,PLY_002966,2,LIVE_EPIC,72,4,10,10,TRUE,2010
HANWHA_2018_PLY_002966_LN,PLY_002966,1,LIVE_NORMAL,61,4,10,10,TRUE,2018
HANWHA_2016_PLY_002966_LN,PLY_002966,1,LIVE_NORMAL,59,4,10,10,TRUE,2016
HANWHA_2017_PLY_002966_LN,PLY_002966,1,LIVE_NORMAL,65,4,10,10,TRUE,2017
HANWHA_2007_PLY_002967_AS,PLY_002967,3,ALLSTAR,80,4,10,9,TRUE,2007
HANWHA_2006_PLY_002967_LN,PLY_002967,1,LIVE_NORMAL,57,4,10,10,TRUE,2006
HANWHA_2009_PLY_002967_LN,PLY_002967,1,LIVE_NORMAL,55,4,10,10,TRUE,2009
HANWHA_2012_PLY_002967_LN,PLY_002967,1,LIVE_NORMAL,61,4,10,10,TRUE,2012
HANWHA_2012_PLY_002967_EPIC,PLY_002967,2,LIVE_EPIC,71,4,10,10,TRUE,2012
HANWHA_2012_PLY_002967_AS,PLY_002967,3,ALLSTAR,83,4,10,9,TRUE,2012
HANWHA_2006_PLY_002967_EPIC,PLY_002967,2,LIVE_EPIC,71,4,10,10,TRUE,2006
HANWHA_2021_PLY_002968_SIG,PLY_002968,7,SIGNATURE,89,1,10,10,FALSE,2021
HANWHA_2022_PLY_002968_EPIC,PLY_002968,2,LIVE_EPIC,65,4,10,10,TRUE,2022
HANWHA_2021_PLY_002968_EPIC,PLY_002968,2,LIVE_EPIC,68,4,10,10,TRUE,2021
HANWHA_2020_PLY_002968_SIG,PLY_002968,7,SIGNATURE,91,1,10,10,FALSE,2020
HANWHA_2020_PLY_002968_EPIC,PLY_002968,2,LIVE_EPIC,66,4,10,10,TRUE,2020
HANWHA_2021_PLY_002968_LN,PLY_002968,1,LIVE_NORMAL,65,4,10,10,TRUE,2021
HANWHA_2023_PLY_002968_EPIC,PLY_002968,2,LIVE_EPIC,69,4,10,10,TRUE,2023
HANWHA_2024_PLY_002968_AS,PLY_002968,3,ALLSTAR,74,4,10,9,TRUE,2024
HANWHA_2022_PLY_002968_LN,PLY_002968,1,LIVE_NORMAL,62,4,10,10,TRUE,2022
HANWHA_2002_PLY_002969_AS,PLY_002969,3,ALLSTAR,75,4,10,9,TRUE,2002
HANWHA_1999_PLY_002969_EPIC,PLY_002969,2,LIVE_EPIC,65,4,10,10,TRUE,1999
HANWHA_2010_PLY_002969_TH,PLY_002969,5,TITLE_HOLDER,87,3,10,9,FALSE,2010
HANWHA_2007_PLY_002969_EPIC,PLY_002969,2,LIVE_EPIC,66,4,10,10,TRUE,2007
HANWHA_2000_PLY_002970_TH,PLY_002970,5,TITLE_HOLDER,86,3,10,9,FALSE,2000
HANWHA_2000_PLY_002970_LN,PLY_002970,1,LIVE_NORMAL,64,4,10,10,TRUE,2000
HANWHA_2015_PLY_002971_EPIC,PLY_002971,2,LIVE_EPIC,76,4,10,10,TRUE,2015
HANWHA_2009_PLY_002971_GG,PLY_002971,8,GOLDEN_GLOVE,90,2,10,10,FALSE,2009
HANWHA_2013_PLY_002971_AS,PLY_002971,3,ALLSTAR,78,4,10,9,TRUE,2013
HANWHA_2006_PLY_002971_SIG,PLY_002971,7,SIGNATURE,87,1,10,10,FALSE,2006
HANWHA_2013_PLY_002971_EPIC,PLY_002971,2,LIVE_EPIC,72,4,10,10,TRUE,2013
HANWHA_2016_PLY_002971_AS,PLY_002971,3,ALLSTAR,74,4,10,9,TRUE,2016
HANWHA_2011_PLY_002971_LN,PLY_002971,1,LIVE_NORMAL,64,4,10,10,TRUE,2011
HANWHA_2010_PLY_002971_EPIC,PLY_002971,2,LIVE_EPIC,72,4,10,10,TRUE,2010
HANWHA_2015_PLY_002971_LN,PLY_002971,1,LIVE_NORMAL,59,4,10,10,TRUE,2015
HANWHA_2012_PLY_002971_GG,PLY_002971,8,GOLDEN_GLOVE,85,2,10,10,FALSE,2012
HANWHA_1991_PLY_002972_AS,PLY_002972,3,ALLSTAR,74,4,10,9,TRUE,1991
HANWHA_1986_PLY_002972_AS,PLY_002972,3,ALLSTAR,75,4,10,9,TRUE,1986
HANWHA_1987_PLY_002972_AS,PLY_002972,3,ALLSTAR,82,4,10,9,TRUE,1987
HANWHA_2017_PLY_002973_LN,PLY_002973,1,LIVE_NORMAL,64,4,10,10,TRUE,2017
HANWHA_2025_PLY_002973_SIG,PLY_002973,7,SIGNATURE,91,1,10,10,FALSE,2025
HANWHA_2014_PLY_002973_EPIC,PLY_002973,2,LIVE_EPIC,66,4,10,10,TRUE,2014
HANWHA_2011_PLY_002973_LN,PLY_002973,1,LIVE_NORMAL,55,4,10,10,TRUE,2011
HANWHA_2015_PLY_002973_AS,PLY_002973,3,ALLSTAR,74,4,10,9,TRUE,2015
HANWHA_2018_PLY_002973_LN,PLY_002973,1,LIVE_NORMAL,55,4,10,10,TRUE,2018
HANWHA_2022_PLY_002973_LN,PLY_002973,1,LIVE_NORMAL,60,4,10,10,TRUE,2022
HANWHA_2012_PLY_002973_TH,PLY_002973,5,TITLE_HOLDER,82,3,10,9,FALSE,2012
HANWHA_2026_PLY_002973_LN,PLY_002973,1,LIVE_NORMAL,58,4,10,10,TRUE,2026
HANWHA_2013_PLY_002973_LN,PLY_002973,1,LIVE_NORMAL,57,4,10,10,TRUE,2013
HANWHA_2022_PLY_002974_AS,PLY_002974,3,ALLSTAR,83,4,10,9,TRUE,2022
HANWHA_2016_PLY_002974_TH,PLY_002974,5,TITLE_HOLDER,83,3,10,9,FALSE,2016
HANWHA_2014_PLY_002975_LN,PLY_002975,1,LIVE_NORMAL,58,4,10,10,TRUE,2014
HANWHA_2013_PLY_002975_LN,PLY_002975,1,LIVE_NORMAL,61,4,10,10,TRUE,2013
HANWHA_2012_PLY_002975_GG,PLY_002975,8,GOLDEN_GLOVE,90,2,10,10,FALSE,2012
HANWHA_2014_PLY_002975_SIG,PLY_002975,7,SIGNATURE,92,1,10,10,FALSE,2014
HANWHA_2012_PLY_002975_LN,PLY_002975,1,LIVE_NORMAL,68,4,10,10,TRUE,2012
HANWHA_2011_PLY_002975_EPIC,PLY_002975,2,LIVE_EPIC,71,4,10,10,TRUE,2011
HANWHA_2012_PLY_002975_EPIC,PLY_002975,2,LIVE_EPIC,74,4,10,10,TRUE,2012
HANWHA_2011_PLY_002975_LN,PLY_002975,1,LIVE_NORMAL,56,4,10,10,TRUE,2011
HANWHA_2014_PLY_002975_TH,PLY_002975,5,TITLE_HOLDER,80,3,10,9,FALSE,2014
HANWHA_2022_PLY_002976_TH,PLY_002976,5,TITLE_HOLDER,86,3,10,9,FALSE,2022
HANWHA_2019_PLY_002976_TH,PLY_002976,5,TITLE_HOLDER,87,3,10,9,FALSE,2019
HANWHA_2019_PLY_002976_LN,PLY_002976,1,LIVE_NORMAL,61,4,10,10,TRUE,2019
HANWHA_2017_PLY_002976_AS,PLY_002976,3,ALLSTAR,74,4,10,9,TRUE,2017
HANWHA_2022_PLY_002976_AS,PLY_002976,3,ALLSTAR,76,4,10,9,TRUE,2022
HANWHA_2018_PLY_002976_TH,PLY_002976,5,TITLE_HOLDER,82,3,10,9,FALSE,2018
HANWHA_2025_PLY_002977_EPIC,PLY_002977,2,LIVE_EPIC,66,4,10,10,TRUE,2025
HANWHA_2023_PLY_002977_AS,PLY_002977,3,ALLSTAR,78,4,10,9,TRUE,2023
HANWHA_2015_PLY_002977_LN,PLY_002977,1,LIVE_NORMAL,58,4,10,10,TRUE,2015
HANWHA_2026_PLY_002977_LN,PLY_002977,1,LIVE_NORMAL,57,4,10,10,TRUE,2026
HANWHA_2021_PLY_002977_LN,PLY_002977,1,LIVE_NORMAL,67,4,10,10,TRUE,2021
HANWHA_2022_PLY_002977_LN,PLY_002977,1,LIVE_NORMAL,63,4,10,10,TRUE,2022
HANWHA_2023_PLY_002977_LN,PLY_002977,1,LIVE_NORMAL,58,4,10,10,TRUE,2023
HANWHA_2021_PLY_002977_EPIC,PLY_002977,2,LIVE_EPIC,67,4,10,10,TRUE,2021
HANWHA_2016_PLY_002977_LN,PLY_002977,1,LIVE_NORMAL,68,4,10,10,TRUE,2016
HANWHA_2000_PLY_002978_LN,PLY_002978,1,LIVE_NORMAL,58,4,10,10,TRUE,2000
HANWHA_2004_PLY_002978_AS,PLY_002978,3,ALLSTAR,74,4,10,9,TRUE,2004
HANWHA_2006_PLY_002978_EPIC,PLY_002978,2,LIVE_EPIC,67,4,10,10,TRUE,2006
HANWHA_2002_PLY_002978_GG,PLY_002978,8,GOLDEN_GLOVE,85,2,10,10,FALSE,2002
HANWHA_2000_PLY_002979_EPIC,PLY_002979,2,LIVE_EPIC,71,4,10,10,TRUE,2000
HANWHA_1999_PLY_002979_AS,PLY_002979,3,ALLSTAR,75,4,10,9,TRUE,1999
HANWHA_2004_PLY_002979_AS,PLY_002979,3,ALLSTAR,81,4,10,9,TRUE,2004
HANWHA_2012_PLY_002979_EPIC,PLY_002979,2,LIVE_EPIC,70,4,10,10,TRUE,2012
HANWHA_2008_PLY_002979_GG,PLY_002979,8,GOLDEN_GLOVE,85,2,10,10,FALSE,2008
HANWHA_2015_PLY_002979_TH,PLY_002979,5,TITLE_HOLDER,84,3,10,9,FALSE,2015
HANWHA_2015_PLY_002979_EPIC,PLY_002979,2,LIVE_EPIC,73,4,10,10,TRUE,2015
HANWHA_2005_PLY_002979_EPIC,PLY_002979,2,LIVE_EPIC,67,4,10,10,TRUE,2005
HANWHA_2002_PLY_002979_GG,PLY_002979,8,GOLDEN_GLOVE,83,2,10,10,FALSE,2002
HANWHA_2001_PLY_002979_EPIC,PLY_002979,2,LIVE_EPIC,69,4,10,10,TRUE,2001
HANWHA_2017_PLY_002979_LN,PLY_002979,1,LIVE_NORMAL,55,4,10,10,TRUE,2017
HANWHA_2010_PLY_002980_TH,PLY_002980,5,TITLE_HOLDER,80,3,10,9,FALSE,2010
HANWHA_2012_PLY_002980_TH,PLY_002980,5,TITLE_HOLDER,81,3,10,9,FALSE,2012
HANWHA_2025_PLY_002981_AS,PLY_002981,3,ALLSTAR,82,4,10,9,TRUE,2025
HANWHA_2025_PLY_002981_EPIC,PLY_002981,2,LIVE_EPIC,69,4,10,10,TRUE,2025
HANWHA_2015_PLY_002981_AS,PLY_002981,3,ALLSTAR,81,4,10,9,TRUE,2015
HANWHA_2015_PLY_002981_TH,PLY_002981,5,TITLE_HOLDER,82,3,10,9,FALSE,2015
HANWHA_2015_PLY_002981_LN,PLY_002981,1,LIVE_NORMAL,66,4,10,10,TRUE,2015
HANWHA_2018_PLY_002981_LN,PLY_002981,1,LIVE_NORMAL,57,4,10,10,TRUE,2018
HANWHA_2021_PLY_002981_EPIC,PLY_002981,2,LIVE_EPIC,76,4,10,10,TRUE,2021
HANWHA_2015_PLY_002981_SIG,PLY_002981,7,SIGNATURE,91,1,10,10,FALSE,2015
HANWHA_2019_PLY_002981_LN,PLY_002981,1,LIVE_NORMAL,57,4,10,10,TRUE,2019
HANWHA_1995_PLY_002982_LN,PLY_002982,1,LIVE_NORMAL,67,4,10,10,TRUE,1995
HANWHA_1991_PLY_002982_LN,PLY_002982,1,LIVE_NORMAL,64,4,10,10,TRUE,1991
HANWHA_1994_PLY_002982_GG,PLY_002982,8,GOLDEN_GLOVE,90,2,10,10,FALSE,1994
HANWHA_1999_PLY_002982_LN,PLY_002982,1,LIVE_NORMAL,62,4,10,10,TRUE,1999
HANWHA_1999_PLY_002982_EPIC,PLY_002982,2,LIVE_EPIC,75,4,10,10,TRUE,1999
HANWHA_2000_PLY_002983_LN,PLY_002983,1,LIVE_NORMAL,59,4,10,10,TRUE,2000
HANWHA_2003_PLY_002983_TH,PLY_002983,5,TITLE_HOLDER,85,3,10,9,FALSE,2003
HANWHA_1998_PLY_002983_AS,PLY_002983,3,ALLSTAR,74,4,10,9,TRUE,1998
HANWHA_1997_PLY_002983_AS,PLY_002983,3,ALLSTAR,75,4,10,9,TRUE,1997
HANWHA_1994_PLY_002984_LN,PLY_002984,1,LIVE_NORMAL,66,4,10,10,TRUE,1994
HANWHA_1991_PLY_002984_TH,PLY_002984,5,TITLE_HOLDER,80,3,10,9,FALSE,1991
HANWHA_1986_PLY_002984_AS,PLY_002984,3,ALLSTAR,77,4,10,9,TRUE,1986
HANWHA_1988_PLY_002984_LN,PLY_002984,1,LIVE_NORMAL,68,4,10,10,TRUE,1988
HANWHA_1990_PLY_002984_AS,PLY_002984,3,ALLSTAR,79,4,10,9,TRUE,1990
HANWHA_1993_PLY_002984_LN,PLY_002984,1,LIVE_NORMAL,65,4,10,10,TRUE,1993
HANWHA_1986_PLY_002984_LN,PLY_002984,1,LIVE_NORMAL,63,4,10,10,TRUE,1986
HANWHA_1990_PLY_002984_LN,PLY_002984,1,LIVE_NORMAL,60,4,10,10,TRUE,1990
HANWHA_2002_PLY_002985_EPIC,PLY_002985,2,LIVE_EPIC,71,4,10,10,TRUE,2002
HANWHA_1999_PLY_002985_LN,PLY_002985,1,LIVE_NORMAL,63,4,10,10,TRUE,1999
HANWHA_2000_PLY_002985_TH,PLY_002985,5,TITLE_HOLDER,84,3,10,9,FALSE,2000
HANWHA_2003_PLY_002985_EPIC,PLY_002985,2,LIVE_EPIC,72,4,10,10,TRUE,2003
HANWHA_1999_PLY_002985_EPIC,PLY_002985,2,LIVE_EPIC,74,4,10,10,TRUE,1999
HANWHA_2000_PLY_002985_AS,PLY_002985,3,ALLSTAR,82,4,10,9,TRUE,2000
HANWHA_2001_PLY_002985_EPIC,PLY_002985,2,LIVE_EPIC,70,4,10,10,TRUE,2001
HANWHA_2002_PLY_002985_AS,PLY_002985,3,ALLSTAR,81,4,10,9,TRUE,2002
HANWHA_2000_PLY_002985_EPIC,PLY_002985,2,LIVE_EPIC,72,4,10,10,TRUE,2000
HANWHA_2025_PLY_002986_AS,PLY_002986,3,ALLSTAR,75,4,10,9,TRUE,2025
HANWHA_2014_PLY_002986_SIG,PLY_002986,7,SIGNATURE,87,1,10,10,FALSE,2014
HANWHA_2023_PLY_002986_LN,PLY_002986,1,LIVE_NORMAL,58,4,10,10,TRUE,2023
HANWHA_2024_PLY_002986_AS,PLY_002986,3,ALLSTAR,77,4,10,9,TRUE,2024
HANWHA_2013_PLY_002986_EPIC,PLY_002986,2,LIVE_EPIC,73,4,10,10,TRUE,2013
HANWHA_2023_PLY_002986_EPIC,PLY_002986,2,LIVE_EPIC,73,4,10,10,TRUE,2023
HANWHA_2015_PLY_002986_AS,PLY_002986,3,ALLSTAR,75,4,10,9,TRUE,2015
HANWHA_2024_PLY_002986_TH,PLY_002986,5,TITLE_HOLDER,86,3,10,9,FALSE,2024
HANWHA_2014_PLY_002986_EPIC,PLY_002986,2,LIVE_EPIC,70,4,10,10,TRUE,2014
HANWHA_2013_PLY_002986_LN,PLY_002986,1,LIVE_NORMAL,64,4,10,10,TRUE,2013
HANWHA_2005_PLY_002987_LN,PLY_002987,1,LIVE_NORMAL,62,4,10,10,TRUE,2005
HANWHA_2005_PLY_002987_SIG,PLY_002987,7,SIGNATURE,94,1,10,10,FALSE,2005
HANWHA_1992_PLY_002987_LN,PLY_002987,1,LIVE_NORMAL,58,4,10,10,TRUE,1992
HANWHA_1994_PLY_002987_LN,PLY_002987,1,LIVE_NORMAL,61,4,10,10,TRUE,1994
HANWHA_1989_PLY_002987_AS,PLY_002987,3,ALLSTAR,78,4,10,9,TRUE,1989
HANWHA_2000_PLY_002987_LN,PLY_002987,1,LIVE_NORMAL,66,4,10,10,TRUE,2000
HANWHA_2008_PLY_002987_TH,PLY_002987,5,TITLE_HOLDER,80,3,10,9,FALSE,2008
HANWHA_2007_PLY_002987_LN,PLY_002987,1,LIVE_NORMAL,65,4,10,10,TRUE,2007
HANWHA_2002_PLY_002987_EPIC,PLY_002987,2,LIVE_EPIC,72,4,10,10,TRUE,2002
HANWHA_1993_PLY_002987_EPIC,PLY_002987,2,LIVE_EPIC,74,4,10,10,TRUE,1993
HANWHA_1995_PLY_002987_LN,PLY_002987,1,LIVE_NORMAL,65,4,10,10,TRUE,1995
HANWHA_2008_PLY_002987_AS,PLY_002987,3,ALLSTAR,79,4,10,9,TRUE,2008
HANWHA_2020_PLY_002988_TH,PLY_002988,5,TITLE_HOLDER,87,3,10,9,FALSE,2020
HANWHA_2025_PLY_002988_AS,PLY_002988,3,ALLSTAR,78,4,10,9,TRUE,2025
HANWHA_2021_PLY_002988_LN,PLY_002988,1,LIVE_NORMAL,59,4,10,10,TRUE,2021
HANWHA_2025_PLY_002988_LN,PLY_002988,1,LIVE_NORMAL,57,4,10,10,TRUE,2025
HANWHA_2024_PLY_002988_LN,PLY_002988,1,LIVE_NORMAL,64,4,10,10,TRUE,2024
HANWHA_2024_PLY_002988_AS,PLY_002988,3,ALLSTAR,80,4,10,9,TRUE,2024
HANWHA_2022_PLY_002988_EPIC,PLY_002988,2,LIVE_EPIC,70,4,10,10,TRUE,2022
HANWHA_1996_PLY_002989_AS,PLY_002989,3,ALLSTAR,79,4,10,9,TRUE,1996
HANWHA_2009_PLY_002989_LN,PLY_002989,1,LIVE_NORMAL,58,4,10,10,TRUE,2009
HANWHA_2000_PLY_002989_EPIC,PLY_002989,2,LIVE_EPIC,73,4,10,10,TRUE,2000
HANWHA_1998_PLY_002989_EPIC,PLY_002989,2,LIVE_EPIC,75,4,10,10,TRUE,1998
HANWHA_2004_PLY_002989_LN,PLY_002989,1,LIVE_NORMAL,66,4,10,10,TRUE,2004
HANWHA_2005_PLY_002989_LN,PLY_002989,1,LIVE_NORMAL,58,4,10,10,TRUE,2005
HANWHA_2010_PLY_002989_LN,PLY_002989,1,LIVE_NORMAL,65,4,10,10,TRUE,2010
HANWHA_2001_PLY_002989_TH,PLY_002989,5,TITLE_HOLDER,84,3,10,9,FALSE,2001
HANWHA_2005_PLY_002989_AS,PLY_002989,3,ALLSTAR,80,4,10,9,TRUE,2005
HANWHA_2008_PLY_002989_LN,PLY_002989,1,LIVE_NORMAL,63,4,10,10,TRUE,2008
HANWHA_2010_PLY_002989_EPIC,PLY_002989,2,LIVE_EPIC,74,4,10,10,TRUE,2010
HANWHA_2008_PLY_002989_EPIC,PLY_002989,2,LIVE_EPIC,68,4,10,10,TRUE,2008
HANWHA_2024_PLY_002990_LN,PLY_002990,1,LIVE_NORMAL,64,4,10,10,TRUE,2024
HANWHA_2026_PLY_002990_EPIC,PLY_002990,2,LIVE_EPIC,66,4,10,10,TRUE,2026
HANWHA_2025_PLY_002990_LN,PLY_002990,1,LIVE_NORMAL,63,4,10,10,TRUE,2025
HANWHA_2023_PLY_002990_LN,PLY_002990,1,LIVE_NORMAL,68,4,10,10,TRUE,2023
HANWHA_2026_PLY_002990_AS,PLY_002990,3,ALLSTAR,77,4,10,9,TRUE,2026
HANWHA_2025_PLY_002990_TH,PLY_002990,5,TITLE_HOLDER,81,3,10,9,FALSE,2025
HANWHA_2024_PLY_002991_LN,PLY_002991,1,LIVE_NORMAL,60,4,10,10,TRUE,2024
HANWHA_2018_PLY_002991_LN,PLY_002991,1,LIVE_NORMAL,58,4,10,10,TRUE,2018
HANWHA_2018_PLY_002991_EPIC,PLY_002991,2,LIVE_EPIC,67,4,10,10,TRUE,2018
HANWHA_2023_PLY_002991_EPIC,PLY_002991,2,LIVE_EPIC,69,4,10,10,TRUE,2023
HANWHA_2023_PLY_002991_SIG,PLY_002991,7,SIGNATURE,90,1,10,10,FALSE,2023
HANWHA_2022_PLY_002992_EPIC,PLY_002992,2,LIVE_EPIC,74,4,10,10,TRUE,2022
HANWHA_2026_PLY_002992_SIG,PLY_002992,7,SIGNATURE,88,1,10,10,FALSE,2026
HANWHA_2025_PLY_002992_TH,PLY_002992,5,TITLE_HOLDER,86,3,10,9,FALSE,2025
HANWHA_2024_PLY_002992_LN,PLY_002992,1,LIVE_NORMAL,62,4,10,10,TRUE,2024
HANWHA_2026_PLY_002992_LN,PLY_002992,1,LIVE_NORMAL,61,4,10,10,TRUE,2026
HANWHA_2026_PLY_002993_GG,PLY_002993,8,GOLDEN_GLOVE,85,2,10,10,FALSE,2026
HANWHA_2024_PLY_002993_AS,PLY_002993,3,ALLSTAR,77,4,10,9,TRUE,2024
HANWHA_2021_PLY_002993_LN,PLY_002993,1,LIVE_NORMAL,68,4,10,10,TRUE,2021
HANWHA_2024_PLY_002994_LN,PLY_002994,1,LIVE_NORMAL,66,4,10,10,TRUE,2024
HANWHA_2022_PLY_002994_LN,PLY_002994,1,LIVE_NORMAL,60,4,10,10,TRUE,2022
HANWHA_2026_PLY_002994_EPIC,PLY_002994,2,LIVE_EPIC,71,4,10,10,TRUE,2026
HANWHA_2025_PLY_002994_GG,PLY_002994,8,GOLDEN_GLOVE,90,2,10,10,FALSE,2025
HANWHA_2026_PLY_002994_TH,PLY_002994,5,TITLE_HOLDER,87,3,10,9,FALSE,2026
HANWHA_2024_PLY_002994_AS,PLY_002994,3,ALLSTAR,76,4,10,9,TRUE,2024
HANWHA_2025_PLY_002994_LN,PLY_002994,1,LIVE_NORMAL,57,4,10,10,TRUE,2025
HANWHA_2024_PLY_002994_SIG,PLY_002994,7,SIGNATURE,94,1,10,10,FALSE,2024
HANWHA_2018_PLY_002995_LN,PLY_002995,1,LIVE_NORMAL,61,4,10,10,TRUE,2018
HANWHA_2023_PLY_002995_LN,PLY_002995,1,LIVE_NORMAL,62,4,10,10,TRUE,2023
HANWHA_2025_PLY_002995_EPIC,PLY_002995,2,LIVE_EPIC,65,4,10,10,TRUE,2025
HANWHA_2023_PLY_002995_EPIC,PLY_002995,2,LIVE_EPIC,73,4,10,10,TRUE,2023
HANWHA_2001_PLY_002996_EPIC,PLY_002996,2,LIVE_EPIC,69,4,10,10,TRUE,2001
HANWHA_2003_PLY_002996_EPIC,PLY_002996,2,LIVE_EPIC,76,4,10,10,TRUE,2003
HANWHA_2001_PLY_002996_LN,PLY_002996,1,LIVE_NORMAL,62,4,10,10,TRUE,2001
HANWHA_2007_PLY_002996_LN,PLY_002996,1,LIVE_NORMAL,68,4,10,10,TRUE,2007
HANWHA_1999_PLY_002996_AS,PLY_002996,3,ALLSTAR,83,4,10,9,TRUE,1999
HANWHA_2005_PLY_002996_LN,PLY_002996,1,LIVE_NORMAL,57,4,10,10,TRUE,2005
HANWHA_2016_PLY_002996_EPIC,PLY_002996,2,LIVE_EPIC,75,4,10,10,TRUE,2016
HANWHA_2009_PLY_002996_LN,PLY_002996,1,LIVE_NORMAL,61,4,10,10,TRUE,2009
HANWHA_2002_PLY_002996_EPIC,PLY_002996,2,LIVE_EPIC,68,4,10,10,TRUE,2002
HANWHA_1993_PLY_002997_LN,PLY_002997,1,LIVE_NORMAL,60,4,10,10,TRUE,1993
HANWHA_1990_PLY_002997_AS,PLY_002997,3,ALLSTAR,76,4,10,9,TRUE,1990
HANWHA_1997_PLY_002997_GG,PLY_002997,8,GOLDEN_GLOVE,89,2,10,10,FALSE,1997
HANWHA_1990_PLY_002997_TH,PLY_002997,5,TITLE_HOLDER,87,3,10,9,FALSE,1990
HANWHA_1998_PLY_002997_LN,PLY_002997,1,LIVE_NORMAL,67,4,10,10,TRUE,1998
HANWHA_1992_PLY_002997_EPIC,PLY_002997,2,LIVE_EPIC,71,4,10,10,TRUE,1992
HANWHA_1989_PLY_002997_LN,PLY_002997,1,LIVE_NORMAL,59,4,10,10,TRUE,1989
HANWHA_1998_PLY_002997_EPIC,PLY_002997,2,LIVE_EPIC,66,4,10,10,TRUE,1998
HANWHA_2006_PLY_002998_EPIC,PLY_002998,2,LIVE_EPIC,73,4,10,10,TRUE,2006
HANWHA_2002_PLY_002998_LN,PLY_002998,1,LIVE_NORMAL,67,4,10,10,TRUE,2002
HANWHA_2026_PLY_002999_EPIC,PLY_002999,2,LIVE_EPIC,74,4,10,10,TRUE,2026
HANWHA_2026_PLY_002999_LN,PLY_002999,1,LIVE_NORMAL,55,4,10,10,TRUE,2026
HANWHA_2020_PLY_002999_EPIC,PLY_002999,2,LIVE_EPIC,73,4,10,10,TRUE,2020
HANWHA_2025_PLY_002999_LN,PLY_002999,1,LIVE_NORMAL,55,4,10,10,TRUE,2025
HANWHA_2023_PLY_002999_LN,PLY_002999,1,LIVE_NORMAL,61,4,10,10,TRUE,2023
HANWHA_2021_PLY_002999_LN,PLY_002999,1,LIVE_NORMAL,66,4,10,10,TRUE,2021
HANWHA_2021_PLY_002999_EPIC,PLY_002999,2,LIVE_EPIC,69,4,10,10,TRUE,2021
HANWHA_2022_PLY_002999_LN,PLY_002999,1,LIVE_NORMAL,66,4,10,10,TRUE,2022
HANWHA_2020_PLY_002999_LN,PLY_002999,1,LIVE_NORMAL,59,4,10,10,TRUE,2020
HANWHA_1987_PLY_003000_EPIC,PLY_003000,2,LIVE_EPIC,66,4,10,10,TRUE,1987
HANWHA_1989_PLY_003000_LN,PLY_003000,1,LIVE_NORMAL,68,4,10,10,TRUE,1989
HANWHA_1987_PLY_003000_LN,PLY_003000,1,LIVE_NORMAL,58,4,10,10,TRUE,1987
HANWHA_1992_PLY_003000_SIG,PLY_003000,7,SIGNATURE,89,1,10,10,FALSE,1992
HANWHA_1993_PLY_003000_AS,PLY_003000,3,ALLSTAR,80,4,10,9,TRUE,1993
HANWHA_2020_PLY_003001_EPIC,PLY_003001,2,LIVE_EPIC,71,4,10,10,TRUE,2020
HANWHA_2021_PLY_003001_EPIC,PLY_003001,2,LIVE_EPIC,67,4,10,10,TRUE,2021
HANWHA_2024_PLY_003001_LN,PLY_003001,1,LIVE_NORMAL,66,4,10,10,TRUE,2024
HANWHA_2013_PLY_003002_SIG,PLY_003002,7,SIGNATURE,92,1,10,10,FALSE,2013
HANWHA_2009_PLY_003002_AS,PLY_003002,3,ALLSTAR,78,4,10,9,TRUE,2009
HANWHA_2024_PLY_003003_LN,PLY_003003,1,LIVE_NORMAL,57,4,10,10,TRUE,2024
HANWHA_2023_PLY_003003_GG,PLY_003003,8,GOLDEN_GLOVE,86,2,10,10,FALSE,2023
HANWHA_2021_PLY_003003_LN,PLY_003003,1,LIVE_NORMAL,59,4,10,10,TRUE,2021
HANWHA_2026_PLY_003003_LN,PLY_003003,1,LIVE_NORMAL,60,4,10,10,TRUE,2026
HANWHA_2021_PLY_003003_EPIC,PLY_003003,2,LIVE_EPIC,74,4,10,10,TRUE,2021
HANWHA_2020_PLY_003003_EPIC,PLY_003003,2,LIVE_EPIC,66,4,10,10,TRUE,2020
HANWHA_2021_PLY_003003_AS,PLY_003003,3,ALLSTAR,78,4,10,9,TRUE,2021
HANWHA_2023_PLY_003004_EPIC,PLY_003004,2,LIVE_EPIC,68,4,10,10,TRUE,2023
HANWHA_2019_PLY_003004_LN,PLY_003004,1,LIVE_NORMAL,58,4,10,10,TRUE,2019
HANWHA_2023_PLY_003004_LN,PLY_003004,1,LIVE_NORMAL,67,4,10,10,TRUE,2023
HANWHA_2020_PLY_003004_TH,PLY_003004,5,TITLE_HOLDER,80,3,10,9,FALSE,2020
HANWHA_2021_PLY_003004_GG,PLY_003004,8,GOLDEN_GLOVE,88,2,10,10,FALSE,2021
HANWHA_2003_PLY_003005_EPIC,PLY_003005,2,LIVE_EPIC,65,4,10,10,TRUE,2003
HANWHA_2001_PLY_003005_EPIC,PLY_003005,2,LIVE_EPIC,70,4,10,10,TRUE,2001
HANWHA_1998_PLY_003005_LN,PLY_003005,1,LIVE_NORMAL,57,4,10,10,TRUE,1998
HANWHA_2003_PLY_003005_GG,PLY_003005,8,GOLDEN_GLOVE,89,2,10,10,FALSE,2003
HANWHA_2007_PLY_003005_AS,PLY_003005,3,ALLSTAR,80,4,10,9,TRUE,2007
HANWHA_2008_PLY_003005_EPIC,PLY_003005,2,LIVE_EPIC,73,4,10,10,TRUE,2008
HANWHA_1993_PLY_003005_SIG,PLY_003005,7,SIGNATURE,90,1,10,10,FALSE,1993
HANWHA_2011_PLY_003005_EPIC,PLY_003005,2,LIVE_EPIC,71,4,10,10,TRUE,2011
HANWHA_2018_PLY_003006_LN,PLY_003006,1,LIVE_NORMAL,67,4,10,10,TRUE,2018
HANWHA_2015_PLY_003006_SIG,PLY_003006,7,SIGNATURE,88,1,10,10,FALSE,2015
HANWHA_2011_PLY_003006_EPIC,PLY_003006,2,LIVE_EPIC,66,4,10,10,TRUE,2011
HANWHA_2014_PLY_003006_EPIC,PLY_003006,2,LIVE_EPIC,65,4,10,10,TRUE,2014
HANWHA_2007_PLY_003007_GG,PLY_003007,8,GOLDEN_GLOVE,84,2,10,10,FALSE,2007
HANWHA_2007_PLY_003007_EPIC,PLY_003007,2,LIVE_EPIC,70,4,10,10,TRUE,2007
HANWHA_2002_PLY_003008_LN,PLY_003008,1,LIVE_NORMAL,56,4,10,10,TRUE,2002
HANWHA_2006_PLY_003008_GG,PLY_003008,8,GOLDEN_GLOVE,83,2,10,10,FALSE,2006
HANWHA_2006_PLY_003008_LN,PLY_003008,1,LIVE_NORMAL,64,4,10,10,TRUE,2006
HANWHA_2008_PLY_003008_LN,PLY_003008,1,LIVE_NORMAL,63,4,10,10,TRUE,2008
HANWHA_2007_PLY_003008_LN,PLY_003008,1,LIVE_NORMAL,56,4,10,10,TRUE,2007
HANWHA_2007_PLY_003009_AS,PLY_003009,3,ALLSTAR,78,4,10,9,TRUE,2007
HANWHA_2008_PLY_003009_LN,PLY_003009,1,LIVE_NORMAL,61,4,10,10,TRUE,2008
HANWHA_2007_PLY_003009_GG,PLY_003009,8,GOLDEN_GLOVE,89,2,10,10,FALSE,2007
HANWHA_2005_PLY_003009_TH,PLY_003009,5,TITLE_HOLDER,87,3,10,9,FALSE,2005
HANWHA_2004_PLY_003009_LN,PLY_003009,1,LIVE_NORMAL,67,4,10,10,TRUE,2004
HANWHA_2007_PLY_003009_EPIC,PLY_003009,2,LIVE_EPIC,71,4,10,10,TRUE,2007
HANWHA_2004_PLY_003009_AS,PLY_003009,3,ALLSTAR,77,4,10,9,TRUE,2004
HANWHA_2015_PLY_003010_AS,PLY_003010,3,ALLSTAR,77,4,10,9,TRUE,2015
HANWHA_2023_PLY_003010_AS,PLY_003010,3,ALLSTAR,82,4,10,9,TRUE,2023
HANWHA_2014_PLY_003010_EPIC,PLY_003010,2,LIVE_EPIC,66,4,10,10,TRUE,2014
HANWHA_2014_PLY_003010_LN,PLY_003010,1,LIVE_NORMAL,63,4,10,10,TRUE,2014
HANWHA_2024_PLY_003011_EPIC,PLY_003011,2,LIVE_EPIC,75,4,10,10,TRUE,2024
HANWHA_2016_PLY_003011_LN,PLY_003011,1,LIVE_NORMAL,59,4,10,10,TRUE,2016
HANWHA_2024_PLY_003011_TH,PLY_003011,5,TITLE_HOLDER,81,3,10,9,FALSE,2024
HANWHA_2017_PLY_003011_LN,PLY_003011,1,LIVE_NORMAL,59,4,10,10,TRUE,2017
HANWHA_2026_PLY_003011_GG,PLY_003011,8,GOLDEN_GLOVE,89,2,10,10,FALSE,2026
HANWHA_2015_PLY_003011_LN,PLY_003011,1,LIVE_NORMAL,60,4,10,10,TRUE,2015
HANWHA_2019_PLY_003011_TH,PLY_003011,5,TITLE_HOLDER,86,3,10,9,FALSE,2019
HANWHA_2018_PLY_003011_LN,PLY_003011,1,LIVE_NORMAL,66,4,10,10,TRUE,2018
HANWHA_2020_PLY_003011_AS,PLY_003011,3,ALLSTAR,77,4,10,9,TRUE,2020
HANWHA_2025_PLY_003011_EPIC,PLY_003011,2,LIVE_EPIC,67,4,10,10,TRUE,2025
HANWHA_1992_PLY_003012_AS,PLY_003012,3,ALLSTAR,76,4,10,9,TRUE,1992
HANWHA_1990_PLY_003012_LN,PLY_003012,1,LIVE_NORMAL,62,4,10,10,TRUE,1990
HANWHA_1993_PLY_003012_LN,PLY_003012,1,LIVE_NORMAL,64,4,10,10,TRUE,1993
HANWHA_1995_PLY_003012_LN,PLY_003012,1,LIVE_NORMAL,60,4,10,10,TRUE,1995
HANWHA_1990_PLY_003012_GG,PLY_003012,8,GOLDEN_GLOVE,84,2,10,10,FALSE,1990
HANWHA_1989_PLY_003012_TH,PLY_003012,5,TITLE_HOLDER,82,3,10,9,FALSE,1989
HANWHA_1989_PLY_003012_EPIC,PLY_003012,2,LIVE_EPIC,70,4,10,10,TRUE,1989
HANWHA_1992_PLY_003012_GG,PLY_003012,8,GOLDEN_GLOVE,84,2,10,10,FALSE,1992
HANWHA_1996_PLY_003012_TH,PLY_003012,5,TITLE_HOLDER,82,3,10,9,FALSE,1996
HANWHA_2022_PLY_003013_LN,PLY_003013,1,LIVE_NORMAL,56,4,10,10,TRUE,2022
HANWHA_2023_PLY_003013_LN,PLY_003013,1,LIVE_NORMAL,61,4,10,10,TRUE,2023
HANWHA_2020_PLY_003013_LN,PLY_003013,1,LIVE_NORMAL,55,4,10,10,TRUE,2020
HANWHA_2022_PLY_003013_EPIC,PLY_003013,2,LIVE_EPIC,69,4,10,10,TRUE,2022
HANWHA_2023_PLY_003013_EPIC,PLY_003013,2,LIVE_EPIC,73,4,10,10,TRUE,2023
HANWHA_2019_PLY_003013_TH,PLY_003013,5,TITLE_HOLDER,87,3,10,9,FALSE,2019
HANWHA_2020_PLY_003013_AS,PLY_003013,3,ALLSTAR,83,4,10,9,TRUE,2020
HANWHA_2019_PLY_003013_LN,PLY_003013,1,LIVE_NORMAL,68,4,10,10,TRUE,2019
HANWHA_2021_PLY_003013_LN,PLY_003013,1,LIVE_NORMAL,56,4,10,10,TRUE,2021
HANWHA_2025_PLY_003014_EPIC,PLY_003014,2,LIVE_EPIC,67,4,10,10,TRUE,2025
HANWHA_2024_PLY_003014_AS,PLY_003014,3,ALLSTAR,74,4,10,9,TRUE,2024
HANWHA_2024_PLY_003014_LN,PLY_003014,1,LIVE_NORMAL,65,4,10,10,TRUE,2024
HANWHA_2023_PLY_003014_AS,PLY_003014,3,ALLSTAR,76,4,10,9,TRUE,2023
HANWHA_2024_PLY_003015_SIG,PLY_003015,7,SIGNATURE,91,1,10,10,FALSE,2024
HANWHA_2023_PLY_003015_TH,PLY_003015,5,TITLE_HOLDER,85,3,10,9,FALSE,2023
HANWHA_2024_PLY_003015_TH,PLY_003015,5,TITLE_HOLDER,85,3,10,9,FALSE,2024
HANWHA_2018_PLY_003015_EPIC,PLY_003015,2,LIVE_EPIC,71,4,10,10,TRUE,2018
HANWHA_2026_PLY_003015_LN,PLY_003015,1,LIVE_NORMAL,56,4,10,10,TRUE,2026
HANWHA_2019_PLY_003015_EPIC,PLY_003015,2,LIVE_EPIC,66,4,10,10,TRUE,2019
HANWHA_2017_PLY_003015_LN,PLY_003015,1,LIVE_NORMAL,68,4,10,10,TRUE,2017
HANWHA_2022_PLY_003015_AS,PLY_003015,3,ALLSTAR,76,4,10,9,TRUE,2022
HANWHA_2014_PLY_003016_LN,PLY_003016,1,LIVE_NORMAL,65,4,10,10,TRUE,2014
HANWHA_2006_PLY_003016_AS,PLY_003016,3,ALLSTAR,76,4,10,9,TRUE,2006
HANWHA_1999_PLY_003016_GG,PLY_003016,8,GOLDEN_GLOVE,88,2,10,10,FALSE,1999
HANWHA_2017_PLY_003016_LN,PLY_003016,1,LIVE_NORMAL,56,4,10,10,TRUE,2017
HANWHA_2007_PLY_003016_GG,PLY_003016,8,GOLDEN_GLOVE,90,2,10,10,FALSE,2007
HANWHA_2003_PLY_003016_LN,PLY_003016,1,LIVE_NORMAL,56,4,10,10,TRUE,2003
HANWHA_2001_PLY_003016_LN,PLY_003016,1,LIVE_NORMAL,61,4,10,10,TRUE,2001
HANWHA_2024_PLY_003017_EPIC,PLY_003017,2,LIVE_EPIC,74,4,10,10,TRUE,2024
HANWHA_2026_PLY_003017_EPIC,PLY_003017,2,LIVE_EPIC,68,4,10,10,TRUE,2026
HANWHA_2026_PLY_003017_AS,PLY_003017,3,ALLSTAR,79,4,10,9,TRUE,2026
HANWHA_2025_PLY_003017_LN,PLY_003017,1,LIVE_NORMAL,68,4,10,10,TRUE,2025
HANWHA_2024_PLY_003018_TH,PLY_003018,5,TITLE_HOLDER,80,3,10,9,FALSE,2024
HANWHA_2020_PLY_003018_SIG,PLY_003018,7,SIGNATURE,89,1,10,10,FALSE,2020
HANWHA_2018_PLY_003018_LN,PLY_003018,1,LIVE_NORMAL,62,4,10,10,TRUE,2018
HANWHA_2022_PLY_003018_AS,PLY_003018,3,ALLSTAR,83,4,10,9,TRUE,2022
HANWHA_2026_PLY_003018_LN,PLY_003018,1,LIVE_NORMAL,63,4,10,10,TRUE,2026
HANWHA_2016_PLY_003018_LN,PLY_003018,1,LIVE_NORMAL,63,4,10,10,TRUE,2016
HANWHA_2024_PLY_003018_EPIC,PLY_003018,2,LIVE_EPIC,65,4,10,10,TRUE,2024
HANWHA_2014_PLY_003018_EPIC,PLY_003018,2,LIVE_EPIC,71,4,10,10,TRUE,2014
HANWHA_2018_PLY_003018_EPIC,PLY_003018,2,LIVE_EPIC,75,4,10,10,TRUE,2018
HANWHA_2022_PLY_003019_AS,PLY_003019,3,ALLSTAR,80,4,10,9,TRUE,2022
HANWHA_2013_PLY_003019_AS,PLY_003019,3,ALLSTAR,77,4,10,9,TRUE,2013
HANWHA_2018_PLY_003019_AS,PLY_003019,3,ALLSTAR,82,4,10,9,TRUE,2018
HANWHA_2010_PLY_003020_SIG,PLY_003020,7,SIGNATURE,94,1,10,10,FALSE,2010
HANWHA_2018_PLY_003020_LN,PLY_003020,1,LIVE_NORMAL,60,4,10,10,TRUE,2018
HANWHA_2014_PLY_003020_AS,PLY_003020,3,ALLSTAR,77,4,10,9,TRUE,2014
HANWHA_2014_PLY_003020_EPIC,PLY_003020,2,LIVE_EPIC,67,4,10,10,TRUE,2014
HANWHA_2011_PLY_003020_EPIC,PLY_003020,2,LIVE_EPIC,75,4,10,10,TRUE,2011
HANWHA_2016_PLY_003020_TH,PLY_003020,5,TITLE_HOLDER,85,3,10,9,FALSE,2016
HANWHA_2018_PLY_003020_AS,PLY_003020,3,ALLSTAR,78,4,10,9,TRUE,2018
HANWHA_2017_PLY_003020_LN,PLY_003020,1,LIVE_NORMAL,65,4,10,10,TRUE,2017
HANWHA_2012_PLY_003020_GG,PLY_003020,8,GOLDEN_GLOVE,90,2,10,10,FALSE,2012
HANWHA_2015_PLY_003020_EPIC,PLY_003020,2,LIVE_EPIC,75,4,10,10,TRUE,2015
HANWHA_2017_PLY_003021_LN,PLY_003021,1,LIVE_NORMAL,67,4,10,10,TRUE,2017
HANWHA_2007_PLY_003021_TH,PLY_003021,5,TITLE_HOLDER,80,3,10,9,FALSE,2007
HANWHA_2012_PLY_003021_LN,PLY_003021,1,LIVE_NORMAL,55,4,10,10,TRUE,2012
HANWHA_2011_PLY_003021_LN,PLY_003021,1,LIVE_NORMAL,56,4,10,10,TRUE,2011
HANWHA_2017_PLY_003021_EPIC,PLY_003021,2,LIVE_EPIC,66,4,10,10,TRUE,2017
HANWHA_2015_PLY_003021_LN,PLY_003021,1,LIVE_NORMAL,55,4,10,10,TRUE,2015
HANWHA_2002_PLY_003022_LN,PLY_003022,1,LIVE_NORMAL,64,4,10,10,TRUE,2002
HANWHA_2002_PLY_003022_AS,PLY_003022,3,ALLSTAR,80,4,10,9,TRUE,2002
HANWHA_2009_PLY_003022_EPIC,PLY_003022,2,LIVE_EPIC,75,4,10,10,TRUE,2009
HANWHA_2001_PLY_003022_EPIC,PLY_003022,2,LIVE_EPIC,73,4,10,10,TRUE,2001
HANWHA_2024_PLY_003023_EPIC,PLY_003023,2,LIVE_EPIC,68,4,10,10,TRUE,2024
HANWHA_2018_PLY_003023_LN,PLY_003023,1,LIVE_NORMAL,66,4,10,10,TRUE,2018
HANWHA_2020_PLY_003023_EPIC,PLY_003023,2,LIVE_EPIC,74,4,10,10,TRUE,2020
HANWHA_2022_PLY_003023_LN,PLY_003023,1,LIVE_NORMAL,59,4,10,10,TRUE,2022
HANWHA_2014_PLY_003023_LN,PLY_003023,1,LIVE_NORMAL,62,4,10,10,TRUE,2014
HANWHA_2013_PLY_003023_EPIC,PLY_003023,2,LIVE_EPIC,69,4,10,10,TRUE,2013
HANWHA_2003_PLY_003024_LN,PLY_003024,1,LIVE_NORMAL,60,4,10,10,TRUE,2003
HANWHA_1997_PLY_003024_LN,PLY_003024,1,LIVE_NORMAL,56,4,10,10,TRUE,1997
HANWHA_2000_PLY_003024_EPIC,PLY_003024,2,LIVE_EPIC,70,4,10,10,TRUE,2000
HANWHA_2006_PLY_003024_AS,PLY_003024,3,ALLSTAR,78,4,10,9,TRUE,2006
HANWHA_1993_PLY_003025_EPIC,PLY_003025,2,LIVE_EPIC,74,4,10,10,TRUE,1993
HANWHA_1993_PLY_003025_LN,PLY_003025,1,LIVE_NORMAL,60,4,10,10,TRUE,1993
HANWHA_1993_PLY_003025_AS,PLY_003025,3,ALLSTAR,82,4,10,9,TRUE,1993
HANWHA_1999_PLY_003025_LN,PLY_003025,1,LIVE_NORMAL,61,4,10,10,TRUE,1999
HANWHA_1997_PLY_003025_TH,PLY_003025,5,TITLE_HOLDER,84,3,10,9,FALSE,1997
HANWHA_1999_PLY_003025_SIG,PLY_003025,7,SIGNATURE,93,1,10,10,FALSE,1999
HANWHA_1999_PLY_003025_EPIC,PLY_003025,2,LIVE_EPIC,70,4,10,10,TRUE,1999
HANWHA_1996_PLY_003025_LN,PLY_003025,1,LIVE_NORMAL,60,4,10,10,TRUE,1996
HANWHA_1999_PLY_003025_AS,PLY_003025,3,ALLSTAR,81,4,10,9,TRUE,1999
HANWHA_2000_PLY_003025_AS,PLY_003025,3,ALLSTAR,82,4,10,9,TRUE,2000
HANWHA_1996_PLY_003025_GG,PLY_003025,8,GOLDEN_GLOVE,84,2,10,10,FALSE,1996
HANWHA_2018_PLY_003026_AS,PLY_003026,3,ALLSTAR,77,4,10,9,TRUE,2018
HANWHA_2025_PLY_003026_LN,PLY_003026,1,LIVE_NORMAL,64,4,10,10,TRUE,2025
HANWHA_2024_PLY_003026_LN,PLY_003026,1,LIVE_NORMAL,55,4,10,10,TRUE,2024
HANWHA_2022_PLY_003026_EPIC,PLY_003026,2,LIVE_EPIC,66,4,10,10,TRUE,2022
HANWHA_2020_PLY_003026_EPIC,PLY_003026,2,LIVE_EPIC,73,4,10,10,TRUE,2020
HANWHA_2025_PLY_003026_AS,PLY_003026,3,ALLSTAR,79,4,10,9,TRUE,2025
HANWHA_2008_PLY_003027_EPIC,PLY_003027,2,LIVE_EPIC,67,4,10,10,TRUE,2008
HANWHA_1996_PLY_003027_AS,PLY_003027,3,ALLSTAR,82,4,10,9,TRUE,1996
HANWHA_2011_PLY_003027_LN,PLY_003027,1,LIVE_NORMAL,67,4,10,10,TRUE,2011
HANWHA_1999_PLY_003027_SIG,PLY_003027,7,SIGNATURE,94,1,10,10,FALSE,1999
HANWHA_2001_PLY_003027_EPIC,PLY_003027,2,LIVE_EPIC,68,4,10,10,TRUE,2001
HANWHA_1998_PLY_003027_LN,PLY_003027,1,LIVE_NORMAL,57,4,10,10,TRUE,1998
HANWHA_1997_PLY_003027_EPIC,PLY_003027,2,LIVE_EPIC,76,4,10,10,TRUE,1997
HANWHA_2001_PLY_003027_LN,PLY_003027,1,LIVE_NORMAL,63,4,10,10,TRUE,2001
HANWHA_2009_PLY_003027_TH,PLY_003027,5,TITLE_HOLDER,85,3,10,9,FALSE,2009
HANWHA_1999_PLY_003027_TH,PLY_003027,5,TITLE_HOLDER,84,3,10,9,FALSE,1999
HANWHA_2005_PLY_003027_LN,PLY_003027,1,LIVE_NORMAL,58,4,10,10,TRUE,2005
HANWHA_1992_PLY_003028_EPIC,PLY_003028,2,LIVE_EPIC,74,4,10,10,TRUE,1992
HANWHA_1995_PLY_003028_EPIC,PLY_003028,2,LIVE_EPIC,69,4,10,10,TRUE,1995
HANWHA_1992_PLY_003028_LN,PLY_003028,1,LIVE_NORMAL,56,4,10,10,TRUE,1992
HANWHA_1995_PLY_003028_GG,PLY_003028,8,GOLDEN_GLOVE,84,2,10,10,FALSE,1995
HANWHA_1996_PLY_003028_LN,PLY_003028,1,LIVE_NORMAL,68,4,10,10,TRUE,1996
HANWHA_1994_PLY_003028_LN,PLY_003028,1,LIVE_NORMAL,55,4,10,10,TRUE,1994
HANWHA_1999_PLY_003029_LN,PLY_003029,1,LIVE_NORMAL,61,4,10,10,TRUE,1999
HANWHA_1997_PLY_003029_AS,PLY_003029,3,ALLSTAR,82,4,10,9,TRUE,1997
HANWHA_1989_PLY_003029_EPIC,PLY_003029,2,LIVE_EPIC,72,4,10,10,TRUE,1989
HANWHA_1998_PLY_003029_EPIC,PLY_003029,2,LIVE_EPIC,68,4,10,10,TRUE,1998
HANWHA_1995_PLY_003029_LN,PLY_003029,1,LIVE_NORMAL,56,4,10,10,TRUE,1995
HANWHA_2002_PLY_003029_LN,PLY_003029,1,LIVE_NORMAL,65,4,10,10,TRUE,2002
HANWHA_1988_PLY_003029_GG,PLY_003029,8,GOLDEN_GLOVE,85,2,10,10,FALSE,1988
HANWHA_1986_PLY_003029_LN,PLY_003029,1,LIVE_NORMAL,68,4,10,10,TRUE,1986
HANWHA_1993_PLY_003029_LN,PLY_003029,1,LIVE_NORMAL,68,4,10,10,TRUE,1993
HANWHA_1993_PLY_003029_AS,PLY_003029,3,ALLSTAR,74,4,10,9,TRUE,1993
HANWHA_2026_PLY_003030_EPIC,PLY_003030,2,LIVE_EPIC,68,4,10,10,TRUE,2026
HANWHA_2022_PLY_003030_LN,PLY_003030,1,LIVE_NORMAL,58,4,10,10,TRUE,2022
HANWHA_2019_PLY_003030_EPIC,PLY_003030,2,LIVE_EPIC,76,4,10,10,TRUE,2019
HANWHA_2023_PLY_003030_TH,PLY_003030,5,TITLE_HOLDER,82,3,10,9,FALSE,2023
HANWHA_2021_PLY_003030_EPIC,PLY_003030,2,LIVE_EPIC,69,4,10,10,TRUE,2021
HANWHA_2025_PLY_003030_EPIC,PLY_003030,2,LIVE_EPIC,67,4,10,10,TRUE,2025
HANWHA_2024_PLY_003030_LN,PLY_003030,1,LIVE_NORMAL,62,4,10,10,TRUE,2024
HANWHA_2023_PLY_003030_LN,PLY_003030,1,LIVE_NORMAL,67,4,10,10,TRUE,2023
HANWHA_2019_PLY_003030_TH,PLY_003030,5,TITLE_HOLDER,81,3,10,9,FALSE,2019
HANWHA_2024_PLY_003031_LN,PLY_003031,1,LIVE_NORMAL,57,4,10,10,TRUE,2024
HANWHA_2022_PLY_003031_EPIC,PLY_003031,2,LIVE_EPIC,74,4,10,10,TRUE,2022
HANWHA_2026_PLY_003031_LN,PLY_003031,1,LIVE_NORMAL,66,4,10,10,TRUE,2026
HANWHA_2025_PLY_003031_TH,PLY_003031,5,TITLE_HOLDER,83,3,10,9,FALSE,2025
HANWHA_2022_PLY_003031_AS,PLY_003031,3,ALLSTAR,78,4,10,9,TRUE,2022
HANWHA_2022_PLY_003031_LN,PLY_003031,1,LIVE_NORMAL,55,4,10,10,TRUE,2022
HANWHA_2023_PLY_003031_LN,PLY_003031,1,LIVE_NORMAL,62,4,10,10,TRUE,2023
HANWHA_1990_PLY_003032_EPIC,PLY_003032,2,LIVE_EPIC,65,4,10,10,TRUE,1990
HANWHA_1990_PLY_003032_LN,PLY_003032,1,LIVE_NORMAL,55,4,10,10,TRUE,1990
HANWHA_1992_PLY_003032_LN,PLY_003032,1,LIVE_NORMAL,64,4,10,10,TRUE,1992
HANWHA_1987_PLY_003032_TH,PLY_003032,5,TITLE_HOLDER,87,3,10,9,FALSE,1987
HANWHA_2024_PLY_003033_LN,PLY_003033,1,LIVE_NORMAL,60,4,10,10,TRUE,2024
HANWHA_2025_PLY_003033_LN,PLY_003033,1,LIVE_NORMAL,59,4,10,10,TRUE,2025
HANWHA_2026_PLY_003033_LN,PLY_003033,1,LIVE_NORMAL,64,4,10,10,TRUE,2026
HANWHA_2008_PLY_003034_AS,PLY_003034,3,ALLSTAR,74,4,10,9,TRUE,2008
HANWHA_2014_PLY_003034_EPIC,PLY_003034,2,LIVE_EPIC,70,4,10,10,TRUE,2014
HANWHA_2019_PLY_003034_LN,PLY_003034,1,LIVE_NORMAL,67,4,10,10,TRUE,2019
HANWHA_2006_PLY_003034_EPIC,PLY_003034,2,LIVE_EPIC,72,4,10,10,TRUE,2006
HANWHA_2010_PLY_003034_AS,PLY_003034,3,ALLSTAR,77,4,10,9,TRUE,2010
HANWHA_2003_PLY_003034_EPIC,PLY_003034,2,LIVE_EPIC,66,4,10,10,TRUE,2003
HANWHA_2004_PLY_003034_SIG,PLY_003034,7,SIGNATURE,94,1,10,10,FALSE,2004
HANWHA_2018_PLY_003034_SIG,PLY_003034,7,SIGNATURE,88,1,10,10,FALSE,2018
HANWHA_2005_PLY_003034_AS,PLY_003034,3,ALLSTAR,83,4,10,9,TRUE,2005
HANWHA_2000_PLY_003035_GG,PLY_003035,8,GOLDEN_GLOVE,83,2,10,10,FALSE,2000
HANWHA_1990_PLY_003035_LN,PLY_003035,1,LIVE_NORMAL,56,4,10,10,TRUE,1990
HANWHA_2007_PLY_003035_LN,PLY_003035,1,LIVE_NORMAL,63,4,10,10,TRUE,2007
HANWHA_1999_PLY_003035_SIG,PLY_003035,7,SIGNATURE,87,1,10,10,FALSE,1999
HANWHA_1995_PLY_003035_AS,PLY_003035,3,ALLSTAR,77,4,10,9,TRUE,1995
HANWHA_1994_PLY_003035_LN,PLY_003035,1,LIVE_NORMAL,68,4,10,10,TRUE,1994
HANWHA_1998_PLY_003035_TH,PLY_003035,5,TITLE_HOLDER,84,3,10,9,FALSE,1998
HANWHA_1999_PLY_003035_TH,PLY_003035,5,TITLE_HOLDER,85,3,10,9,FALSE,1999
HANWHA_1996_PLY_003035_AS,PLY_003035,3,ALLSTAR,81,4,10,9,TRUE,1996
HANWHA_1988_PLY_003035_EPIC,PLY_003035,2,LIVE_EPIC,74,4,10,10,TRUE,1988
HANWHA_2021_PLY_003036_GG,PLY_003036,8,GOLDEN_GLOVE,88,2,10,10,FALSE,2021
HANWHA_2022_PLY_003036_AS,PLY_003036,3,ALLSTAR,79,4,10,9,TRUE,2022
HANWHA_2020_PLY_003036_EPIC,PLY_003036,2,LIVE_EPIC,65,4,10,10,TRUE,2020
HANWHA_2023_PLY_003036_EPIC,PLY_003036,2,LIVE_EPIC,65,4,10,10,TRUE,2023
HANWHA_2023_PLY_003036_AS,PLY_003036,3,ALLSTAR,79,4,10,9,TRUE,2023
HANWHA_2023_PLY_003037_LN,PLY_003037,1,LIVE_NORMAL,66,4,10,10,TRUE,2023
HANWHA_2019_PLY_003037_EPIC,PLY_003037,2,LIVE_EPIC,70,4,10,10,TRUE,2019
HANWHA_2021_PLY_003037_LN,PLY_003037,1,LIVE_NORMAL,62,4,10,10,TRUE,2021
HANWHA_2023_PLY_003037_TH,PLY_003037,5,TITLE_HOLDER,82,3,10,9,FALSE,2023
HANWHA_2026_PLY_003037_LN,PLY_003037,1,LIVE_NORMAL,66,4,10,10,TRUE,2026
HANWHA_2022_PLY_003037_AS,PLY_003037,3,ALLSTAR,81,4,10,9,TRUE,2022
HANWHA_2010_PLY_003038_AS,PLY_003038,3,ALLSTAR,79,4,10,9,TRUE,2010
HANWHA_2009_PLY_003038_EPIC,PLY_003038,2,LIVE_EPIC,76,4,10,10,TRUE,2009
HANWHA_2010_PLY_003038_TH,PLY_003038,5,TITLE_HOLDER,80,3,10,9,FALSE,2010
HANWHA_2010_PLY_003038_LN,PLY_003038,1,LIVE_NORMAL,59,4,10,10,TRUE,2010
HANWHA_2011_PLY_003038_LN,PLY_003038,1,LIVE_NORMAL,64,4,10,10,TRUE,2011
HANWHA_1995_PLY_003039_LN,PLY_003039,1,LIVE_NORMAL,61,4,10,10,TRUE,1995
HANWHA_1997_PLY_003039_LN,PLY_003039,1,LIVE_NORMAL,63,4,10,10,TRUE,1997
HANWHA_2020_PLY_003040_LN,PLY_003040,1,LIVE_NORMAL,65,4,10,10,TRUE,2020
HANWHA_2013_PLY_003040_LN,PLY_003040,1,LIVE_NORMAL,65,4,10,10,TRUE,2013
HANWHA_2024_PLY_003040_AS,PLY_003040,3,ALLSTAR,74,4,10,9,TRUE,2024
HANWHA_2014_PLY_003040_GG,PLY_003040,8,GOLDEN_GLOVE,83,2,10,10,FALSE,2014
HANWHA_2023_PLY_003040_LN,PLY_003040,1,LIVE_NORMAL,55,4,10,10,TRUE,2023
HANWHA_2020_PLY_003040_EPIC,PLY_003040,2,LIVE_EPIC,65,4,10,10,TRUE,2020
HANWHA_2025_PLY_003040_LN,PLY_003040,1,LIVE_NORMAL,64,4,10,10,TRUE,2025
HANWHA_2019_PLY_003040_LN,PLY_003040,1,LIVE_NORMAL,59,4,10,10,TRUE,2019
HANWHA_2017_PLY_003040_LN,PLY_003040,1,LIVE_NORMAL,68,4,10,10,TRUE,2017
HANWHA_2023_PLY_003040_GG,PLY_003040,8,GOLDEN_GLOVE,85,2,10,10,FALSE,2023
HANWHA_2025_PLY_003040_GG,PLY_003040,8,GOLDEN_GLOVE,87,2,10,10,FALSE,2025
HANWHA_2009_PLY_003041_LN,PLY_003041,1,LIVE_NORMAL,64,4,10,10,TRUE,2009
HANWHA_2019_PLY_003041_LN,PLY_003041,1,LIVE_NORMAL,55,4,10,10,TRUE,2019
HANWHA_2017_PLY_003041_LN,PLY_003041,1,LIVE_NORMAL,56,4,10,10,TRUE,2017
HANWHA_2024_PLY_003041_EPIC,PLY_003041,2,LIVE_EPIC,76,4,10,10,TRUE,2024
HANWHA_2016_PLY_003041_EPIC,PLY_003041,2,LIVE_EPIC,72,4,10,10,TRUE,2016
HANWHA_2016_PLY_003041_LN,PLY_003041,1,LIVE_NORMAL,61,4,10,10,TRUE,2016
HANWHA_2011_PLY_003041_AS,PLY_003041,3,ALLSTAR,80,4,10,9,TRUE,2011
HANWHA_2020_PLY_003041_EPIC,PLY_003041,2,LIVE_EPIC,76,4,10,10,TRUE,2020
HANWHA_2022_PLY_003041_EPIC,PLY_003041,2,LIVE_EPIC,71,4,10,10,TRUE,2022
HANWHA_2010_PLY_003041_LN,PLY_003041,1,LIVE_NORMAL,64,4,10,10,TRUE,2010
HANWHA_2024_PLY_003042_LN,PLY_003042,1,LIVE_NORMAL,58,4,10,10,TRUE,2024
HANWHA_2026_PLY_003042_TH,PLY_003042,5,TITLE_HOLDER,86,3,10,9,FALSE,2026
HANWHA_2026_PLY_003042_LN,PLY_003042,1,LIVE_NORMAL,63,4,10,10,TRUE,2026
HANWHA_2023_PLY_003042_SIG,PLY_003042,7,SIGNATURE,94,1,10,10,FALSE,2023
HANWHA_2021_PLY_003043_LN,PLY_003043,1,LIVE_NORMAL,64,4,10,10,TRUE,2021
HANWHA_2022_PLY_003043_EPIC,PLY_003043,2,LIVE_EPIC,66,4,10,10,TRUE,2022
HANWHA_2018_PLY_003043_EPIC,PLY_003043,2,LIVE_EPIC,67,4,10,10,TRUE,2018
HANWHA_2019_PLY_003043_TH,PLY_003043,5,TITLE_HOLDER,83,3,10,9,FALSE,2019
HANWHA_2016_PLY_003043_SIG,PLY_003043,7,SIGNATURE,94,1,10,10,FALSE,2016
HANWHA_2020_PLY_003044_EPIC,PLY_003044,2,LIVE_EPIC,75,4,10,10,TRUE,2020
HANWHA_2023_PLY_003044_GG,PLY_003044,8,GOLDEN_GLOVE,83,2,10,10,FALSE,2023
HANWHA_2019_PLY_003044_LN,PLY_003044,1,LIVE_NORMAL,59,4,10,10,TRUE,2019
HANWHA_2018_PLY_003044_LN,PLY_003044,1,LIVE_NORMAL,58,4,10,10,TRUE,2018
HANWHA_2021_PLY_003044_LN,PLY_003044,1,LIVE_NORMAL,60,4,10,10,TRUE,2021
HANWHA_2023_PLY_003044_LN,PLY_003044,1,LIVE_NORMAL,64,4,10,10,TRUE,2023
HANWHA_2017_PLY_003044_EPIC,PLY_003044,2,LIVE_EPIC,75,4,10,10,TRUE,2017
HANWHA_2025_PLY_003044_AS,PLY_003044,3,ALLSTAR,81,4,10,9,TRUE,2025
HANWHA_2022_PLY_003044_AS,PLY_003044,3,ALLSTAR,82,4,10,9,TRUE,2022
HANWHA_2026_PLY_003045_LN,PLY_003045,1,LIVE_NORMAL,67,4,10,10,TRUE,2026
HANWHA_2025_PLY_003045_LN,PLY_003045,1,LIVE_NORMAL,64,4,10,10,TRUE,2025
HANWHA_2023_PLY_003045_AS,PLY_003045,3,ALLSTAR,74,4,10,9,TRUE,2023
HANWHA_2020_PLY_003045_LN,PLY_003045,1,LIVE_NORMAL,57,4,10,10,TRUE,2020
HANWHA_2018_PLY_003045_EPIC,PLY_003045,2,LIVE_EPIC,73,4,10,10,TRUE,2018
HANWHA_2021_PLY_003045_TH,PLY_003045,5,TITLE_HOLDER,82,3,10,9,FALSE,2021
HANWHA_2011_PLY_003046_LN,PLY_003046,1,LIVE_NORMAL,59,4,10,10,TRUE,2011
HANWHA_1995_PLY_003047_AS,PLY_003047,3,ALLSTAR,82,4,10,9,TRUE,1995
HANWHA_2005_PLY_003047_EPIC,PLY_003047,2,LIVE_EPIC,69,4,10,10,TRUE,2005
HANWHA_1993_PLY_003047_LN,PLY_003047,1,LIVE_NORMAL,56,4,10,10,TRUE,1993
HANWHA_2007_PLY_003048_EPIC,PLY_003048,2,LIVE_EPIC,75,4,10,10,TRUE,2007
HANWHA_2010_PLY_003048_LN,PLY_003048,1,LIVE_NORMAL,66,4,10,10,TRUE,2010
HANWHA_2012_PLY_003048_EPIC,PLY_003048,2,LIVE_EPIC,68,4,10,10,TRUE,2012
HANWHA_2004_PLY_003048_AS,PLY_003048,3,ALLSTAR,80,4,10,9,TRUE,2004
HANWHA_2017_PLY_003049_LN,PLY_003049,1,LIVE_NORMAL,64,4,10,10,TRUE,2017
HANWHA_2018_PLY_003049_LN,PLY_003049,1,LIVE_NORMAL,60,4,10,10,TRUE,2018
HANWHA_2012_PLY_003049_GG,PLY_003049,8,GOLDEN_GLOVE,90,2,10,10,FALSE,2012
HANWHA_1988_PLY_003050_EPIC,PLY_003050,2,LIVE_EPIC,65,4,10,10,TRUE,1988
HANWHA_2002_PLY_003050_LN,PLY_003050,1,LIVE_NORMAL,63,4,10,10,TRUE,2002
HANWHA_2002_PLY_003050_EPIC,PLY_003050,2,LIVE_EPIC,72,4,10,10,TRUE,2002
HANWHA_1996_PLY_003050_EPIC,PLY_003050,2,LIVE_EPIC,65,4,10,10,TRUE,1996
HANWHA_1992_PLY_003050_EPIC,PLY_003050,2,LIVE_EPIC,72,4,10,10,TRUE,1992
HANWHA_1995_PLY_003050_GG,PLY_003050,8,GOLDEN_GLOVE,86,2,10,10,FALSE,1995
HANWHA_2004_PLY_003050_LN,PLY_003050,1,LIVE_NORMAL,62,4,10,10,TRUE,2004
HANWHA_1994_PLY_003050_EPIC,PLY_003050,2,LIVE_EPIC,68,4,10,10,TRUE,1994
HANWHA_1993_PLY_003050_AS,PLY_003050,3,ALLSTAR,81,4,10,9,TRUE,1993
HANWHA_2004_PLY_003050_SIG,PLY_003050,7,SIGNATURE,87,1,10,10,FALSE,2004
HANWHA_1989_PLY_003050_EPIC,PLY_003050,2,LIVE_EPIC,72,4,10,10,TRUE,1989
HANWHA_2000_PLY_003051_LN,PLY_003051,1,LIVE_NORMAL,66,4,10,10,TRUE,2000
HANWHA_1998_PLY_003051_EPIC,PLY_003051,2,LIVE_EPIC,68,4,10,10,TRUE,1998
HANWHA_1995_PLY_003051_LN,PLY_003051,1,LIVE_NORMAL,63,4,10,10,TRUE,1995
HANWHA_2012_PLY_003052_EPIC,PLY_003052,2,LIVE_EPIC,74,4,10,10,TRUE,2012
HANWHA_2013_PLY_003052_LN,PLY_003052,1,LIVE_NORMAL,57,4,10,10,TRUE,2013
HANWHA_2010_PLY_003053_TH,PLY_003053,5,TITLE_HOLDER,81,3,10,9,FALSE,2010
HANWHA_2012_PLY_003053_GG,PLY_003053,8,GOLDEN_GLOVE,85,2,10,10,FALSE,2012
HANWHA_2019_PLY_003053_LN,PLY_003053,1,LIVE_NORMAL,62,4,10,10,TRUE,2019
HANWHA_2014_PLY_003053_LN,PLY_003053,1,LIVE_NORMAL,62,4,10,10,TRUE,2014
HANWHA_2008_PLY_003053_EPIC,PLY_003053,2,LIVE_EPIC,74,4,10,10,TRUE,2008
HANWHA_2020_PLY_003053_LN,PLY_003053,1,LIVE_NORMAL,56,4,10,10,TRUE,2020
HANWHA_2017_PLY_003053_TH,PLY_003053,5,TITLE_HOLDER,83,3,10,9,FALSE,2017
HANWHA_2014_PLY_003053_TH,PLY_003053,5,TITLE_HOLDER,86,3,10,9,FALSE,2014
HANWHA_2015_PLY_003053_AS,PLY_003053,3,ALLSTAR,79,4,10,9,TRUE,2015
HANWHA_2022_PLY_003054_AS,PLY_003054,3,ALLSTAR,81,4,10,9,TRUE,2022
HANWHA_2026_PLY_003054_LN,PLY_003054,1,LIVE_NORMAL,63,4,10,10,TRUE,2026
HANWHA_2025_PLY_003054_SIG,PLY_003054,7,SIGNATURE,88,1,10,10,FALSE,2025
HANWHA_2022_PLY_003054_EPIC,PLY_003054,2,LIVE_EPIC,74,4,10,10,TRUE,2022
HANWHA_2025_PLY_003054_GG,PLY_003054,8,GOLDEN_GLOVE,83,2,10,10,FALSE,2025
HANWHA_2023_PLY_003054_EPIC,PLY_003054,2,LIVE_EPIC,72,4,10,10,TRUE,2023
HANWHA_2024_PLY_003054_LN,PLY_003054,1,LIVE_NORMAL,55,4,10,10,TRUE,2024
HANWHA_2022_PLY_003054_LN,PLY_003054,1,LIVE_NORMAL,64,4,10,10,TRUE,2022
HANWHA_2009_PLY_003055_LN,PLY_003055,1,LIVE_NORMAL,55,4,10,10,TRUE,2009
HANWHA_2003_PLY_003055_LN,PLY_003055,1,LIVE_NORMAL,59,4,10,10,TRUE,2003
HANWHA_2006_PLY_003056_AS,PLY_003056,3,ALLSTAR,79,4,10,9,TRUE,2006
HANWHA_2002_PLY_003056_LN,PLY_003056,1,LIVE_NORMAL,68,4,10,10,TRUE,2002
HANWHA_2003_PLY_003056_GG,PLY_003056,8,GOLDEN_GLOVE,87,2,10,10,FALSE,2003
HANWHA_2012_PLY_003056_LN,PLY_003056,1,LIVE_NORMAL,57,4,10,10,TRUE,2012
HANWHA_2003_PLY_003056_EPIC,PLY_003056,2,LIVE_EPIC,75,4,10,10,TRUE,2003
HANWHA_2006_PLY_003056_LN,PLY_003056,1,LIVE_NORMAL,60,4,10,10,TRUE,2006
HANWHA_2006_PLY_003056_TH,PLY_003056,5,TITLE_HOLDER,86,3,10,9,FALSE,2006
HANWHA_2009_PLY_003056_LN,PLY_003056,1,LIVE_NORMAL,66,4,10,10,TRUE,2009
HANWHA_2005_PLY_003056_GG,PLY_003056,8,GOLDEN_GLOVE,86,2,10,10,FALSE,2005
HANWHA_2003_PLY_003056_TH,PLY_003056,5,TITLE_HOLDER,82,3,10,9,FALSE,2003
HANWHA_2011_PLY_003056_EPIC,PLY_003056,2,LIVE_EPIC,69,4,10,10,TRUE,2011
HANWHA_1991_PLY_003057_TH,PLY_003057,5,TITLE_HOLDER,81,3,10,9,FALSE,1991
HANWHA_1999_PLY_003057_LN,PLY_003057,1,LIVE_NORMAL,66,4,10,10,TRUE,1999
HANWHA_1997_PLY_003057_TH,PLY_003057,5,TITLE_HOLDER,82,3,10,9,FALSE,1997
HANWHA_1994_PLY_003057_EPIC,PLY_003057,2,LIVE_EPIC,71,4,10,10,TRUE,1994
HANWHA_1992_PLY_003057_EPIC,PLY_003057,2,LIVE_EPIC,67,4,10,10,TRUE,1992
HANWHA_1995_PLY_003057_EPIC,PLY_003057,2,LIVE_EPIC,66,4,10,10,TRUE,1995
HANWHA_1989_PLY_003057_LN,PLY_003057,1,LIVE_NORMAL,66,4,10,10,TRUE,1989
HANWHA_1995_PLY_003057_LN,PLY_003057,1,LIVE_NORMAL,66,4,10,10,TRUE,1995
HANWHA_2013_PLY_003058_AS,PLY_003058,3,ALLSTAR,77,4,10,9,TRUE,2013
HANWHA_2007_PLY_003058_EPIC,PLY_003058,2,LIVE_EPIC,67,4,10,10,TRUE,2007
HANWHA_2012_PLY_003058_AS,PLY_003058,3,ALLSTAR,74,4,10,9,TRUE,2012
HANWHA_2010_PLY_003059_LN,PLY_003059,1,LIVE_NORMAL,66,4,10,10,TRUE,2010
HANWHA_2017_PLY_003059_AS,PLY_003059,3,ALLSTAR,83,4,10,9,TRUE,2017
HANWHA_2004_PLY_003059_EPIC,PLY_003059,2,LIVE_EPIC,75,4,10,10,TRUE,2004
HANWHA_1999_PLY_003060_AS,PLY_003060,3,ALLSTAR,75,4,10,9,TRUE,1999
HANWHA_2000_PLY_003060_LN,PLY_003060,1,LIVE_NORMAL,58,4,10,10,TRUE,2000
HANWHA_2002_PLY_003060_LN,PLY_003060,1,LIVE_NORMAL,56,4,10,10,TRUE,2002
HANWHA_2002_PLY_003060_AS,PLY_003060,3,ALLSTAR,78,4,10,9,TRUE,2002
HANWHA_2006_PLY_003060_EPIC,PLY_003060,2,LIVE_EPIC,70,4,10,10,TRUE,2006
HANWHA_2000_PLY_003060_SIG,PLY_003060,7,SIGNATURE,93,1,10,10,FALSE,2000
HANWHA_2000_PLY_003060_EPIC,PLY_003060,2,LIVE_EPIC,68,4,10,10,TRUE,2000
HANWHA_2002_PLY_003060_EPIC,PLY_003060,2,LIVE_EPIC,66,4,10,10,TRUE,2002
HANWHA_2008_PLY_003060_LN,PLY_003060,1,LIVE_NORMAL,68,4,10,10,TRUE,2008
HANWHA_2003_PLY_003061_LN,PLY_003061,1,LIVE_NORMAL,57,4,10,10,TRUE,2003
HANWHA_2006_PLY_003061_AS,PLY_003061,3,ALLSTAR,79,4,10,9,TRUE,2006
HANWHA_2007_PLY_003061_EPIC,PLY_003061,2,LIVE_EPIC,76,4,10,10,TRUE,2007
HANWHA_2009_PLY_003061_AS,PLY_003061,3,ALLSTAR,76,4,10,9,TRUE,2009
HANWHA_2013_PLY_003062_EPIC,PLY_003062,2,LIVE_EPIC,70,4,10,10,TRUE,2013
HANWHA_2010_PLY_003062_LN,PLY_003062,1,LIVE_NORMAL,58,4,10,10,TRUE,2010
HANWHA_2013_PLY_003062_LN,PLY_003062,1,LIVE_NORMAL,64,4,10,10,TRUE,2013
HANWHA_2008_PLY_003062_TH,PLY_003062,5,TITLE_HOLDER,83,3,10,9,FALSE,2008
HANWHA_1995_PLY_003063_LN,PLY_003063,1,LIVE_NORMAL,61,4,10,10,TRUE,1995
HANWHA_1992_PLY_003063_EPIC,PLY_003063,2,LIVE_EPIC,70,4,10,10,TRUE,1992
HANWHA_2012_PLY_003064_EPIC,PLY_003064,2,LIVE_EPIC,65,4,10,10,TRUE,2012
HANWHA_2021_PLY_003064_LN,PLY_003064,1,LIVE_NORMAL,59,4,10,10,TRUE,2021
HANWHA_2015_PLY_003064_AS,PLY_003064,3,ALLSTAR,78,4,10,9,TRUE,2015
HANWHA_2016_PLY_003064_EPIC,PLY_003064,2,LIVE_EPIC,67,4,10,10,TRUE,2016
HANWHA_2023_PLY_003065_AS,PLY_003065,3,ALLSTAR,76,4,10,9,TRUE,2023
HANWHA_2021_PLY_003065_LN,PLY_003065,1,LIVE_NORMAL,66,4,10,10,TRUE,2021
HANWHA_2024_PLY_003065_EPIC,PLY_003065,2,LIVE_EPIC,73,4,10,10,TRUE,2024
HANWHA_2025_PLY_003065_AS,PLY_003065,3,ALLSTAR,82,4,10,9,TRUE,2025
HANWHA_2023_PLY_003066_SIG,PLY_003066,7,SIGNATURE,90,1,10,10,FALSE,2023
HANWHA_2025_PLY_003066_LN,PLY_003066,1,LIVE_NORMAL,65,4,10,10,TRUE,2025
HANWHA_2016_PLY_003066_SIG,PLY_003066,7,SIGNATURE,88,1,10,10,FALSE,2016
HANWHA_2016_PLY_003066_LN,PLY_003066,1,LIVE_NORMAL,55,4,10,10,TRUE,2016
HANWHA_2021_PLY_003066_LN,PLY_003066,1,LIVE_NORMAL,63,4,10,10,TRUE,2021
HANWHA_2020_PLY_003066_TH,PLY_003066,5,TITLE_HOLDER,85,3,10,9,FALSE,2020
HANWHA_2005_PLY_003067_SIG,PLY_003067,7,SIGNATURE,87,1,10,10,FALSE,2005
HANWHA_2004_PLY_003067_GG,PLY_003067,8,GOLDEN_GLOVE,89,2,10,10,FALSE,2004
HANWHA_2002_PLY_003067_LN,PLY_003067,1,LIVE_NORMAL,67,4,10,10,TRUE,2002
HANWHA_2001_PLY_003067_EPIC,PLY_003067,2,LIVE_EPIC,74,4,10,10,TRUE,2001
HANWHA_2000_PLY_003067_EPIC,PLY_003067,2,LIVE_EPIC,75,4,10,10,TRUE,2000
HANWHA_2003_PLY_003067_EPIC,PLY_003067,2,LIVE_EPIC,67,4,10,10,TRUE,2003
HANWHA_2005_PLY_003067_LN,PLY_003067,1,LIVE_NORMAL,64,4,10,10,TRUE,2005
HANWHA_2001_PLY_003067_LN,PLY_003067,1,LIVE_NORMAL,57,4,10,10,TRUE,2001
HANWHA_2004_PLY_003067_AS,PLY_003067,3,ALLSTAR,74,4,10,9,TRUE,2004
HANWHA_1989_PLY_003068_LN,PLY_003068,1,LIVE_NORMAL,64,4,10,10,TRUE,1989
HANWHA_1988_PLY_003068_LN,PLY_003068,1,LIVE_NORMAL,68,4,10,10,TRUE,1988
HANWHA_1987_PLY_003068_LN,PLY_003068,1,LIVE_NORMAL,60,4,10,10,TRUE,1987
HANWHA_1993_PLY_003068_LN,PLY_003068,1,LIVE_NORMAL,55,4,10,10,TRUE,1993
HANWHA_1987_PLY_003068_AS,PLY_003068,3,ALLSTAR,78,4,10,9,TRUE,1987
HANWHA_1994_PLY_003068_LN,PLY_003068,1,LIVE_NORMAL,66,4,10,10,TRUE,1994
HANWHA_1990_PLY_003068_AS,PLY_003068,3,ALLSTAR,78,4,10,9,TRUE,1990
HANWHA_1990_PLY_003068_LN,PLY_003068,1,LIVE_NORMAL,63,4,10,10,TRUE,1990
HANWHA_1996_PLY_003068_LN,PLY_003068,1,LIVE_NORMAL,65,4,10,10,TRUE,1996
HANWHA_1996_PLY_003068_TH,PLY_003068,5,TITLE_HOLDER,83,3,10,9,FALSE,1996
HANWHA_2021_PLY_003069_AS,PLY_003069,3,ALLSTAR,77,4,10,9,TRUE,2021
HANWHA_2015_PLY_003069_AS,PLY_003069,3,ALLSTAR,80,4,10,9,TRUE,2015
HANWHA_2021_PLY_003069_LN,PLY_003069,1,LIVE_NORMAL,64,4,10,10,TRUE,2021
HANWHA_2023_PLY_003069_AS,PLY_003069,3,ALLSTAR,80,4,10,9,TRUE,2023
HANWHA_2017_PLY_003069_TH,PLY_003069,5,TITLE_HOLDER,81,3,10,9,FALSE,2017
HANWHA_2020_PLY_003069_GG,PLY_003069,8,GOLDEN_GLOVE,86,2,10,10,FALSE,2020
HANWHA_2017_PLY_003069_LN,PLY_003069,1,LIVE_NORMAL,67,4,10,10,TRUE,2017
HANWHA_2020_PLY_003069_LN,PLY_003069,1,LIVE_NORMAL,60,4,10,10,TRUE,2020
HANWHA_1994_PLY_003070_LN,PLY_003070,1,LIVE_NORMAL,60,4,10,10,TRUE,1994
HANWHA_1995_PLY_003070_LN,PLY_003070,1,LIVE_NORMAL,66,4,10,10,TRUE,1995
HANWHA_1992_PLY_003070_LN,PLY_003070,1,LIVE_NORMAL,63,4,10,10,TRUE,1992
HANWHA_1993_PLY_003070_AS,PLY_003070,3,ALLSTAR,81,4,10,9,TRUE,1993
HANWHA_1995_PLY_003070_EPIC,PLY_003070,2,LIVE_EPIC,67,4,10,10,TRUE,1995
HANWHA_1993_PLY_003070_EPIC,PLY_003070,2,LIVE_EPIC,66,4,10,10,TRUE,1993
HANWHA_1993_PLY_003070_LN,PLY_003070,1,LIVE_NORMAL,63,4,10,10,TRUE,1993
HANWHA_1994_PLY_003070_AS,PLY_003070,3,ALLSTAR,77,4,10,9,TRUE,1994
HANWHA_1992_PLY_003070_EPIC,PLY_003070,2,LIVE_EPIC,73,4,10,10,TRUE,1992
HANWHA_2025_PLY_003071_LN,PLY_003071,1,LIVE_NORMAL,64,4,10,10,TRUE,2025
HANWHA_2026_PLY_003071_AS,PLY_003071,3,ALLSTAR,81,4,10,9,TRUE,2026
HANWHA_2025_PLY_003071_EPIC,PLY_003071,2,LIVE_EPIC,70,4,10,10,TRUE,2025
HANWHA_2024_PLY_003071_TH,PLY_003071,5,TITLE_HOLDER,82,3,10,9,FALSE,2024
HANWHA_2023_PLY_003071_GG,PLY_003071,8,GOLDEN_GLOVE,87,2,10,10,FALSE,2023
HANWHA_2026_PLY_003071_LN,PLY_003071,1,LIVE_NORMAL,67,4,10,10,TRUE,2026
HANWHA_2024_PLY_003071_EPIC,PLY_003071,2,LIVE_EPIC,68,4,10,10,TRUE,2024
HANWHA_2024_PLY_003071_AS,PLY_003071,3,ALLSTAR,81,4,10,9,TRUE,2024
HANWHA_2024_PLY_003071_LN,PLY_003071,1,LIVE_NORMAL,67,4,10,10,TRUE,2024
HANWHA_1993_PLY_003072_LN,PLY_003072,1,LIVE_NORMAL,64,4,10,10,TRUE,1993
HANWHA_1996_PLY_003072_GG,PLY_003072,8,GOLDEN_GLOVE,89,2,10,10,FALSE,1996
HANWHA_1989_PLY_003072_LN,PLY_003072,1,LIVE_NORMAL,62,4,10,10,TRUE,1989
HANWHA_1999_PLY_003072_TH,PLY_003072,5,TITLE_HOLDER,80,3,10,9,FALSE,1999
HANWHA_1992_PLY_003072_LN,PLY_003072,1,LIVE_NORMAL,67,4,10,10,TRUE,1992
HANWHA_1987_PLY_003073_LN,PLY_003073,1,LIVE_NORMAL,55,4,10,10,TRUE,1987
HANWHA_1988_PLY_003073_EPIC,PLY_003073,2,LIVE_EPIC,67,4,10,10,TRUE,1988
HANWHA_2017_PLY_003074_LN,PLY_003074,1,LIVE_NORMAL,59,4,10,10,TRUE,2017
HANWHA_2022_PLY_003074_LN,PLY_003074,1,LIVE_NORMAL,59,4,10,10,TRUE,2022
HANWHA_2021_PLY_003074_TH,PLY_003074,5,TITLE_HOLDER,82,3,10,9,FALSE,2021
HANWHA_2016_PLY_003074_LN,PLY_003074,1,LIVE_NORMAL,66,4,10,10,TRUE,2016
HANWHA_2019_PLY_003075_EPIC,PLY_003075,2,LIVE_EPIC,70,4,10,10,TRUE,2019
HANWHA_2012_PLY_003075_LN,PLY_003075,1,LIVE_NORMAL,67,4,10,10,TRUE,2012
HANWHA_2021_PLY_003075_TH,PLY_003075,5,TITLE_HOLDER,83,3,10,9,FALSE,2021
HANWHA_2025_PLY_003075_AS,PLY_003075,3,ALLSTAR,75,4,10,9,TRUE,2025
HANWHA_2012_PLY_003075_TH,PLY_003075,5,TITLE_HOLDER,87,3,10,9,FALSE,2012
HANWHA_2017_PLY_003075_LN,PLY_003075,1,LIVE_NORMAL,55,4,10,10,TRUE,2017
HANWHA_2025_PLY_003075_LN,PLY_003075,1,LIVE_NORMAL,56,4,10,10,TRUE,2025
HANWHA_1993_PLY_003076_EPIC,PLY_003076,2,LIVE_EPIC,68,4,10,10,TRUE,1993
HANWHA_1998_PLY_003076_LN,PLY_003076,1,LIVE_NORMAL,68,4,10,10,TRUE,1998
HANWHA_2001_PLY_003076_LN,PLY_003076,1,LIVE_NORMAL,57,4,10,10,TRUE,2001
HANWHA_2004_PLY_003076_EPIC,PLY_003076,2,LIVE_EPIC,67,4,10,10,TRUE,2004
HANWHA_1995_PLY_003076_LN,PLY_003076,1,LIVE_NORMAL,62,4,10,10,TRUE,1995
HANWHA_2009_PLY_003076_TH,PLY_003076,5,TITLE_HOLDER,82,3,10,9,FALSE,2009
HANWHA_2000_PLY_003076_LN,PLY_003076,1,LIVE_NORMAL,55,4,10,10,TRUE,2000
HANWHA_1997_PLY_003077_EPIC,PLY_003077,2,LIVE_EPIC,75,4,10,10,TRUE,1997
HANWHA_2002_PLY_003077_GG,PLY_003077,8,GOLDEN_GLOVE,88,2,10,10,FALSE,2002
HANWHA_1999_PLY_003077_LN,PLY_003077,1,LIVE_NORMAL,55,4,10,10,TRUE,1999
HANWHA_2010_PLY_003078_GG,PLY_003078,8,GOLDEN_GLOVE,86,2,10,10,FALSE,2010
HANWHA_2016_PLY_003078_EPIC,PLY_003078,2,LIVE_EPIC,69,4,10,10,TRUE,2016
HANWHA_2006_PLY_003078_LN,PLY_003078,1,LIVE_NORMAL,68,4,10,10,TRUE,2006
HANWHA_2003_PLY_003078_TH,PLY_003078,5,TITLE_HOLDER,87,3,10,9,FALSE,2003
HANWHA_2018_PLY_003078_TH,PLY_003078,5,TITLE_HOLDER,82,3,10,9,FALSE,2018
HANWHA_2014_PLY_003078_EPIC,PLY_003078,2,LIVE_EPIC,67,4,10,10,TRUE,2014
HANWHA_1988_PLY_003079_AS,PLY_003079,3,ALLSTAR,75,4,10,9,TRUE,1988
HANWHA_1996_PLY_003079_EPIC,PLY_003079,2,LIVE_EPIC,68,4,10,10,TRUE,1996
HANWHA_1994_PLY_003080_EPIC,PLY_003080,2,LIVE_EPIC,74,4,10,10,TRUE,1994
HANWHA_1999_PLY_003080_AS,PLY_003080,3,ALLSTAR,75,4,10,9,TRUE,1999
HANWHA_1988_PLY_003080_TH,PLY_003080,5,TITLE_HOLDER,82,3,10,9,FALSE,1988
HANWHA_1996_PLY_003080_LN,PLY_003080,1,LIVE_NORMAL,67,4,10,10,TRUE,1996
HANWHA_1990_PLY_003080_LN,PLY_003080,1,LIVE_NORMAL,61,4,10,10,TRUE,1990
HANWHA_1999_PLY_003080_LN,PLY_003080,1,LIVE_NORMAL,60,4,10,10,TRUE,1999
HANWHA_1988_PLY_003080_GG,PLY_003080,8,GOLDEN_GLOVE,88,2,10,10,FALSE,1988
HANWHA_1994_PLY_003080_LN,PLY_003080,1,LIVE_NORMAL,65,4,10,10,TRUE,1994
HANWHA_2000_PLY_003080_LN,PLY_003080,1,LIVE_NORMAL,62,4,10,10,TRUE,2000
HANWHA_2015_PLY_003081_LN,PLY_003081,1,LIVE_NORMAL,56,4,10,10,TRUE,2015
HANWHA_2016_PLY_003081_AS,PLY_003081,3,ALLSTAR,81,4,10,9,TRUE,2016
HANWHA_2019_PLY_003081_SIG,PLY_003081,7,SIGNATURE,87,1,10,10,FALSE,2019
HANWHA_2013_PLY_003081_LN,PLY_003081,1,LIVE_NORMAL,66,4,10,10,TRUE,2013
HANWHA_2003_PLY_003082_LN,PLY_003082,1,LIVE_NORMAL,57,4,10,10,TRUE,2003
HANWHA_2000_PLY_003082_LN,PLY_003082,1,LIVE_NORMAL,58,4,10,10,TRUE,2000
HANWHA_2006_PLY_003082_TH,PLY_003082,5,TITLE_HOLDER,86,3,10,9,FALSE,2006
HANWHA_2001_PLY_003082_LN,PLY_003082,1,LIVE_NORMAL,67,4,10,10,TRUE,2001
HANWHA_2010_PLY_003082_AS,PLY_003082,3,ALLSTAR,74,4,10,9,TRUE,2010
HANWHA_2018_PLY_003083_LN,PLY_003083,1,LIVE_NORMAL,64,4,10,10,TRUE,2018
HANWHA_2023_PLY_003083_AS,PLY_003083,3,ALLSTAR,76,4,10,9,TRUE,2023
HANWHA_2025_PLY_003083_EPIC,PLY_003083,2,LIVE_EPIC,74,4,10,10,TRUE,2025
HANWHA_2026_PLY_003083_SIG,PLY_003083,7,SIGNATURE,93,1,10,10,FALSE,2026
HANWHA_2021_PLY_003083_GG,PLY_003083,8,GOLDEN_GLOVE,87,2,10,10,FALSE,2021
HANWHA_2025_PLY_003083_TH,PLY_003083,5,TITLE_HOLDER,84,3,10,9,FALSE,2025
HANWHA_2021_PLY_003083_LN,PLY_003083,1,LIVE_NORMAL,55,4,10,10,TRUE,2021
HANWHA_2022_PLY_003083_EPIC,PLY_003083,2,LIVE_EPIC,72,4,10,10,TRUE,2022
HANWHA_2026_PLY_003083_LN,PLY_003083,1,LIVE_NORMAL,68,4,10,10,TRUE,2026
HANWHA_2019_PLY_003083_EPIC,PLY_003083,2,LIVE_EPIC,73,4,10,10,TRUE,2019
HANWHA_2021_PLY_003084_TH,PLY_003084,5,TITLE_HOLDER,81,3,10,9,FALSE,2021
HANWHA_2024_PLY_003084_LN,PLY_003084,1,LIVE_NORMAL,62,4,10,10,TRUE,2024
HANWHA_2023_PLY_003085_LN,PLY_003085,1,LIVE_NORMAL,64,4,10,10,TRUE,2023
HANWHA_2021_PLY_003085_LN,PLY_003085,1,LIVE_NORMAL,62,4,10,10,TRUE,2021
HANWHA_2021_PLY_003085_AS,PLY_003085,3,ALLSTAR,77,4,10,9,TRUE,2021
HANWHA_2022_PLY_003085_TH,PLY_003085,5,TITLE_HOLDER,83,3,10,9,FALSE,2022
HANWHA_2021_PLY_003085_GG,PLY_003085,8,GOLDEN_GLOVE,88,2,10,10,FALSE,2021
HANWHA_2022_PLY_003085_EPIC,PLY_003085,2,LIVE_EPIC,70,4,10,10,TRUE,2022
HANWHA_2020_PLY_003085_EPIC,PLY_003085,2,LIVE_EPIC,69,4,10,10,TRUE,2020
HANWHA_2021_PLY_003085_EPIC,PLY_003085,2,LIVE_EPIC,70,4,10,10,TRUE,2021
HANWHA_2022_PLY_003085_LN,PLY_003085,1,LIVE_NORMAL,56,4,10,10,TRUE,2022
HANWHA_2022_PLY_003086_LN,PLY_003086,1,LIVE_NORMAL,57,4,10,10,TRUE,2022
HANWHA_2024_PLY_003086_LN,PLY_003086,1,LIVE_NORMAL,67,4,10,10,TRUE,2024
HANWHA_2024_PLY_003087_LN,PLY_003087,1,LIVE_NORMAL,55,4,10,10,TRUE,2024
HANWHA_2019_PLY_003087_GG,PLY_003087,8,GOLDEN_GLOVE,89,2,10,10,FALSE,2019
HANWHA_2024_PLY_003087_TH,PLY_003087,5,TITLE_HOLDER,83,3,10,9,FALSE,2024
HANWHA_2023_PLY_003087_LN,PLY_003087,1,LIVE_NORMAL,68,4,10,10,TRUE,2023
HANWHA_2020_PLY_003087_LN,PLY_003087,1,LIVE_NORMAL,57,4,10,10,TRUE,2020
HANWHA_2024_PLY_003087_EPIC,PLY_003087,2,LIVE_EPIC,70,4,10,10,TRUE,2024
HANWHA_2021_PLY_003087_AS,PLY_003087,3,ALLSTAR,81,4,10,9,TRUE,2021
HANWHA_1988_PLY_003088_AS,PLY_003088,3,ALLSTAR,81,4,10,9,TRUE,1988
HANWHA_1990_PLY_003088_TH,PLY_003088,5,TITLE_HOLDER,85,3,10,9,FALSE,1990
HANWHA_1989_PLY_003088_LN,PLY_003088,1,LIVE_NORMAL,57,4,10,10,TRUE,1989
HANWHA_2024_PLY_003089_EPIC,PLY_003089,2,LIVE_EPIC,75,4,10,10,TRUE,2024
HANWHA_2026_PLY_003089_EPIC,PLY_003089,2,LIVE_EPIC,72,4,10,10,TRUE,2026
HANWHA_2023_PLY_003089_TH,PLY_003089,5,TITLE_HOLDER,80,3,10,9,FALSE,2023
HANWHA_2021_PLY_003089_LN,PLY_003089,1,LIVE_NORMAL,57,4,10,10,TRUE,2021
HANWHA_2026_PLY_003089_TH,PLY_003089,5,TITLE_HOLDER,83,3,10,9,FALSE,2026
HANWHA_2017_PLY_003089_EPIC,PLY_003089,2,LIVE_EPIC,66,4,10,10,TRUE,2017
HANWHA_2019_PLY_003089_EPIC,PLY_003089,2,LIVE_EPIC,76,4,10,10,TRUE,2019
HANWHA_2005_PLY_003090_LN,PLY_003090,1,LIVE_NORMAL,64,4,10,10,TRUE,2005
HANWHA_1988_PLY_003090_LN,PLY_003090,1,LIVE_NORMAL,56,4,10,10,TRUE,1988
HANWHA_1994_PLY_003090_EPIC,PLY_003090,2,LIVE_EPIC,67,4,10,10,TRUE,1994
HANWHA_1988_PLY_003090_EPIC,PLY_003090,2,LIVE_EPIC,75,4,10,10,TRUE,1988
HANWHA_2002_PLY_003090_EPIC,PLY_003090,2,LIVE_EPIC,68,4,10,10,TRUE,2002
HANWHA_2005_PLY_003090_AS,PLY_003090,3,ALLSTAR,82,4,10,9,TRUE,2005
HANWHA_1994_PLY_003090_LN,PLY_003090,1,LIVE_NORMAL,67,4,10,10,TRUE,1994
HANWHA_1989_PLY_003090_EPIC,PLY_003090,2,LIVE_EPIC,72,4,10,10,TRUE,1989
HANWHA_1996_PLY_003090_LN,PLY_003090,1,LIVE_NORMAL,61,4,10,10,TRUE,1996
HANWHA_2004_PLY_003090_LN,PLY_003090,1,LIVE_NORMAL,61,4,10,10,TRUE,2004
HANWHA_2023_PLY_003091_EPIC,PLY_003091,2,LIVE_EPIC,69,4,10,10,TRUE,2023
HANWHA_2022_PLY_003091_GG,PLY_003091,8,GOLDEN_GLOVE,90,2,10,10,FALSE,2022
HANWHA_2026_PLY_003091_EPIC,PLY_003091,2,LIVE_EPIC,74,4,10,10,TRUE,2026
HANWHA_2020_PLY_003091_TH,PLY_003091,5,TITLE_HOLDER,80,3,10,9,FALSE,2020
HANWHA_1999_PLY_003092_LN,PLY_003092,1,LIVE_NORMAL,56,4,10,10,TRUE,1999
HANWHA_2004_PLY_003092_TH,PLY_003092,5,TITLE_HOLDER,81,3,10,9,FALSE,2004
HANWHA_1992_PLY_003092_EPIC,PLY_003092,2,LIVE_EPIC,68,4,10,10,TRUE,1992
HANWHA_1996_PLY_003092_LN,PLY_003092,1,LIVE_NORMAL,65,4,10,10,TRUE,1996
HANWHA_1989_PLY_003092_EPIC,PLY_003092,2,LIVE_EPIC,65,4,10,10,TRUE,1989
HANWHA_1988_PLY_003093_TH,PLY_003093,5,TITLE_HOLDER,85,3,10,9,FALSE,1988
HANWHA_1988_PLY_003093_LN,PLY_003093,1,LIVE_NORMAL,67,4,10,10,TRUE,1988
HANWHA_1991_PLY_003093_TH,PLY_003093,5,TITLE_HOLDER,81,3,10,9,FALSE,1991
HANWHA_1992_PLY_003093_TH,PLY_003093,5,TITLE_HOLDER,82,3,10,9,FALSE,1992
HANWHA_1989_PLY_003093_LN,PLY_003093,1,LIVE_NORMAL,68,4,10,10,TRUE,1989
HANWHA_1992_PLY_003093_LN,PLY_003093,1,LIVE_NORMAL,59,4,10,10,TRUE,1992
HANWHA_1989_PLY_003093_SIG,PLY_003093,7,SIGNATURE,93,1,10,10,FALSE,1989
HANWHA_1990_PLY_003093_EPIC,PLY_003093,2,LIVE_EPIC,76,4,10,10,TRUE,1990
HANWHA_2000_PLY_003094_TH,PLY_003094,5,TITLE_HOLDER,82,3,10,9,FALSE,2000
HANWHA_1999_PLY_003094_LN,PLY_003094,1,LIVE_NORMAL,68,4,10,10,TRUE,1999
HANWHA_2005_PLY_003094_EPIC,PLY_003094,2,LIVE_EPIC,67,4,10,10,TRUE,2005
HANWHA_2000_PLY_003094_EPIC,PLY_003094,2,LIVE_EPIC,71,4,10,10,TRUE,2000
HANWHA_2003_PLY_003094_LN,PLY_003094,1,LIVE_NORMAL,67,4,10,10,TRUE,2003
HANWHA_2009_PLY_003094_EPIC,PLY_003094,2,LIVE_EPIC,66,4,10,10,TRUE,2009
HANWHA_1996_PLY_003094_EPIC,PLY_003094,2,LIVE_EPIC,74,4,10,10,TRUE,1996
HANWHA_2012_PLY_003094_EPIC,PLY_003094,2,LIVE_EPIC,74,4,10,10,TRUE,2012
HANWHA_2011_PLY_003094_EPIC,PLY_003094,2,LIVE_EPIC,71,4,10,10,TRUE,2011
HANWHA_2011_PLY_003095_AS,PLY_003095,3,ALLSTAR,83,4,10,9,TRUE,2011
HANWHA_2013_PLY_003095_LN,PLY_003095,1,LIVE_NORMAL,65,4,10,10,TRUE,2013
HANWHA_2012_PLY_003096_EPIC,PLY_003096,2,LIVE_EPIC,73,4,10,10,TRUE,2012
HANWHA_2014_PLY_003096_EPIC,PLY_003096,2,LIVE_EPIC,68,4,10,10,TRUE,2014
HANWHA_2016_PLY_003096_EPIC,PLY_003096,2,LIVE_EPIC,72,4,10,10,TRUE,2016
HANWHA_2012_PLY_003096_LN,PLY_003096,1,LIVE_NORMAL,59,4,10,10,TRUE,2012
HANWHA_2009_PLY_003096_AS,PLY_003096,3,ALLSTAR,75,4,10,9,TRUE,2009
HANWHA_2019_PLY_003096_GG,PLY_003096,8,GOLDEN_GLOVE,83,2,10,10,FALSE,2019
HANWHA_2016_PLY_003096_TH,PLY_003096,5,TITLE_HOLDER,84,3,10,9,FALSE,2016
HANWHA_2009_PLY_003096_EPIC,PLY_003096,2,LIVE_EPIC,66,4,10,10,TRUE,2009
HANWHA_2018_PLY_003096_AS,PLY_003096,3,ALLSTAR,76,4,10,9,TRUE,2018
HANWHA_1997_PLY_003097_LN,PLY_003097,1,LIVE_NORMAL,62,4,10,10,TRUE,1997
HANWHA_2007_PLY_003097_EPIC,PLY_003097,2,LIVE_EPIC,74,4,10,10,TRUE,2007
HANWHA_2000_PLY_003097_EPIC,PLY_003097,2,LIVE_EPIC,67,4,10,10,TRUE,2000
HANWHA_2000_PLY_003097_LN,PLY_003097,1,LIVE_NORMAL,58,4,10,10,TRUE,2000
HANWHA_2004_PLY_003097_LN,PLY_003097,1,LIVE_NORMAL,65,4,10,10,TRUE,2004
HANWHA_1997_PLY_003097_EPIC,PLY_003097,2,LIVE_EPIC,65,4,10,10,TRUE,1997
HANWHA_1999_PLY_003097_AS,PLY_003097,3,ALLSTAR,74,4,10,9,TRUE,1999
HANWHA_1997_PLY_003097_TH,PLY_003097,5,TITLE_HOLDER,87,3,10,9,FALSE,1997
HANWHA_2011_PLY_003098_AS,PLY_003098,3,ALLSTAR,81,4,10,9,TRUE,2011
HANWHA_2017_PLY_003098_LN,PLY_003098,1,LIVE_NORMAL,68,4,10,10,TRUE,2017
HANWHA_2001_PLY_003099_EPIC,PLY_003099,2,LIVE_EPIC,65,4,10,10,TRUE,2001
HANWHA_2000_PLY_003099_EPIC,PLY_003099,2,LIVE_EPIC,68,4,10,10,TRUE,2000
HANWHA_1999_PLY_003099_LN,PLY_003099,1,LIVE_NORMAL,61,4,10,10,TRUE,1999
HANWHA_1998_PLY_003100_EPIC,PLY_003100,2,LIVE_EPIC,68,4,10,10,TRUE,1998
HANWHA_2007_PLY_003100_EPIC,PLY_003100,2,LIVE_EPIC,76,4,10,10,TRUE,2007
HANWHA_1998_PLY_003100_TH,PLY_003100,5,TITLE_HOLDER,80,3,10,9,FALSE,1998
HANWHA_2002_PLY_003100_LN,PLY_003100,1,LIVE_NORMAL,61,4,10,10,TRUE,2002
HANWHA_2017_PLY_003101_AS,PLY_003101,3,ALLSTAR,80,4,10,9,TRUE,2017
HANWHA_2013_PLY_003101_EPIC,PLY_003101,2,LIVE_EPIC,73,4,10,10,TRUE,2013
HANWHA_2018_PLY_003101_LN,PLY_003101,1,LIVE_NORMAL,56,4,10,10,TRUE,2018
HANWHA_2018_PLY_003101_EPIC,PLY_003101,2,LIVE_EPIC,73,4,10,10,TRUE,2018
HANWHA_2014_PLY_003101_LN,PLY_003101,1,LIVE_NORMAL,59,4,10,10,TRUE,2014
HANWHA_2015_PLY_003101_LN,PLY_003101,1,LIVE_NORMAL,55,4,10,10,TRUE,2015
HANWHA_2018_PLY_003101_GG,PLY_003101,8,GOLDEN_GLOVE,85,2,10,10,FALSE,2018
HANWHA_2016_PLY_003101_LN,PLY_003101,1,LIVE_NORMAL,63,4,10,10,TRUE,2016
HANWHA_2015_PLY_003102_EPIC,PLY_003102,2,LIVE_EPIC,75,4,10,10,TRUE,2015
HANWHA_2005_PLY_003102_EPIC,PLY_003102,2,LIVE_EPIC,67,4,10,10,TRUE,2005
HANWHA_2008_PLY_003102_AS,PLY_003102,3,ALLSTAR,78,4,10,9,TRUE,2008
HANWHA_2012_PLY_003102_TH,PLY_003102,5,TITLE_HOLDER,86,3,10,9,FALSE,2012
HANWHA_2005_PLY_003102_AS,PLY_003102,3,ALLSTAR,76,4,10,9,TRUE,2005
HANWHA_2013_PLY_003102_EPIC,PLY_003102,2,LIVE_EPIC,68,4,10,10,TRUE,2013
HANWHA_1999_PLY_003102_LN,PLY_003102,1,LIVE_NORMAL,58,4,10,10,TRUE,1999
HANWHA_2009_PLY_003102_LN,PLY_003102,1,LIVE_NORMAL,60,4,10,10,TRUE,2009
HANWHA_2016_PLY_003102_LN,PLY_003102,1,LIVE_NORMAL,58,4,10,10,TRUE,2016
HANWHA_2007_PLY_003102_AS,PLY_003102,3,ALLSTAR,77,4,10,9,TRUE,2007
HANWHA_2018_PLY_003103_LN,PLY_003103,1,LIVE_NORMAL,56,4,10,10,TRUE,2018
HANWHA_2017_PLY_003103_AS,PLY_003103,3,ALLSTAR,81,4,10,9,TRUE,2017
HANWHA_1999_PLY_003104_EPIC,PLY_003104,2,LIVE_EPIC,69,4,10,10,TRUE,1999
HANWHA_2009_PLY_003104_TH,PLY_003104,5,TITLE_HOLDER,80,3,10,9,FALSE,2009
HANWHA_1997_PLY_003104_SIG,PLY_003104,7,SIGNATURE,93,1,10,10,FALSE,1997
HANWHA_2008_PLY_003104_AS,PLY_003104,3,ALLSTAR,80,4,10,9,TRUE,2008
HANWHA_2004_PLY_003104_TH,PLY_003104,5,TITLE_HOLDER,81,3,10,9,FALSE,2004
HANWHA_1999_PLY_003104_GG,PLY_003104,8,GOLDEN_GLOVE,89,2,10,10,FALSE,1999
HANWHA_2007_PLY_003104_EPIC,PLY_003104,2,LIVE_EPIC,74,4,10,10,TRUE,2007
HANWHA_2004_PLY_003104_LN,PLY_003104,1,LIVE_NORMAL,66,4,10,10,TRUE,2004
HANWHA_1997_PLY_003104_AS,PLY_003104,3,ALLSTAR,75,4,10,9,TRUE,1997
HANWHA_2024_PLY_003105_EPIC,PLY_003105,2,LIVE_EPIC,74,4,10,10,TRUE,2024
HANWHA_2023_PLY_003105_EPIC,PLY_003105,2,LIVE_EPIC,66,4,10,10,TRUE,2023
HANWHA_1986_PLY_003106_EPIC,PLY_003106,2,LIVE_EPIC,71,4,10,10,TRUE,1986
HANWHA_1990_PLY_003106_LN,PLY_003106,1,LIVE_NORMAL,62,4,10,10,TRUE,1990
HANWHA_1988_PLY_003106_LN,PLY_003106,1,LIVE_NORMAL,59,4,10,10,TRUE,1988
HANWHA_2002_PLY_003107_TH,PLY_003107,5,TITLE_HOLDER,80,3,10,9,FALSE,2002
HANWHA_2001_PLY_003107_EPIC,PLY_003107,2,LIVE_EPIC,73,4,10,10,TRUE,2001
HANWHA_1999_PLY_003107_AS,PLY_003107,3,ALLSTAR,82,4,10,9,TRUE,1999
HANWHA_2019_PLY_003108_TH,PLY_003108,5,TITLE_HOLDER,87,3,10,9,FALSE,2019
HANWHA_2024_PLY_003108_LN,PLY_003108,1,LIVE_NORMAL,67,4,10,10,TRUE,2024
HANWHA_2026_PLY_003108_AS,PLY_003108,3,ALLSTAR,80,4,10,9,TRUE,2026
HANWHA_2026_PLY_003108_EPIC,PLY_003108,2,LIVE_EPIC,69,4,10,10,TRUE,2026
HANWHA_2022_PLY_003109_LN,PLY_003109,1,LIVE_NORMAL,65,4,10,10,TRUE,2022
HANWHA_2022_PLY_003109_EPIC,PLY_003109,2,LIVE_EPIC,71,4,10,10,TRUE,2022
HANWHA_2023_PLY_003109_EPIC,PLY_003109,2,LIVE_EPIC,71,4,10,10,TRUE,2023
HANWHA_2019_PLY_003109_AS,PLY_003109,3,ALLSTAR,75,4,10,9,TRUE,2019
HANWHA_2026_PLY_003110_LN,PLY_003110,1,LIVE_NORMAL,60,4,10,10,TRUE,2026
HANWHA_2025_PLY_003110_EPIC,PLY_003110,2,LIVE_EPIC,70,4,10,10,TRUE,2025
HANWHA_2022_PLY_003110_EPIC,PLY_003110,2,LIVE_EPIC,66,4,10,10,TRUE,2022
HANWHA_2020_PLY_003110_EPIC,PLY_003110,2,LIVE_EPIC,68,4,10,10,TRUE,2020
HANWHA_2024_PLY_003110_LN,PLY_003110,1,LIVE_NORMAL,68,4,10,10,TRUE,2024
HANWHA_2026_PLY_003110_EPIC,PLY_003110,2,LIVE_EPIC,65,4,10,10,TRUE,2026
HANWHA_2025_PLY_003111_TH,PLY_003111,5,TITLE_HOLDER,87,3,10,9,FALSE,2025
HANWHA_2026_PLY_003111_AS,PLY_003111,3,ALLSTAR,79,4,10,9,TRUE,2026
HANWHA_2025_PLY_003111_AS,PLY_003111,3,ALLSTAR,80,4,10,9,TRUE,2025
HANWHA_2024_PLY_003111_SIG,PLY_003111,7,SIGNATURE,94,1,10,10,FALSE,2024
HANWHA_2023_PLY_003111_LN,PLY_003111,1,LIVE_NORMAL,61,4,10,10,TRUE,2023
HANWHA_2008_PLY_003112_EPIC,PLY_003112,2,LIVE_EPIC,68,4,10,10,TRUE,2008
HANWHA_2014_PLY_003112_EPIC,PLY_003112,2,LIVE_EPIC,67,4,10,10,TRUE,2014
HANWHA_2011_PLY_003112_LN,PLY_003112,1,LIVE_NORMAL,57,4,10,10,TRUE,2011
HANWHA_2013_PLY_003112_LN,PLY_003112,1,LIVE_NORMAL,62,4,10,10,TRUE,2013
HANWHA_2009_PLY_003112_LN,PLY_003112,1,LIVE_NORMAL,64,4,10,10,TRUE,2009
HANWHA_2014_PLY_003112_LN,PLY_003112,1,LIVE_NORMAL,62,4,10,10,TRUE,2014
HANWHA_2016_PLY_003113_AS,PLY_003113,3,ALLSTAR,77,4,10,9,TRUE,2016
HANWHA_2015_PLY_003113_EPIC,PLY_003113,2,LIVE_EPIC,65,4,10,10,TRUE,2015
HANWHA_2023_PLY_003113_TH,PLY_003113,5,TITLE_HOLDER,86,3,10,9,FALSE,2023
HANWHA_2022_PLY_003113_LN,PLY_003113,1,LIVE_NORMAL,58,4,10,10,TRUE,2022
HANWHA_2026_PLY_003113_LN,PLY_003113,1,LIVE_NORMAL,62,4,10,10,TRUE,2026
HANWHA_2024_PLY_003113_EPIC,PLY_003113,2,LIVE_EPIC,68,4,10,10,TRUE,2024
HANWHA_2019_PLY_003113_LN,PLY_003113,1,LIVE_NORMAL,67,4,10,10,TRUE,2019
HANWHA_2025_PLY_003113_TH,PLY_003113,5,TITLE_HOLDER,84,3,10,9,FALSE,2025
HANWHA_2015_PLY_003114_AS,PLY_003114,3,ALLSTAR,78,4,10,9,TRUE,2015
HANWHA_2015_PLY_003114_EPIC,PLY_003114,2,LIVE_EPIC,75,4,10,10,TRUE,2015
HANWHA_2014_PLY_003114_AS,PLY_003114,3,ALLSTAR,77,4,10,9,TRUE,2014
HANWHA_2017_PLY_003114_LN,PLY_003114,1,LIVE_NORMAL,64,4,10,10,TRUE,2017
HANWHA_2018_PLY_003114_EPIC,PLY_003114,2,LIVE_EPIC,74,4,10,10,TRUE,2018
HANWHA_2012_PLY_003114_LN,PLY_003114,1,LIVE_NORMAL,62,4,10,10,TRUE,2012
HANWHA_2014_PLY_003114_LN,PLY_003114,1,LIVE_NORMAL,58,4,10,10,TRUE,2014
HANWHA_2022_PLY_003115_EPIC,PLY_003115,2,LIVE_EPIC,73,4,10,10,TRUE,2022
HANWHA_2023_PLY_003115_TH,PLY_003115,5,TITLE_HOLDER,84,3,10,9,FALSE,2023
HANWHA_2021_PLY_003115_TH,PLY_003115,5,TITLE_HOLDER,85,3,10,9,FALSE,2021
HANWHA_2023_PLY_003115_SIG,PLY_003115,7,SIGNATURE,93,1,10,10,FALSE,2023
HANWHA_2019_PLY_003115_LN,PLY_003115,1,LIVE_NORMAL,64,4,10,10,TRUE,2019
HANWHA_2021_PLY_003116_TH,PLY_003116,5,TITLE_HOLDER,84,3,10,9,FALSE,2021
HANWHA_2026_PLY_003116_LN,PLY_003116,1,LIVE_NORMAL,63,4,10,10,TRUE,2026
HANWHA_2025_PLY_003116_LN,PLY_003116,1,LIVE_NORMAL,62,4,10,10,TRUE,2025
HANWHA_2026_PLY_003116_EPIC,PLY_003116,2,LIVE_EPIC,76,4,10,10,TRUE,2026
HANWHA_2022_PLY_003116_LN,PLY_003116,1,LIVE_NORMAL,59,4,10,10,TRUE,2022
HANWHA_2023_PLY_003116_EPIC,PLY_003116,2,LIVE_EPIC,74,4,10,10,TRUE,2023
HANWHA_2004_PLY_003117_LN,PLY_003117,1,LIVE_NORMAL,56,4,10,10,TRUE,2004
HANWHA_2002_PLY_003117_LN,PLY_003117,1,LIVE_NORMAL,65,4,10,10,TRUE,2002
HANWHA_1997_PLY_003117_TH,PLY_003117,5,TITLE_HOLDER,81,3,10,9,FALSE,1997
HANWHA_2006_PLY_003117_EPIC,PLY_003117,2,LIVE_EPIC,76,4,10,10,TRUE,2006
HANWHA_1997_PLY_003117_AS,PLY_003117,3,ALLSTAR,78,4,10,9,TRUE,1997
HANWHA_2007_PLY_003117_AS,PLY_003117,3,ALLSTAR,81,4,10,9,TRUE,2007
HANWHA_2004_PLY_003117_EPIC,PLY_003117,2,LIVE_EPIC,66,4,10,10,TRUE,2004
HANWHA_1994_PLY_003117_LN,PLY_003117,1,LIVE_NORMAL,67,4,10,10,TRUE,1994
HANWHA_2001_PLY_003117_TH,PLY_003117,5,TITLE_HOLDER,82,3,10,9,FALSE,2001
HANWHA_2007_PLY_003118_AS,PLY_003118,3,ALLSTAR,79,4,10,9,TRUE,2007
HANWHA_2005_PLY_003118_LN,PLY_003118,1,LIVE_NORMAL,68,4,10,10,TRUE,2005
HANWHA_2006_PLY_003118_EPIC,PLY_003118,2,LIVE_EPIC,71,4,10,10,TRUE,2006
HANWHA_2009_PLY_003118_LN,PLY_003118,1,LIVE_NORMAL,56,4,10,10,TRUE,2009
HANWHA_1996_PLY_003119_GG,PLY_003119,8,GOLDEN_GLOVE,87,2,10,10,FALSE,1996
HANWHA_1993_PLY_003119_EPIC,PLY_003119,2,LIVE_EPIC,74,4,10,10,TRUE,1993
HANWHA_1993_PLY_003119_LN,PLY_003119,1,LIVE_NORMAL,65,4,10,10,TRUE,1993
HANWHA_2024_PLY_003120_TH,PLY_003120,5,TITLE_HOLDER,85,3,10,9,FALSE,2024
HANWHA_2021_PLY_003120_GG,PLY_003120,8,GOLDEN_GLOVE,86,2,10,10,FALSE,2021
HANWHA_2006_PLY_003121_AS,PLY_003121,3,ALLSTAR,81,4,10,9,TRUE,2006
HANWHA_2021_PLY_003121_AS,PLY_003121,3,ALLSTAR,77,4,10,9,TRUE,2021
HANWHA_2018_PLY_003121_LN,PLY_003121,1,LIVE_NORMAL,57,4,10,10,TRUE,2018
HANWHA_2009_PLY_003121_GG,PLY_003121,8,GOLDEN_GLOVE,86,2,10,10,FALSE,2009
HANWHA_2023_PLY_003121_EPIC,PLY_003121,2,LIVE_EPIC,70,4,10,10,TRUE,2023
HANWHA_2013_PLY_003121_AS,PLY_003121,3,ALLSTAR,80,4,10,9,TRUE,2013
HANWHA_2008_PLY_003121_GG,PLY_003121,8,GOLDEN_GLOVE,87,2,10,10,FALSE,2008
HANWHA_2009_PLY_003121_TH,PLY_003121,5,TITLE_HOLDER,86,3,10,9,FALSE,2009
HANWHA_2002_PLY_003122_EPIC,PLY_003122,2,LIVE_EPIC,69,4,10,10,TRUE,2002
HANWHA_2002_PLY_003122_TH,PLY_003122,5,TITLE_HOLDER,80,3,10,9,FALSE,2002
HANWHA_2000_PLY_003122_LN,PLY_003122,1,LIVE_NORMAL,64,4,10,10,TRUE,2000
HANWHA_2000_PLY_003122_EPIC,PLY_003122,2,LIVE_EPIC,74,4,10,10,TRUE,2000
HANWHA_2002_PLY_003122_LN,PLY_003122,1,LIVE_NORMAL,59,4,10,10,TRUE,2002
HANWHA_2001_PLY_003122_TH,PLY_003122,5,TITLE_HOLDER,86,3,10,9,FALSE,2001
HANWHA_2002_PLY_003122_AS,PLY_003122,3,ALLSTAR,77,4,10,9,TRUE,2002
HANWHA_2011_PLY_003123_GG,PLY_003123,8,GOLDEN_GLOVE,85,2,10,10,FALSE,2011
HANWHA_2015_PLY_003123_AS,PLY_003123,3,ALLSTAR,74,4,10,9,TRUE,2015
HANWHA_2003_PLY_003123_LN,PLY_003123,1,LIVE_NORMAL,57,4,10,10,TRUE,2003
HANWHA_2011_PLY_003123_LN,PLY_003123,1,LIVE_NORMAL,60,4,10,10,TRUE,2011
HANWHA_2003_PLY_003123_EPIC,PLY_003123,2,LIVE_EPIC,73,4,10,10,TRUE,2003
HANWHA_2009_PLY_003124_TH,PLY_003124,5,TITLE_HOLDER,83,3,10,9,FALSE,2009
HANWHA_1999_PLY_003124_LN,PLY_003124,1,LIVE_NORMAL,62,4,10,10,TRUE,1999
HANWHA_2007_PLY_003124_EPIC,PLY_003124,2,LIVE_EPIC,65,4,10,10,TRUE,2007
HANWHA_1999_PLY_003124_SIG,PLY_003124,7,SIGNATURE,93,1,10,10,FALSE,1999
HANWHA_2005_PLY_003124_EPIC,PLY_003124,2,LIVE_EPIC,69,4,10,10,TRUE,2005
HANWHA_2000_PLY_003124_EPIC,PLY_003124,2,LIVE_EPIC,66,4,10,10,TRUE,2000
HANWHA_2002_PLY_003124_LN,PLY_003124,1,LIVE_NORMAL,55,4,10,10,TRUE,2002
HANWHA_2005_PLY_003124_GG,PLY_003124,8,GOLDEN_GLOVE,90,2,10,10,FALSE,2005
HANWHA_2021_PLY_003125_TH,PLY_003125,5,TITLE_HOLDER,80,3,10,9,FALSE,2021
HANWHA_2023_PLY_003125_EPIC,PLY_003125,2,LIVE_EPIC,71,4,10,10,TRUE,2023
HANWHA_2025_PLY_003125_TH,PLY_003125,5,TITLE_HOLDER,85,3,10,9,FALSE,2025
HANWHA_2021_PLY_003125_LN,PLY_003125,1,LIVE_NORMAL,60,4,10,10,TRUE,2021
HANWHA_2010_PLY_003125_EPIC,PLY_003125,2,LIVE_EPIC,69,4,10,10,TRUE,2010
HANWHA_2018_PLY_003125_LN,PLY_003125,1,LIVE_NORMAL,67,4,10,10,TRUE,2018
HANWHA_2025_PLY_003125_SIG,PLY_003125,7,SIGNATURE,92,1,10,10,FALSE,2025
HANWHA_2022_PLY_003125_AS,PLY_003125,3,ALLSTAR,82,4,10,9,TRUE,2022
HANWHA_2022_PLY_003125_TH,PLY_003125,5,TITLE_HOLDER,83,3,10,9,FALSE,2022
HANWHA_2020_PLY_003125_TH,PLY_003125,5,TITLE_HOLDER,84,3,10,9,FALSE,2020
HANWHA_2020_PLY_003125_SIG,PLY_003125,7,SIGNATURE,94,1,10,10,FALSE,2020
HANWHA_2002_PLY_003126_TH,PLY_003126,5,TITLE_HOLDER,84,3,10,9,FALSE,2002
HANWHA_1997_PLY_003126_LN,PLY_003126,1,LIVE_NORMAL,68,4,10,10,TRUE,1997
HANWHA_2003_PLY_003126_LN,PLY_003126,1,LIVE_NORMAL,63,4,10,10,TRUE,2003
HANWHA_1995_PLY_003126_EPIC,PLY_003126,2,LIVE_EPIC,67,4,10,10,TRUE,1995
HANWHA_1994_PLY_003126_LN,PLY_003126,1,LIVE_NORMAL,59,4,10,10,TRUE,1994
HANWHA_1997_PLY_003126_AS,PLY_003126,3,ALLSTAR,79,4,10,9,TRUE,1997
HANWHA_1994_PLY_003126_GG,PLY_003126,8,GOLDEN_GLOVE,86,2,10,10,FALSE,1994
HANWHA_2000_PLY_003126_LN,PLY_003126,1,LIVE_NORMAL,66,4,10,10,TRUE,2000
HANWHA_2003_PLY_003126_EPIC,PLY_003126,2,LIVE_EPIC,71,4,10,10,TRUE,2003
HANWHA_1999_PLY_003126_LN,PLY_003126,1,LIVE_NORMAL,64,4,10,10,TRUE,1999
HANWHA_1998_PLY_003126_EPIC,PLY_003126,2,LIVE_EPIC,69,4,10,10,TRUE,1998
HANWHA_2004_PLY_003127_AS,PLY_003127,3,ALLSTAR,74,4,10,9,TRUE,2004
HANWHA_2007_PLY_003127_LN,PLY_003127,1,LIVE_NORMAL,57,4,10,10,TRUE,2007
HANWHA_2008_PLY_003127_AS,PLY_003127,3,ALLSTAR,76,4,10,9,TRUE,2008
HANWHA_2005_PLY_003127_LN,PLY_003127,1,LIVE_NORMAL,62,4,10,10,TRUE,2005
HANWHA_2008_PLY_003127_SIG,PLY_003127,7,SIGNATURE,93,1,10,10,FALSE,2008
HANWHA_2008_PLY_003127_EPIC,PLY_003127,2,LIVE_EPIC,71,4,10,10,TRUE,2008
HANWHA_2007_PLY_003127_EPIC,PLY_003127,2,LIVE_EPIC,74,4,10,10,TRUE,2007
HANWHA_2006_PLY_003127_LN,PLY_003127,1,LIVE_NORMAL,61,4,10,10,TRUE,2006
HANWHA_2005_PLY_003127_GG,PLY_003127,8,GOLDEN_GLOVE,90,2,10,10,FALSE,2005
HANWHA_2005_PLY_003127_EPIC,PLY_003127,2,LIVE_EPIC,65,4,10,10,TRUE,2005
HANWHA_2003_PLY_003127_LN,PLY_003127,1,LIVE_NORMAL,55,4,10,10,TRUE,2003
HANWHA_1987_PLY_003128_AS,PLY_003128,3,ALLSTAR,75,4,10,9,TRUE,1987
HANWHA_1986_PLY_003128_LN,PLY_003128,1,LIVE_NORMAL,61,4,10,10,TRUE,1986
HANWHA_1992_PLY_003128_LN,PLY_003128,1,LIVE_NORMAL,63,4,10,10,TRUE,1992
HANWHA_1992_PLY_003128_EPIC,PLY_003128,2,LIVE_EPIC,65,4,10,10,TRUE,1992
HANWHA_1988_PLY_003128_TH,PLY_003128,5,TITLE_HOLDER,86,3,10,9,FALSE,1988
HANWHA_1987_PLY_003128_SIG,PLY_003128,7,SIGNATURE,88,1,10,10,FALSE,1987
HANWHA_1989_PLY_003129_AS,PLY_003129,3,ALLSTAR,80,4,10,9,TRUE,1989
HANWHA_1995_PLY_003129_LN,PLY_003129,1,LIVE_NORMAL,60,4,10,10,TRUE,1995
HANWHA_1996_PLY_003129_EPIC,PLY_003129,2,LIVE_EPIC,66,4,10,10,TRUE,1996
HANWHA_1994_PLY_003129_AS,PLY_003129,3,ALLSTAR,78,4,10,9,TRUE,1994
HANWHA_1996_PLY_003129_AS,PLY_003129,3,ALLSTAR,83,4,10,9,TRUE,1996
HANWHA_1991_PLY_003129_LN,PLY_003129,1,LIVE_NORMAL,56,4,10,10,TRUE,1991
HANWHA_1993_PLY_003129_EPIC,PLY_003129,2,LIVE_EPIC,67,4,10,10,TRUE,1993
HANWHA_2010_PLY_003130_EPIC,PLY_003130,2,LIVE_EPIC,70,4,10,10,TRUE,2010
HANWHA_2010_PLY_003130_LN,PLY_003130,1,LIVE_NORMAL,68,4,10,10,TRUE,2010
HANWHA_2012_PLY_003130_EPIC,PLY_003130,2,LIVE_EPIC,66,4,10,10,TRUE,2012
HANWHA_2013_PLY_003130_LN,PLY_003130,1,LIVE_NORMAL,57,4,10,10,TRUE,2013
HANWHA_2016_PLY_003130_SIG,PLY_003130,7,SIGNATURE,90,1,10,10,FALSE,2016
HANWHA_2016_PLY_003130_TH,PLY_003130,5,TITLE_HOLDER,86,3,10,9,FALSE,2016
HANWHA_2014_PLY_003130_LN,PLY_003130,1,LIVE_NORMAL,67,4,10,10,TRUE,2014
HANWHA_2017_PLY_003131_LN,PLY_003131,1,LIVE_NORMAL,60,4,10,10,TRUE,2017
HANWHA_2007_PLY_003131_LN,PLY_003131,1,LIVE_NORMAL,60,4,10,10,TRUE,2007
HANWHA_2017_PLY_003131_EPIC,PLY_003131,2,LIVE_EPIC,67,4,10,10,TRUE,2017
HANWHA_2014_PLY_003131_EPIC,PLY_003131,2,LIVE_EPIC,65,4,10,10,TRUE,2014
HANWHA_2015_PLY_003131_EPIC,PLY_003131,2,LIVE_EPIC,65,4,10,10,TRUE,2015
HANWHA_2008_PLY_003131_LN,PLY_003131,1,LIVE_NORMAL,61,4,10,10,TRUE,2008
HANWHA_2008_PLY_003131_TH,PLY_003131,5,TITLE_HOLDER,85,3,10,9,FALSE,2008
HANWHA_2024_PLY_003132_EPIC,PLY_003132,2,LIVE_EPIC,75,4,10,10,TRUE,2024
HANWHA_2020_PLY_003132_LN,PLY_003132,1,LIVE_NORMAL,68,4,10,10,TRUE,2020
HANWHA_2024_PLY_003132_LN,PLY_003132,1,LIVE_NORMAL,57,4,10,10,TRUE,2024
HANWHA_2021_PLY_003132_AS,PLY_003132,3,ALLSTAR,82,4,10,9,TRUE,2021
HANWHA_2022_PLY_003132_LN,PLY_003132,1,LIVE_NORMAL,62,4,10,10,TRUE,2022
HANWHA_2020_PLY_003132_GG,PLY_003132,8,GOLDEN_GLOVE,87,2,10,10,FALSE,2020
HANWHA_2023_PLY_003132_TH,PLY_003132,5,TITLE_HOLDER,87,3,10,9,FALSE,2023
HANWHA_2020_PLY_003132_EPIC,PLY_003132,2,LIVE_EPIC,75,4,10,10,TRUE,2020
HANWHA_2024_PLY_003132_AS,PLY_003132,3,ALLSTAR,77,4,10,9,TRUE,2024
HANWHA_2022_PLY_003132_AS,PLY_003132,3,ALLSTAR,76,4,10,9,TRUE,2022
HANWHA_2008_PLY_003133_LN,PLY_003133,1,LIVE_NORMAL,68,4,10,10,TRUE,2008
HANWHA_2013_PLY_003133_EPIC,PLY_003133,2,LIVE_EPIC,74,4,10,10,TRUE,2013
HANWHA_2009_PLY_003133_LN,PLY_003133,1,LIVE_NORMAL,60,4,10,10,TRUE,2009
HANWHA_2007_PLY_003133_EPIC,PLY_003133,2,LIVE_EPIC,73,4,10,10,TRUE,2007
HANWHA_1997_PLY_003134_EPIC,PLY_003134,2,LIVE_EPIC,71,4,10,10,TRUE,1997
HANWHA_1996_PLY_003134_TH,PLY_003134,5,TITLE_HOLDER,82,3,10,9,FALSE,1996
HANWHA_2000_PLY_003135_EPIC,PLY_003135,2,LIVE_EPIC,74,4,10,10,TRUE,2000
HANWHA_1994_PLY_003135_TH,PLY_003135,5,TITLE_HOLDER,81,3,10,9,FALSE,1994
HANWHA_1994_PLY_003135_AS,PLY_003135,3,ALLSTAR,79,4,10,9,TRUE,1994
HANWHA_2000_PLY_003135_SIG,PLY_003135,7,SIGNATURE,90,1,10,10,FALSE,2000
HANWHA_1996_PLY_003135_TH,PLY_003135,5,TITLE_HOLDER,80,3,10,9,FALSE,1996
HANWHA_1998_PLY_003135_EPIC,PLY_003135,2,LIVE_EPIC,71,4,10,10,TRUE,1998
HANWHA_2025_PLY_003136_SIG,PLY_003136,7,SIGNATURE,92,1,10,10,FALSE,2025
HANWHA_2014_PLY_003136_LN,PLY_003136,1,LIVE_NORMAL,62,4,10,10,TRUE,2014
HANWHA_2022_PLY_003137_EPIC,PLY_003137,2,LIVE_EPIC,66,4,10,10,TRUE,2022
HANWHA_2026_PLY_003137_EPIC,PLY_003137,2,LIVE_EPIC,76,4,10,10,TRUE,2026
HANWHA_2025_PLY_003137_EPIC,PLY_003137,2,LIVE_EPIC,75,4,10,10,TRUE,2025
HANWHA_2019_PLY_003137_TH,PLY_003137,5,TITLE_HOLDER,86,3,10,9,FALSE,2019
HANWHA_2020_PLY_003137_AS,PLY_003137,3,ALLSTAR,76,4,10,9,TRUE,2020
HANWHA_2019_PLY_003137_AS,PLY_003137,3,ALLSTAR,81,4,10,9,TRUE,2019
HANWHA_2018_PLY_003137_TH,PLY_003137,5,TITLE_HOLDER,85,3,10,9,FALSE,2018
HANWHA_2023_PLY_003138_EPIC,PLY_003138,2,LIVE_EPIC,67,4,10,10,TRUE,2023
HANWHA_2026_PLY_003138_LN,PLY_003138,1,LIVE_NORMAL,55,4,10,10,TRUE,2026
HANWHA_2022_PLY_003138_EPIC,PLY_003138,2,LIVE_EPIC,70,4,10,10,TRUE,2022
HANWHA_2020_PLY_003138_EPIC,PLY_003138,2,LIVE_EPIC,75,4,10,10,TRUE,2020
HANWHA_2020_PLY_003138_LN,PLY_003138,1,LIVE_NORMAL,59,4,10,10,TRUE,2020
HANWHA_2022_PLY_003138_LN,PLY_003138,1,LIVE_NORMAL,61,4,10,10,TRUE,2022
HANWHA_2022_PLY_003138_AS,PLY_003138,3,ALLSTAR,82,4,10,9,TRUE,2022
HANWHA_2025_PLY_003138_AS,PLY_003138,3,ALLSTAR,76,4,10,9,TRUE,2025
HANWHA_2026_PLY_003138_AS,PLY_003138,3,ALLSTAR,83,4,10,9,TRUE,2026
HANWHA_2026_PLY_003139_AS,PLY_003139,3,ALLSTAR,78,4,10,9,TRUE,2026
HANWHA_2019_PLY_003139_SIG,PLY_003139,7,SIGNATURE,92,1,10,10,FALSE,2019
HANWHA_2019_PLY_003139_LN,PLY_003139,1,LIVE_NORMAL,60,4,10,10,TRUE,2019
HANWHA_2022_PLY_003139_TH,PLY_003139,5,TITLE_HOLDER,84,3,10,9,FALSE,2022
HANWHA_2018_PLY_003139_LN,PLY_003139,1,LIVE_NORMAL,57,4,10,10,TRUE,2018
HANWHA_1997_PLY_003140_TH,PLY_003140,5,TITLE_HOLDER,80,3,10,9,FALSE,1997
HANWHA_2000_PLY_003140_LN,PLY_003140,1,LIVE_NORMAL,63,4,10,10,TRUE,2000
HANWHA_1999_PLY_003140_LN,PLY_003140,1,LIVE_NORMAL,63,4,10,10,TRUE,1999
HANWHA_1995_PLY_003140_LN,PLY_003140,1,LIVE_NORMAL,56,4,10,10,TRUE,1995
HANWHA_2000_PLY_003140_SIG,PLY_003140,7,SIGNATURE,91,1,10,10,FALSE,2000
HANWHA_2003_PLY_003140_EPIC,PLY_003140,2,LIVE_EPIC,71,4,10,10,TRUE,2003
HANWHA_1997_PLY_003141_TH,PLY_003141,5,TITLE_HOLDER,84,3,10,9,FALSE,1997
HANWHA_1997_PLY_003141_LN,PLY_003141,1,LIVE_NORMAL,63,4,10,10,TRUE,1997
HANWHA_2000_PLY_003141_EPIC,PLY_003141,2,LIVE_EPIC,71,4,10,10,TRUE,2000
HANWHA_2003_PLY_003141_AS,PLY_003141,3,ALLSTAR,80,4,10,9,TRUE,2003
HANWHA_1998_PLY_003141_SIG,PLY_003141,7,SIGNATURE,93,1,10,10,FALSE,1998
HANWHA_1994_PLY_003141_LN,PLY_003141,1,LIVE_NORMAL,64,4,10,10,TRUE,1994
HANWHA_1996_PLY_003141_LN,PLY_003141,1,LIVE_NORMAL,61,4,10,10,TRUE,1996
HANWHA_1999_PLY_003141_LN,PLY_003141,1,LIVE_NORMAL,57,4,10,10,TRUE,1999
HANWHA_1998_PLY_003141_EPIC,PLY_003141,2,LIVE_EPIC,71,4,10,10,TRUE,1998
HANWHA_2001_PLY_003142_LN,PLY_003142,1,LIVE_NORMAL,57,4,10,10,TRUE,2001
HANWHA_1997_PLY_003142_LN,PLY_003142,1,LIVE_NORMAL,59,4,10,10,TRUE,1997
HANWHA_2006_PLY_003142_EPIC,PLY_003142,2,LIVE_EPIC,75,4,10,10,TRUE,2006
HANWHA_2004_PLY_003142_AS,PLY_003142,3,ALLSTAR,77,4,10,9,TRUE,2004
HANWHA_1997_PLY_003142_EPIC,PLY_003142,2,LIVE_EPIC,68,4,10,10,TRUE,1997
HANWHA_2016_PLY_003142_EPIC,PLY_003142,2,LIVE_EPIC,68,4,10,10,TRUE,2016
HANWHA_2004_PLY_003142_EPIC,PLY_003142,2,LIVE_EPIC,72,4,10,10,TRUE,2004
HANWHA_2011_PLY_003142_EPIC,PLY_003142,2,LIVE_EPIC,67,4,10,10,TRUE,2011
HANWHA_2012_PLY_003142_TH,PLY_003142,5,TITLE_HOLDER,82,3,10,9,FALSE,2012
HANWHA_2007_PLY_003142_SIG,PLY_003142,7,SIGNATURE,94,1,10,10,FALSE,2007
HANWHA_2015_PLY_003142_EPIC,PLY_003142,2,LIVE_EPIC,68,4,10,10,TRUE,2015
HANWHA_2014_PLY_003143_TH,PLY_003143,5,TITLE_HOLDER,80,3,10,9,FALSE,2014
HANWHA_2008_PLY_003143_LN,PLY_003143,1,LIVE_NORMAL,58,4,10,10,TRUE,2008
HANWHA_2010_PLY_003143_LN,PLY_003143,1,LIVE_NORMAL,67,4,10,10,TRUE,2010
HANWHA_2008_PLY_003143_EPIC,PLY_003143,2,LIVE_EPIC,75,4,10,10,TRUE,2008
HANWHA_2012_PLY_003143_AS,PLY_003143,3,ALLSTAR,75,4,10,9,TRUE,2012
HANWHA_2008_PLY_003143_AS,PLY_003143,3,ALLSTAR,81,4,10,9,TRUE,2008
HANWHA_2012_PLY_003143_LN,PLY_003143,1,LIVE_NORMAL,63,4,10,10,TRUE,2012
HANWHA_2010_PLY_003143_TH,PLY_003143,5,TITLE_HOLDER,81,3,10,9,FALSE,2010
HANWHA_2020_PLY_003144_TH,PLY_003144,5,TITLE_HOLDER,86,3,10,9,FALSE,2020
HANWHA_2020_PLY_003144_GG,PLY_003144,8,GOLDEN_GLOVE,85,2,10,10,FALSE,2020
HANWHA_2017_PLY_003144_EPIC,PLY_003144,2,LIVE_EPIC,65,4,10,10,TRUE,2017
HANWHA_2021_PLY_003144_LN,PLY_003144,1,LIVE_NORMAL,63,4,10,10,TRUE,2021
HANWHA_2021_PLY_003144_EPIC,PLY_003144,2,LIVE_EPIC,65,4,10,10,TRUE,2021
HANWHA_2020_PLY_003144_LN,PLY_003144,1,LIVE_NORMAL,56,4,10,10,TRUE,2020
HANWHA_2016_PLY_003145_AS,PLY_003145,3,ALLSTAR,81,4,10,9,TRUE,2016
HANWHA_2015_PLY_003145_EPIC,PLY_003145,2,LIVE_EPIC,76,4,10,10,TRUE,2015
HANWHA_2019_PLY_003145_TH,PLY_003145,5,TITLE_HOLDER,86,3,10,9,FALSE,2019
HANWHA_2015_PLY_003145_LN,PLY_003145,1,LIVE_NORMAL,58,4,10,10,TRUE,2015
HANWHA_2008_PLY_003145_LN,PLY_003145,1,LIVE_NORMAL,66,4,10,10,TRUE,2008
HANWHA_2004_PLY_003146_LN,PLY_003146,1,LIVE_NORMAL,67,4,10,10,TRUE,2004
HANWHA_1993_PLY_003146_EPIC,PLY_003146,2,LIVE_EPIC,71,4,10,10,TRUE,1993
HANWHA_1991_PLY_003146_TH,PLY_003146,5,TITLE_HOLDER,83,3,10,9,FALSE,1991
HANWHA_1989_PLY_003146_EPIC,PLY_003146,2,LIVE_EPIC,65,4,10,10,TRUE,1989
HANWHA_1992_PLY_003147_TH,PLY_003147,5,TITLE_HOLDER,81,3,10,9,FALSE,1992
HANWHA_1989_PLY_003147_EPIC,PLY_003147,2,LIVE_EPIC,70,4,10,10,TRUE,1989
HANWHA_1990_PLY_003147_LN,PLY_003147,1,LIVE_NORMAL,66,4,10,10,TRUE,1990
HANWHA_1990_PLY_003147_AS,PLY_003147,3,ALLSTAR,83,4,10,9,TRUE,1990
HANWHA_1992_PLY_003147_AS,PLY_003147,3,ALLSTAR,83,4,10,9,TRUE,1992
HANWHA_2024_PLY_003148_LN,PLY_003148,1,LIVE_NORMAL,59,4,10,10,TRUE,2024
HANWHA_2024_PLY_003148_TH,PLY_003148,5,TITLE_HOLDER,82,3,10,9,FALSE,2024
HANWHA_2022_PLY_003148_GG,PLY_003148,8,GOLDEN_GLOVE,89,2,10,10,FALSE,2022
HANWHA_2025_PLY_003148_TH,PLY_003148,5,TITLE_HOLDER,83,3,10,9,FALSE,2025
HANWHA_2023_PLY_003148_EPIC,PLY_003148,2,LIVE_EPIC,76,4,10,10,TRUE,2023
HANWHA_2023_PLY_003148_SIG,PLY_003148,7,SIGNATURE,87,1,10,10,FALSE,2023
HANWHA_2026_PLY_003148_EPIC,PLY_003148,2,LIVE_EPIC,75,4,10,10,TRUE,2026
HANWHA_2026_PLY_003149_LN,PLY_003149,1,LIVE_NORMAL,63,4,10,10,TRUE,2026
HANWHA_2024_PLY_003149_LN,PLY_003149,1,LIVE_NORMAL,68,4,10,10,TRUE,2024
HANWHA_2026_PLY_003149_EPIC,PLY_003149,2,LIVE_EPIC,75,4,10,10,TRUE,2026
HANWHA_2024_PLY_003149_GG,PLY_003149,8,GOLDEN_GLOVE,87,2,10,10,FALSE,2024
HANWHA_2025_PLY_003149_LN,PLY_003149,1,LIVE_NORMAL,68,4,10,10,TRUE,2025
HANWHA_2023_PLY_003149_EPIC,PLY_003149,2,LIVE_EPIC,68,4,10,10,TRUE,2023
HANWHA_2023_PLY_003149_AS,PLY_003149,3,ALLSTAR,75,4,10,9,TRUE,2023
HANWHA_2023_PLY_003149_TH,PLY_003149,5,TITLE_HOLDER,81,3,10,9,FALSE,2023
HANWHA_2009_PLY_003150_EPIC,PLY_003150,2,LIVE_EPIC,68,4,10,10,TRUE,2009
HANWHA_2013_PLY_003150_EPIC,PLY_003150,2,LIVE_EPIC,73,4,10,10,TRUE,2013
HANWHA_2013_PLY_003150_LN,PLY_003150,1,LIVE_NORMAL,56,4,10,10,TRUE,2013
HANWHA_2012_PLY_003150_LN,PLY_003150,1,LIVE_NORMAL,61,4,10,10,TRUE,2012
HANWHA_2010_PLY_003150_LN,PLY_003150,1,LIVE_NORMAL,65,4,10,10,TRUE,2010
HANWHA_2026_PLY_003151_LN,PLY_003151,1,LIVE_NORMAL,55,4,10,10,TRUE,2026
HANWHA_2017_PLY_003151_EPIC,PLY_003151,2,LIVE_EPIC,70,4,10,10,TRUE,2017
HANWHA_2015_PLY_003151_EPIC,PLY_003151,2,LIVE_EPIC,72,4,10,10,TRUE,2015
HANWHA_2026_PLY_003151_EPIC,PLY_003151,2,LIVE_EPIC,68,4,10,10,TRUE,2026
HANWHA_2025_PLY_003151_AS,PLY_003151,3,ALLSTAR,79,4,10,9,TRUE,2025
HANWHA_2011_PLY_003151_LN,PLY_003151,1,LIVE_NORMAL,58,4,10,10,TRUE,2011
HANWHA_2016_PLY_003151_GG,PLY_003151,8,GOLDEN_GLOVE,87,2,10,10,FALSE,2016
HANWHA_2025_PLY_003151_LN,PLY_003151,1,LIVE_NORMAL,64,4,10,10,TRUE,2025
HANWHA_2018_PLY_003151_LN,PLY_003151,1,LIVE_NORMAL,67,4,10,10,TRUE,2018
HANWHA_2021_PLY_003152_AS,PLY_003152,3,ALLSTAR,78,4,10,9,TRUE,2021
HANWHA_2022_PLY_003152_LN,PLY_003152,1,LIVE_NORMAL,59,4,10,10,TRUE,2022
HANWHA_2026_PLY_003152_LN,PLY_003152,1,LIVE_NORMAL,63,4,10,10,TRUE,2026
HANWHA_2018_PLY_003152_AS,PLY_003152,3,ALLSTAR,75,4,10,9,TRUE,2018
HANWHA_2017_PLY_003152_LN,PLY_003152,1,LIVE_NORMAL,62,4,10,10,TRUE,2017
HANWHA_2020_PLY_003152_LN,PLY_003152,1,LIVE_NORMAL,67,4,10,10,TRUE,2020
HANWHA_2024_PLY_003152_EPIC,PLY_003152,2,LIVE_EPIC,69,4,10,10,TRUE,2024
HANWHA_2024_PLY_003152_LN,PLY_003152,1,LIVE_NORMAL,63,4,10,10,TRUE,2024
HANWHA_2016_PLY_003152_LN,PLY_003152,1,LIVE_NORMAL,63,4,10,10,TRUE,2016
HANWHA_2019_PLY_003152_EPIC,PLY_003152,2,LIVE_EPIC,66,4,10,10,TRUE,2019
HANWHA_2018_PLY_003152_LN,PLY_003152,1,LIVE_NORMAL,66,4,10,10,TRUE,2018
HANWHA_2022_PLY_003152_TH,PLY_003152,5,TITLE_HOLDER,84,3,10,9,FALSE,2022
HANWHA_2008_PLY_003153_EPIC,PLY_003153,2,LIVE_EPIC,71,4,10,10,TRUE,2008
HANWHA_2009_PLY_003153_EPIC,PLY_003153,2,LIVE_EPIC,71,4,10,10,TRUE,2009
HANWHA_2000_PLY_003153_LN,PLY_003153,1,LIVE_NORMAL,61,4,10,10,TRUE,2000
HANWHA_1997_PLY_003153_AS,PLY_003153,3,ALLSTAR,76,4,10,9,TRUE,1997
HANWHA_1994_PLY_003153_EPIC,PLY_003153,2,LIVE_EPIC,72,4,10,10,TRUE,1994
HANWHA_2006_PLY_003153_LN,PLY_003153,1,LIVE_NORMAL,67,4,10,10,TRUE,2006
HANWHA_2013_PLY_003154_LN,PLY_003154,1,LIVE_NORMAL,68,4,10,10,TRUE,2013
HANWHA_2013_PLY_003154_EPIC,PLY_003154,2,LIVE_EPIC,68,4,10,10,TRUE,2013
HANWHA_2008_PLY_003154_TH,PLY_003154,5,TITLE_HOLDER,85,3,10,9,FALSE,2008
HANWHA_2013_PLY_003154_GG,PLY_003154,8,GOLDEN_GLOVE,87,2,10,10,FALSE,2013
HANWHA_2007_PLY_003154_TH,PLY_003154,5,TITLE_HOLDER,86,3,10,9,FALSE,2007
HANWHA_2005_PLY_003154_EPIC,PLY_003154,2,LIVE_EPIC,76,4,10,10,TRUE,2005
HANWHA_2015_PLY_003154_TH,PLY_003154,5,TITLE_HOLDER,85,3,10,9,FALSE,2015
HANWHA_2006_PLY_003154_LN,PLY_003154,1,LIVE_NORMAL,64,4,10,10,TRUE,2006
HANWHA_2017_PLY_003154_TH,PLY_003154,5,TITLE_HOLDER,87,3,10,9,FALSE,2017
HANWHA_1992_PLY_003155_EPIC,PLY_003155,2,LIVE_EPIC,69,4,10,10,TRUE,1992
HANWHA_1994_PLY_003155_TH,PLY_003155,5,TITLE_HOLDER,80,3,10,9,FALSE,1994
HANWHA_2003_PLY_003155_LN,PLY_003155,1,LIVE_NORMAL,64,4,10,10,TRUE,2003
HANWHA_1991_PLY_003155_LN,PLY_003155,1,LIVE_NORMAL,55,4,10,10,TRUE,1991
HANWHA_1991_PLY_003155_EPIC,PLY_003155,2,LIVE_EPIC,74,4,10,10,TRUE,1991
HANWHA_2002_PLY_003155_LN,PLY_003155,1,LIVE_NORMAL,68,4,10,10,TRUE,2002
HANWHA_1993_PLY_003155_LN,PLY_003155,1,LIVE_NORMAL,55,4,10,10,TRUE,1993
HANWHA_1991_PLY_003155_TH,PLY_003155,5,TITLE_HOLDER,86,3,10,9,FALSE,1991
HANWHA_2000_PLY_003155_AS,PLY_003155,3,ALLSTAR,81,4,10,9,TRUE,2000
HANWHA_2023_PLY_003156_LN,PLY_003156,1,LIVE_NORMAL,68,4,10,10,TRUE,2023
HANWHA_2014_PLY_003156_AS,PLY_003156,3,ALLSTAR,78,4,10,9,TRUE,2014
HANWHA_2012_PLY_003156_TH,PLY_003156,5,TITLE_HOLDER,87,3,10,9,FALSE,2012
HANWHA_2020_PLY_003156_LN,PLY_003156,1,LIVE_NORMAL,56,4,10,10,TRUE,2020
HANWHA_2025_PLY_003156_LN,PLY_003156,1,LIVE_NORMAL,55,4,10,10,TRUE,2025
HANWHA_2022_PLY_003156_LN,PLY_003156,1,LIVE_NORMAL,58,4,10,10,TRUE,2022
HANWHA_2012_PLY_003156_SIG,PLY_003156,7,SIGNATURE,87,1,10,10,FALSE,2012
HANWHA_2004_PLY_003157_EPIC,PLY_003157,2,LIVE_EPIC,67,4,10,10,TRUE,2004
HANWHA_2007_PLY_003157_TH,PLY_003157,5,TITLE_HOLDER,85,3,10,9,FALSE,2007
HANWHA_2009_PLY_003157_EPIC,PLY_003157,2,LIVE_EPIC,68,4,10,10,TRUE,2009
HANWHA_2007_PLY_003157_SIG,PLY_003157,7,SIGNATURE,94,1,10,10,FALSE,2007
HANWHA_2016_PLY_003157_AS,PLY_003157,3,ALLSTAR,78,4,10,9,TRUE,2016
HANWHA_2016_PLY_003157_EPIC,PLY_003157,2,LIVE_EPIC,65,4,10,10,TRUE,2016
HANWHA_2003_PLY_003157_LN,PLY_003157,1,LIVE_NORMAL,57,4,10,10,TRUE,2003
HANWHA_2005_PLY_003157_LN,PLY_003157,1,LIVE_NORMAL,56,4,10,10,TRUE,2005
HANWHA_2007_PLY_003157_LN,PLY_003157,1,LIVE_NORMAL,65,4,10,10,TRUE,2007
HANWHA_2015_PLY_003157_EPIC,PLY_003157,2,LIVE_EPIC,70,4,10,10,TRUE,2015
HANWHA_2015_PLY_003158_TH,PLY_003158,5,TITLE_HOLDER,84,3,10,9,FALSE,2015
HANWHA_2018_PLY_003158_LN,PLY_003158,1,LIVE_NORMAL,67,4,10,10,TRUE,2018
HANWHA_2015_PLY_003158_LN,PLY_003158,1,LIVE_NORMAL,62,4,10,10,TRUE,2015
HANWHA_2019_PLY_003158_LN,PLY_003158,1,LIVE_NORMAL,68,4,10,10,TRUE,2019
HANWHA_2019_PLY_003159_GG,PLY_003159,8,GOLDEN_GLOVE,87,2,10,10,FALSE,2019
HANWHA_2018_PLY_003159_EPIC,PLY_003159,2,LIVE_EPIC,70,4,10,10,TRUE,2018
HANWHA_2022_PLY_003159_AS,PLY_003159,3,ALLSTAR,74,4,10,9,TRUE,2022
HANWHA_2022_PLY_003159_LN,PLY_003159,1,LIVE_NORMAL,65,4,10,10,TRUE,2022
HANWHA_2020_PLY_003159_TH,PLY_003159,5,TITLE_HOLDER,81,3,10,9,FALSE,2020
HANWHA_2018_PLY_003159_LN,PLY_003159,1,LIVE_NORMAL,58,4,10,10,TRUE,2018
HANWHA_2021_PLY_003159_TH,PLY_003159,5,TITLE_HOLDER,87,3,10,9,FALSE,2021
HANWHA_2021_PLY_003159_AS,PLY_003159,3,ALLSTAR,75,4,10,9,TRUE,2021
HANWHA_2020_PLY_003159_AS,PLY_003159,3,ALLSTAR,75,4,10,9,TRUE,2020
HANWHA_2003_PLY_003160_TH,PLY_003160,5,TITLE_HOLDER,83,3,10,9,FALSE,2003
HANWHA_2010_PLY_003160_LN,PLY_003160,1,LIVE_NORMAL,68,4,10,10,TRUE,2010
HANWHA_2002_PLY_003160_LN,PLY_003160,1,LIVE_NORMAL,61,4,10,10,TRUE,2002
HANWHA_2005_PLY_003160_AS,PLY_003160,3,ALLSTAR,79,4,10,9,TRUE,2005
HANWHA_2002_PLY_003160_TH,PLY_003160,5,TITLE_HOLDER,85,3,10,9,FALSE,2002
HANWHA_2000_PLY_003160_EPIC,PLY_003160,2,LIVE_EPIC,70,4,10,10,TRUE,2000
HANWHA_2024_PLY_003161_EPIC,PLY_003161,2,LIVE_EPIC,72,4,10,10,TRUE,2024
HANWHA_2024_PLY_003161_LN,PLY_003161,1,LIVE_NORMAL,68,4,10,10,TRUE,2024
HANWHA_2025_PLY_003161_EPIC,PLY_003161,2,LIVE_EPIC,68,4,10,10,TRUE,2025
HANWHA_2025_PLY_003161_GG,PLY_003161,8,GOLDEN_GLOVE,89,2,10,10,FALSE,2025
HANWHA_2025_PLY_003161_LN,PLY_003161,1,LIVE_NORMAL,65,4,10,10,TRUE,2025
HANWHA_2026_PLY_003161_EPIC,PLY_003161,2,LIVE_EPIC,67,4,10,10,TRUE,2026
HANWHA_2025_PLY_003161_SIG,PLY_003161,7,SIGNATURE,89,1,10,10,FALSE,2025
HANWHA_2023_PLY_003161_TH,PLY_003161,5,TITLE_HOLDER,87,3,10,9,FALSE,2023
HANWHA_2022_PLY_003161_LN,PLY_003161,1,LIVE_NORMAL,61,4,10,10,TRUE,2022
HANWHA_2009_PLY_003162_LN,PLY_003162,1,LIVE_NORMAL,63,4,10,10,TRUE,2009
HANWHA_2005_PLY_003162_EPIC,PLY_003162,2,LIVE_EPIC,65,4,10,10,TRUE,2005
HANWHA_2004_PLY_003162_TH,PLY_003162,5,TITLE_HOLDER,87,3,10,9,FALSE,2004
HANWHA_2008_PLY_003162_EPIC,PLY_003162,2,LIVE_EPIC,73,4,10,10,TRUE,2008
HANWHA_2026_PLY_003163_LN,PLY_003163,1,LIVE_NORMAL,64,4,10,10,TRUE,2026
HANWHA_2023_PLY_003163_EPIC,PLY_003163,2,LIVE_EPIC,75,4,10,10,TRUE,2023
HANWHA_2022_PLY_003163_AS,PLY_003163,3,ALLSTAR,74,4,10,9,TRUE,2022
HANWHA_2025_PLY_003163_LN,PLY_003163,1,LIVE_NORMAL,61,4,10,10,TRUE,2025
HANWHA_2022_PLY_003163_EPIC,PLY_003163,2,LIVE_EPIC,74,4,10,10,TRUE,2022
HANWHA_2021_PLY_003163_LN,PLY_003163,1,LIVE_NORMAL,65,4,10,10,TRUE,2021
HANWHA_2022_PLY_003163_LN,PLY_003163,1,LIVE_NORMAL,64,4,10,10,TRUE,2022
HANWHA_2021_PLY_003163_AS,PLY_003163,3,ALLSTAR,77,4,10,9,TRUE,2021
HANWHA_2020_PLY_003163_EPIC,PLY_003163,2,LIVE_EPIC,74,4,10,10,TRUE,2020
HANWHA_2022_PLY_003164_TH,PLY_003164,5,TITLE_HOLDER,83,3,10,9,FALSE,2022
HANWHA_2026_PLY_003164_AS,PLY_003164,3,ALLSTAR,81,4,10,9,TRUE,2026
HANWHA_2022_PLY_003164_GG,PLY_003164,8,GOLDEN_GLOVE,84,2,10,10,FALSE,2022
HANWHA_1993_PLY_003165_GG,PLY_003165,8,GOLDEN_GLOVE,90,2,10,10,FALSE,1993
HANWHA_1999_PLY_003165_LN,PLY_003165,1,LIVE_NORMAL,58,4,10,10,TRUE,1999
HANWHA_1994_PLY_003165_LN,PLY_003165,1,LIVE_NORMAL,68,4,10,10,TRUE,1994
HANWHA_1997_PLY_003165_EPIC,PLY_003165,2,LIVE_EPIC,68,4,10,10,TRUE,1997
HANWHA_1996_PLY_003165_EPIC,PLY_003165,2,LIVE_EPIC,71,4,10,10,TRUE,1996
HANWHA_1993_PLY_003165_LN,PLY_003165,1,LIVE_NORMAL,66,4,10,10,TRUE,1993
HANWHA_1998_PLY_003165_LN,PLY_003165,1,LIVE_NORMAL,62,4,10,10,TRUE,1998
HANWHA_1996_PLY_003165_LN,PLY_003165,1,LIVE_NORMAL,66,4,10,10,TRUE,1996
HANWHA_1993_PLY_003165_EPIC,PLY_003165,2,LIVE_EPIC,70,4,10,10,TRUE,1993
HANWHA_2004_PLY_003166_LN,PLY_003166,1,LIVE_NORMAL,59,4,10,10,TRUE,2004
HANWHA_2006_PLY_003166_LN,PLY_003166,1,LIVE_NORMAL,65,4,10,10,TRUE,2006
HANWHA_2009_PLY_003166_LN,PLY_003166,1,LIVE_NORMAL,64,4,10,10,TRUE,2009
HANWHA_2008_PLY_003166_EPIC,PLY_003166,2,LIVE_EPIC,72,4,10,10,TRUE,2008
HANWHA_2002_PLY_003166_LN,PLY_003166,1,LIVE_NORMAL,58,4,10,10,TRUE,2002
HANWHA_2008_PLY_003166_AS,PLY_003166,3,ALLSTAR,82,4,10,9,TRUE,2008
HANWHA_2003_PLY_003166_LN,PLY_003166,1,LIVE_NORMAL,61,4,10,10,TRUE,2003
HANWHA_2006_PLY_003166_AS,PLY_003166,3,ALLSTAR,74,4,10,9,TRUE,2006
HANWHA_1989_PLY_003167_AS,PLY_003167,3,ALLSTAR,78,4,10,9,TRUE,1989
HANWHA_1992_PLY_003167_LN,PLY_003167,1,LIVE_NORMAL,67,4,10,10,TRUE,1992
HANWHA_2000_PLY_003167_LN,PLY_003167,1,LIVE_NORMAL,57,4,10,10,TRUE,2000
HANWHA_1995_PLY_003167_LN,PLY_003167,1,LIVE_NORMAL,65,4,10,10,TRUE,1995
HANWHA_1996_PLY_003167_LN,PLY_003167,1,LIVE_NORMAL,64,4,10,10,TRUE,1996
HANWHA_2023_PLY_003168_LN,PLY_003168,1,LIVE_NORMAL,56,4,10,10,TRUE,2023
HANWHA_2025_PLY_003168_LN,PLY_003168,1,LIVE_NORMAL,65,4,10,10,TRUE,2025
HANWHA_2022_PLY_003168_TH,PLY_003168,5,TITLE_HOLDER,83,3,10,9,FALSE,2022
HANWHA_2025_PLY_003168_AS,PLY_003168,3,ALLSTAR,83,4,10,9,TRUE,2025
HANWHA_2025_PLY_003168_EPIC,PLY_003168,2,LIVE_EPIC,67,4,10,10,TRUE,2025
HANWHA_2025_PLY_003169_LN,PLY_003169,1,LIVE_NORMAL,60,4,10,10,TRUE,2025
HANWHA_2018_PLY_003169_EPIC,PLY_003169,2,LIVE_EPIC,72,4,10,10,TRUE,2018
HANWHA_2020_PLY_003169_LN,PLY_003169,1,LIVE_NORMAL,56,4,10,10,TRUE,2020
HANWHA_2025_PLY_003169_SIG,PLY_003169,7,SIGNATURE,88,1,10,10,FALSE,2025
HANWHA_2025_PLY_003169_TH,PLY_003169,5,TITLE_HOLDER,87,3,10,9,FALSE,2025
HANWHA_2016_PLY_003169_LN,PLY_003169,1,LIVE_NORMAL,57,4,10,10,TRUE,2016
HANWHA_2026_PLY_003169_GG,PLY_003169,8,GOLDEN_GLOVE,84,2,10,10,FALSE,2026
HANWHA_2024_PLY_003169_TH,PLY_003169,5,TITLE_HOLDER,81,3,10,9,FALSE,2024
HANWHA_2003_PLY_003170_AS,PLY_003170,3,ALLSTAR,77,4,10,9,TRUE,2003
HANWHA_2003_PLY_003170_EPIC,PLY_003170,2,LIVE_EPIC,73,4,10,10,TRUE,2003
HANWHA_2007_PLY_003170_LN,PLY_003170,1,LIVE_NORMAL,58,4,10,10,TRUE,2007
HANWHA_2002_PLY_003170_LN,PLY_003170,1,LIVE_NORMAL,59,4,10,10,TRUE,2002
HANWHA_2009_PLY_003170_EPIC,PLY_003170,2,LIVE_EPIC,71,4,10,10,TRUE,2009
HANWHA_2010_PLY_003170_AS,PLY_003170,3,ALLSTAR,74,4,10,9,TRUE,2010
HANWHA_2007_PLY_003170_TH,PLY_003170,5,TITLE_HOLDER,86,3,10,9,FALSE,2007
HANWHA_2010_PLY_003170_LN,PLY_003170,1,LIVE_NORMAL,68,4,10,10,TRUE,2010
HANWHA_2010_PLY_003170_TH,PLY_003170,5,TITLE_HOLDER,81,3,10,9,FALSE,2010
HANWHA_2002_PLY_003170_EPIC,PLY_003170,2,LIVE_EPIC,68,4,10,10,TRUE,2002
HANWHA_2002_PLY_003171_EPIC,PLY_003171,2,LIVE_EPIC,71,4,10,10,TRUE,2002
HANWHA_1998_PLY_003171_LN,PLY_003171,1,LIVE_NORMAL,56,4,10,10,TRUE,1998
HANWHA_1991_PLY_003171_SIG,PLY_003171,7,SIGNATURE,87,1,10,10,FALSE,1991
HANWHA_2025_PLY_003172_GG,PLY_003172,8,GOLDEN_GLOVE,84,2,10,10,FALSE,2025
HANWHA_2023_PLY_003172_LN,PLY_003172,1,LIVE_NORMAL,61,4,10,10,TRUE,2023
HANWHA_2025_PLY_003172_EPIC,PLY_003172,2,LIVE_EPIC,73,4,10,10,TRUE,2025
HANWHA_2025_PLY_003172_AS,PLY_003172,3,ALLSTAR,75,4,10,9,TRUE,2025
HANWHA_1994_PLY_003173_EPIC,PLY_003173,2,LIVE_EPIC,67,4,10,10,TRUE,1994
HANWHA_1991_PLY_003173_LN,PLY_003173,1,LIVE_NORMAL,68,4,10,10,TRUE,1991
HANWHA_1992_PLY_003173_AS,PLY_003173,3,ALLSTAR,75,4,10,9,TRUE,1992
HANWHA_1993_PLY_003173_LN,PLY_003173,1,LIVE_NORMAL,65,4,10,10,TRUE,1993
HANWHA_2023_PLY_003174_LN,PLY_003174,1,LIVE_NORMAL,63,4,10,10,TRUE,2023
HANWHA_2026_PLY_003174_LN,PLY_003174,1,LIVE_NORMAL,57,4,10,10,TRUE,2026
HANWHA_2023_PLY_003174_TH,PLY_003174,5,TITLE_HOLDER,80,3,10,9,FALSE,2023
HANWHA_2025_PLY_003174_EPIC,PLY_003174,2,LIVE_EPIC,71,4,10,10,TRUE,2025
HANWHA_2025_PLY_003174_TH,PLY_003174,5,TITLE_HOLDER,87,3,10,9,FALSE,2025
HANWHA_2026_PLY_003174_AS,PLY_003174,3,ALLSTAR,79,4,10,9,TRUE,2026
HANWHA_2024_PLY_003174_SIG,PLY_003174,7,SIGNATURE,88,1,10,10,FALSE,2024
HANWHA_2025_PLY_003174_LN,PLY_003174,1,LIVE_NORMAL,65,4,10,10,TRUE,2025
HANWHA_2024_PLY_003174_EPIC,PLY_003174,2,LIVE_EPIC,71,4,10,10,TRUE,2024
HANWHA_2025_PLY_003174_AS,PLY_003174,3,ALLSTAR,80,4,10,9,TRUE,2025
HANWHA_2024_PLY_003174_LN,PLY_003174,1,LIVE_NORMAL,68,4,10,10,TRUE,2024
HANWHA_1989_PLY_003175_LN,PLY_003175,1,LIVE_NORMAL,61,4,10,10,TRUE,1989
HANWHA_1988_PLY_003175_LN,PLY_003175,1,LIVE_NORMAL,66,4,10,10,TRUE,1988
HANWHA_1994_PLY_003175_LN,PLY_003175,1,LIVE_NORMAL,61,4,10,10,TRUE,1994
HANWHA_2026_PLY_003176_AS,PLY_003176,3,ALLSTAR,82,4,10,9,TRUE,2026
HANWHA_2023_PLY_003176_EPIC,PLY_003176,2,LIVE_EPIC,72,4,10,10,TRUE,2023
HANWHA_2020_PLY_003176_AS,PLY_003176,3,ALLSTAR,83,4,10,9,TRUE,2020
HANWHA_2023_PLY_003176_SIG,PLY_003176,7,SIGNATURE,89,1,10,10,FALSE,2023
HANWHA_2020_PLY_003176_EPIC,PLY_003176,2,LIVE_EPIC,66,4,10,10,TRUE,2020
HANWHA_2023_PLY_003176_LN,PLY_003176,1,LIVE_NORMAL,64,4,10,10,TRUE,2023
HANWHA_2001_PLY_003177_TH,PLY_003177,5,TITLE_HOLDER,87,3,10,9,FALSE,2001
HANWHA_1997_PLY_003177_TH,PLY_003177,5,TITLE_HOLDER,84,3,10,9,FALSE,1997
HANWHA_2026_PLY_003178_LN,PLY_003178,1,LIVE_NORMAL,59,4,10,10,TRUE,2026
HANWHA_2025_PLY_003178_LN,PLY_003178,1,LIVE_NORMAL,68,4,10,10,TRUE,2025
HANWHA_2020_PLY_003178_EPIC,PLY_003178,2,LIVE_EPIC,73,4,10,10,TRUE,2020
HANWHA_2015_PLY_003178_LN,PLY_003178,1,LIVE_NORMAL,63,4,10,10,TRUE,2015
HANWHA_2017_PLY_003178_TH,PLY_003178,5,TITLE_HOLDER,82,3,10,9,FALSE,2017
HANWHA_2020_PLY_003178_AS,PLY_003178,3,ALLSTAR,83,4,10,9,TRUE,2020
HANWHA_2022_PLY_003179_EPIC,PLY_003179,2,LIVE_EPIC,76,4,10,10,TRUE,2022
HANWHA_2019_PLY_003179_LN,PLY_003179,1,LIVE_NORMAL,68,4,10,10,TRUE,2019
HANWHA_2019_PLY_003179_EPIC,PLY_003179,2,LIVE_EPIC,73,4,10,10,TRUE,2019
HANWHA_2009_PLY_003180_LN,PLY_003180,1,LIVE_NORMAL,59,4,10,10,TRUE,2009
HANWHA_2012_PLY_003180_LN,PLY_003180,1,LIVE_NORMAL,65,4,10,10,TRUE,2012
HANWHA_2014_PLY_003180_EPIC,PLY_003180,2,LIVE_EPIC,71,4,10,10,TRUE,2014
HANWHA_2010_PLY_003180_TH,PLY_003180,5,TITLE_HOLDER,86,3,10,9,FALSE,2010
HANWHA_2024_PLY_003181_TH,PLY_003181,5,TITLE_HOLDER,87,3,10,9,FALSE,2024
HANWHA_2021_PLY_003181_AS,PLY_003181,3,ALLSTAR,74,4,10,9,TRUE,2021
HANWHA_2021_PLY_003181_LN,PLY_003181,1,LIVE_NORMAL,63,4,10,10,TRUE,2021
HANWHA_2023_PLY_003181_EPIC,PLY_003181,2,LIVE_EPIC,66,4,10,10,TRUE,2023
HANWHA_2024_PLY_003181_LN,PLY_003181,1,LIVE_NORMAL,58,4,10,10,TRUE,2024
HANWHA_2022_PLY_003181_AS,PLY_003181,3,ALLSTAR,76,4,10,9,TRUE,2022
HANWHA_2026_PLY_003181_LN,PLY_003181,1,LIVE_NORMAL,57,4,10,10,TRUE,2026
HANWHA_2023_PLY_003181_LN,PLY_003181,1,LIVE_NORMAL,62,4,10,10,TRUE,2023
HANWHA_2025_PLY_003182_LN,PLY_003182,1,LIVE_NORMAL,66,4,10,10,TRUE,2025
HANWHA_2015_PLY_003182_EPIC,PLY_003182,2,LIVE_EPIC,76,4,10,10,TRUE,2015
HANWHA_2013_PLY_003182_AS,PLY_003182,3,ALLSTAR,76,4,10,9,TRUE,2013
HANWHA_2021_PLY_003182_EPIC,PLY_003182,2,LIVE_EPIC,68,4,10,10,TRUE,2021
HANWHA_2017_PLY_003182_EPIC,PLY_003182,2,LIVE_EPIC,68,4,10,10,TRUE,2017
HANWHA_2018_PLY_003182_LN,PLY_003182,1,LIVE_NORMAL,57,4,10,10,TRUE,2018
HANWHA_2022_PLY_003182_AS,PLY_003182,3,ALLSTAR,78,4,10,9,TRUE,2022
HANWHA_2021_PLY_003182_AS,PLY_003182,3,ALLSTAR,82,4,10,9,TRUE,2021
HANWHA_2013_PLY_003183_AS,PLY_003183,3,ALLSTAR,77,4,10,9,TRUE,2013
HANWHA_2012_PLY_003183_EPIC,PLY_003183,2,LIVE_EPIC,76,4,10,10,TRUE,2012
HANWHA_2009_PLY_003183_AS,PLY_003183,3,ALLSTAR,82,4,10,9,TRUE,2009
HANWHA_2010_PLY_003183_EPIC,PLY_003183,2,LIVE_EPIC,67,4,10,10,TRUE,2010
HANWHA_2019_PLY_003183_EPIC,PLY_003183,2,LIVE_EPIC,67,4,10,10,TRUE,2019
HANWHA_2025_PLY_003183_EPIC,PLY_003183,2,LIVE_EPIC,70,4,10,10,TRUE,2025
HANWHA_2021_PLY_003183_EPIC,PLY_003183,2,LIVE_EPIC,69,4,10,10,TRUE,2021
HANWHA_2017_PLY_003183_LN,PLY_003183,1,LIVE_NORMAL,59,4,10,10,TRUE,2017
HANWHA_2023_PLY_003183_LN,PLY_003183,1,LIVE_NORMAL,65,4,10,10,TRUE,2023
HANWHA_2004_PLY_003184_EPIC,PLY_003184,2,LIVE_EPIC,68,4,10,10,TRUE,2004
HANWHA_2008_PLY_003184_LN,PLY_003184,1,LIVE_NORMAL,58,4,10,10,TRUE,2008
HANWHA_2007_PLY_003184_EPIC,PLY_003184,2,LIVE_EPIC,67,4,10,10,TRUE,2007
HANWHA_2008_PLY_003185_LN,PLY_003185,1,LIVE_NORMAL,67,4,10,10,TRUE,2008
HANWHA_2003_PLY_003185_LN,PLY_003185,1,LIVE_NORMAL,56,4,10,10,TRUE,2003
HANWHA_2006_PLY_003185_AS,PLY_003185,3,ALLSTAR,83,4,10,9,TRUE,2006
HANWHA_2010_PLY_003185_EPIC,PLY_003185,2,LIVE_EPIC,66,4,10,10,TRUE,2010
HANWHA_2019_PLY_003185_LN,PLY_003185,1,LIVE_NORMAL,55,4,10,10,TRUE,2019
HANWHA_2006_PLY_003185_EPIC,PLY_003185,2,LIVE_EPIC,76,4,10,10,TRUE,2006
HANWHA_2012_PLY_003185_AS,PLY_003185,3,ALLSTAR,83,4,10,9,TRUE,2012
HANWHA_2019_PLY_003186_SIG,PLY_003186,7,SIGNATURE,92,1,10,10,FALSE,2019
HANWHA_2025_PLY_003186_LN,PLY_003186,1,LIVE_NORMAL,65,4,10,10,TRUE,2025
HANWHA_2022_PLY_003186_SIG,PLY_003186,7,SIGNATURE,88,1,10,10,FALSE,2022
HANWHA_2023_PLY_003187_AS,PLY_003187,3,ALLSTAR,77,4,10,9,TRUE,2023
HANWHA_2017_PLY_003187_AS,PLY_003187,3,ALLSTAR,74,4,10,9,TRUE,2017
HANWHA_2007_PLY_003187_EPIC,PLY_003187,2,LIVE_EPIC,76,4,10,10,TRUE,2007
HANWHA_2007_PLY_003187_LN,PLY_003187,1,LIVE_NORMAL,57,4,10,10,TRUE,2007
HANWHA_2020_PLY_003187_EPIC,PLY_003187,2,LIVE_EPIC,69,4,10,10,TRUE,2020
HANWHA_2014_PLY_003187_SIG,PLY_003187,7,SIGNATURE,88,1,10,10,FALSE,2014
HANWHA_2016_PLY_003188_EPIC,PLY_003188,2,LIVE_EPIC,76,4,10,10,TRUE,2016
HANWHA_2011_PLY_003188_EPIC,PLY_003188,2,LIVE_EPIC,74,4,10,10,TRUE,2011
HANWHA_2011_PLY_003188_LN,PLY_003188,1,LIVE_NORMAL,59,4,10,10,TRUE,2011
HANWHA_2007_PLY_003188_LN,PLY_003188,1,LIVE_NORMAL,68,4,10,10,TRUE,2007
HANWHA_2024_PLY_003188_EPIC,PLY_003188,2,LIVE_EPIC,65,4,10,10,TRUE,2024
HANWHA_2010_PLY_003188_EPIC,PLY_003188,2,LIVE_EPIC,75,4,10,10,TRUE,2010
HANWHA_2026_PLY_003189_TH,PLY_003189,5,TITLE_HOLDER,80,3,10,9,FALSE,2026
HANWHA_2022_PLY_003189_EPIC,PLY_003189,2,LIVE_EPIC,70,4,10,10,TRUE,2022
HANWHA_2025_PLY_003189_AS,PLY_003189,3,ALLSTAR,81,4,10,9,TRUE,2025
HANWHA_2020_PLY_003189_TH,PLY_003189,5,TITLE_HOLDER,83,3,10,9,FALSE,2020
HANWHA_2026_PLY_003189_EPIC,PLY_003189,2,LIVE_EPIC,69,4,10,10,TRUE,2026
HANWHA_2025_PLY_003189_LN,PLY_003189,1,LIVE_NORMAL,60,4,10,10,TRUE,2025
HANWHA_1993_PLY_003190_EPIC,PLY_003190,2,LIVE_EPIC,69,4,10,10,TRUE,1993
HANWHA_1998_PLY_003190_LN,PLY_003190,1,LIVE_NORMAL,59,4,10,10,TRUE,1998
HANWHA_1992_PLY_003190_LN,PLY_003190,1,LIVE_NORMAL,65,4,10,10,TRUE,1992
HANWHA_1996_PLY_003190_LN,PLY_003190,1,LIVE_NORMAL,57,4,10,10,TRUE,1996
HANWHA_1990_PLY_003190_EPIC,PLY_003190,2,LIVE_EPIC,68,4,10,10,TRUE,1990
HANWHA_1993_PLY_003190_TH,PLY_003190,5,TITLE_HOLDER,86,3,10,9,FALSE,1993
HANWHA_1996_PLY_003191_AS,PLY_003191,3,ALLSTAR,82,4,10,9,TRUE,1996
HANWHA_1991_PLY_003191_EPIC,PLY_003191,2,LIVE_EPIC,73,4,10,10,TRUE,1991
HANWHA_1991_PLY_003191_LN,PLY_003191,1,LIVE_NORMAL,56,4,10,10,TRUE,1991
HANWHA_1989_PLY_003191_AS,PLY_003191,3,ALLSTAR,77,4,10,9,TRUE,1989
HANWHA_1995_PLY_003191_TH,PLY_003191,5,TITLE_HOLDER,85,3,10,9,FALSE,1995
HANWHA_1987_PLY_003191_GG,PLY_003191,8,GOLDEN_GLOVE,87,2,10,10,FALSE,1987
HANWHA_1994_PLY_003191_SIG,PLY_003191,7,SIGNATURE,91,1,10,10,FALSE,1994
HANWHA_1991_PLY_003191_AS,PLY_003191,3,ALLSTAR,82,4,10,9,TRUE,1991
HANWHA_2000_PLY_003192_AS,PLY_003192,3,ALLSTAR,78,4,10,9,TRUE,2000
HANWHA_2008_PLY_003192_EPIC,PLY_003192,2,LIVE_EPIC,68,4,10,10,TRUE,2008
HANWHA_2000_PLY_003193_LN,PLY_003193,1,LIVE_NORMAL,65,4,10,10,TRUE,2000
HANWHA_1990_PLY_003193_EPIC,PLY_003193,2,LIVE_EPIC,67,4,10,10,TRUE,1990
HANWHA_1994_PLY_003193_SIG,PLY_003193,7,SIGNATURE,87,1,10,10,FALSE,1994
HANWHA_1997_PLY_003193_LN,PLY_003193,1,LIVE_NORMAL,62,4,10,10,TRUE,1997
HANWHA_1994_PLY_003193_AS,PLY_003193,3,ALLSTAR,81,4,10,9,TRUE,1994
HANWHA_1999_PLY_003193_LN,PLY_003193,1,LIVE_NORMAL,64,4,10,10,TRUE,1999
HANWHA_1991_PLY_003193_LN,PLY_003193,1,LIVE_NORMAL,63,4,10,10,TRUE,1991
HANWHA_1998_PLY_003193_LN,PLY_003193,1,LIVE_NORMAL,58,4,10,10,TRUE,1998
HANWHA_1995_PLY_003194_SIG,PLY_003194,7,SIGNATURE,89,1,10,10,FALSE,1995
HANWHA_1989_PLY_003194_LN,PLY_003194,1,LIVE_NORMAL,57,4,10,10,TRUE,1989
HANWHA_1992_PLY_003194_LN,PLY_003194,1,LIVE_NORMAL,67,4,10,10,TRUE,1992
HANWHA_1989_PLY_003194_EPIC,PLY_003194,2,LIVE_EPIC,75,4,10,10,TRUE,1989
HANWHA_1993_PLY_003194_LN,PLY_003194,1,LIVE_NORMAL,57,4,10,10,TRUE,1993
HANWHA_2023_PLY_003195_AS,PLY_003195,3,ALLSTAR,79,4,10,9,TRUE,2023
HANWHA_2022_PLY_003195_LN,PLY_003195,1,LIVE_NORMAL,59,4,10,10,TRUE,2022
HANWHA_2024_PLY_003195_AS,PLY_003195,3,ALLSTAR,82,4,10,9,TRUE,2024
HANWHA_2026_PLY_003195_AS,PLY_003195,3,ALLSTAR,75,4,10,9,TRUE,2026
HANWHA_2025_PLY_003195_AS,PLY_003195,3,ALLSTAR,74,4,10,9,TRUE,2025
HANWHA_2025_PLY_003195_LN,PLY_003195,1,LIVE_NORMAL,66,4,10,10,TRUE,2025
HANWHA_2007_PLY_003196_LN,PLY_003196,1,LIVE_NORMAL,65,4,10,10,TRUE,2007
HANWHA_2010_PLY_003196_LN,PLY_003196,1,LIVE_NORMAL,55,4,10,10,TRUE,2010
HANWHA_2005_PLY_003196_TH,PLY_003196,5,TITLE_HOLDER,84,3,10,9,FALSE,2005
HANWHA_2002_PLY_003196_TH,PLY_003196,5,TITLE_HOLDER,82,3,10,9,FALSE,2002
HANWHA_2010_PLY_003196_AS,PLY_003196,3,ALLSTAR,76,4,10,9,TRUE,2010
HANWHA_2007_PLY_003196_AS,PLY_003196,3,ALLSTAR,81,4,10,9,TRUE,2007
HANWHA_2018_PLY_003197_LN,PLY_003197,1,LIVE_NORMAL,59,4,10,10,TRUE,2018
HANWHA_2016_PLY_003197_TH,PLY_003197,5,TITLE_HOLDER,80,3,10,9,FALSE,2016
HANWHA_2010_PLY_003197_EPIC,PLY_003197,2,LIVE_EPIC,69,4,10,10,TRUE,2010
HANWHA_2015_PLY_003197_EPIC,PLY_003197,2,LIVE_EPIC,67,4,10,10,TRUE,2015
HANWHA_2013_PLY_003197_LN,PLY_003197,1,LIVE_NORMAL,63,4,10,10,TRUE,2013
HANWHA_2011_PLY_003197_GG,PLY_003197,8,GOLDEN_GLOVE,89,2,10,10,FALSE,2011
HANWHA_2017_PLY_003197_EPIC,PLY_003197,2,LIVE_EPIC,65,4,10,10,TRUE,2017
HANWHA_2015_PLY_003197_TH,PLY_003197,5,TITLE_HOLDER,84,3,10,9,FALSE,2015
HANWHA_2017_PLY_003197_TH,PLY_003197,5,TITLE_HOLDER,83,3,10,9,FALSE,2017
HANWHA_2012_PLY_003198_AS,PLY_003198,3,ALLSTAR,79,4,10,9,TRUE,2012
HANWHA_2010_PLY_003198_TH,PLY_003198,5,TITLE_HOLDER,83,3,10,9,FALSE,2010
HANWHA_2009_PLY_003198_LN,PLY_003198,1,LIVE_NORMAL,67,4,10,10,TRUE,2009
HANWHA_2018_PLY_003199_EPIC,PLY_003199,2,LIVE_EPIC,68,4,10,10,TRUE,2018
HANWHA_2025_PLY_003199_LN,PLY_003199,1,LIVE_NORMAL,68,4,10,10,TRUE,2025
HANWHA_2019_PLY_003199_AS,PLY_003199,3,ALLSTAR,79,4,10,9,TRUE,2019
HANWHA_2023_PLY_003200_LN,PLY_003200,1,LIVE_NORMAL,67,4,10,10,TRUE,2023
HANWHA_2021_PLY_003200_EPIC,PLY_003200,2,LIVE_EPIC,68,4,10,10,TRUE,2021
HANWHA_2016_PLY_003200_EPIC,PLY_003200,2,LIVE_EPIC,72,4,10,10,TRUE,2016
HANWHA_2016_PLY_003201_LN,PLY_003201,1,LIVE_NORMAL,55,4,10,10,TRUE,2016
HANWHA_2009_PLY_003201_EPIC,PLY_003201,2,LIVE_EPIC,74,4,10,10,TRUE,2009
HANWHA_2013_PLY_003201_TH,PLY_003201,5,TITLE_HOLDER,87,3,10,9,FALSE,2013
HANWHA_2006_PLY_003201_TH,PLY_003201,5,TITLE_HOLDER,82,3,10,9,FALSE,2006
HANWHA_2009_PLY_003201_LN,PLY_003201,1,LIVE_NORMAL,59,4,10,10,TRUE,2009
HANWHA_2008_PLY_003201_LN,PLY_003201,1,LIVE_NORMAL,61,4,10,10,TRUE,2008
HANWHA_1999_PLY_003202_EPIC,PLY_003202,2,LIVE_EPIC,76,4,10,10,TRUE,1999
HANWHA_1997_PLY_003202_EPIC,PLY_003202,2,LIVE_EPIC,75,4,10,10,TRUE,1997
HANWHA_1997_PLY_003202_GG,PLY_003202,8,GOLDEN_GLOVE,83,2,10,10,FALSE,1997
HANWHA_1997_PLY_003202_LN,PLY_003202,1,LIVE_NORMAL,55,4,10,10,TRUE,1997
HANWHA_1998_PLY_003202_LN,PLY_003202,1,LIVE_NORMAL,68,4,10,10,TRUE,1998
HANWHA_2000_PLY_003202_LN,PLY_003202,1,LIVE_NORMAL,58,4,10,10,TRUE,2000
HANWHA_1997_PLY_003202_TH,PLY_003202,5,TITLE_HOLDER,85,3,10,9,FALSE,1997
HANWHA_2024_PLY_003203_AS,PLY_003203,3,ALLSTAR,80,4,10,9,TRUE,2024
HANWHA_2025_PLY_003203_EPIC,PLY_003203,2,LIVE_EPIC,70,4,10,10,TRUE,2025
HANWHA_2023_PLY_003203_AS,PLY_003203,3,ALLSTAR,81,4,10,9,TRUE,2023
HANWHA_2023_PLY_003203_SIG,PLY_003203,7,SIGNATURE,93,1,10,10,FALSE,2023
HANWHA_2021_PLY_003203_LN,PLY_003203,1,LIVE_NORMAL,67,4,10,10,TRUE,2021
HANWHA_2025_PLY_003203_SIG,PLY_003203,7,SIGNATURE,94,1,10,10,FALSE,2025
HANWHA_2024_PLY_003203_EPIC,PLY_003203,2,LIVE_EPIC,70,4,10,10,TRUE,2024
HANWHA_2020_PLY_003203_AS,PLY_003203,3,ALLSTAR,77,4,10,9,TRUE,2020
HANWHA_2026_PLY_003203_GG,PLY_003203,8,GOLDEN_GLOVE,90,2,10,10,FALSE,2026
HANWHA_2026_PLY_003203_EPIC,PLY_003203,2,LIVE_EPIC,73,4,10,10,TRUE,2026
HANWHA_2016_PLY_003204_EPIC,PLY_003204,2,LIVE_EPIC,68,4,10,10,TRUE,2016
HANWHA_2005_PLY_003204_AS,PLY_003204,3,ALLSTAR,78,4,10,9,TRUE,2005
HANWHA_2023_PLY_003204_EPIC,PLY_003204,2,LIVE_EPIC,67,4,10,10,TRUE,2023
HANWHA_2022_PLY_003204_AS,PLY_003204,3,ALLSTAR,77,4,10,9,TRUE,2022
HANWHA_2012_PLY_003204_LN,PLY_003204,1,LIVE_NORMAL,60,4,10,10,TRUE,2012
HANWHA_2015_PLY_003204_LN,PLY_003204,1,LIVE_NORMAL,68,4,10,10,TRUE,2015
HANWHA_2017_PLY_003204_EPIC,PLY_003204,2,LIVE_EPIC,67,4,10,10,TRUE,2017
HANWHA_2014_PLY_003204_SIG,PLY_003204,7,SIGNATURE,88,1,10,10,FALSE,2014
HANWHA_2022_PLY_003204_LN,PLY_003204,1,LIVE_NORMAL,61,4,10,10,TRUE,2022
HANWHA_2011_PLY_003204_AS,PLY_003204,3,ALLSTAR,76,4,10,9,TRUE,2011
HANWHA_2007_PLY_003204_EPIC,PLY_003204,2,LIVE_EPIC,66,4,10,10,TRUE,2007
HANWHA_2017_PLY_003205_AS,PLY_003205,3,ALLSTAR,82,4,10,9,TRUE,2017
HANWHA_2021_PLY_003205_LN,PLY_003205,1,LIVE_NORMAL,67,4,10,10,TRUE,2021
HANWHA_2023_PLY_003205_TH,PLY_003205,5,TITLE_HOLDER,80,3,10,9,FALSE,2023
HANWHA_2023_PLY_003205_SIG,PLY_003205,7,SIGNATURE,94,1,10,10,FALSE,2023
HANWHA_2020_PLY_003205_TH,PLY_003205,5,TITLE_HOLDER,80,3,10,9,FALSE,2020
HANWHA_2018_PLY_003206_LN,PLY_003206,1,LIVE_NORMAL,58,4,10,10,TRUE,2018
HANWHA_2019_PLY_003206_LN,PLY_003206,1,LIVE_NORMAL,62,4,10,10,TRUE,2019
HANWHA_2025_PLY_003206_SIG,PLY_003206,7,SIGNATURE,93,1,10,10,FALSE,2025
HANWHA_2025_PLY_003206_TH,PLY_003206,5,TITLE_HOLDER,85,3,10,9,FALSE,2025
HANWHA_1995_PLY_003207_GG,PLY_003207,8,GOLDEN_GLOVE,90,2,10,10,FALSE,1995
HANWHA_2004_PLY_003207_LN,PLY_003207,1,LIVE_NORMAL,63,4,10,10,TRUE,2004
HANWHA_2006_PLY_003207_AS,PLY_003207,3,ALLSTAR,79,4,10,9,TRUE,2006
HANWHA_1991_PLY_003207_AS,PLY_003207,3,ALLSTAR,78,4,10,9,TRUE,1991
HANWHA_2020_PLY_003208_LN,PLY_003208,1,LIVE_NORMAL,65,4,10,10,TRUE,2020
HANWHA_2023_PLY_003208_LN,PLY_003208,1,LIVE_NORMAL,57,4,10,10,TRUE,2023
HANWHA_2021_PLY_003208_LN,PLY_003208,1,LIVE_NORMAL,59,4,10,10,TRUE,2021
HANWHA_2025_PLY_003208_LN,PLY_003208,1,LIVE_NORMAL,55,4,10,10,TRUE,2025
HANWHA_2017_PLY_003208_EPIC,PLY_003208,2,LIVE_EPIC,74,4,10,10,TRUE,2017
HANWHA_2018_PLY_003208_TH,PLY_003208,5,TITLE_HOLDER,86,3,10,9,FALSE,2018
HANWHA_2017_PLY_003209_AS,PLY_003209,3,ALLSTAR,75,4,10,9,TRUE,2017
HANWHA_2013_PLY_003209_EPIC,PLY_003209,2,LIVE_EPIC,73,4,10,10,TRUE,2013
HANWHA_2010_PLY_003209_AS,PLY_003209,3,ALLSTAR,81,4,10,9,TRUE,2010
HANWHA_2013_PLY_003209_LN,PLY_003209,1,LIVE_NORMAL,55,4,10,10,TRUE,2013
HANWHA_2020_PLY_003209_LN,PLY_003209,1,LIVE_NORMAL,68,4,10,10,TRUE,2020
HANWHA_2021_PLY_003209_LN,PLY_003209,1,LIVE_NORMAL,66,4,10,10,TRUE,2021
HANWHA_2012_PLY_003209_LN,PLY_003209,1,LIVE_NORMAL,56,4,10,10,TRUE,2012
HANWHA_2020_PLY_003210_EPIC,PLY_003210,2,LIVE_EPIC,74,4,10,10,TRUE,2020
HANWHA_2021_PLY_003210_AS,PLY_003210,3,ALLSTAR,83,4,10,9,TRUE,2021
HANWHA_2026_PLY_003210_TH,PLY_003210,5,TITLE_HOLDER,85,3,10,9,FALSE,2026
HANWHA_2024_PLY_003210_TH,PLY_003210,5,TITLE_HOLDER,86,3,10,9,FALSE,2024
HANWHA_2018_PLY_003211_LN,PLY_003211,1,LIVE_NORMAL,61,4,10,10,TRUE,2018
HANWHA_2010_PLY_003211_TH,PLY_003211,5,TITLE_HOLDER,87,3,10,9,FALSE,2010
HANWHA_2015_PLY_003211_AS,PLY_003211,3,ALLSTAR,75,4,10,9,TRUE,2015
HANWHA_2016_PLY_003211_AS,PLY_003211,3,ALLSTAR,76,4,10,9,TRUE,2016
HANWHA_2000_PLY_003212_SIG,PLY_003212,7,SIGNATURE,94,1,10,10,FALSE,2000
HANWHA_1993_PLY_003212_EPIC,PLY_003212,2,LIVE_EPIC,73,4,10,10,TRUE,1993
HANWHA_2024_PLY_003213_GG,PLY_003213,8,GOLDEN_GLOVE,89,2,10,10,FALSE,2024
HANWHA_2020_PLY_003213_AS,PLY_003213,3,ALLSTAR,76,4,10,9,TRUE,2020
HANWHA_2020_PLY_003213_LN,PLY_003213,1,LIVE_NORMAL,64,4,10,10,TRUE,2020
HANWHA_2022_PLY_003213_AS,PLY_003213,3,ALLSTAR,78,4,10,9,TRUE,2022
HANWHA_2024_PLY_003213_EPIC,PLY_003213,2,LIVE_EPIC,66,4,10,10,TRUE,2024
HANWHA_2006_PLY_003214_EPIC,PLY_003214,2,LIVE_EPIC,66,4,10,10,TRUE,2006
HANWHA_2002_PLY_003214_AS,PLY_003214,3,ALLSTAR,78,4,10,9,TRUE,2002
HANWHA_2005_PLY_003214_LN,PLY_003214,1,LIVE_NORMAL,55,4,10,10,TRUE,2005
HANWHA_2000_PLY_003214_LN,PLY_003214,1,LIVE_NORMAL,64,4,10,10,TRUE,2000
HANWHA_2000_PLY_003214_AS,PLY_003214,3,ALLSTAR,79,4,10,9,TRUE,2000
HANWHA_2007_PLY_003214_EPIC,PLY_003214,2,LIVE_EPIC,75,4,10,10,TRUE,2007
HANWHA_2004_PLY_003214_EPIC,PLY_003214,2,LIVE_EPIC,72,4,10,10,TRUE,2004
HANWHA_1998_PLY_003214_TH,PLY_003214,5,TITLE_HOLDER,86,3,10,9,FALSE,1998
HANWHA_1990_PLY_003215_LN,PLY_003215,1,LIVE_NORMAL,57,4,10,10,TRUE,1990
HANWHA_1991_PLY_003215_EPIC,PLY_003215,2,LIVE_EPIC,76,4,10,10,TRUE,1991
HANWHA_1987_PLY_003215_EPIC,PLY_003215,2,LIVE_EPIC,76,4,10,10,TRUE,1987
HANWHA_1991_PLY_003215_TH,PLY_003215,5,TITLE_HOLDER,86,3,10,9,FALSE,1991
HANWHA_2013_PLY_003216_AS,PLY_003216,3,ALLSTAR,82,4,10,9,TRUE,2013
HANWHA_2020_PLY_003216_LN,PLY_003216,1,LIVE_NORMAL,60,4,10,10,TRUE,2020
HANWHA_2014_PLY_003216_LN,PLY_003216,1,LIVE_NORMAL,67,4,10,10,TRUE,2014
HANWHA_2023_PLY_003216_LN,PLY_003216,1,LIVE_NORMAL,62,4,10,10,TRUE,2023
HANWHA_2012_PLY_003216_AS,PLY_003216,3,ALLSTAR,82,4,10,9,TRUE,2012
HANWHA_2010_PLY_003217_TH,PLY_003217,5,TITLE_HOLDER,82,3,10,9,FALSE,2010
HANWHA_2003_PLY_003217_EPIC,PLY_003217,2,LIVE_EPIC,73,4,10,10,TRUE,2003
HANWHA_2009_PLY_003217_LN,PLY_003217,1,LIVE_NORMAL,66,4,10,10,TRUE,2009
HANWHA_2006_PLY_003217_LN,PLY_003217,1,LIVE_NORMAL,65,4,10,10,TRUE,2006
HANWHA_2007_PLY_003217_GG,PLY_003217,8,GOLDEN_GLOVE,89,2,10,10,FALSE,2007
HANWHA_2004_PLY_003217_LN,PLY_003217,1,LIVE_NORMAL,68,4,10,10,TRUE,2004
HANWHA_2008_PLY_003217_TH,PLY_003217,5,TITLE_HOLDER,86,3,10,9,FALSE,2008
HANWHA_2008_PLY_003217_LN,PLY_003217,1,LIVE_NORMAL,64,4,10,10,TRUE,2008
HANWHA_2018_PLY_003218_EPIC,PLY_003218,2,LIVE_EPIC,75,4,10,10,TRUE,2018
HANWHA_2023_PLY_003218_EPIC,PLY_003218,2,LIVE_EPIC,73,4,10,10,TRUE,2023
HANWHA_2025_PLY_003218_LN,PLY_003218,1,LIVE_NORMAL,67,4,10,10,TRUE,2025
HANWHA_2022_PLY_003218_EPIC,PLY_003218,2,LIVE_EPIC,73,4,10,10,TRUE,2022
HANWHA_2019_PLY_003218_EPIC,PLY_003218,2,LIVE_EPIC,67,4,10,10,TRUE,2019
HANWHA_2022_PLY_003218_LN,PLY_003218,1,LIVE_NORMAL,61,4,10,10,TRUE,2022
HANWHA_1999_PLY_003219_AS,PLY_003219,3,ALLSTAR,82,4,10,9,TRUE,1999
HANWHA_2001_PLY_003219_AS,PLY_003219,3,ALLSTAR,74,4,10,9,TRUE,2001
HANWHA_1994_PLY_003219_LN,PLY_003219,1,LIVE_NORMAL,55,4,10,10,TRUE,1994
HANWHA_1998_PLY_003219_AS,PLY_003219,3,ALLSTAR,80,4,10,9,TRUE,1998
HANWHA_2007_PLY_003220_AS,PLY_003220,3,ALLSTAR,81,4,10,9,TRUE,2007
HANWHA_2012_PLY_003220_EPIC,PLY_003220,2,LIVE_EPIC,74,4,10,10,TRUE,2012
HANWHA_2011_PLY_003220_AS,PLY_003220,3,ALLSTAR,83,4,10,9,TRUE,2011
HANWHA_2008_PLY_003220_EPIC,PLY_003220,2,LIVE_EPIC,70,4,10,10,TRUE,2008
HANWHA_2007_PLY_003220_EPIC,PLY_003220,2,LIVE_EPIC,74,4,10,10,TRUE,2007
HANWHA_2012_PLY_003220_LN,PLY_003220,1,LIVE_NORMAL,68,4,10,10,TRUE,2012
HANWHA_2013_PLY_003221_TH,PLY_003221,5,TITLE_HOLDER,81,3,10,9,FALSE,2013
HANWHA_2007_PLY_003221_TH,PLY_003221,5,TITLE_HOLDER,85,3,10,9,FALSE,2007
HANWHA_2009_PLY_003221_LN,PLY_003221,1,LIVE_NORMAL,58,4,10,10,TRUE,2009
HANWHA_2006_PLY_003222_AS,PLY_003222,3,ALLSTAR,82,4,10,9,TRUE,2006
HANWHA_2007_PLY_003222_LN,PLY_003222,1,LIVE_NORMAL,59,4,10,10,TRUE,2007
HANWHA_2006_PLY_003222_EPIC,PLY_003222,2,LIVE_EPIC,72,4,10,10,TRUE,2006
HANWHA_2004_PLY_003222_EPIC,PLY_003222,2,LIVE_EPIC,65,4,10,10,TRUE,2004
HANWHA_2006_PLY_003222_LN,PLY_003222,1,LIVE_NORMAL,65,4,10,10,TRUE,2006
HANWHA_2002_PLY_003222_LN,PLY_003222,1,LIVE_NORMAL,61,4,10,10,TRUE,2002
HANWHA_2006_PLY_003222_TH,PLY_003222,5,TITLE_HOLDER,82,3,10,9,FALSE,2006
HANWHA_2005_PLY_003222_TH,PLY_003222,5,TITLE_HOLDER,84,3,10,9,FALSE,2005
HANWHA_1998_PLY_003223_LN,PLY_003223,1,LIVE_NORMAL,65,4,10,10,TRUE,1998
HANWHA_2001_PLY_003223_LN,PLY_003223,1,LIVE_NORMAL,59,4,10,10,TRUE,2001
HANWHA_1990_PLY_003223_EPIC,PLY_003223,2,LIVE_EPIC,69,4,10,10,TRUE,1990
HANWHA_1997_PLY_003223_EPIC,PLY_003223,2,LIVE_EPIC,75,4,10,10,TRUE,1997
HANWHA_1993_PLY_003223_LN,PLY_003223,1,LIVE_NORMAL,64,4,10,10,TRUE,1993
HANWHA_1990_PLY_003223_LN,PLY_003223,1,LIVE_NORMAL,59,4,10,10,TRUE,1990
HANWHA_1989_PLY_003223_AS,PLY_003223,3,ALLSTAR,82,4,10,9,TRUE,1989
HANWHA_2014_PLY_003224_AS,PLY_003224,3,ALLSTAR,82,4,10,9,TRUE,2014
HANWHA_2015_PLY_003224_EPIC,PLY_003224,2,LIVE_EPIC,68,4,10,10,TRUE,2015
HANWHA_2012_PLY_003224_LN,PLY_003224,1,LIVE_NORMAL,57,4,10,10,TRUE,2012
HANWHA_2015_PLY_003224_AS,PLY_003224,3,ALLSTAR,81,4,10,9,TRUE,2015
HANWHA_2016_PLY_003224_TH,PLY_003224,5,TITLE_HOLDER,85,3,10,9,FALSE,2016
HANWHA_2016_PLY_003224_AS,PLY_003224,3,ALLSTAR,74,4,10,9,TRUE,2016
HANWHA_2016_PLY_003224_LN,PLY_003224,1,LIVE_NORMAL,66,4,10,10,TRUE,2016
HANWHA_2014_PLY_003224_TH,PLY_003224,5,TITLE_HOLDER,87,3,10,9,FALSE,2014
HANWHA_2023_PLY_003225_EPIC,PLY_003225,2,LIVE_EPIC,74,4,10,10,TRUE,2023
HANWHA_2021_PLY_003225_LN,PLY_003225,1,LIVE_NORMAL,64,4,10,10,TRUE,2021
HANWHA_2022_PLY_003225_EPIC,PLY_003225,2,LIVE_EPIC,70,4,10,10,TRUE,2022
HANWHA_2023_PLY_003225_TH,PLY_003225,5,TITLE_HOLDER,81,3,10,9,FALSE,2023
HANWHA_2023_PLY_003225_LN,PLY_003225,1,LIVE_NORMAL,63,4,10,10,TRUE,2023
HANWHA_2022_PLY_003225_AS,PLY_003225,3,ALLSTAR,82,4,10,9,TRUE,2022
HANWHA_2024_PLY_003225_EPIC,PLY_003225,2,LIVE_EPIC,76,4,10,10,TRUE,2024
HANWHA_2025_PLY_003225_AS,PLY_003225,3,ALLSTAR,76,4,10,9,TRUE,2025
HANWHA_2007_PLY_003226_EPIC,PLY_003226,2,LIVE_EPIC,76,4,10,10,TRUE,2007
HANWHA_2012_PLY_003226_EPIC,PLY_003226,2,LIVE_EPIC,73,4,10,10,TRUE,2012
HANWHA_2005_PLY_003226_LN,PLY_003226,1,LIVE_NORMAL,68,4,10,10,TRUE,2005
HANWHA_2004_PLY_003226_AS,PLY_003226,3,ALLSTAR,81,4,10,9,TRUE,2004
HANWHA_2012_PLY_003226_TH,PLY_003226,5,TITLE_HOLDER,83,3,10,9,FALSE,2012
HANWHA_2017_PLY_003227_SIG,PLY_003227,7,SIGNATURE,91,1,10,10,FALSE,2017
HANWHA_2018_PLY_003227_LN,PLY_003227,1,LIVE_NORMAL,57,4,10,10,TRUE,2018
HANWHA_2020_PLY_003227_EPIC,PLY_003227,2,LIVE_EPIC,70,4,10,10,TRUE,2020
HANWHA_2023_PLY_003228_LN,PLY_003228,1,LIVE_NORMAL,55,4,10,10,TRUE,2023
HANWHA_2024_PLY_003228_LN,PLY_003228,1,LIVE_NORMAL,60,4,10,10,TRUE,2024
HANWHA_2023_PLY_003228_TH,PLY_003228,5,TITLE_HOLDER,80,3,10,9,FALSE,2023
HANWHA_2024_PLY_003228_TH,PLY_003228,5,TITLE_HOLDER,81,3,10,9,FALSE,2024
HANWHA_2026_PLY_003228_LN,PLY_003228,1,LIVE_NORMAL,62,4,10,10,TRUE,2026
HANWHA_2026_PLY_003228_SIG,PLY_003228,7,SIGNATURE,88,1,10,10,FALSE,2026
HANWHA_2002_PLY_003229_LN,PLY_003229,1,LIVE_NORMAL,58,4,10,10,TRUE,2002
HANWHA_2004_PLY_003229_EPIC,PLY_003229,2,LIVE_EPIC,66,4,10,10,TRUE,2004
HANWHA_2004_PLY_003229_LN,PLY_003229,1,LIVE_NORMAL,62,4,10,10,TRUE,2004
HANWHA_2010_PLY_003229_AS,PLY_003229,3,ALLSTAR,74,4,10,9,TRUE,2010
HANWHA_2025_PLY_004033_TH,PLY_004033,5,TITLE_HOLDER,86,3,10,9,FALSE,2025
HANWHA_2025_PLY_004033_GG,PLY_004033,8,GOLDEN_GLOVE,84,2,10,10,FALSE,2025
HANWHA_2026_PLY_004300_LN,PLY_004300,1,LIVE_NORMAL,66,4,10,10,TRUE,2026
HANWHA_2026_PLY_004301_LN,PLY_004301,1,LIVE_NORMAL,62,4,10,10,TRUE,2026
HANWHA_2026_PLY_004302_LN,PLY_004302,1,LIVE_NORMAL,62,4,10,10,TRUE,2026
HANWHA_2026_PLY_004303_LN,PLY_004303,1,LIVE_NORMAL,67,4,10,10,TRUE,2026
HANWHA_2026_PLY_004304_LN,PLY_004304,1,LIVE_NORMAL,61,4,10,10,TRUE,2026
HANWHA_2026_PLY_004305_LN,PLY_004305,1,LIVE_NORMAL,66,4,10,10,TRUE,2026
HANWHA_2026_PLY_004306_LN,PLY_004306,1,LIVE_NORMAL,59,4,10,10,TRUE,2026
HANWHA_2026_PLY_004307_LN,PLY_004307,1,LIVE_NORMAL,63,4,10,10,TRUE,2026
HANWHA_2026_PLY_004308_LN,PLY_004308,1,LIVE_NORMAL,65,4,10,10,TRUE,2026
HANWHA_2026_PLY_004309_LN,PLY_004309,1,LIVE_NORMAL,63,4,10,10,TRUE,2026
HANWHA_2026_PLY_004310_LN,PLY_004310,1,LIVE_NORMAL,64,4,10,10,TRUE,2026
HANWHA_2026_PLY_004311_LN,PLY_004311,1,LIVE_NORMAL,65,4,10,10,TRUE,2026
HANWHA_2026_PLY_004312_LN,PLY_004312,1,LIVE_NORMAL,65,4,10,10,TRUE,2026
HANWHA_2026_PLY_004313_LN,PLY_004313,1,LIVE_NORMAL,55,4,10,10,TRUE,2026
HANWHA_2026_PLY_004314_LN,PLY_004314,1,LIVE_NORMAL,58,4,10,10,TRUE,2026
HANWHA_2026_PLY_004315_LN,PLY_004315,1,LIVE_NORMAL,67,4,10,10,TRUE,2026
HANWHA_2026_PLY_004316_LN,PLY_004316,1,LIVE_NORMAL,55,4,10,10,TRUE,2026
HANWHA_2026_PLY_004317_LN,PLY_004317,1,LIVE_NORMAL,61,4,10,10,TRUE,2026
HANWHA_2026_PLY_004318_LN,PLY_004318,1,LIVE_NORMAL,66,4,10,10,TRUE,2026
HANWHA_2026_PLY_004319_LN,PLY_004319,1,LIVE_NORMAL,61,4,10,10,TRUE,2026
HANWHA_2026_PLY_004320_LN,PLY_004320,1,LIVE_NORMAL,62,4,10,10,TRUE,2026
HANWHA_2026_PLY_004321_LN,PLY_004321,1,LIVE_NORMAL,65,4,10,10,TRUE,2026
HANWHA_2026_PLY_004322_LN,PLY_004322,1,LIVE_NORMAL,59,4,10,10,TRUE,2026
HANWHA_2026_PLY_004323_LN,PLY_004323,1,LIVE_NORMAL,67,4,10,10,TRUE,2026
HANWHA_2026_PLY_004324_LN,PLY_004324,1,LIVE_NORMAL,61,4,10,10,TRUE,2026
HANWHA_2026_PLY_004325_LN,PLY_004325,1,LIVE_NORMAL,58,4,10,10,TRUE,2026
HANWHA_2026_PLY_004326_LN,PLY_004326,1,LIVE_NORMAL,63,4,10,10,TRUE,2026
HANWHA_2026_PLY_004327_LN,PLY_004327,1,LIVE_NORMAL,67,4,10,10,TRUE,2026
HANWHA_2026_PLY_004328_LN,PLY_004328,1,LIVE_NORMAL,68,4,10,10,TRUE,2026
HANWHA_2026_PLY_004329_LN,PLY_004329,1,LIVE_NORMAL,66,4,10,10,TRUE,2026
HANWHA_2026_PLY_004330_LN,PLY_004330,1,LIVE_NORMAL,67,4,10,10,TRUE,2026
HANWHA_2026_PLY_004331_LN,PLY_004331,1,LIVE_NORMAL,68,4,10,10,TRUE,2026
HANWHA_2026_PLY_004332_LN,PLY_004332,1,LIVE_NORMAL,68,4,10,10,TRUE,2026
HANWHA_2026_PLY_004333_LN,PLY_004333,1,LIVE_NORMAL,67,4,10,10,TRUE,2026
HANWHA_2023_PLY_004371_GG,PLY_004371,8,GOLDEN_GLOVE,84,2,10,10,FALSE,2023
HANWHA_2021_PLY_004305_GG,PLY_004305,8,GOLDEN_GLOVE,86,2,10,10,FALSE,2021
HANWHA_2016_PLY_004285_GG,PLY_004285,8,GOLDEN_GLOVE,86,2,10,10,FALSE,2016
HANWHA_2013_PLY_004398_GG,PLY_004398,8,GOLDEN_GLOVE,84,2,10,10,FALSE,2013
HANWHA_2011_PLY_004402_GG,PLY_004402,8,GOLDEN_GLOVE,83,2,10,10,FALSE,2011
HANWHA_2010_PLY_004333_GG,PLY_004333,8,GOLDEN_GLOVE,83,2,10,10,FALSE,2010
HANWHA_2008_PLY_004285_GG,PLY_004285,8,GOLDEN_GLOVE,89,2,10,10,FALSE,2008
HANWHA_2006_PLY_004333_GG,PLY_004333,8,GOLDEN_GLOVE,84,2,10,10,FALSE,2006
HANWHA_2006_PLY_004427_GG,PLY_004427,8,GOLDEN_GLOVE,90,2,10,10,FALSE,2006
HANWHA_2005_PLY_004285_GG,PLY_004285,8,GOLDEN_GLOVE,88,2,10,10,FALSE,2005
HANWHA_2005_PLY_004427_GG,PLY_004427,8,GOLDEN_GLOVE,86,2,10,10,FALSE,2005
HANWHA_2005_PLY_004430_GG,PLY_004430,8,GOLDEN_GLOVE,84,2,10,10,FALSE,2005
HANWHA_2002_PLY_004442_GG,PLY_004442,8,GOLDEN_GLOVE,83,2,10,10,FALSE,2002
HANWHA_2002_PLY_004445_GG,PLY_004445,8,GOLDEN_GLOVE,88,2,10,10,FALSE,2002
HANWHA_2000_PLY_004445_GG,PLY_004445,8,GOLDEN_GLOVE,84,2,10,10,FALSE,2000
HANWHA_1999_PLY_004456_GG,PLY_004456,8,GOLDEN_GLOVE,86,2,10,10,FALSE,1999
HANWHA_1996_PLY_004462_GG,PLY_004462,8,GOLDEN_GLOVE,86,2,10,10,FALSE,1996
HANWHA_1995_PLY_004466_GG,PLY_004466,8,GOLDEN_GLOVE,87,2,10,10,FALSE,1995
HANWHA_1992_PLY_004466_GG,PLY_004466,8,GOLDEN_GLOVE,88,2,10,10,FALSE,1992
HANWHA_1992_PLY_004056_GG,PLY_004056,8,GOLDEN_GLOVE,87,2,10,10,FALSE,1992
HANWHA_1991_PLY_004056_GG,PLY_004056,8,GOLDEN_GLOVE,90,2,10,10,FALSE,1991
HANWHA_1991_PLY_004466_GG,PLY_004466,8,GOLDEN_GLOVE,89,2,10,10,FALSE,1991
HANWHA_1990_PLY_004466_GG,PLY_004466,8,GOLDEN_GLOVE,87,2,10,10,FALSE,1990
HANWHA_1990_PLY_004483_GG,PLY_004483,8,GOLDEN_GLOVE,90,2,10,10,FALSE,1990
HANWHA_1990_PLY_004056_GG,PLY_004056,8,GOLDEN_GLOVE,88,2,10,10,FALSE,1990
HANWHA_1989_PLY_004485_GG,PLY_004485,8,GOLDEN_GLOVE,83,2,10,10,FALSE,1989
HANWHA_1989_PLY_004487_GG,PLY_004487,8,GOLDEN_GLOVE,90,2,10,10,FALSE,1989
HANWHA_1989_PLY_004483_GG,PLY_004483,8,GOLDEN_GLOVE,86,2,10,10,FALSE,1989
HANWHA_1988_PLY_004466_GG,PLY_004466,8,GOLDEN_GLOVE,86,2,10,10,FALSE,1988
HANWHA_1988_PLY_004483_GG,PLY_004483,8,GOLDEN_GLOVE,85,2,10,10,FALSE,1988
HANWHA_1988_PLY_004056_GG,PLY_004056,8,GOLDEN_GLOVE,86,2,10,10,FALSE,1988
HANWHA_1987_PLY_004485_GG,PLY_004485,8,GOLDEN_GLOVE,85,2,10,10,FALSE,1987
HANWHA_2023_PLY_004371_TH,PLY_004371,5,TITLE_HOLDER,85,3,10,9,FALSE,2023
HANWHA_2018_PLY_004509_TH,PLY_004509,5,TITLE_HOLDER,80,3,10,9,FALSE,2018
HANWHA_2018_PLY_004510_TH,PLY_004510,5,TITLE_HOLDER,80,3,10,9,FALSE,2018
HANWHA_2016_PLY_004398_TH,PLY_004398,5,TITLE_HOLDER,81,3,10,9,FALSE,2016
HANWHA_2016_PLY_004285_TH,PLY_004285,5,TITLE_HOLDER,87,3,10,9,FALSE,2016
HANWHA_2014_PLY_004285_TH,PLY_004285,5,TITLE_HOLDER,87,3,10,9,FALSE,2014
HANWHA_2013_PLY_004285_TH,PLY_004285,5,TITLE_HOLDER,83,3,10,9,FALSE,2013
HANWHA_2009_PLY_004442_RN,PLY_004442,6,RETIRED_NUMBER,90,2,10,9,FALSE,2009
HANWHA_2009_PLY_004530_RN,PLY_004530,6,RETIRED_NUMBER,88,2,10,9,FALSE,2009
HANWHA_2005_PLY_004466_RN,PLY_004466,6,RETIRED_NUMBER,87,2,10,9,FALSE,2005
HANWHA_2021_PLY_004285_RN,PLY_004285,6,RETIRED_NUMBER,88,2,10,9,FALSE,2021
HANWHA_1999_PLY_004530_SIG,PLY_004530,7,SIGNATURE,91,1,10,10,FALSE,1999
HANWHA_2008_PLY_004285_SIG,PLY_004285,7,SIGNATURE,93,1,10,10,FALSE,2008
HANWHA_1992_PLY_004466_SIG,PLY_004466,7,SIGNATURE,90,1,10,10,FALSE,1992
HANWHA_2009_PLY_004442_SIG,PLY_004442,7,SIGNATURE,93,1,10,10,FALSE,2009
HANWHA_1996_PLY_004462_SIG,PLY_004462,7,SIGNATURE,94,1,10,10,FALSE,1996
HANWHA_2025_PLY_004033_AS,PLY_004033,3,ALLSTAR,81,4,10,9,TRUE,2025
HANWHA_2025_PLY_004536_AS,PLY_004536,3,ALLSTAR,82,4,10,9,TRUE,2025
HANWHA_2025_PLY_004326_AS,PLY_004326,3,ALLSTAR,81,4,10,9,TRUE,2025
HANWHA_2025_PLY_004537_AS,PLY_004537,3,ALLSTAR,74,4,10,9,TRUE,2025
HANWHA_2025_PLY_004539_AS,PLY_004539,3,ALLSTAR,79,4,10,9,TRUE,2025
HANWHA_2024_PLY_004333_AS,PLY_004333,3,ALLSTAR,79,4,10,9,TRUE,2024
HANWHA_2024_PLY_004330_AS,PLY_004330,3,ALLSTAR,79,4,10,9,TRUE,2024
HANWHA_2024_PLY_004314_AS,PLY_004314,3,ALLSTAR,74,4,10,9,TRUE,2024
HANWHA_2023_PLY_004537_AS,PLY_004537,3,ALLSTAR,76,4,10,9,TRUE,2023
HANWHA_2023_PLY_004371_AS,PLY_004371,3,ALLSTAR,80,4,10,9,TRUE,2023
HANWHA_2021_PLY_004305_AS,PLY_004305,3,ALLSTAR,75,4,10,9,TRUE,2021
HANWHA_2021_PLY_004371_AS,PLY_004371,3,ALLSTAR,77,4,10,9,TRUE,2021
HANWHA_2018_PLY_004560_AS,PLY_004560,3,ALLSTAR,79,4,10,9,TRUE,2018
HANWHA_2018_PLY_004510_AS,PLY_004510,3,ALLSTAR,79,4,10,9,TRUE,2018
HANWHA_2018_PLY_004561_AS,PLY_004561,3,ALLSTAR,81,4,10,9,TRUE,2018
HANWHA_2018_PLY_004562_AS,PLY_004562,3,ALLSTAR,78,4,10,9,TRUE,2018
HANWHA_2017_PLY_004568_AS,PLY_004568,3,ALLSTAR,74,4,10,9,TRUE,2017
HANWHA_2017_PLY_004285_AS,PLY_004285,3,ALLSTAR,80,4,10,9,TRUE,2017
HANWHA_2016_PLY_004572_AS,PLY_004572,3,ALLSTAR,79,4,10,9,TRUE,2016
HANWHA_2016_PLY_004510_AS,PLY_004510,3,ALLSTAR,82,4,10,9,TRUE,2016
HANWHA_2016_PLY_004398_AS,PLY_004398,3,ALLSTAR,81,4,10,9,TRUE,2016
HANWHA_2016_PLY_004400_AS,PLY_004400,3,ALLSTAR,78,4,10,9,TRUE,2016
HANWHA_2016_PLY_004568_AS,PLY_004568,3,ALLSTAR,80,4,10,9,TRUE,2016
HANWHA_2015_PLY_004573_AS,PLY_004573,3,ALLSTAR,82,4,10,9,TRUE,2015
HANWHA_2015_PLY_000427_AS,PLY_000427,3,ALLSTAR,81,4,10,9,TRUE,2015
HANWHA_2015_PLY_004398_AS,PLY_004398,3,ALLSTAR,75,4,10,9,TRUE,2015
HANWHA_2015_PLY_004400_AS,PLY_004400,3,ALLSTAR,76,4,10,9,TRUE,2015
HANWHA_2014_PLY_004578_AS,PLY_004578,3,ALLSTAR,77,4,10,9,TRUE,2014
HANWHA_1987_PLY_004056_TH,PLY_004056,5,TITLE_HOLDER,82,3,10,9,FALSE,1987
HANWHA_1988_PLY_004583_TH,PLY_004583,5,TITLE_HOLDER,81,3,10,9,FALSE,1988
HANWHA_1989_PLY_004487_TH,PLY_004487,5,TITLE_HOLDER,87,3,10,9,FALSE,1989
HANWHA_1989_PLY_004483_TH,PLY_004483,5,TITLE_HOLDER,82,3,10,9,FALSE,1989
HANWHA_1989_PLY_004485_TH,PLY_004485,5,TITLE_HOLDER,82,3,10,9,FALSE,1989
HANWHA_1990_PLY_004483_TH,PLY_004483,5,TITLE_HOLDER,83,3,10,9,FALSE,1990
HANWHA_1990_PLY_004466_TH,PLY_004466,5,TITLE_HOLDER,83,3,10,9,FALSE,1990
HANWHA_1990_PLY_004442_TH,PLY_004442,5,TITLE_HOLDER,80,3,10,9,FALSE,1990
HANWHA_1991_PLY_004056_TH,PLY_004056,5,TITLE_HOLDER,83,3,10,9,FALSE,1991
HANWHA_1991_PLY_004466_TH,PLY_004466,5,TITLE_HOLDER,82,3,10,9,FALSE,1991
HANWHA_1992_PLY_004056_TH,PLY_004056,5,TITLE_HOLDER,85,3,10,9,FALSE,1992
HANWHA_1992_PLY_004466_TH,PLY_004466,5,TITLE_HOLDER,87,3,10,9,FALSE,1992
HANWHA_1992_PLY_004442_TH,PLY_004442,5,TITLE_HOLDER,84,3,10,9,FALSE,1992
HANWHA_1993_PLY_004530_TH,PLY_004530,5,TITLE_HOLDER,87,3,10,9,FALSE,1993
HANWHA_1994_PLY_004530_TH,PLY_004530,5,TITLE_HOLDER,85,3,10,9,FALSE,1994
HANWHA_1995_PLY_004466_TH,PLY_004466,5,TITLE_HOLDER,82,3,10,9,FALSE,1995
HANWHA_1996_PLY_004462_TH,PLY_004462,5,TITLE_HOLDER,82,3,10,9,FALSE,1996
HANWHA_1997_PLY_004530_TH,PLY_004530,5,TITLE_HOLDER,82,3,10,9,FALSE,1997
HANWHA_2000_PLY_004445_TH,PLY_004445,5,TITLE_HOLDER,85,3,10,9,FALSE,2000
HANWHA_2000_PLY_004462_TH,PLY_004462,5,TITLE_HOLDER,82,3,10,9,FALSE,2000
HANWHA_2000_PLY_004442_TH,PLY_004442,5,TITLE_HOLDER,82,3,10,9,FALSE,2000
HANWHA_2005_PLY_004430_TH,PLY_004430,5,TITLE_HOLDER,80,3,10,9,FALSE,2005
HANWHA_2006_PLY_004333_TH,PLY_004333,5,TITLE_HOLDER,80,3,10,9,FALSE,2006
HANWHA_2007_PLY_004333_TH,PLY_004333,5,TITLE_HOLDER,82,3,10,9,FALSE,2007
HANWHA_2008_PLY_004285_TH,PLY_004285,5,TITLE_HOLDER,82,3,10,9,FALSE,2008
HANWHA_2009_PLY_004333_TH,PLY_004333,5,TITLE_HOLDER,82,3,10,9,FALSE,2009
HANWHA_2010_PLY_004333_TH,PLY_004333,5,TITLE_HOLDER,83,3,10,9,FALSE,2010
HANWHA_2012_PLY_004285_TH,PLY_004285,5,TITLE_HOLDER,86,3,10,9,FALSE,2012
HANWHA_2012_PLY_004333_TH,PLY_004333,5,TITLE_HOLDER,86,3,10,9,FALSE,2012
HANWHA_2018_PLY_004510_SIG,PLY_004510,7,SIGNATURE,89,1,10,10,FALSE,2018
HANWHA_1986_PLY_002918_FRA,PLY_002918,4,FRANCHISE,78,3,10,9,FALSE,1986
HANWHA_1986_PLY_002965_FRA,PLY_002965,4,FRANCHISE,85,3,10,9,FALSE,1986
HANWHA_1986_PLY_003032_FRA,PLY_003032,4,FRANCHISE,80,3,10,9,FALSE,1986
HANWHA_1987_PLY_003050_FRA,PLY_003050,4,FRANCHISE,81,3,10,9,FALSE,1987
HANWHA_1987_PLY_003215_FRA,PLY_003215,4,FRANCHISE,81,3,10,9,FALSE,1987
HANWHA_1987_PLY_003080_FRA,PLY_003080,4,FRANCHISE,83,3,10,9,FALSE,1987
HANWHA_1987_PLY_002965_FRA,PLY_002965,4,FRANCHISE,85,3,10,9,FALSE,1987
HANWHA_1987_PLY_003090_FRA,PLY_003090,4,FRANCHISE,85,3,10,9,FALSE,1987
HANWHA_1988_PLY_003050_FRA,PLY_003050,4,FRANCHISE,79,3,10,9,FALSE,1988
HANWHA_1988_PLY_003215_FRA,PLY_003215,4,FRANCHISE,80,3,10,9,FALSE,1988
HANWHA_1988_PLY_003175_FRA,PLY_003175,4,FRANCHISE,80,3,10,9,FALSE,1988
HANWHA_1988_PLY_002946_FRA,PLY_002946,4,FRANCHISE,78,3,10,9,FALSE,1988
HANWHA_1988_PLY_003090_FRA,PLY_003090,4,FRANCHISE,84,3,10,9,FALSE,1988
HANWHA_1989_PLY_003194_FRA,PLY_003194,4,FRANCHISE,80,3,10,9,FALSE,1989
HANWHA_1989_PLY_002947_FRA,PLY_002947,4,FRANCHISE,83,3,10,9,FALSE,1989
HANWHA_1989_PLY_002892_FRA,PLY_002892,4,FRANCHISE,84,3,10,9,FALSE,1989
HANWHA_1989_PLY_003057_FRA,PLY_003057,4,FRANCHISE,81,3,10,9,FALSE,1989
HANWHA_1989_PLY_003190_FRA,PLY_003190,4,FRANCHISE,78,3,10,9,FALSE,1989
HANWHA_1990_PLY_003194_FRA,PLY_003194,4,FRANCHISE,85,3,10,9,FALSE,1990
HANWHA_1990_PLY_002892_FRA,PLY_002892,4,FRANCHISE,78,3,10,9,FALSE,1990
HANWHA_1990_PLY_003057_FRA,PLY_003057,4,FRANCHISE,80,3,10,9,FALSE,1990
HANWHA_1990_PLY_003190_FRA,PLY_003190,4,FRANCHISE,78,3,10,9,FALSE,1990
HANWHA_1991_PLY_002947_FRA,PLY_002947,4,FRANCHISE,81,3,10,9,FALSE,1991
HANWHA_1991_PLY_003080_FRA,PLY_003080,4,FRANCHISE,82,3,10,9,FALSE,1991
HANWHA_1991_PLY_002946_FRA,PLY_002946,4,FRANCHISE,82,3,10,9,FALSE,1991
HANWHA_1991_PLY_003047_FRA,PLY_003047,4,FRANCHISE,79,3,10,9,FALSE,1991
HANWHA_1992_PLY_003063_FRA,PLY_003063,4,FRANCHISE,86,3,10,9,FALSE,1992
HANWHA_1992_PLY_003100_FRA,PLY_003100,4,FRANCHISE,82,3,10,9,FALSE,1992
HANWHA_1992_PLY_003047_FRA,PLY_003047,4,FRANCHISE,81,3,10,9,FALSE,1992
HANWHA_1993_PLY_003134_FRA,PLY_003134,4,FRANCHISE,85,3,10,9,FALSE,1993
HANWHA_1993_PLY_002883_FRA,PLY_002883,4,FRANCHISE,79,3,10,9,FALSE,1993
HANWHA_1993_PLY_002846_FRA,PLY_002846,4,FRANCHISE,79,3,10,9,FALSE,1993
HANWHA_1993_PLY_003212_FRA,PLY_003212,4,FRANCHISE,85,3,10,9,FALSE,1993
HANWHA_1993_PLY_003076_FRA,PLY_003076,4,FRANCHISE,83,3,10,9,FALSE,1993
HANWHA_1994_PLY_003134_FRA,PLY_003134,4,FRANCHISE,85,3,10,9,FALSE,1994
HANWHA_1994_PLY_002924_FRA,PLY_002924,4,FRANCHISE,81,3,10,9,FALSE,1994
HANWHA_1994_PLY_002846_FRA,PLY_002846,4,FRANCHISE,86,3,10,9,FALSE,1994
HANWHA_1994_PLY_003212_FRA,PLY_003212,4,FRANCHISE,80,3,10,9,FALSE,1994
HANWHA_1994_PLY_003076_FRA,PLY_003076,4,FRANCHISE,84,3,10,9,FALSE,1994
HANWHA_1995_PLY_002924_FRA,PLY_002924,4,FRANCHISE,78,3,10,9,FALSE,1995
HANWHA_1995_PLY_002883_FRA,PLY_002883,4,FRANCHISE,84,3,10,9,FALSE,1995
HANWHA_1995_PLY_002955_FRA,PLY_002955,4,FRANCHISE,80,3,10,9,FALSE,1995
HANWHA_1995_PLY_003117_FRA,PLY_003117,4,FRANCHISE,84,3,10,9,FALSE,1995
HANWHA_1995_PLY_002952_FRA,PLY_002952,4,FRANCHISE,86,3,10,9,FALSE,1995
HANWHA_1996_PLY_002843_FRA,PLY_002843,4,FRANCHISE,80,3,10,9,FALSE,1996
HANWHA_1996_PLY_002955_FRA,PLY_002955,4,FRANCHISE,79,3,10,9,FALSE,1996
HANWHA_1996_PLY_003117_FRA,PLY_003117,4,FRANCHISE,86,3,10,9,FALSE,1996
HANWHA_1996_PLY_002952_FRA,PLY_002952,4,FRANCHISE,81,3,10,9,FALSE,1996
HANWHA_1997_PLY_002843_FRA,PLY_002843,4,FRANCHISE,78,3,10,9,FALSE,1997
HANWHA_1997_PLY_002899_FRA,PLY_002899,4,FRANCHISE,78,3,10,9,FALSE,1997
HANWHA_1997_PLY_002989_FRA,PLY_002989,4,FRANCHISE,85,3,10,9,FALSE,1997
HANWHA_1997_PLY_002887_FRA,PLY_002887,4,FRANCHISE,86,3,10,9,FALSE,1997
HANWHA_1997_PLY_002944_FRA,PLY_002944,4,FRANCHISE,80,3,10,9,FALSE,1997
HANWHA_1998_PLY_002907_FRA,PLY_002907,4,FRANCHISE,85,3,10,9,FALSE,1998
HANWHA_1998_PLY_002899_FRA,PLY_002899,4,FRANCHISE,78,3,10,9,FALSE,1998
HANWHA_1998_PLY_003221_FRA,PLY_003221,4,FRANCHISE,82,3,10,9,FALSE,1998
HANWHA_1998_PLY_003126_FRA,PLY_003126,4,FRANCHISE,81,3,10,9,FALSE,1998
HANWHA_1998_PLY_002944_FRA,PLY_002944,4,FRANCHISE,80,3,10,9,FALSE,1998
HANWHA_1999_PLY_003102_FRA,PLY_003102,4,FRANCHISE,84,3,10,9,FALSE,1999
HANWHA_1999_PLY_002985_FRA,PLY_002985,4,FRANCHISE,80,3,10,9,FALSE,1999
HANWHA_1999_PLY_003221_FRA,PLY_003221,4,FRANCHISE,83,3,10,9,FALSE,1999
HANWHA_1999_PLY_003126_FRA,PLY_003126,4,FRANCHISE,83,3,10,9,FALSE,1999
HANWHA_1999_PLY_003214_FRA,PLY_003214,4,FRANCHISE,79,3,10,9,FALSE,1999
HANWHA_2000_PLY_003102_FRA,PLY_003102,4,FRANCHISE,80,3,10,9,FALSE,2000
HANWHA_2000_PLY_003055_FRA,PLY_003055,4,FRANCHISE,82,3,10,9,FALSE,2000
HANWHA_2000_PLY_002887_FRA,PLY_002887,4,FRANCHISE,80,3,10,9,FALSE,2000
HANWHA_2000_PLY_003058_FRA,PLY_003058,4,FRANCHISE,78,3,10,9,FALSE,2000
HANWHA_2001_PLY_003192_FRA,PLY_003192,4,FRANCHISE,81,3,10,9,FALSE,2001
HANWHA_2001_PLY_002985_FRA,PLY_002985,4,FRANCHISE,86,3,10,9,FALSE,2001
HANWHA_2001_PLY_003055_FRA,PLY_003055,4,FRANCHISE,85,3,10,9,FALSE,2001
HANWHA_2001_PLY_003198_FRA,PLY_003198,4,FRANCHISE,84,3,10,9,FALSE,2001
HANWHA_2001_PLY_003058_FRA,PLY_003058,4,FRANCHISE,84,3,10,9,FALSE,2001
HANWHA_2002_PLY_003192_FRA,PLY_003192,4,FRANCHISE,79,3,10,9,FALSE,2002
HANWHA_2002_PLY_003056_FRA,PLY_003056,4,FRANCHISE,85,3,10,9,FALSE,2002
HANWHA_2002_PLY_002989_FRA,PLY_002989,4,FRANCHISE,83,3,10,9,FALSE,2002
HANWHA_2002_PLY_003198_FRA,PLY_003198,4,FRANCHISE,82,3,10,9,FALSE,2002
HANWHA_2002_PLY_003005_FRA,PLY_003005,4,FRANCHISE,78,3,10,9,FALSE,2002
HANWHA_2003_PLY_002905_FRA,PLY_002905,4,FRANCHISE,86,3,10,9,FALSE,2003
HANWHA_2003_PLY_003201_FRA,PLY_003201,4,FRANCHISE,83,3,10,9,FALSE,2003
HANWHA_2003_PLY_003027_FRA,PLY_003027,4,FRANCHISE,85,3,10,9,FALSE,2003
HANWHA_2003_PLY_003196_FRA,PLY_003196,4,FRANCHISE,82,3,10,9,FALSE,2003
HANWHA_2003_PLY_003185_FRA,PLY_003185,4,FRANCHISE,82,3,10,9,FALSE,2003
HANWHA_2004_PLY_002905_FRA,PLY_002905,4,FRANCHISE,79,3,10,9,FALSE,2004
HANWHA_2004_PLY_003201_FRA,PLY_003201,4,FRANCHISE,86,3,10,9,FALSE,2004
HANWHA_2004_PLY_003027_FRA,PLY_003027,4,FRANCHISE,82,3,10,9,FALSE,2004
HANWHA_2004_PLY_003196_FRA,PLY_003196,4,FRANCHISE,85,3,10,9,FALSE,2004
HANWHA_2004_PLY_003184_FRA,PLY_003184,4,FRANCHISE,78,3,10,9,FALSE,2004
HANWHA_2005_PLY_003226_FRA,PLY_003226,4,FRANCHISE,86,3,10,9,FALSE,2005
HANWHA_2005_PLY_003118_FRA,PLY_003118,4,FRANCHISE,82,3,10,9,FALSE,2005
HANWHA_2005_PLY_003154_FRA,PLY_003154,4,FRANCHISE,80,3,10,9,FALSE,2005
HANWHA_2005_PLY_003184_FRA,PLY_003184,4,FRANCHISE,81,3,10,9,FALSE,2005
HANWHA_2006_PLY_003226_FRA,PLY_003226,4,FRANCHISE,85,3,10,9,FALSE,2006
HANWHA_2006_PLY_003118_FRA,PLY_003118,4,FRANCHISE,83,3,10,9,FALSE,2006
HANWHA_2006_PLY_003216_FRA,PLY_003216,4,FRANCHISE,85,3,10,9,FALSE,2006
HANWHA_2006_PLY_003214_FRA,PLY_003214,4,FRANCHISE,85,3,10,9,FALSE,2006
HANWHA_2007_PLY_002928_FRA,PLY_002928,4,FRANCHISE,81,3,10,9,FALSE,2007
HANWHA_2007_PLY_003056_FRA,PLY_003056,4,FRANCHISE,84,3,10,9,FALSE,2007
HANWHA_2007_PLY_002956_FRA,PLY_002956,4,FRANCHISE,84,3,10,9,FALSE,2007
HANWHA_2007_PLY_003216_FRA,PLY_003216,4,FRANCHISE,85,3,10,9,FALSE,2007
HANWHA_2007_PLY_003185_FRA,PLY_003185,4,FRANCHISE,81,3,10,9,FALSE,2007
HANWHA_2008_PLY_003112_FRA,PLY_003112,4,FRANCHISE,84,3,10,9,FALSE,2008
HANWHA_2008_PLY_003002_FRA,PLY_003002,4,FRANCHISE,83,3,10,9,FALSE,2008
HANWHA_2008_PLY_002956_FRA,PLY_002956,4,FRANCHISE,79,3,10,9,FALSE,2008
HANWHA_2008_PLY_003009_FRA,PLY_003009,4,FRANCHISE,78,3,10,9,FALSE,2008
HANWHA_2008_PLY_002872_FRA,PLY_002872,4,FRANCHISE,78,3,10,9,FALSE,2008
HANWHA_2009_PLY_002833_FRA,PLY_002833,4,FRANCHISE,84,3,10,9,FALSE,2009
HANWHA_2009_PLY_002839_FRA,PLY_002839,4,FRANCHISE,80,3,10,9,FALSE,2009
HANWHA_2009_PLY_003125_FRA,PLY_003125,4,FRANCHISE,78,3,10,9,FALSE,2009
HANWHA_2009_PLY_003154_FRA,PLY_003154,4,FRANCHISE,82,3,10,9,FALSE,2009
HANWHA_2009_PLY_002931_FRA,PLY_002931,4,FRANCHISE,84,3,10,9,FALSE,2009
HANWHA_2010_PLY_002833_FRA,PLY_002833,4,FRANCHISE,85,3,10,9,FALSE,2010
HANWHA_2010_PLY_002928_FRA,PLY_002928,4,FRANCHISE,83,3,10,9,FALSE,2010
HANWHA_2010_PLY_003125_FRA,PLY_003125,4,FRANCHISE,84,3,10,9,FALSE,2010
HANWHA_2010_PLY_003188_FRA,PLY_003188,4,FRANCHISE,81,3,10,9,FALSE,2010
HANWHA_2010_PLY_002950_FRA,PLY_002950,4,FRANCHISE,78,3,10,9,FALSE,2010
HANWHA_2011_PLY_002853_FRA,PLY_002853,4,FRANCHISE,80,3,10,9,FALSE,2011
HANWHA_2011_PLY_002839_FRA,PLY_002839,4,FRANCHISE,78,3,10,9,FALSE,2011
HANWHA_2011_PLY_002902_FRA,PLY_002902,4,FRANCHISE,80,3,10,9,FALSE,2011
HANWHA_2011_PLY_002980_FRA,PLY_002980,4,FRANCHISE,83,3,10,9,FALSE,2011
HANWHA_2011_PLY_002950_FRA,PLY_002950,4,FRANCHISE,79,3,10,9,FALSE,2011
HANWHA_2012_PLY_002853_FRA,PLY_002853,4,FRANCHISE,80,3,10,9,FALSE,2012
HANWHA_2012_PLY_003040_FRA,PLY_003040,4,FRANCHISE,80,3,10,9,FALSE,2012
HANWHA_2012_PLY_002902_FRA,PLY_002902,4,FRANCHISE,85,3,10,9,FALSE,2012
HANWHA_2012_PLY_003188_FRA,PLY_003188,4,FRANCHISE,83,3,10,9,FALSE,2012
HANWHA_2012_PLY_002931_FRA,PLY_002931,4,FRANCHISE,83,3,10,9,FALSE,2012
HANWHA_2013_PLY_003040_FRA,PLY_003040,4,FRANCHISE,80,3,10,9,FALSE,2013
HANWHA_2013_PLY_003062_FRA,PLY_003062,4,FRANCHISE,83,3,10,9,FALSE,2013
HANWHA_2013_PLY_003048_FRA,PLY_003048,4,FRANCHISE,86,3,10,9,FALSE,2013
HANWHA_2013_PLY_002980_FRA,PLY_002980,4,FRANCHISE,85,3,10,9,FALSE,2013
HANWHA_2013_PLY_003156_FRA,PLY_003156,4,FRANCHISE,83,3,10,9,FALSE,2013
HANWHA_2014_PLY_003158_FRA,PLY_003158,4,FRANCHISE,86,3,10,9,FALSE,2014
HANWHA_2014_PLY_003062_FRA,PLY_003062,4,FRANCHISE,82,3,10,9,FALSE,2014
HANWHA_2014_PLY_002930_FRA,PLY_002930,4,FRANCHISE,85,3,10,9,FALSE,2014
HANWHA_2014_PLY_003069_FRA,PLY_003069,4,FRANCHISE,85,3,10,9,FALSE,2014
HANWHA_2014_PLY_003182_FRA,PLY_003182,4,FRANCHISE,83,3,10,9,FALSE,2014
HANWHA_2015_PLY_003019_FRA,PLY_003019,4,FRANCHISE,80,3,10,9,FALSE,2015
HANWHA_2015_PLY_003143_FRA,PLY_003143,4,FRANCHISE,86,3,10,9,FALSE,2015
HANWHA_2015_PLY_003144_FRA,PLY_003144,4,FRANCHISE,78,3,10,9,FALSE,2015
HANWHA_2015_PLY_003113_FRA,PLY_003113,4,FRANCHISE,78,3,10,9,FALSE,2015
HANWHA_2015_PLY_003156_FRA,PLY_003156,4,FRANCHISE,82,3,10,9,FALSE,2015
HANWHA_2016_PLY_003158_FRA,PLY_003158,4,FRANCHISE,85,3,10,9,FALSE,2016
HANWHA_2016_PLY_002922_FRA,PLY_002922,4,FRANCHISE,84,3,10,9,FALSE,2016
HANWHA_2016_PLY_003144_FRA,PLY_003144,4,FRANCHISE,85,3,10,9,FALSE,2016
HANWHA_2016_PLY_002906_FRA,PLY_002906,4,FRANCHISE,82,3,10,9,FALSE,2016
HANWHA_2016_PLY_003182_FRA,PLY_003182,4,FRANCHISE,80,3,10,9,FALSE,2016
HANWHA_2017_PLY_002922_FRA,PLY_002922,4,FRANCHISE,78,3,10,9,FALSE,2017
HANWHA_2017_PLY_003019_FRA,PLY_003019,4,FRANCHISE,86,3,10,9,FALSE,2017
HANWHA_2017_PLY_002831_FRA,PLY_002831,4,FRANCHISE,79,3,10,9,FALSE,2017
HANWHA_2017_PLY_003218_FRA,PLY_003218,4,FRANCHISE,82,3,10,9,FALSE,2017
HANWHA_2017_PLY_002856_FRA,PLY_002856,4,FRANCHISE,84,3,10,9,FALSE,2017
HANWHA_2018_PLY_002993_FRA,PLY_002993,4,FRANCHISE,78,3,10,9,FALSE,2018
HANWHA_2018_PLY_003015_FRA,PLY_003015,4,FRANCHISE,78,3,10,9,FALSE,2018
HANWHA_2018_PLY_003227_FRA,PLY_003227,4,FRANCHISE,83,3,10,9,FALSE,2018
HANWHA_2018_PLY_003218_FRA,PLY_003218,4,FRANCHISE,81,3,10,9,FALSE,2018
HANWHA_2018_PLY_002856_FRA,PLY_002856,4,FRANCHISE,84,3,10,9,FALSE,2018
HANWHA_2019_PLY_002964_FRA,PLY_002964,4,FRANCHISE,82,3,10,9,FALSE,2019
HANWHA_2019_PLY_002993_FRA,PLY_002993,4,FRANCHISE,82,3,10,9,FALSE,2019
HANWHA_2019_PLY_003227_FRA,PLY_003227,4,FRANCHISE,79,3,10,9,FALSE,2019
HANWHA_2019_PLY_003113_FRA,PLY_003113,4,FRANCHISE,84,3,10,9,FALSE,2019
HANWHA_2019_PLY_003176_FRA,PLY_003176,4,FRANCHISE,79,3,10,9,FALSE,2019
HANWHA_2020_PLY_003054_FRA,PLY_003054,4,FRANCHISE,82,3,10,9,FALSE,2020
HANWHA_2020_PLY_003087_FRA,PLY_003087,4,FRANCHISE,80,3,10,9,FALSE,2020
HANWHA_2020_PLY_002912_FRA,PLY_002912,4,FRANCHISE,81,3,10,9,FALSE,2020
HANWHA_2020_PLY_003003_FRA,PLY_003003,4,FRANCHISE,81,3,10,9,FALSE,2020
HANWHA_2020_PLY_003116_FRA,PLY_003116,4,FRANCHISE,84,3,10,9,FALSE,2020
HANWHA_2021_PLY_003189_FRA,PLY_003189,4,FRANCHISE,84,3,10,9,FALSE,2021
HANWHA_2021_PLY_003054_FRA,PLY_003054,4,FRANCHISE,80,3,10,9,FALSE,2021
HANWHA_2021_PLY_002912_FRA,PLY_002912,4,FRANCHISE,80,3,10,9,FALSE,2021
HANWHA_2021_PLY_003168_FRA,PLY_003168,4,FRANCHISE,80,3,10,9,FALSE,2021
HANWHA_2021_PLY_003013_FRA,PLY_003013,4,FRANCHISE,79,3,10,9,FALSE,2021
HANWHA_2022_PLY_003195_FRA,PLY_003195,4,FRANCHISE,85,3,10,9,FALSE,2022
HANWHA_2022_PLY_003189_FRA,PLY_003189,4,FRANCHISE,80,3,10,9,FALSE,2022
HANWHA_2022_PLY_002831_FRA,PLY_002831,4,FRANCHISE,83,3,10,9,FALSE,2022
HANWHA_2022_PLY_003003_FRA,PLY_003003,4,FRANCHISE,81,3,10,9,FALSE,2022
HANWHA_2022_PLY_003116_FRA,PLY_003116,4,FRANCHISE,79,3,10,9,FALSE,2022
HANWHA_2023_PLY_002988_FRA,PLY_002988,4,FRANCHISE,82,3,10,9,FALSE,2023
HANWHA_2023_PLY_003111_FRA,PLY_003111,4,FRANCHISE,79,3,10,9,FALSE,2023
HANWHA_2023_PLY_003213_FRA,PLY_003213,4,FRANCHISE,78,3,10,9,FALSE,2023
HANWHA_2023_PLY_003168_FRA,PLY_003168,4,FRANCHISE,79,3,10,9,FALSE,2023
HANWHA_2023_PLY_003013_FRA,PLY_003013,4,FRANCHISE,83,3,10,9,FALSE,2023
HANWHA_2024_PLY_003066_FRA,PLY_003066,4,FRANCHISE,79,3,10,9,FALSE,2024
HANWHA_2024_PLY_003006_FRA,PLY_003006,4,FRANCHISE,86,3,10,9,FALSE,2024
HANWHA_2024_PLY_003042_FRA,PLY_003042,4,FRANCHISE,84,3,10,9,FALSE,2024
HANWHA_2024_PLY_002990_FRA,PLY_002990,4,FRANCHISE,79,3,10,9,FALSE,2024
HANWHA_2024_PLY_003086_FRA,PLY_003086,4,FRANCHISE,80,3,10,9,FALSE,2024
HANWHA_2025_PLY_003087_FRA,PLY_003087,4,FRANCHISE,86,3,10,9,FALSE,2025
HANWHA_2025_PLY_003015_FRA,PLY_003015,4,FRANCHISE,81,3,10,9,FALSE,2025
HANWHA_2025_PLY_003042_FRA,PLY_003042,4,FRANCHISE,81,3,10,9,FALSE,2025
HANWHA_2025_PLY_002906_FRA,PLY_002906,4,FRANCHISE,81,3,10,9,FALSE,2025
HANWHA_2025_PLY_003086_FRA,PLY_003086,4,FRANCHISE,86,3,10,9,FALSE,2025
HANWHA_2026_PLY_002988_FRA,PLY_002988,4,FRANCHISE,86,3,10,9,FALSE,2026
HANWHA_2026_PLY_003006_FRA,PLY_003006,4,FRANCHISE,80,3,10,9,FALSE,2026
HANWHA_2026_PLY_003213_FRA,PLY_003213,4,FRANCHISE,81,3,10,9,FALSE,2026
HANWHA_2026_PLY_002895_FRA,PLY_002895,4,FRANCHISE,86,3,10,9,FALSE,2026
HANWHA_2026_PLY_003065_FRA,PLY_003065,4,FRANCHISE,86,3,10,9,FALSE,2026
