card_id,player_id,grade_id,grade_name,base_ovr,salary_cost,max_enhance,max_awaken,is_droppable,year
LOTTE_2015_PLY_002430_EPIC,PLY_002430,2,LIVE_EPIC,68,18,10,0,TRUE,2015
LOTTE_2018_PLY_002430_EPIC,PLY_002430,2,LIVE_EPIC,66,18,10,0,TRUE,2018
LOTTE_2023_PLY_002430_EPIC,PLY_002430,2,LIVE_EPIC,76,18,10,0,TRUE,2023
LOTTE_2016_PLY_002430_EPIC,PLY_002430,2,LIVE_EPIC,65,18,10,0,TRUE,2016
LOTTE_2015_PLY_002430_GG,PLY_002430,6,GOLDEN_GLOVE,88,35,10,10,FALSE,2015
LOTTE_2021_PLY_002430_LN,PLY_002430,1,LIVE_NORMAL,66,12,10,0,TRUE,2021
LOTTE_2017_PLY_002430_LN,PLY_002430,1,LIVE_NORMAL,67,12,10,0,TRUE,2017
LOTTE_2022_PLY_002430_EPIC,PLY_002430,2,LIVE_EPIC,68,18,10,0,TRUE,2022
LOTTE_2026_PLY_002430_EPIC,PLY_002430,2,LIVE_EPIC,70,18,10,0,TRUE,2026
LOTTE_2018_PLY_002430_LN,PLY_002430,1,LIVE_NORMAL,55,12,10,0,TRUE,2018
LOTTE_2020_PLY_002430_EPIC,PLY_002430,2,LIVE_EPIC,69,18,10,0,TRUE,2020
LOTTE_2024_PLY_002430_LN,PLY_002430,1,LIVE_NORMAL,61,12,10,0,TRUE,2024
LOTTE_2026_PLY_002431_AS,PLY_002431,3,ALLSTAR,77,24,10,10,TRUE,2026
LOTTE_2024_PLY_002431_SIG,PLY_002431,5,SIGNATURE,90,40,10,10,FALSE,2024
LOTTE_2023_PLY_002431_GG,PLY_002431,6,GOLDEN_GLOVE,85,35,10,10,FALSE,2023
LOTTE_2021_PLY_002431_EPIC,PLY_002431,2,LIVE_EPIC,74,18,10,0,TRUE,2021
LOTTE_2008_PLY_002432_LN,PLY_002432,1,LIVE_NORMAL,62,12,10,0,TRUE,2008
LOTTE_2007_PLY_002432_LN,PLY_002432,1,LIVE_NORMAL,64,12,10,0,TRUE,2007
LOTTE_2010_PLY_002432_EPIC,PLY_002432,2,LIVE_EPIC,74,18,10,0,TRUE,2010
LOTTE_2009_PLY_002432_LN,PLY_002432,1,LIVE_NORMAL,68,12,10,0,TRUE,2009
LOTTE_2008_PLY_002432_AS,PLY_002432,3,ALLSTAR,83,24,10,10,TRUE,2008
LOTTE_2010_PLY_002432_AS,PLY_002432,3,ALLSTAR,75,24,10,10,TRUE,2010
LOTTE_2008_PLY_002432_GG,PLY_002432,6,GOLDEN_GLOVE,85,35,10,10,FALSE,2008
LOTTE_2008_PLY_002432_EPIC,PLY_002432,2,LIVE_EPIC,71,18,10,0,TRUE,2008
LOTTE_2009_PLY_002432_TH,PLY_002432,4,TITLE_HOLDER,82,30,10,10,FALSE,2009
LOTTE_2010_PLY_002432_LN,PLY_002432,1,LIVE_NORMAL,64,12,10,0,TRUE,2010
LOTTE_2024_PLY_002433_AS,PLY_002433,3,ALLSTAR,78,24,10,10,TRUE,2024
LOTTE_2024_PLY_002433_TH,PLY_002433,4,TITLE_HOLDER,86,30,10,10,FALSE,2024
LOTTE_2022_PLY_002433_EPIC,PLY_002433,2,LIVE_EPIC,75,18,10,0,TRUE,2022
LOTTE_2025_PLY_002433_EPIC,PLY_002433,2,LIVE_EPIC,68,18,10,0,TRUE,2025
LOTTE_2026_PLY_002433_SIG,PLY_002433,5,SIGNATURE,90,40,10,10,FALSE,2026
LOTTE_2022_PLY_002433_LN,PLY_002433,1,LIVE_NORMAL,63,12,10,0,TRUE,2022
LOTTE_2026_PLY_002433_EPIC,PLY_002433,2,LIVE_EPIC,75,18,10,0,TRUE,2026
LOTTE_2006_PLY_002434_TH,PLY_002434,4,TITLE_HOLDER,84,30,10,10,FALSE,2006
LOTTE_1998_PLY_002434_LN,PLY_002434,1,LIVE_NORMAL,67,12,10,0,TRUE,1998
LOTTE_2007_PLY_002434_LN,PLY_002434,1,LIVE_NORMAL,57,12,10,0,TRUE,2007
LOTTE_2000_PLY_002434_EPIC,PLY_002434,2,LIVE_EPIC,75,18,10,0,TRUE,2000
LOTTE_2003_PLY_002434_LN,PLY_002434,1,LIVE_NORMAL,59,12,10,0,TRUE,2003
LOTTE_2008_PLY_002434_LN,PLY_002434,1,LIVE_NORMAL,56,12,10,0,TRUE,2008
LOTTE_2009_PLY_002434_TH,PLY_002434,4,TITLE_HOLDER,82,30,10,10,FALSE,2009
LOTTE_2003_PLY_002434_TH,PLY_002434,4,TITLE_HOLDER,87,30,10,10,FALSE,2003
LOTTE_2012_PLY_002435_EPIC,PLY_002435,2,LIVE_EPIC,69,18,10,0,TRUE,2012
LOTTE_1996_PLY_002435_EPIC,PLY_002435,2,LIVE_EPIC,76,18,10,0,TRUE,1996
LOTTE_2001_PLY_002435_EPIC,PLY_002435,2,LIVE_EPIC,69,18,10,0,TRUE,2001
LOTTE_1997_PLY_002435_AS,PLY_002435,3,ALLSTAR,81,24,10,10,TRUE,1997
LOTTE_1995_PLY_002435_LN,PLY_002435,1,LIVE_NORMAL,57,12,10,0,TRUE,1995
LOTTE_2001_PLY_002435_AS,PLY_002435,3,ALLSTAR,77,24,10,10,TRUE,2001
LOTTE_2013_PLY_002435_AS,PLY_002435,3,ALLSTAR,76,24,10,10,TRUE,2013
LOTTE_2004_PLY_002435_EPIC,PLY_002435,2,LIVE_EPIC,76,18,10,0,TRUE,2004
LOTTE_1994_PLY_002436_EPIC,PLY_002436,2,LIVE_EPIC,73,18,10,0,TRUE,1994
LOTTE_1996_PLY_002436_EPIC,PLY_002436,2,LIVE_EPIC,69,18,10,0,TRUE,1996
LOTTE_1997_PLY_002436_TH,PLY_002436,4,TITLE_HOLDER,84,30,10,10,FALSE,1997
LOTTE_1994_PLY_002436_AS,PLY_002436,3,ALLSTAR,80,24,10,10,TRUE,1994
LOTTE_1995_PLY_002436_AS,PLY_002436,3,ALLSTAR,74,24,10,10,TRUE,1995
LOTTE_2001_PLY_002437_EPIC,PLY_002437,2,LIVE_EPIC,67,18,10,0,TRUE,2001
LOTTE_2002_PLY_002437_LN,PLY_002437,1,LIVE_NORMAL,67,12,10,0,TRUE,2002
LOTTE_2007_PLY_002437_LN,PLY_002437,1,LIVE_NORMAL,67,12,10,0,TRUE,2007
LOTTE_2000_PLY_002437_EPIC,PLY_002437,2,LIVE_EPIC,71,18,10,0,TRUE,2000
LOTTE_1997_PLY_002437_GG,PLY_002437,6,GOLDEN_GLOVE,84,35,10,10,FALSE,1997
LOTTE_2003_PLY_002437_AS,PLY_002437,3,ALLSTAR,82,24,10,10,TRUE,2003
LOTTE_1998_PLY_002437_EPIC,PLY_002437,2,LIVE_EPIC,65,18,10,0,TRUE,1998
LOTTE_2005_PLY_002437_LN,PLY_002437,1,LIVE_NORMAL,61,12,10,0,TRUE,2005
LOTTE_2006_PLY_002437_EPIC,PLY_002437,2,LIVE_EPIC,70,18,10,0,TRUE,2006
LOTTE_2005_PLY_002437_EPIC,PLY_002437,2,LIVE_EPIC,72,18,10,0,TRUE,2005
LOTTE_1997_PLY_002437_LN,PLY_002437,1,LIVE_NORMAL,60,12,10,0,TRUE,1997
LOTTE_1996_PLY_002438_EPIC,PLY_002438,2,LIVE_EPIC,72,18,10,0,TRUE,1996
LOTTE_1997_PLY_002438_SIG,PLY_002438,5,SIGNATURE,87,40,10,10,FALSE,1997
LOTTE_1996_PLY_002438_AS,PLY_002438,3,ALLSTAR,76,24,10,10,TRUE,1996
LOTTE_1998_PLY_002438_TH,PLY_002438,4,TITLE_HOLDER,84,30,10,10,FALSE,1998
LOTTE_2008_PLY_002439_LN,PLY_002439,1,LIVE_NORMAL,61,12,10,0,TRUE,2008
LOTTE_2015_PLY_002439_LN,PLY_002439,1,LIVE_NORMAL,56,12,10,0,TRUE,2015
LOTTE_2006_PLY_002439_LN,PLY_002439,1,LIVE_NORMAL,55,12,10,0,TRUE,2006
LOTTE_2018_PLY_002439_LN,PLY_002439,1,LIVE_NORMAL,65,12,10,0,TRUE,2018
LOTTE_2022_PLY_002440_LN,PLY_002440,1,LIVE_NORMAL,61,12,10,0,TRUE,2022
LOTTE_2026_PLY_002440_LN,PLY_002440,1,LIVE_NORMAL,67,12,10,0,TRUE,2026
LOTTE_2021_PLY_002440_TH,PLY_002440,4,TITLE_HOLDER,81,30,10,10,FALSE,2021
LOTTE_2026_PLY_002440_AS,PLY_002440,3,ALLSTAR,75,24,10,10,TRUE,2026
LOTTE_2021_PLY_002440_EPIC,PLY_002440,2,LIVE_EPIC,67,18,10,0,TRUE,2021
LOTTE_2024_PLY_002440_EPIC,PLY_002440,2,LIVE_EPIC,65,18,10,0,TRUE,2024
LOTTE_2022_PLY_002440_TH,PLY_002440,4,TITLE_HOLDER,86,30,10,10,FALSE,2022
LOTTE_2026_PLY_002440_EPIC,PLY_002440,2,LIVE_EPIC,71,18,10,0,TRUE,2026
LOTTE_2024_PLY_002440_LN,PLY_002440,1,LIVE_NORMAL,62,12,10,0,TRUE,2024
LOTTE_2025_PLY_002440_LN,PLY_002440,1,LIVE_NORMAL,60,12,10,0,TRUE,2025
LOTTE_2022_PLY_002441_LN,PLY_002441,1,LIVE_NORMAL,59,12,10,0,TRUE,2022
LOTTE_2019_PLY_002441_LN,PLY_002441,1,LIVE_NORMAL,55,12,10,0,TRUE,2019
LOTTE_2025_PLY_002441_LN,PLY_002441,1,LIVE_NORMAL,56,12,10,0,TRUE,2025
LOTTE_2020_PLY_002441_LN,PLY_002441,1,LIVE_NORMAL,66,12,10,0,TRUE,2020
LOTTE_2021_PLY_002441_EPIC,PLY_002441,2,LIVE_EPIC,68,18,10,0,TRUE,2021
LOTTE_2021_PLY_002441_TH,PLY_002441,4,TITLE_HOLDER,87,30,10,10,FALSE,2021
LOTTE_2008_PLY_002442_GG,PLY_002442,6,GOLDEN_GLOVE,89,35,10,10,FALSE,2008
LOTTE_2006_PLY_002442_LN,PLY_002442,1,LIVE_NORMAL,62,12,10,0,TRUE,2006
LOTTE_1997_PLY_002442_SIG,PLY_002442,5,SIGNATURE,93,40,10,10,FALSE,1997
LOTTE_2009_PLY_002442_AS,PLY_002442,3,ALLSTAR,75,24,10,10,TRUE,2009
LOTTE_2001_PLY_002442_LN,PLY_002442,1,LIVE_NORMAL,62,12,10,0,TRUE,2001
LOTTE_2000_PLY_002442_EPIC,PLY_002442,2,LIVE_EPIC,68,18,10,0,TRUE,2000
LOTTE_2008_PLY_002442_EPIC,PLY_002442,2,LIVE_EPIC,70,18,10,0,TRUE,2008
LOTTE_1995_PLY_002442_AS,PLY_002442,3,ALLSTAR,77,24,10,10,TRUE,1995
LOTTE_1999_PLY_002442_LN,PLY_002442,1,LIVE_NORMAL,59,12,10,0,TRUE,1999
LOTTE_2012_PLY_002443_TH,PLY_002443,4,TITLE_HOLDER,85,30,10,10,FALSE,2012
LOTTE_2011_PLY_002443_AS,PLY_002443,3,ALLSTAR,77,24,10,10,TRUE,2011
LOTTE_2019_PLY_002443_AS,PLY_002443,3,ALLSTAR,82,24,10,10,TRUE,2019
LOTTE_2022_PLY_002443_AS,PLY_002443,3,ALLSTAR,78,24,10,10,TRUE,2022
LOTTE_2010_PLY_002443_EPIC,PLY_002443,2,LIVE_EPIC,70,18,10,0,TRUE,2010
LOTTE_2014_PLY_002443_LN,PLY_002443,1,LIVE_NORMAL,65,12,10,0,TRUE,2014
LOTTE_2009_PLY_002443_EPIC,PLY_002443,2,LIVE_EPIC,70,18,10,0,TRUE,2009
LOTTE_2016_PLY_002443_EPIC,PLY_002443,2,LIVE_EPIC,67,18,10,0,TRUE,2016
LOTTE_2025_PLY_002444_LN,PLY_002444,1,LIVE_NORMAL,56,12,10,0,TRUE,2025
LOTTE_2020_PLY_002444_AS,PLY_002444,3,ALLSTAR,79,24,10,10,TRUE,2020
LOTTE_2018_PLY_002444_EPIC,PLY_002444,2,LIVE_EPIC,67,18,10,0,TRUE,2018
LOTTE_2009_PLY_002445_EPIC,PLY_002445,2,LIVE_EPIC,66,18,10,0,TRUE,2009
LOTTE_1998_PLY_002445_EPIC,PLY_002445,2,LIVE_EPIC,75,18,10,0,TRUE,1998
LOTTE_2004_PLY_002445_GG,PLY_002445,6,GOLDEN_GLOVE,84,35,10,10,FALSE,2004
LOTTE_2004_PLY_002445_LN,PLY_002445,1,LIVE_NORMAL,58,12,10,0,TRUE,2004
LOTTE_2008_PLY_002445_TH,PLY_002445,4,TITLE_HOLDER,87,30,10,10,FALSE,2008
LOTTE_2000_PLY_002445_LN,PLY_002445,1,LIVE_NORMAL,55,12,10,0,TRUE,2000
LOTTE_1997_PLY_002445_LN,PLY_002445,1,LIVE_NORMAL,62,12,10,0,TRUE,1997
LOTTE_2014_PLY_002446_SIG,PLY_002446,5,SIGNATURE,94,40,10,10,FALSE,2014
LOTTE_2012_PLY_002446_AS,PLY_002446,3,ALLSTAR,75,24,10,10,TRUE,2012
LOTTE_2015_PLY_002446_EPIC,PLY_002446,2,LIVE_EPIC,65,18,10,0,TRUE,2015
LOTTE_2022_PLY_002446_AS,PLY_002446,3,ALLSTAR,82,24,10,10,TRUE,2022
LOTTE_2012_PLY_002446_LN,PLY_002446,1,LIVE_NORMAL,58,12,10,0,TRUE,2012
LOTTE_2020_PLY_002446_TH,PLY_002446,4,TITLE_HOLDER,80,30,10,10,FALSE,2020
LOTTE_2013_PLY_002446_EPIC,PLY_002446,2,LIVE_EPIC,67,18,10,0,TRUE,2013
LOTTE_2023_PLY_002446_AS,PLY_002446,3,ALLSTAR,77,24,10,10,TRUE,2023
LOTTE_2024_PLY_002447_EPIC,PLY_002447,2,LIVE_EPIC,67,18,10,0,TRUE,2024
LOTTE_2024_PLY_002447_LN,PLY_002447,1,LIVE_NORMAL,66,12,10,0,TRUE,2024
LOTTE_2025_PLY_002447_LN,PLY_002447,1,LIVE_NORMAL,66,12,10,0,TRUE,2025
LOTTE_2018_PLY_002447_LN,PLY_002447,1,LIVE_NORMAL,64,12,10,0,TRUE,2018
LOTTE_2021_PLY_002447_EPIC,PLY_002447,2,LIVE_EPIC,73,18,10,0,TRUE,2021
LOTTE_2018_PLY_002447_EPIC,PLY_002447,2,LIVE_EPIC,69,18,10,0,TRUE,2018
LOTTE_2020_PLY_002447_LN,PLY_002447,1,LIVE_NORMAL,68,12,10,0,TRUE,2020
LOTTE_2017_PLY_002447_TH,PLY_002447,4,TITLE_HOLDER,85,30,10,10,FALSE,2017
LOTTE_2025_PLY_002447_EPIC,PLY_002447,2,LIVE_EPIC,75,18,10,0,TRUE,2025
LOTTE_2017_PLY_002447_LN,PLY_002447,1,LIVE_NORMAL,63,12,10,0,TRUE,2017
LOTTE_1997_PLY_002448_AS,PLY_002448,3,ALLSTAR,76,24,10,10,TRUE,1997
LOTTE_1995_PLY_002448_AS,PLY_002448,3,ALLSTAR,80,24,10,10,TRUE,1995
LOTTE_1998_PLY_002448_EPIC,PLY_002448,2,LIVE_EPIC,66,18,10,0,TRUE,1998
LOTTE_1997_PLY_002448_EPIC,PLY_002448,2,LIVE_EPIC,65,18,10,0,TRUE,1997
LOTTE_1991_PLY_002448_LN,PLY_002448,1,LIVE_NORMAL,63,12,10,0,TRUE,1991
LOTTE_1998_PLY_002448_LN,PLY_002448,1,LIVE_NORMAL,58,12,10,0,TRUE,1998
LOTTE_2021_PLY_002449_EPIC,PLY_002449,2,LIVE_EPIC,70,18,10,0,TRUE,2021
LOTTE_2026_PLY_002449_LN,PLY_002449,1,LIVE_NORMAL,63,12,10,0,TRUE,2026
LOTTE_1993_PLY_002450_EPIC,PLY_002450,2,LIVE_EPIC,74,18,10,0,TRUE,1993
LOTTE_1992_PLY_002450_EPIC,PLY_002450,2,LIVE_EPIC,70,18,10,0,TRUE,1992
LOTTE_2017_PLY_002451_AS,PLY_002451,3,ALLSTAR,75,24,10,10,TRUE,2017
LOTTE_2026_PLY_002451_TH,PLY_002451,4,TITLE_HOLDER,82,30,10,10,FALSE,2026
LOTTE_2020_PLY_002451_EPIC,PLY_002451,2,LIVE_EPIC,74,18,10,0,TRUE,2020
LOTTE_2014_PLY_002451_LN,PLY_002451,1,LIVE_NORMAL,64,12,10,0,TRUE,2014
LOTTE_2012_PLY_002451_AS,PLY_002451,3,ALLSTAR,80,24,10,10,TRUE,2012
LOTTE_2018_PLY_002451_EPIC,PLY_002451,2,LIVE_EPIC,71,18,10,0,TRUE,2018
LOTTE_1992_PLY_002452_LN,PLY_002452,1,LIVE_NORMAL,62,12,10,0,TRUE,1992
LOTTE_1993_PLY_002452_LN,PLY_002452,1,LIVE_NORMAL,64,12,10,0,TRUE,1993
LOTTE_1989_PLY_002452_LN,PLY_002452,1,LIVE_NORMAL,59,12,10,0,TRUE,1989
LOTTE_1991_PLY_002452_LN,PLY_002452,1,LIVE_NORMAL,66,12,10,0,TRUE,1991
LOTTE_1995_PLY_002452_LN,PLY_002452,1,LIVE_NORMAL,66,12,10,0,TRUE,1995
LOTTE_2006_PLY_002453_EPIC,PLY_002453,2,LIVE_EPIC,70,18,10,0,TRUE,2006
LOTTE_2000_PLY_002453_EPIC,PLY_002453,2,LIVE_EPIC,70,18,10,0,TRUE,2000
LOTTE_2004_PLY_002453_AS,PLY_002453,3,ALLSTAR,75,24,10,10,TRUE,2004
LOTTE_1995_PLY_002454_AS,PLY_002454,3,ALLSTAR,79,24,10,10,TRUE,1995
LOTTE_2002_PLY_002454_EPIC,PLY_002454,2,LIVE_EPIC,76,18,10,0,TRUE,2002
LOTTE_2004_PLY_002454_EPIC,PLY_002454,2,LIVE_EPIC,65,18,10,0,TRUE,2004
LOTTE_2003_PLY_002454_TH,PLY_002454,4,TITLE_HOLDER,87,30,10,10,FALSE,2003
LOTTE_2007_PLY_002455_GG,PLY_002455,6,GOLDEN_GLOVE,87,35,10,10,FALSE,2007
LOTTE_2006_PLY_002455_EPIC,PLY_002455,2,LIVE_EPIC,74,18,10,0,TRUE,2006
LOTTE_2008_PLY_002455_LN,PLY_002455,1,LIVE_NORMAL,68,12,10,0,TRUE,2008
LOTTE_2000_PLY_002455_AS,PLY_002455,3,ALLSTAR,80,24,10,10,TRUE,2000
LOTTE_2001_PLY_002455_LN,PLY_002455,1,LIVE_NORMAL,57,12,10,0,TRUE,2001
LOTTE_2003_PLY_002455_LN,PLY_002455,1,LIVE_NORMAL,60,12,10,0,TRUE,2003
LOTTE_1999_PLY_002455_LN,PLY_002455,1,LIVE_NORMAL,60,12,10,0,TRUE,1999
LOTTE_2000_PLY_002455_EPIC,PLY_002455,2,LIVE_EPIC,75,18,10,0,TRUE,2000
LOTTE_2001_PLY_002455_GG,PLY_002455,6,GOLDEN_GLOVE,85,35,10,10,FALSE,2001
LOTTE_2003_PLY_002455_EPIC,PLY_002455,2,LIVE_EPIC,71,18,10,0,TRUE,2003
LOTTE_1999_PLY_002456_LN,PLY_002456,1,LIVE_NORMAL,60,12,10,0,TRUE,1999
LOTTE_2000_PLY_002456_EPIC,PLY_002456,2,LIVE_EPIC,66,18,10,0,TRUE,2000
LOTTE_1996_PLY_002456_AS,PLY_002456,3,ALLSTAR,74,24,10,10,TRUE,1996
LOTTE_2016_PLY_002457_AS,PLY_002457,3,ALLSTAR,74,24,10,10,TRUE,2016
LOTTE_2014_PLY_002457_GG,PLY_002457,6,GOLDEN_GLOVE,90,35,10,10,FALSE,2014
LOTTE_2018_PLY_002457_LN,PLY_002457,1,LIVE_NORMAL,63,12,10,0,TRUE,2018
LOTTE_2018_PLY_002457_AS,PLY_002457,3,ALLSTAR,75,24,10,10,TRUE,2018
LOTTE_2016_PLY_002457_SIG,PLY_002457,5,SIGNATURE,90,40,10,10,FALSE,2016
LOTTE_2014_PLY_002457_LN,PLY_002457,1,LIVE_NORMAL,65,12,10,0,TRUE,2014
LOTTE_2017_PLY_002457_AS,PLY_002457,3,ALLSTAR,81,24,10,10,TRUE,2017
LOTTE_2015_PLY_002457_EPIC,PLY_002457,2,LIVE_EPIC,68,18,10,0,TRUE,2015
LOTTE_2019_PLY_002457_EPIC,PLY_002457,2,LIVE_EPIC,70,18,10,0,TRUE,2019
LOTTE_2015_PLY_002457_LN,PLY_002457,1,LIVE_NORMAL,67,12,10,0,TRUE,2015
LOTTE_2001_PLY_002458_LN,PLY_002458,1,LIVE_NORMAL,58,12,10,0,TRUE,2001
LOTTE_2002_PLY_002458_AS,PLY_002458,3,ALLSTAR,81,24,10,10,TRUE,2002
LOTTE_1999_PLY_002458_LN,PLY_002458,1,LIVE_NORMAL,66,12,10,0,TRUE,1999
LOTTE_2002_PLY_002458_LN,PLY_002458,1,LIVE_NORMAL,59,12,10,0,TRUE,2002
LOTTE_2000_PLY_002458_TH,PLY_002458,4,TITLE_HOLDER,82,30,10,10,FALSE,2000
LOTTE_2000_PLY_002458_LN,PLY_002458,1,LIVE_NORMAL,63,12,10,0,TRUE,2000
LOTTE_2020_PLY_002459_LN,PLY_002459,1,LIVE_NORMAL,56,12,10,0,TRUE,2020
LOTTE_2023_PLY_002459_EPIC,PLY_002459,2,LIVE_EPIC,70,18,10,0,TRUE,2023
LOTTE_2020_PLY_002459_EPIC,PLY_002459,2,LIVE_EPIC,70,18,10,0,TRUE,2020
LOTTE_2000_PLY_002460_EPIC,PLY_002460,2,LIVE_EPIC,76,18,10,0,TRUE,2000
LOTTE_1999_PLY_002460_EPIC,PLY_002460,2,LIVE_EPIC,66,18,10,0,TRUE,1999
LOTTE_2002_PLY_002460_AS,PLY_002460,3,ALLSTAR,75,24,10,10,TRUE,2002
LOTTE_1997_PLY_002460_EPIC,PLY_002460,2,LIVE_EPIC,68,18,10,0,TRUE,1997
LOTTE_2010_PLY_002461_TH,PLY_002461,4,TITLE_HOLDER,80,30,10,10,FALSE,2010
LOTTE_2010_PLY_002461_LN,PLY_002461,1,LIVE_NORMAL,60,12,10,0,TRUE,2010
LOTTE_2013_PLY_002461_AS,PLY_002461,3,ALLSTAR,83,24,10,10,TRUE,2013
LOTTE_2012_PLY_002461_AS,PLY_002461,3,ALLSTAR,82,24,10,10,TRUE,2012
LOTTE_2011_PLY_002461_LN,PLY_002461,1,LIVE_NORMAL,68,12,10,0,TRUE,2011
LOTTE_2010_PLY_002461_SIG,PLY_002461,5,SIGNATURE,92,40,10,10,FALSE,2010
LOTTE_2011_PLY_002461_EPIC,PLY_002461,2,LIVE_EPIC,68,18,10,0,TRUE,2011
LOTTE_1991_PLY_002462_LN,PLY_002462,1,LIVE_NORMAL,66,12,10,0,TRUE,1991
LOTTE_1998_PLY_002462_LN,PLY_002462,1,LIVE_NORMAL,59,12,10,0,TRUE,1998
LOTTE_1988_PLY_002462_LN,PLY_002462,1,LIVE_NORMAL,58,12,10,0,TRUE,1988
LOTTE_1989_PLY_002462_GG,PLY_002462,6,GOLDEN_GLOVE,87,35,10,10,FALSE,1989
LOTTE_1991_PLY_002462_EPIC,PLY_002462,2,LIVE_EPIC,74,18,10,0,TRUE,1991
LOTTE_1998_PLY_002462_EPIC,PLY_002462,2,LIVE_EPIC,72,18,10,0,TRUE,1998
LOTTE_1989_PLY_002462_LN,PLY_002462,1,LIVE_NORMAL,67,12,10,0,TRUE,1989
LOTTE_1988_PLY_002462_EPIC,PLY_002462,2,LIVE_EPIC,74,18,10,0,TRUE,1988
LOTTE_1995_PLY_002462_EPIC,PLY_002462,2,LIVE_EPIC,73,18,10,0,TRUE,1995
LOTTE_2012_PLY_002463_LN,PLY_002463,1,LIVE_NORMAL,55,12,10,0,TRUE,2012
LOTTE_2010_PLY_002463_GG,PLY_002463,6,GOLDEN_GLOVE,85,35,10,10,FALSE,2010
LOTTE_2019_PLY_002463_GG,PLY_002463,6,GOLDEN_GLOVE,87,35,10,10,FALSE,2019
LOTTE_2009_PLY_002463_GG,PLY_002463,6,GOLDEN_GLOVE,89,35,10,10,FALSE,2009
LOTTE_2016_PLY_002463_AS,PLY_002463,3,ALLSTAR,80,24,10,10,TRUE,2016
LOTTE_2015_PLY_002463_EPIC,PLY_002463,2,LIVE_EPIC,76,18,10,0,TRUE,2015
LOTTE_2020_PLY_002463_EPIC,PLY_002463,2,LIVE_EPIC,76,18,10,0,TRUE,2020
LOTTE_2015_PLY_002463_AS,PLY_002463,3,ALLSTAR,81,24,10,10,TRUE,2015
LOTTE_2007_PLY_002464_TH,PLY_002464,4,TITLE_HOLDER,87,30,10,10,FALSE,2007
LOTTE_2004_PLY_002464_LN,PLY_002464,1,LIVE_NORMAL,67,12,10,0,TRUE,2004
LOTTE_2008_PLY_002464_EPIC,PLY_002464,2,LIVE_EPIC,72,18,10,0,TRUE,2008
LOTTE_2003_PLY_002464_EPIC,PLY_002464,2,LIVE_EPIC,70,18,10,0,TRUE,2003
LOTTE_2006_PLY_002465_TH,PLY_002465,4,TITLE_HOLDER,81,30,10,10,FALSE,2006
LOTTE_2008_PLY_002465_EPIC,PLY_002465,2,LIVE_EPIC,66,18,10,0,TRUE,2008
LOTTE_2004_PLY_002465_EPIC,PLY_002465,2,LIVE_EPIC,68,18,10,0,TRUE,2004
LOTTE_2002_PLY_002465_LN,PLY_002465,1,LIVE_NORMAL,66,12,10,0,TRUE,2002
LOTTE_2001_PLY_002465_LN,PLY_002465,1,LIVE_NORMAL,56,12,10,0,TRUE,2001
LOTTE_1999_PLY_002465_LN,PLY_002465,1,LIVE_NORMAL,61,12,10,0,TRUE,1999
LOTTE_2003_PLY_002465_EPIC,PLY_002465,2,LIVE_EPIC,66,18,10,0,TRUE,2003
LOTTE_2006_PLY_002465_AS,PLY_002465,3,ALLSTAR,74,24,10,10,TRUE,2006
LOTTE_1999_PLY_002465_AS,PLY_002465,3,ALLSTAR,77,24,10,10,TRUE,1999
LOTTE_1995_PLY_002465_EPIC,PLY_002465,2,LIVE_EPIC,68,18,10,0,TRUE,1995
LOTTE_2005_PLY_002465_LN,PLY_002465,1,LIVE_NORMAL,56,12,10,0,TRUE,2005
LOTTE_2018_PLY_002466_LN,PLY_002466,1,LIVE_NORMAL,59,12,10,0,TRUE,2018
LOTTE_2005_PLY_002466_TH,PLY_002466,4,TITLE_HOLDER,84,30,10,10,FALSE,2005
LOTTE_2011_PLY_002466_EPIC,PLY_002466,2,LIVE_EPIC,65,18,10,0,TRUE,2011
LOTTE_2006_PLY_002466_LN,PLY_002466,1,LIVE_NORMAL,58,12,10,0,TRUE,2006
LOTTE_2006_PLY_002466_EPIC,PLY_002466,2,LIVE_EPIC,74,18,10,0,TRUE,2006
LOTTE_2010_PLY_002466_AS,PLY_002466,3,ALLSTAR,80,24,10,10,TRUE,2010
LOTTE_2016_PLY_002466_EPIC,PLY_002466,2,LIVE_EPIC,70,18,10,0,TRUE,2016
LOTTE_2012_PLY_002466_LN,PLY_002466,1,LIVE_NORMAL,55,12,10,0,TRUE,2012
LOTTE_2004_PLY_002466_EPIC,PLY_002466,2,LIVE_EPIC,71,18,10,0,TRUE,2004
LOTTE_2019_PLY_002467_AS,PLY_002467,3,ALLSTAR,81,24,10,10,TRUE,2019
LOTTE_2020_PLY_002467_EPIC,PLY_002467,2,LIVE_EPIC,66,18,10,0,TRUE,2020
LOTTE_2024_PLY_002467_LN,PLY_002467,1,LIVE_NORMAL,58,12,10,0,TRUE,2024
LOTTE_2023_PLY_002467_TH,PLY_002467,4,TITLE_HOLDER,86,30,10,10,FALSE,2023
LOTTE_2026_PLY_002467_EPIC,PLY_002467,2,LIVE_EPIC,66,18,10,0,TRUE,2026
LOTTE_2021_PLY_002467_LN,PLY_002467,1,LIVE_NORMAL,67,12,10,0,TRUE,2021
LOTTE_2022_PLY_002467_AS,PLY_002467,3,ALLSTAR,78,24,10,10,TRUE,2022
LOTTE_2024_PLY_002467_SIG,PLY_002467,5,SIGNATURE,92,40,10,10,FALSE,2024
LOTTE_2011_PLY_002468_EPIC,PLY_002468,2,LIVE_EPIC,68,18,10,0,TRUE,2011
LOTTE_2008_PLY_002468_EPIC,PLY_002468,2,LIVE_EPIC,73,18,10,0,TRUE,2008
LOTTE_2007_PLY_002468_EPIC,PLY_002468,2,LIVE_EPIC,74,18,10,0,TRUE,2007
LOTTE_2007_PLY_002468_LN,PLY_002468,1,LIVE_NORMAL,55,12,10,0,TRUE,2007
LOTTE_2008_PLY_002468_AS,PLY_002468,3,ALLSTAR,76,24,10,10,TRUE,2008
LOTTE_2011_PLY_002468_AS,PLY_002468,3,ALLSTAR,81,24,10,10,TRUE,2011
LOTTE_2011_PLY_002468_TH,PLY_002468,4,TITLE_HOLDER,80,30,10,10,FALSE,2011
LOTTE_2010_PLY_002468_GG,PLY_002468,6,GOLDEN_GLOVE,86,35,10,10,FALSE,2010
LOTTE_2008_PLY_002468_GG,PLY_002468,6,GOLDEN_GLOVE,85,35,10,10,FALSE,2008
LOTTE_2002_PLY_002469_AS,PLY_002469,3,ALLSTAR,75,24,10,10,TRUE,2002
LOTTE_1992_PLY_002469_EPIC,PLY_002469,2,LIVE_EPIC,74,18,10,0,TRUE,1992
LOTTE_1998_PLY_002469_EPIC,PLY_002469,2,LIVE_EPIC,70,18,10,0,TRUE,1998
LOTTE_1991_PLY_002469_GG,PLY_002469,6,GOLDEN_GLOVE,83,35,10,10,FALSE,1991
LOTTE_1992_PLY_002469_LN,PLY_002469,1,LIVE_NORMAL,61,12,10,0,TRUE,1992
LOTTE_1994_PLY_002469_LN,PLY_002469,1,LIVE_NORMAL,56,12,10,0,TRUE,1994
LOTTE_1992_PLY_002469_TH,PLY_002469,4,TITLE_HOLDER,87,30,10,10,FALSE,1992
LOTTE_2001_PLY_002469_TH,PLY_002469,4,TITLE_HOLDER,87,30,10,10,FALSE,2001
LOTTE_2022_PLY_002470_AS,PLY_002470,3,ALLSTAR,77,24,10,10,TRUE,2022
LOTTE_2022_PLY_002470_EPIC,PLY_002470,2,LIVE_EPIC,67,18,10,0,TRUE,2022
LOTTE_2021_PLY_002470_LN,PLY_002470,1,LIVE_NORMAL,57,12,10,0,TRUE,2021
LOTTE_2020_PLY_002470_EPIC,PLY_002470,2,LIVE_EPIC,65,18,10,0,TRUE,2020
LOTTE_2019_PLY_002470_AS,PLY_002470,3,ALLSTAR,77,24,10,10,TRUE,2019
LOTTE_2023_PLY_002470_LN,PLY_002470,1,LIVE_NORMAL,56,12,10,0,TRUE,2023
LOTTE_2022_PLY_002470_LN,PLY_002470,1,LIVE_NORMAL,64,12,10,0,TRUE,2022
LOTTE_2020_PLY_002470_LN,PLY_002470,1,LIVE_NORMAL,57,12,10,0,TRUE,2020
LOTTE_2025_PLY_002470_AS,PLY_002470,3,ALLSTAR,77,24,10,10,TRUE,2025
LOTTE_2026_PLY_002470_LN,PLY_002470,1,LIVE_NORMAL,56,12,10,0,TRUE,2026
LOTTE_2004_PLY_002471_EPIC,PLY_002471,2,LIVE_EPIC,73,18,10,0,TRUE,2004
LOTTE_2001_PLY_002471_LN,PLY_002471,1,LIVE_NORMAL,63,12,10,0,TRUE,2001
LOTTE_2003_PLY_002472_EPIC,PLY_002472,2,LIVE_EPIC,76,18,10,0,TRUE,2003
LOTTE_2004_PLY_002472_AS,PLY_002472,3,ALLSTAR,74,24,10,10,TRUE,2004
LOTTE_2004_PLY_002472_EPIC,PLY_002472,2,LIVE_EPIC,71,18,10,0,TRUE,2004
LOTTE_2003_PLY_002472_GG,PLY_002472,6,GOLDEN_GLOVE,88,35,10,10,FALSE,2003
LOTTE_2003_PLY_002472_LN,PLY_002472,1,LIVE_NORMAL,64,12,10,0,TRUE,2003
LOTTE_2001_PLY_002472_LN,PLY_002472,1,LIVE_NORMAL,58,12,10,0,TRUE,2001
LOTTE_2002_PLY_002472_EPIC,PLY_002472,2,LIVE_EPIC,65,18,10,0,TRUE,2002
LOTTE_2001_PLY_002473_LN,PLY_002473,1,LIVE_NORMAL,56,12,10,0,TRUE,2001
LOTTE_1993_PLY_002473_AS,PLY_002473,3,ALLSTAR,83,24,10,10,TRUE,1993
LOTTE_1997_PLY_002473_AS,PLY_002473,3,ALLSTAR,83,24,10,10,TRUE,1997
LOTTE_1996_PLY_002473_EPIC,PLY_002473,2,LIVE_EPIC,74,18,10,0,TRUE,1996
LOTTE_1997_PLY_002473_EPIC,PLY_002473,2,LIVE_EPIC,67,18,10,0,TRUE,1997
LOTTE_1993_PLY_002473_EPIC,PLY_002473,2,LIVE_EPIC,70,18,10,0,TRUE,1993
LOTTE_2000_PLY_002473_AS,PLY_002473,3,ALLSTAR,79,24,10,10,TRUE,2000
LOTTE_2020_PLY_002474_EPIC,PLY_002474,2,LIVE_EPIC,66,18,10,0,TRUE,2020
LOTTE_2024_PLY_002474_SIG,PLY_002474,5,SIGNATURE,92,40,10,10,FALSE,2024
LOTTE_2025_PLY_002474_LN,PLY_002474,1,LIVE_NORMAL,63,12,10,0,TRUE,2025
LOTTE_2022_PLY_002474_AS,PLY_002474,3,ALLSTAR,80,24,10,10,TRUE,2022
LOTTE_1995_PLY_002475_LN,PLY_002475,1,LIVE_NORMAL,65,12,10,0,TRUE,1995
LOTTE_1994_PLY_002475_EPIC,PLY_002475,2,LIVE_EPIC,69,18,10,0,TRUE,1994
LOTTE_1988_PLY_002475_EPIC,PLY_002475,2,LIVE_EPIC,69,18,10,0,TRUE,1988
LOTTE_1989_PLY_002475_LN,PLY_002475,1,LIVE_NORMAL,61,12,10,0,TRUE,1989
LOTTE_1999_PLY_002475_AS,PLY_002475,3,ALLSTAR,79,24,10,10,TRUE,1999
LOTTE_1988_PLY_002475_AS,PLY_002475,3,ALLSTAR,79,24,10,10,TRUE,1988
LOTTE_1994_PLY_002475_LN,PLY_002475,1,LIVE_NORMAL,65,12,10,0,TRUE,1994
LOTTE_1991_PLY_002475_LN,PLY_002475,1,LIVE_NORMAL,57,12,10,0,TRUE,1991
LOTTE_1996_PLY_002475_AS,PLY_002475,3,ALLSTAR,74,24,10,10,TRUE,1996
LOTTE_1993_PLY_002475_LN,PLY_002475,1,LIVE_NORMAL,55,12,10,0,TRUE,1993
LOTTE_1995_PLY_002475_EPIC,PLY_002475,2,LIVE_EPIC,67,18,10,0,TRUE,1995
LOTTE_2013_PLY_002476_GG,PLY_002476,6,GOLDEN_GLOVE,85,35,10,10,FALSE,2013
LOTTE_2018_PLY_002476_EPIC,PLY_002476,2,LIVE_EPIC,67,18,10,0,TRUE,2018
LOTTE_2005_PLY_002476_LN,PLY_002476,1,LIVE_NORMAL,61,12,10,0,TRUE,2005
LOTTE_2012_PLY_002477_LN,PLY_002477,1,LIVE_NORMAL,63,12,10,0,TRUE,2012
LOTTE_2007_PLY_002477_LN,PLY_002477,1,LIVE_NORMAL,61,12,10,0,TRUE,2007
LOTTE_2014_PLY_002477_LN,PLY_002477,1,LIVE_NORMAL,56,12,10,0,TRUE,2014
LOTTE_2013_PLY_002477_TH,PLY_002477,4,TITLE_HOLDER,85,30,10,10,FALSE,2013
LOTTE_2012_PLY_002477_TH,PLY_002477,4,TITLE_HOLDER,86,30,10,10,FALSE,2012
LOTTE_2004_PLY_002477_LN,PLY_002477,1,LIVE_NORMAL,55,12,10,0,TRUE,2004
LOTTE_2006_PLY_002477_EPIC,PLY_002477,2,LIVE_EPIC,67,18,10,0,TRUE,2006
LOTTE_2013_PLY_002477_EPIC,PLY_002477,2,LIVE_EPIC,66,18,10,0,TRUE,2013
LOTTE_2011_PLY_002477_LN,PLY_002477,1,LIVE_NORMAL,55,12,10,0,TRUE,2011
LOTTE_2005_PLY_002477_GG,PLY_002477,6,GOLDEN_GLOVE,85,35,10,10,FALSE,2005
LOTTE_2003_PLY_002478_TH,PLY_002478,4,TITLE_HOLDER,84,30,10,10,FALSE,2003
LOTTE_2011_PLY_002478_LN,PLY_002478,1,LIVE_NORMAL,63,12,10,0,TRUE,2011
LOTTE_2005_PLY_002478_TH,PLY_002478,4,TITLE_HOLDER,85,30,10,10,FALSE,2005
LOTTE_2007_PLY_002478_EPIC,PLY_002478,2,LIVE_EPIC,65,18,10,0,TRUE,2007
LOTTE_2000_PLY_002478_LN,PLY_002478,1,LIVE_NORMAL,64,12,10,0,TRUE,2000
LOTTE_2005_PLY_002478_AS,PLY_002478,3,ALLSTAR,81,24,10,10,TRUE,2005
LOTTE_1996_PLY_002479_LN,PLY_002479,1,LIVE_NORMAL,58,12,10,0,TRUE,1996
LOTTE_2000_PLY_002479_AS,PLY_002479,3,ALLSTAR,79,24,10,10,TRUE,2000
LOTTE_1995_PLY_002479_TH,PLY_002479,4,TITLE_HOLDER,87,30,10,10,FALSE,1995
LOTTE_1990_PLY_002479_LN,PLY_002479,1,LIVE_NORMAL,57,12,10,0,TRUE,1990
LOTTE_1994_PLY_002479_SIG,PLY_002479,5,SIGNATURE,88,40,10,10,FALSE,1994
LOTTE_1993_PLY_002479_AS,PLY_002479,3,ALLSTAR,82,24,10,10,TRUE,1993
LOTTE_2010_PLY_002480_AS,PLY_002480,3,ALLSTAR,82,24,10,10,TRUE,2010
LOTTE_2002_PLY_002480_LN,PLY_002480,1,LIVE_NORMAL,66,12,10,0,TRUE,2002
LOTTE_2008_PLY_002480_LN,PLY_002480,1,LIVE_NORMAL,67,12,10,0,TRUE,2008
LOTTE_2015_PLY_002480_EPIC,PLY_002480,2,LIVE_EPIC,75,18,10,0,TRUE,2015
LOTTE_2017_PLY_002481_LN,PLY_002481,1,LIVE_NORMAL,68,12,10,0,TRUE,2017
LOTTE_2020_PLY_002481_EPIC,PLY_002481,2,LIVE_EPIC,70,18,10,0,TRUE,2020
LOTTE_2023_PLY_002481_AS,PLY_002481,3,ALLSTAR,79,24,10,10,TRUE,2023
LOTTE_2015_PLY_002481_EPIC,PLY_002481,2,LIVE_EPIC,65,18,10,0,TRUE,2015
LOTTE_2023_PLY_002481_LN,PLY_002481,1,LIVE_NORMAL,55,12,10,0,TRUE,2023
LOTTE_1998_PLY_002482_GG,PLY_002482,6,GOLDEN_GLOVE,86,35,10,10,FALSE,1998
LOTTE_2001_PLY_002482_EPIC,PLY_002482,2,LIVE_EPIC,74,18,10,0,TRUE,2001
LOTTE_2004_PLY_002482_TH,PLY_002482,4,TITLE_HOLDER,81,30,10,10,FALSE,2004
LOTTE_2001_PLY_002482_TH,PLY_002482,4,TITLE_HOLDER,84,30,10,10,FALSE,2001
LOTTE_1997_PLY_002482_LN,PLY_002482,1,LIVE_NORMAL,59,12,10,0,TRUE,1997
LOTTE_1989_PLY_002483_AS,PLY_002483,3,ALLSTAR,74,24,10,10,TRUE,1989
LOTTE_1990_PLY_002483_LN,PLY_002483,1,LIVE_NORMAL,55,12,10,0,TRUE,1990
LOTTE_1988_PLY_002483_LN,PLY_002483,1,LIVE_NORMAL,67,12,10,0,TRUE,1988
LOTTE_1991_PLY_002483_LN,PLY_002483,1,LIVE_NORMAL,68,12,10,0,TRUE,1991
LOTTE_1988_PLY_002483_AS,PLY_002483,3,ALLSTAR,75,24,10,10,TRUE,1988
LOTTE_2021_PLY_002484_EPIC,PLY_002484,2,LIVE_EPIC,73,18,10,0,TRUE,2021
LOTTE_2020_PLY_002484_EPIC,PLY_002484,2,LIVE_EPIC,67,18,10,0,TRUE,2020
LOTTE_2020_PLY_002484_AS,PLY_002484,3,ALLSTAR,79,24,10,10,TRUE,2020
LOTTE_2022_PLY_002484_EPIC,PLY_002484,2,LIVE_EPIC,68,18,10,0,TRUE,2022
LOTTE_2021_PLY_002484_GG,PLY_002484,6,GOLDEN_GLOVE,89,35,10,10,FALSE,2021
LOTTE_2010_PLY_002485_GG,PLY_002485,6,GOLDEN_GLOVE,87,35,10,10,FALSE,2010
LOTTE_1993_PLY_002485_EPIC,PLY_002485,2,LIVE_EPIC,72,18,10,0,TRUE,1993
LOTTE_2011_PLY_002485_AS,PLY_002485,3,ALLSTAR,78,24,10,10,TRUE,2011
LOTTE_2017_PLY_002486_LN,PLY_002486,1,LIVE_NORMAL,59,12,10,0,TRUE,2017
LOTTE_2018_PLY_002486_LN,PLY_002486,1,LIVE_NORMAL,55,12,10,0,TRUE,2018
LOTTE_2016_PLY_002486_EPIC,PLY_002486,2,LIVE_EPIC,71,18,10,0,TRUE,2016
LOTTE_2012_PLY_002486_LN,PLY_002486,1,LIVE_NORMAL,66,12,10,0,TRUE,2012
LOTTE_2014_PLY_002486_LN,PLY_002486,1,LIVE_NORMAL,57,12,10,0,TRUE,2014
LOTTE_2015_PLY_002486_AS,PLY_002486,3,ALLSTAR,77,24,10,10,TRUE,2015
LOTTE_1998_PLY_002487_LN,PLY_002487,1,LIVE_NORMAL,68,12,10,0,TRUE,1998
LOTTE_2005_PLY_002487_AS,PLY_002487,3,ALLSTAR,79,24,10,10,TRUE,2005
LOTTE_2001_PLY_002487_LN,PLY_002487,1,LIVE_NORMAL,58,12,10,0,TRUE,2001
LOTTE_2000_PLY_002487_LN,PLY_002487,1,LIVE_NORMAL,57,12,10,0,TRUE,2000
LOTTE_1991_PLY_002488_LN,PLY_002488,1,LIVE_NORMAL,62,12,10,0,TRUE,1991
LOTTE_1992_PLY_002488_AS,PLY_002488,3,ALLSTAR,76,24,10,10,TRUE,1992
LOTTE_1992_PLY_002488_LN,PLY_002488,1,LIVE_NORMAL,66,12,10,0,TRUE,1992
LOTTE_1993_PLY_002488_LN,PLY_002488,1,LIVE_NORMAL,67,12,10,0,TRUE,1993
LOTTE_1999_PLY_002489_LN,PLY_002489,1,LIVE_NORMAL,56,12,10,0,TRUE,1999
LOTTE_1997_PLY_002489_LN,PLY_002489,1,LIVE_NORMAL,62,12,10,0,TRUE,1997
LOTTE_1999_PLY_002489_AS,PLY_002489,3,ALLSTAR,81,24,10,10,TRUE,1999
LOTTE_2004_PLY_002489_LN,PLY_002489,1,LIVE_NORMAL,67,12,10,0,TRUE,2004
LOTTE_1997_PLY_002489_EPIC,PLY_002489,2,LIVE_EPIC,67,18,10,0,TRUE,1997
LOTTE_2007_PLY_002489_GG,PLY_002489,6,GOLDEN_GLOVE,89,35,10,10,FALSE,2007
LOTTE_1999_PLY_002489_SIG,PLY_002489,5,SIGNATURE,94,40,10,10,FALSE,1999
LOTTE_2006_PLY_002489_LN,PLY_002489,1,LIVE_NORMAL,55,12,10,0,TRUE,2006
LOTTE_2007_PLY_002489_AS,PLY_002489,3,ALLSTAR,77,24,10,10,TRUE,2007
LOTTE_2005_PLY_002490_LN,PLY_002490,1,LIVE_NORMAL,67,12,10,0,TRUE,2005
LOTTE_2012_PLY_002491_AS,PLY_002491,3,ALLSTAR,77,24,10,10,TRUE,2012
LOTTE_2013_PLY_002491_SIG,PLY_002491,5,SIGNATURE,89,40,10,10,FALSE,2013
LOTTE_2016_PLY_002491_LN,PLY_002491,1,LIVE_NORMAL,58,12,10,0,TRUE,2016
LOTTE_2015_PLY_002491_LN,PLY_002491,1,LIVE_NORMAL,56,12,10,0,TRUE,2015
LOTTE_2017_PLY_002491_EPIC,PLY_002491,2,LIVE_EPIC,74,18,10,0,TRUE,2017
LOTTE_2012_PLY_002491_EPIC,PLY_002491,2,LIVE_EPIC,68,18,10,0,TRUE,2012
LOTTE_2010_PLY_002491_EPIC,PLY_002491,2,LIVE_EPIC,75,18,10,0,TRUE,2010
LOTTE_2018_PLY_002491_LN,PLY_002491,1,LIVE_NORMAL,67,12,10,0,TRUE,2018
LOTTE_2026_PLY_002492_EPIC,PLY_002492,2,LIVE_EPIC,72,18,10,0,TRUE,2026
LOTTE_2024_PLY_002492_LN,PLY_002492,1,LIVE_NORMAL,64,12,10,0,TRUE,2024
LOTTE_2025_PLY_002492_LN,PLY_002492,1,LIVE_NORMAL,60,12,10,0,TRUE,2025
LOTTE_2025_PLY_002492_TH,PLY_002492,4,TITLE_HOLDER,81,30,10,10,FALSE,2025
LOTTE_2017_PLY_002492_AS,PLY_002492,3,ALLSTAR,75,24,10,10,TRUE,2017
LOTTE_2018_PLY_002492_EPIC,PLY_002492,2,LIVE_EPIC,71,18,10,0,TRUE,2018
LOTTE_2018_PLY_002493_SIG,PLY_002493,5,SIGNATURE,90,40,10,10,FALSE,2018
LOTTE_2020_PLY_002493_LN,PLY_002493,1,LIVE_NORMAL,55,12,10,0,TRUE,2020
LOTTE_2018_PLY_002493_GG,PLY_002493,6,GOLDEN_GLOVE,86,35,10,10,FALSE,2018
LOTTE_2019_PLY_002493_LN,PLY_002493,1,LIVE_NORMAL,59,12,10,0,TRUE,2019
LOTTE_2017_PLY_002493_EPIC,PLY_002493,2,LIVE_EPIC,74,18,10,0,TRUE,2017
LOTTE_2018_PLY_002493_EPIC,PLY_002493,2,LIVE_EPIC,74,18,10,0,TRUE,2018
LOTTE_2020_PLY_002493_EPIC,PLY_002493,2,LIVE_EPIC,76,18,10,0,TRUE,2020
LOTTE_2019_PLY_002493_SIG,PLY_002493,5,SIGNATURE,88,40,10,10,FALSE,2019
LOTTE_2018_PLY_002493_LN,PLY_002493,1,LIVE_NORMAL,64,12,10,0,TRUE,2018
LOTTE_2017_PLY_002493_AS,PLY_002493,3,ALLSTAR,81,24,10,10,TRUE,2017
LOTTE_2002_PLY_002494_EPIC,PLY_002494,2,LIVE_EPIC,74,18,10,0,TRUE,2002
LOTTE_2002_PLY_002494_GG,PLY_002494,6,GOLDEN_GLOVE,83,35,10,10,FALSE,2002
LOTTE_1998_PLY_002494_LN,PLY_002494,1,LIVE_NORMAL,65,12,10,0,TRUE,1998
LOTTE_2003_PLY_002494_LN,PLY_002494,1,LIVE_NORMAL,60,12,10,0,TRUE,2003
LOTTE_1997_PLY_002495_AS,PLY_002495,3,ALLSTAR,80,24,10,10,TRUE,1997
LOTTE_1998_PLY_002495_EPIC,PLY_002495,2,LIVE_EPIC,67,18,10,0,TRUE,1998
LOTTE_1997_PLY_002495_GG,PLY_002495,6,GOLDEN_GLOVE,88,35,10,10,FALSE,1997
LOTTE_1999_PLY_002495_GG,PLY_002495,6,GOLDEN_GLOVE,84,35,10,10,FALSE,1999
LOTTE_1999_PLY_002495_EPIC,PLY_002495,2,LIVE_EPIC,68,18,10,0,TRUE,1999
LOTTE_1999_PLY_002495_LN,PLY_002495,1,LIVE_NORMAL,62,12,10,0,TRUE,1999
LOTTE_1996_PLY_002495_LN,PLY_002495,1,LIVE_NORMAL,57,12,10,0,TRUE,1996
LOTTE_2008_PLY_002496_AS,PLY_002496,3,ALLSTAR,78,24,10,10,TRUE,2008
LOTTE_2009_PLY_002496_LN,PLY_002496,1,LIVE_NORMAL,66,12,10,0,TRUE,2009
LOTTE_2011_PLY_002496_EPIC,PLY_002496,2,LIVE_EPIC,71,18,10,0,TRUE,2011
LOTTE_2009_PLY_002496_EPIC,PLY_002496,2,LIVE_EPIC,76,18,10,0,TRUE,2009
LOTTE_2010_PLY_002496_AS,PLY_002496,3,ALLSTAR,79,24,10,10,TRUE,2010
LOTTE_2006_PLY_002497_EPIC,PLY_002497,2,LIVE_EPIC,70,18,10,0,TRUE,2006
LOTTE_2003_PLY_002497_LN,PLY_002497,1,LIVE_NORMAL,56,12,10,0,TRUE,2003
LOTTE_2002_PLY_002497_AS,PLY_002497,3,ALLSTAR,76,24,10,10,TRUE,2002
LOTTE_2005_PLY_002497_LN,PLY_002497,1,LIVE_NORMAL,56,12,10,0,TRUE,2005
LOTTE_2002_PLY_002497_EPIC,PLY_002497,2,LIVE_EPIC,67,18,10,0,TRUE,2002
LOTTE_2004_PLY_002497_TH,PLY_002497,4,TITLE_HOLDER,86,30,10,10,FALSE,2004
LOTTE_2003_PLY_002497_GG,PLY_002497,6,GOLDEN_GLOVE,83,35,10,10,FALSE,2003
LOTTE_2006_PLY_002497_AS,PLY_002497,3,ALLSTAR,77,24,10,10,TRUE,2006
LOTTE_2004_PLY_002497_LN,PLY_002497,1,LIVE_NORMAL,61,12,10,0,TRUE,2004
LOTTE_2004_PLY_002497_AS,PLY_002497,3,ALLSTAR,82,24,10,10,TRUE,2004
LOTTE_2004_PLY_002498_AS,PLY_002498,3,ALLSTAR,74,24,10,10,TRUE,2004
LOTTE_2009_PLY_002498_LN,PLY_002498,1,LIVE_NORMAL,65,12,10,0,TRUE,2009
LOTTE_2010_PLY_002498_EPIC,PLY_002498,2,LIVE_EPIC,69,18,10,0,TRUE,2010
LOTTE_2014_PLY_002498_EPIC,PLY_002498,2,LIVE_EPIC,70,18,10,0,TRUE,2014
LOTTE_2008_PLY_002498_AS,PLY_002498,3,ALLSTAR,82,24,10,10,TRUE,2008
LOTTE_2013_PLY_002498_EPIC,PLY_002498,2,LIVE_EPIC,71,18,10,0,TRUE,2013
LOTTE_2010_PLY_002498_LN,PLY_002498,1,LIVE_NORMAL,58,12,10,0,TRUE,2010
LOTTE_2019_PLY_002498_LN,PLY_002498,1,LIVE_NORMAL,63,12,10,0,TRUE,2019
LOTTE_2006_PLY_002498_LN,PLY_002498,1,LIVE_NORMAL,65,12,10,0,TRUE,2006
LOTTE_2004_PLY_002498_LN,PLY_002498,1,LIVE_NORMAL,58,12,10,0,TRUE,2004
LOTTE_2008_PLY_002498_LN,PLY_002498,1,LIVE_NORMAL,65,12,10,0,TRUE,2008
LOTTE_2007_PLY_002498_LN,PLY_002498,1,LIVE_NORMAL,68,12,10,0,TRUE,2007
LOTTE_2009_PLY_002499_AS,PLY_002499,3,ALLSTAR,78,24,10,10,TRUE,2009
LOTTE_2013_PLY_002499_LN,PLY_002499,1,LIVE_NORMAL,60,12,10,0,TRUE,2013
LOTTE_2011_PLY_002499_TH,PLY_002499,4,TITLE_HOLDER,82,30,10,10,FALSE,2011
LOTTE_2013_PLY_002499_EPIC,PLY_002499,2,LIVE_EPIC,69,18,10,0,TRUE,2013
LOTTE_2012_PLY_002499_EPIC,PLY_002499,2,LIVE_EPIC,67,18,10,0,TRUE,2012
LOTTE_2010_PLY_002499_LN,PLY_002499,1,LIVE_NORMAL,57,12,10,0,TRUE,2010
LOTTE_2012_PLY_002499_AS,PLY_002499,3,ALLSTAR,79,24,10,10,TRUE,2012
LOTTE_2011_PLY_002500_LN,PLY_002500,1,LIVE_NORMAL,56,12,10,0,TRUE,2011
LOTTE_2015_PLY_002500_LN,PLY_002500,1,LIVE_NORMAL,64,12,10,0,TRUE,2015
LOTTE_2012_PLY_002500_AS,PLY_002500,3,ALLSTAR,79,24,10,10,TRUE,2012
LOTTE_2026_PLY_002500_AS,PLY_002500,3,ALLSTAR,82,24,10,10,TRUE,2026
LOTTE_2019_PLY_002500_AS,PLY_002500,3,ALLSTAR,82,24,10,10,TRUE,2019
LOTTE_2024_PLY_002500_LN,PLY_002500,1,LIVE_NORMAL,59,12,10,0,TRUE,2024
LOTTE_2020_PLY_002500_GG,PLY_002500,6,GOLDEN_GLOVE,86,35,10,10,FALSE,2020
LOTTE_2014_PLY_002500_TH,PLY_002500,4,TITLE_HOLDER,80,30,10,10,FALSE,2014
LOTTE_2019_PLY_002500_EPIC,PLY_002500,2,LIVE_EPIC,73,18,10,0,TRUE,2019
LOTTE_2015_PLY_002500_TH,PLY_002500,4,TITLE_HOLDER,82,30,10,10,FALSE,2015
LOTTE_2012_PLY_002500_EPIC,PLY_002500,2,LIVE_EPIC,71,18,10,0,TRUE,2012
LOTTE_2023_PLY_002501_LN,PLY_002501,1,LIVE_NORMAL,60,12,10,0,TRUE,2023
LOTTE_2026_PLY_002501_GG,PLY_002501,6,GOLDEN_GLOVE,88,35,10,10,FALSE,2026
LOTTE_2024_PLY_002501_AS,PLY_002501,3,ALLSTAR,81,24,10,10,TRUE,2024
LOTTE_2022_PLY_002501_AS,PLY_002501,3,ALLSTAR,78,24,10,10,TRUE,2022
LOTTE_2025_PLY_002501_TH,PLY_002501,4,TITLE_HOLDER,87,30,10,10,FALSE,2025
LOTTE_2025_PLY_002501_EPIC,PLY_002501,2,LIVE_EPIC,71,18,10,0,TRUE,2025
LOTTE_2025_PLY_002501_AS,PLY_002501,3,ALLSTAR,79,24,10,10,TRUE,2025
LOTTE_2024_PLY_002501_EPIC,PLY_002501,2,LIVE_EPIC,72,18,10,0,TRUE,2024
LOTTE_2002_PLY_002502_AS,PLY_002502,3,ALLSTAR,83,24,10,10,TRUE,2002
LOTTE_1999_PLY_002502_LN,PLY_002502,1,LIVE_NORMAL,65,12,10,0,TRUE,1999
LOTTE_2003_PLY_002502_EPIC,PLY_002502,2,LIVE_EPIC,67,18,10,0,TRUE,2003
LOTTE_2004_PLY_002502_LN,PLY_002502,1,LIVE_NORMAL,57,12,10,0,TRUE,2004
LOTTE_2003_PLY_002502_SIG,PLY_002502,5,SIGNATURE,91,40,10,10,FALSE,2003
LOTTE_2000_PLY_002502_SIG,PLY_002502,5,SIGNATURE,92,40,10,10,FALSE,2000
LOTTE_2003_PLY_002502_LN,PLY_002502,1,LIVE_NORMAL,61,12,10,0,TRUE,2003
LOTTE_2002_PLY_002502_TH,PLY_002502,4,TITLE_HOLDER,83,30,10,10,FALSE,2002
LOTTE_2024_PLY_002503_AS,PLY_002503,3,ALLSTAR,77,24,10,10,TRUE,2024
LOTTE_2023_PLY_002503_TH,PLY_002503,4,TITLE_HOLDER,83,30,10,10,FALSE,2023
LOTTE_2011_PLY_002504_LN,PLY_002504,1,LIVE_NORMAL,59,12,10,0,TRUE,2011
LOTTE_2015_PLY_002504_LN,PLY_002504,1,LIVE_NORMAL,63,12,10,0,TRUE,2015
LOTTE_2012_PLY_002504_LN,PLY_002504,1,LIVE_NORMAL,66,12,10,0,TRUE,2012
LOTTE_2014_PLY_002504_AS,PLY_002504,3,ALLSTAR,81,24,10,10,TRUE,2014
LOTTE_2019_PLY_002504_EPIC,PLY_002504,2,LIVE_EPIC,71,18,10,0,TRUE,2019
LOTTE_2010_PLY_002504_TH,PLY_002504,4,TITLE_HOLDER,86,30,10,10,FALSE,2010
LOTTE_2020_PLY_002504_LN,PLY_002504,1,LIVE_NORMAL,62,12,10,0,TRUE,2020
LOTTE_2015_PLY_002504_TH,PLY_002504,4,TITLE_HOLDER,84,30,10,10,FALSE,2015
LOTTE_2014_PLY_002504_GG,PLY_002504,6,GOLDEN_GLOVE,84,35,10,10,FALSE,2014
LOTTE_2019_PLY_002504_AS,PLY_002504,3,ALLSTAR,77,24,10,10,TRUE,2019
LOTTE_2012_PLY_002504_AS,PLY_002504,3,ALLSTAR,82,24,10,10,TRUE,2012
LOTTE_2024_PLY_002505_LN,PLY_002505,1,LIVE_NORMAL,57,12,10,0,TRUE,2024
LOTTE_2023_PLY_002505_LN,PLY_002505,1,LIVE_NORMAL,62,12,10,0,TRUE,2023
LOTTE_2024_PLY_002505_AS,PLY_002505,3,ALLSTAR,78,24,10,10,TRUE,2024
LOTTE_2022_PLY_002505_LN,PLY_002505,1,LIVE_NORMAL,63,12,10,0,TRUE,2022
LOTTE_2020_PLY_002505_TH,PLY_002505,4,TITLE_HOLDER,83,30,10,10,FALSE,2020
LOTTE_2021_PLY_002505_TH,PLY_002505,4,TITLE_HOLDER,81,30,10,10,FALSE,2021
LOTTE_2023_PLY_002505_EPIC,PLY_002505,2,LIVE_EPIC,73,18,10,0,TRUE,2023
LOTTE_2025_PLY_002505_LN,PLY_002505,1,LIVE_NORMAL,65,12,10,0,TRUE,2025
LOTTE_2014_PLY_002506_TH,PLY_002506,4,TITLE_HOLDER,84,30,10,10,FALSE,2014
LOTTE_2017_PLY_002506_LN,PLY_002506,1,LIVE_NORMAL,56,12,10,0,TRUE,2017
LOTTE_2019_PLY_002506_EPIC,PLY_002506,2,LIVE_EPIC,72,18,10,0,TRUE,2019
LOTTE_2011_PLY_002506_LN,PLY_002506,1,LIVE_NORMAL,67,12,10,0,TRUE,2011
LOTTE_2005_PLY_002506_LN,PLY_002506,1,LIVE_NORMAL,64,12,10,0,TRUE,2005
LOTTE_2006_PLY_002506_AS,PLY_002506,3,ALLSTAR,80,24,10,10,TRUE,2006
LOTTE_2012_PLY_002506_LN,PLY_002506,1,LIVE_NORMAL,61,12,10,0,TRUE,2012
LOTTE_2005_PLY_002506_EPIC,PLY_002506,2,LIVE_EPIC,76,18,10,0,TRUE,2005
LOTTE_2015_PLY_002506_LN,PLY_002506,1,LIVE_NORMAL,61,12,10,0,TRUE,2015
LOTTE_2008_PLY_002507_GG,PLY_002507,6,GOLDEN_GLOVE,84,35,10,10,FALSE,2008
LOTTE_2005_PLY_002507_AS,PLY_002507,3,ALLSTAR,79,24,10,10,TRUE,2005
LOTTE_2007_PLY_002507_LN,PLY_002507,1,LIVE_NORMAL,67,12,10,0,TRUE,2007
LOTTE_2005_PLY_002507_LN,PLY_002507,1,LIVE_NORMAL,62,12,10,0,TRUE,2005
LOTTE_2006_PLY_002507_EPIC,PLY_002507,2,LIVE_EPIC,70,18,10,0,TRUE,2006
LOTTE_2007_PLY_002507_AS,PLY_002507,3,ALLSTAR,78,24,10,10,TRUE,2007
LOTTE_2008_PLY_002507_LN,PLY_002507,1,LIVE_NORMAL,61,12,10,0,TRUE,2008
LOTTE_2026_PLY_002508_LN,PLY_002508,1,LIVE_NORMAL,63,12,10,0,TRUE,2026
LOTTE_2024_PLY_002508_LN,PLY_002508,1,LIVE_NORMAL,64,12,10,0,TRUE,2024
LOTTE_2019_PLY_002508_AS,PLY_002508,3,ALLSTAR,81,24,10,10,TRUE,2019
LOTTE_2023_PLY_002508_EPIC,PLY_002508,2,LIVE_EPIC,71,18,10,0,TRUE,2023
LOTTE_2019_PLY_002508_LN,PLY_002508,1,LIVE_NORMAL,65,12,10,0,TRUE,2019
LOTTE_2022_PLY_002508_EPIC,PLY_002508,2,LIVE_EPIC,72,18,10,0,TRUE,2022
LOTTE_2023_PLY_002508_LN,PLY_002508,1,LIVE_NORMAL,64,12,10,0,TRUE,2023
LOTTE_2022_PLY_002508_LN,PLY_002508,1,LIVE_NORMAL,65,12,10,0,TRUE,2022
LOTTE_2023_PLY_002508_GG,PLY_002508,6,GOLDEN_GLOVE,84,35,10,10,FALSE,2023
LOTTE_2000_PLY_002509_AS,PLY_002509,3,ALLSTAR,79,24,10,10,TRUE,2000
LOTTE_1999_PLY_002509_AS,PLY_002509,3,ALLSTAR,80,24,10,10,TRUE,1999
LOTTE_1999_PLY_002509_LN,PLY_002509,1,LIVE_NORMAL,66,12,10,0,TRUE,1999
LOTTE_2006_PLY_002509_EPIC,PLY_002509,2,LIVE_EPIC,68,18,10,0,TRUE,2006
LOTTE_2007_PLY_002509_LN,PLY_002509,1,LIVE_NORMAL,60,12,10,0,TRUE,2007
LOTTE_2004_PLY_002509_LN,PLY_002509,1,LIVE_NORMAL,64,12,10,0,TRUE,2004
LOTTE_2000_PLY_002509_LN,PLY_002509,1,LIVE_NORMAL,65,12,10,0,TRUE,2000
LOTTE_2008_PLY_002510_AS,PLY_002510,3,ALLSTAR,76,24,10,10,TRUE,2008
LOTTE_2007_PLY_002510_LN,PLY_002510,1,LIVE_NORMAL,64,12,10,0,TRUE,2007
LOTTE_1992_PLY_002511_LN,PLY_002511,1,LIVE_NORMAL,57,12,10,0,TRUE,1992
LOTTE_1998_PLY_002511_LN,PLY_002511,1,LIVE_NORMAL,56,12,10,0,TRUE,1998
LOTTE_2006_PLY_002512_EPIC,PLY_002512,2,LIVE_EPIC,72,18,10,0,TRUE,2006
LOTTE_2001_PLY_002512_AS,PLY_002512,3,ALLSTAR,75,24,10,10,TRUE,2001
LOTTE_2015_PLY_002512_TH,PLY_002512,4,TITLE_HOLDER,80,30,10,10,FALSE,2015
LOTTE_2011_PLY_002512_AS,PLY_002512,3,ALLSTAR,76,24,10,10,TRUE,2011
LOTTE_2014_PLY_002512_LN,PLY_002512,1,LIVE_NORMAL,56,12,10,0,TRUE,2014
LOTTE_2009_PLY_002512_LN,PLY_002512,1,LIVE_NORMAL,58,12,10,0,TRUE,2009
LOTTE_2007_PLY_002512_AS,PLY_002512,3,ALLSTAR,74,24,10,10,TRUE,2007
LOTTE_2003_PLY_002512_SIG,PLY_002512,5,SIGNATURE,93,40,10,10,FALSE,2003
LOTTE_2003_PLY_002512_EPIC,PLY_002512,2,LIVE_EPIC,71,18,10,0,TRUE,2003
LOTTE_2020_PLY_002513_EPIC,PLY_002513,2,LIVE_EPIC,69,18,10,0,TRUE,2020
LOTTE_2018_PLY_002513_LN,PLY_002513,1,LIVE_NORMAL,60,12,10,0,TRUE,2018
LOTTE_2011_PLY_002514_LN,PLY_002514,1,LIVE_NORMAL,64,12,10,0,TRUE,2011
LOTTE_2021_PLY_002514_LN,PLY_002514,1,LIVE_NORMAL,60,12,10,0,TRUE,2021
LOTTE_2026_PLY_002514_GG,PLY_002514,6,GOLDEN_GLOVE,83,35,10,10,FALSE,2026
LOTTE_2018_PLY_002514_EPIC,PLY_002514,2,LIVE_EPIC,67,18,10,0,TRUE,2018
LOTTE_2020_PLY_002514_EPIC,PLY_002514,2,LIVE_EPIC,65,18,10,0,TRUE,2020
LOTTE_2022_PLY_002514_LN,PLY_002514,1,LIVE_NORMAL,64,12,10,0,TRUE,2022
LOTTE_2014_PLY_002514_LN,PLY_002514,1,LIVE_NORMAL,55,12,10,0,TRUE,2014
LOTTE_2019_PLY_002514_EPIC,PLY_002514,2,LIVE_EPIC,70,18,10,0,TRUE,2019
LOTTE_2016_PLY_002514_TH,PLY_002514,4,TITLE_HOLDER,87,30,10,10,FALSE,2016
LOTTE_2013_PLY_002514_LN,PLY_002514,1,LIVE_NORMAL,61,12,10,0,TRUE,2013
LOTTE_1995_PLY_002515_AS,PLY_002515,3,ALLSTAR,76,24,10,10,TRUE,1995
LOTTE_1991_PLY_002515_LN,PLY_002515,1,LIVE_NORMAL,67,12,10,0,TRUE,1991
LOTTE_1997_PLY_002515_AS,PLY_002515,3,ALLSTAR,76,24,10,10,TRUE,1997
LOTTE_2020_PLY_002516_TH,PLY_002516,4,TITLE_HOLDER,83,30,10,10,FALSE,2020
LOTTE_2016_PLY_002516_LN,PLY_002516,1,LIVE_NORMAL,66,12,10,0,TRUE,2016
LOTTE_2023_PLY_002517_EPIC,PLY_002517,2,LIVE_EPIC,76,18,10,0,TRUE,2023
LOTTE_2025_PLY_002517_EPIC,PLY_002517,2,LIVE_EPIC,73,18,10,0,TRUE,2025
LOTTE_2006_PLY_002518_AS,PLY_002518,3,ALLSTAR,74,24,10,10,TRUE,2006
LOTTE_2015_PLY_002518_EPIC,PLY_002518,2,LIVE_EPIC,73,18,10,0,TRUE,2015
LOTTE_2021_PLY_002519_EPIC,PLY_002519,2,LIVE_EPIC,72,18,10,0,TRUE,2021
LOTTE_2024_PLY_002519_EPIC,PLY_002519,2,LIVE_EPIC,65,18,10,0,TRUE,2024
LOTTE_2025_PLY_002519_SIG,PLY_002519,5,SIGNATURE,88,40,10,10,FALSE,2025
LOTTE_2024_PLY_002519_LN,PLY_002519,1,LIVE_NORMAL,57,12,10,0,TRUE,2024
LOTTE_2024_PLY_002519_AS,PLY_002519,3,ALLSTAR,80,24,10,10,TRUE,2024
LOTTE_2021_PLY_002519_LN,PLY_002519,1,LIVE_NORMAL,59,12,10,0,TRUE,2021
LOTTE_2023_PLY_002519_TH,PLY_002519,4,TITLE_HOLDER,83,30,10,10,FALSE,2023
LOTTE_2022_PLY_002519_TH,PLY_002519,4,TITLE_HOLDER,81,30,10,10,FALSE,2022
LOTTE_2026_PLY_002519_AS,PLY_002519,3,ALLSTAR,81,24,10,10,TRUE,2026
LOTTE_2025_PLY_002520_LN,PLY_002520,1,LIVE_NORMAL,62,12,10,0,TRUE,2025
LOTTE_2020_PLY_002520_AS,PLY_002520,3,ALLSTAR,76,24,10,10,TRUE,2020
LOTTE_1988_PLY_002521_LN,PLY_002521,1,LIVE_NORMAL,56,12,10,0,TRUE,1988
LOTTE_1993_PLY_002521_AS,PLY_002521,3,ALLSTAR,81,24,10,10,TRUE,1993
LOTTE_1987_PLY_002521_LN,PLY_002521,1,LIVE_NORMAL,66,12,10,0,TRUE,1987
LOTTE_1993_PLY_002521_EPIC,PLY_002521,2,LIVE_EPIC,72,18,10,0,TRUE,1993
LOTTE_1988_PLY_002521_SIG,PLY_002521,5,SIGNATURE,87,40,10,10,FALSE,1988
LOTTE_1992_PLY_002521_AS,PLY_002521,3,ALLSTAR,78,24,10,10,TRUE,1992
LOTTE_1992_PLY_002521_EPIC,PLY_002521,2,LIVE_EPIC,72,18,10,0,TRUE,1992
LOTTE_1991_PLY_002521_AS,PLY_002521,3,ALLSTAR,77,24,10,10,TRUE,1991
LOTTE_1991_PLY_002521_LN,PLY_002521,1,LIVE_NORMAL,55,12,10,0,TRUE,1991
LOTTE_1993_PLY_002522_LN,PLY_002522,1,LIVE_NORMAL,60,12,10,0,TRUE,1993
LOTTE_1997_PLY_002522_LN,PLY_002522,1,LIVE_NORMAL,66,12,10,0,TRUE,1997
LOTTE_1997_PLY_002522_TH,PLY_002522,4,TITLE_HOLDER,82,30,10,10,FALSE,1997
LOTTE_1995_PLY_002522_LN,PLY_002522,1,LIVE_NORMAL,62,12,10,0,TRUE,1995
LOTTE_1998_PLY_002522_TH,PLY_002522,4,TITLE_HOLDER,80,30,10,10,FALSE,1998
LOTTE_2002_PLY_002523_TH,PLY_002523,4,TITLE_HOLDER,86,30,10,10,FALSE,2002
LOTTE_1997_PLY_002523_LN,PLY_002523,1,LIVE_NORMAL,66,12,10,0,TRUE,1997
LOTTE_2007_PLY_002523_EPIC,PLY_002523,2,LIVE_EPIC,70,18,10,0,TRUE,2007
LOTTE_1999_PLY_002523_EPIC,PLY_002523,2,LIVE_EPIC,67,18,10,0,TRUE,1999
LOTTE_2005_PLY_002524_EPIC,PLY_002524,2,LIVE_EPIC,70,18,10,0,TRUE,2005
LOTTE_2004_PLY_002524_LN,PLY_002524,1,LIVE_NORMAL,56,12,10,0,TRUE,2004
LOTTE_2005_PLY_002524_AS,PLY_002524,3,ALLSTAR,81,24,10,10,TRUE,2005
LOTTE_2006_PLY_002524_TH,PLY_002524,4,TITLE_HOLDER,81,30,10,10,FALSE,2006
LOTTE_2001_PLY_002524_GG,PLY_002524,6,GOLDEN_GLOVE,89,35,10,10,FALSE,2001
LOTTE_2000_PLY_002524_EPIC,PLY_002524,2,LIVE_EPIC,68,18,10,0,TRUE,2000
LOTTE_2002_PLY_002524_LN,PLY_002524,1,LIVE_NORMAL,59,12,10,0,TRUE,2002
LOTTE_1998_PLY_002525_AS,PLY_002525,3,ALLSTAR,78,24,10,10,TRUE,1998
LOTTE_2003_PLY_002525_EPIC,PLY_002525,2,LIVE_EPIC,71,18,10,0,TRUE,2003
LOTTE_1999_PLY_002525_LN,PLY_002525,1,LIVE_NORMAL,67,12,10,0,TRUE,1999
LOTTE_2006_PLY_002525_LN,PLY_002525,1,LIVE_NORMAL,66,12,10,0,TRUE,2006
LOTTE_1999_PLY_002525_EPIC,PLY_002525,2,LIVE_EPIC,66,18,10,0,TRUE,1999
LOTTE_1998_PLY_002525_LN,PLY_002525,1,LIVE_NORMAL,58,12,10,0,TRUE,1998
LOTTE_2004_PLY_002525_EPIC,PLY_002525,2,LIVE_EPIC,66,18,10,0,TRUE,2004
LOTTE_2009_PLY_002525_LN,PLY_002525,1,LIVE_NORMAL,66,12,10,0,TRUE,2009
LOTTE_2025_PLY_002526_EPIC,PLY_002526,2,LIVE_EPIC,70,18,10,0,TRUE,2025
LOTTE_2023_PLY_002526_EPIC,PLY_002526,2,LIVE_EPIC,65,18,10,0,TRUE,2023
LOTTE_2024_PLY_002526_EPIC,PLY_002526,2,LIVE_EPIC,70,18,10,0,TRUE,2024
LOTTE_2023_PLY_002526_TH,PLY_002526,4,TITLE_HOLDER,84,30,10,10,FALSE,2023
LOTTE_2024_PLY_002526_LN,PLY_002526,1,LIVE_NORMAL,64,12,10,0,TRUE,2024
LOTTE_2024_PLY_002526_TH,PLY_002526,4,TITLE_HOLDER,82,30,10,10,FALSE,2024
LOTTE_2018_PLY_002527_EPIC,PLY_002527,2,LIVE_EPIC,69,18,10,0,TRUE,2018
LOTTE_2017_PLY_002527_LN,PLY_002527,1,LIVE_NORMAL,58,12,10,0,TRUE,2017
LOTTE_2018_PLY_002527_AS,PLY_002527,3,ALLSTAR,75,24,10,10,TRUE,2018
LOTTE_2023_PLY_002528_TH,PLY_002528,4,TITLE_HOLDER,82,30,10,10,FALSE,2023
LOTTE_2023_PLY_002528_EPIC,PLY_002528,2,LIVE_EPIC,75,18,10,0,TRUE,2023
LOTTE_2021_PLY_002528_AS,PLY_002528,3,ALLSTAR,76,24,10,10,TRUE,2021
LOTTE_2026_PLY_002528_EPIC,PLY_002528,2,LIVE_EPIC,68,18,10,0,TRUE,2026
LOTTE_2020_PLY_002528_EPIC,PLY_002528,2,LIVE_EPIC,68,18,10,0,TRUE,2020
LOTTE_2021_PLY_002528_LN,PLY_002528,1,LIVE_NORMAL,60,12,10,0,TRUE,2021
LOTTE_2007_PLY_002529_EPIC,PLY_002529,2,LIVE_EPIC,66,18,10,0,TRUE,2007
LOTTE_2017_PLY_002529_AS,PLY_002529,3,ALLSTAR,81,24,10,10,TRUE,2017
LOTTE_2005_PLY_002529_EPIC,PLY_002529,2,LIVE_EPIC,75,18,10,0,TRUE,2005
LOTTE_2011_PLY_002529_TH,PLY_002529,4,TITLE_HOLDER,80,30,10,10,FALSE,2011
LOTTE_2000_PLY_002530_LN,PLY_002530,1,LIVE_NORMAL,63,12,10,0,TRUE,2000
LOTTE_2007_PLY_002530_EPIC,PLY_002530,2,LIVE_EPIC,70,18,10,0,TRUE,2007
LOTTE_1998_PLY_002530_TH,PLY_002530,4,TITLE_HOLDER,85,30,10,10,FALSE,1998
LOTTE_1998_PLY_002530_EPIC,PLY_002530,2,LIVE_EPIC,70,18,10,0,TRUE,1998
LOTTE_2010_PLY_002530_GG,PLY_002530,6,GOLDEN_GLOVE,90,35,10,10,FALSE,2010
LOTTE_2006_PLY_002530_LN,PLY_002530,1,LIVE_NORMAL,58,12,10,0,TRUE,2006
LOTTE_2002_PLY_002530_EPIC,PLY_002530,2,LIVE_EPIC,70,18,10,0,TRUE,2002
LOTTE_1998_PLY_002530_AS,PLY_002530,3,ALLSTAR,75,24,10,10,TRUE,1998
LOTTE_2009_PLY_002530_AS,PLY_002530,3,ALLSTAR,79,24,10,10,TRUE,2009
LOTTE_2008_PLY_002530_AS,PLY_002530,3,ALLSTAR,81,24,10,10,TRUE,2008
LOTTE_2008_PLY_002530_EPIC,PLY_002530,2,LIVE_EPIC,72,18,10,0,TRUE,2008
LOTTE_1988_PLY_002531_AS,PLY_002531,3,ALLSTAR,82,24,10,10,TRUE,1988
LOTTE_1994_PLY_002531_AS,PLY_002531,3,ALLSTAR,74,24,10,10,TRUE,1994
LOTTE_1992_PLY_002531_AS,PLY_002531,3,ALLSTAR,77,24,10,10,TRUE,1992
LOTTE_1991_PLY_002531_LN,PLY_002531,1,LIVE_NORMAL,63,12,10,0,TRUE,1991
LOTTE_1995_PLY_002531_EPIC,PLY_002531,2,LIVE_EPIC,67,18,10,0,TRUE,1995
LOTTE_1994_PLY_002531_TH,PLY_002531,4,TITLE_HOLDER,84,30,10,10,FALSE,1994
LOTTE_1994_PLY_002531_LN,PLY_002531,1,LIVE_NORMAL,61,12,10,0,TRUE,1994
LOTTE_1992_PLY_002532_AS,PLY_002532,3,ALLSTAR,83,24,10,10,TRUE,1992
LOTTE_1993_PLY_002532_LN,PLY_002532,1,LIVE_NORMAL,67,12,10,0,TRUE,1993
LOTTE_1989_PLY_002532_EPIC,PLY_002532,2,LIVE_EPIC,73,18,10,0,TRUE,1989
LOTTE_1987_PLY_002532_LN,PLY_002532,1,LIVE_NORMAL,68,12,10,0,TRUE,1987
LOTTE_1990_PLY_002532_LN,PLY_002532,1,LIVE_NORMAL,60,12,10,0,TRUE,1990
LOTTE_2025_PLY_002533_LN,PLY_002533,1,LIVE_NORMAL,66,12,10,0,TRUE,2025
LOTTE_2021_PLY_002533_EPIC,PLY_002533,2,LIVE_EPIC,72,18,10,0,TRUE,2021
LOTTE_2021_PLY_002533_LN,PLY_002533,1,LIVE_NORMAL,66,12,10,0,TRUE,2021
LOTTE_2026_PLY_002533_EPIC,PLY_002533,2,LIVE_EPIC,74,18,10,0,TRUE,2026
LOTTE_2022_PLY_002533_AS,PLY_002533,3,ALLSTAR,76,24,10,10,TRUE,2022
LOTTE_2020_PLY_002533_LN,PLY_002533,1,LIVE_NORMAL,65,12,10,0,TRUE,2020
LOTTE_2019_PLY_002533_EPIC,PLY_002533,2,LIVE_EPIC,67,18,10,0,TRUE,2019
LOTTE_2023_PLY_002533_EPIC,PLY_002533,2,LIVE_EPIC,74,18,10,0,TRUE,2023
LOTTE_1995_PLY_002534_GG,PLY_002534,6,GOLDEN_GLOVE,85,35,10,10,FALSE,1995
LOTTE_1989_PLY_002534_GG,PLY_002534,6,GOLDEN_GLOVE,87,35,10,10,FALSE,1989
LOTTE_1991_PLY_002534_GG,PLY_002534,6,GOLDEN_GLOVE,86,35,10,10,FALSE,1991
LOTTE_1991_PLY_002534_EPIC,PLY_002534,2,LIVE_EPIC,66,18,10,0,TRUE,1991
LOTTE_2006_PLY_002535_LN,PLY_002535,1,LIVE_NORMAL,60,12,10,0,TRUE,2006
LOTTE_1999_PLY_002535_EPIC,PLY_002535,2,LIVE_EPIC,74,18,10,0,TRUE,1999
LOTTE_1995_PLY_002535_AS,PLY_002535,3,ALLSTAR,81,24,10,10,TRUE,1995
LOTTE_1997_PLY_002535_LN,PLY_002535,1,LIVE_NORMAL,66,12,10,0,TRUE,1997
LOTTE_1991_PLY_002535_EPIC,PLY_002535,2,LIVE_EPIC,65,18,10,0,TRUE,1991
LOTTE_1997_PLY_002535_EPIC,PLY_002535,2,LIVE_EPIC,74,18,10,0,TRUE,1997
LOTTE_2000_PLY_002535_AS,PLY_002535,3,ALLSTAR,80,24,10,10,TRUE,2000
LOTTE_1998_PLY_002536_EPIC,PLY_002536,2,LIVE_EPIC,76,18,10,0,TRUE,1998
LOTTE_1993_PLY_002536_LN,PLY_002536,1,LIVE_NORMAL,65,12,10,0,TRUE,1993
LOTTE_2000_PLY_002536_LN,PLY_002536,1,LIVE_NORMAL,55,12,10,0,TRUE,2000
LOTTE_2000_PLY_002536_AS,PLY_002536,3,ALLSTAR,83,24,10,10,TRUE,2000
LOTTE_1987_PLY_002536_LN,PLY_002536,1,LIVE_NORMAL,62,12,10,0,TRUE,1987
LOTTE_1996_PLY_002536_AS,PLY_002536,3,ALLSTAR,83,24,10,10,TRUE,1996
LOTTE_2010_PLY_002537_LN,PLY_002537,1,LIVE_NORMAL,66,12,10,0,TRUE,2010
LOTTE_2013_PLY_002537_LN,PLY_002537,1,LIVE_NORMAL,55,12,10,0,TRUE,2013
LOTTE_2006_PLY_002537_EPIC,PLY_002537,2,LIVE_EPIC,75,18,10,0,TRUE,2006
LOTTE_2009_PLY_002537_LN,PLY_002537,1,LIVE_NORMAL,66,12,10,0,TRUE,2009
LOTTE_2012_PLY_002537_LN,PLY_002537,1,LIVE_NORMAL,60,12,10,0,TRUE,2012
LOTTE_2013_PLY_002537_AS,PLY_002537,3,ALLSTAR,74,24,10,10,TRUE,2013
LOTTE_2009_PLY_002537_AS,PLY_002537,3,ALLSTAR,82,24,10,10,TRUE,2009
LOTTE_2013_PLY_002537_TH,PLY_002537,4,TITLE_HOLDER,82,30,10,10,FALSE,2013
LOTTE_2012_PLY_002537_AS,PLY_002537,3,ALLSTAR,76,24,10,10,TRUE,2012
LOTTE_2007_PLY_002537_LN,PLY_002537,1,LIVE_NORMAL,59,12,10,0,TRUE,2007
LOTTE_2001_PLY_002538_AS,PLY_002538,3,ALLSTAR,80,24,10,10,TRUE,2001
LOTTE_2001_PLY_002538_LN,PLY_002538,1,LIVE_NORMAL,57,12,10,0,TRUE,2001
LOTTE_1994_PLY_002538_EPIC,PLY_002538,2,LIVE_EPIC,70,18,10,0,TRUE,1994
LOTTE_2026_PLY_002539_LN,PLY_002539,1,LIVE_NORMAL,65,12,10,0,TRUE,2026
LOTTE_2025_PLY_002539_TH,PLY_002539,4,TITLE_HOLDER,84,30,10,10,FALSE,2025
LOTTE_2023_PLY_002539_LN,PLY_002539,1,LIVE_NORMAL,61,12,10,0,TRUE,2023
LOTTE_2025_PLY_002539_EPIC,PLY_002539,2,LIVE_EPIC,68,18,10,0,TRUE,2025
LOTTE_2002_PLY_002540_LN,PLY_002540,1,LIVE_NORMAL,62,12,10,0,TRUE,2002
LOTTE_2003_PLY_002540_EPIC,PLY_002540,2,LIVE_EPIC,70,18,10,0,TRUE,2003
LOTTE_2001_PLY_002540_LN,PLY_002540,1,LIVE_NORMAL,59,12,10,0,TRUE,2001
LOTTE_2008_PLY_002540_LN,PLY_002540,1,LIVE_NORMAL,65,12,10,0,TRUE,2008
LOTTE_2008_PLY_002540_GG,PLY_002540,6,GOLDEN_GLOVE,85,35,10,10,FALSE,2008
LOTTE_2004_PLY_002540_AS,PLY_002540,3,ALLSTAR,79,24,10,10,TRUE,2004
LOTTE_2003_PLY_002540_LN,PLY_002540,1,LIVE_NORMAL,66,12,10,0,TRUE,2003
LOTTE_2026_PLY_002541_EPIC,PLY_002541,2,LIVE_EPIC,73,18,10,0,TRUE,2026
LOTTE_2023_PLY_002541_EPIC,PLY_002541,2,LIVE_EPIC,70,18,10,0,TRUE,2023
LOTTE_2026_PLY_002541_AS,PLY_002541,3,ALLSTAR,81,24,10,10,TRUE,2026
LOTTE_2011_PLY_002542_TH,PLY_002542,4,TITLE_HOLDER,82,30,10,10,FALSE,2011
LOTTE_2017_PLY_002542_LN,PLY_002542,1,LIVE_NORMAL,63,12,10,0,TRUE,2017
LOTTE_2016_PLY_002543_EPIC,PLY_002543,2,LIVE_EPIC,68,18,10,0,TRUE,2016
LOTTE_2021_PLY_002543_LN,PLY_002543,1,LIVE_NORMAL,55,12,10,0,TRUE,2021
LOTTE_2016_PLY_002544_EPIC,PLY_002544,2,LIVE_EPIC,66,18,10,0,TRUE,2016
LOTTE_2014_PLY_002544_EPIC,PLY_002544,2,LIVE_EPIC,66,18,10,0,TRUE,2014
LOTTE_2026_PLY_002544_LN,PLY_002544,1,LIVE_NORMAL,56,12,10,0,TRUE,2026
LOTTE_2017_PLY_002544_LN,PLY_002544,1,LIVE_NORMAL,68,12,10,0,TRUE,2017
LOTTE_2021_PLY_002544_AS,PLY_002544,3,ALLSTAR,83,24,10,10,TRUE,2021
LOTTE_2023_PLY_002544_LN,PLY_002544,1,LIVE_NORMAL,58,12,10,0,TRUE,2023
LOTTE_2024_PLY_002544_GG,PLY_002544,6,GOLDEN_GLOVE,88,35,10,10,FALSE,2024
LOTTE_2015_PLY_002544_EPIC,PLY_002544,2,LIVE_EPIC,72,18,10,0,TRUE,2015
LOTTE_2015_PLY_002544_LN,PLY_002544,1,LIVE_NORMAL,56,12,10,0,TRUE,2015
LOTTE_2002_PLY_002545_LN,PLY_002545,1,LIVE_NORMAL,57,12,10,0,TRUE,2002
LOTTE_2001_PLY_002545_SIG,PLY_002545,5,SIGNATURE,88,40,10,10,FALSE,2001
LOTTE_2003_PLY_002545_SIG,PLY_002545,5,SIGNATURE,93,40,10,10,FALSE,2003
LOTTE_1996_PLY_002545_LN,PLY_002545,1,LIVE_NORMAL,57,12,10,0,TRUE,1996
LOTTE_2006_PLY_002546_LN,PLY_002546,1,LIVE_NORMAL,66,12,10,0,TRUE,2006
LOTTE_2009_PLY_002546_EPIC,PLY_002546,2,LIVE_EPIC,74,18,10,0,TRUE,2009
LOTTE_2007_PLY_002546_LN,PLY_002546,1,LIVE_NORMAL,63,12,10,0,TRUE,2007
LOTTE_2009_PLY_002546_LN,PLY_002546,1,LIVE_NORMAL,65,12,10,0,TRUE,2009
LOTTE_2004_PLY_002546_AS,PLY_002546,3,ALLSTAR,82,24,10,10,TRUE,2004
LOTTE_2011_PLY_002546_TH,PLY_002546,4,TITLE_HOLDER,82,30,10,10,FALSE,2011
LOTTE_2010_PLY_002546_LN,PLY_002546,1,LIVE_NORMAL,59,12,10,0,TRUE,2010
LOTTE_2011_PLY_002546_LN,PLY_002546,1,LIVE_NORMAL,65,12,10,0,TRUE,2011
LOTTE_2007_PLY_002546_TH,PLY_002546,4,TITLE_HOLDER,81,30,10,10,FALSE,2007
LOTTE_2013_PLY_002546_GG,PLY_002546,6,GOLDEN_GLOVE,86,35,10,10,FALSE,2013
LOTTE_2002_PLY_002546_LN,PLY_002546,1,LIVE_NORMAL,61,12,10,0,TRUE,2002
LOTTE_1998_PLY_002547_AS,PLY_002547,3,ALLSTAR,75,24,10,10,TRUE,1998
LOTTE_1999_PLY_002547_SIG,PLY_002547,5,SIGNATURE,94,40,10,10,FALSE,1999
LOTTE_1999_PLY_002547_LN,PLY_002547,1,LIVE_NORMAL,64,12,10,0,TRUE,1999
LOTTE_2000_PLY_002547_LN,PLY_002547,1,LIVE_NORMAL,63,12,10,0,TRUE,2000
LOTTE_2001_PLY_002547_EPIC,PLY_002547,2,LIVE_EPIC,75,18,10,0,TRUE,2001
LOTTE_2001_PLY_002547_TH,PLY_002547,4,TITLE_HOLDER,80,30,10,10,FALSE,2001
LOTTE_1999_PLY_002547_EPIC,PLY_002547,2,LIVE_EPIC,70,18,10,0,TRUE,1999
LOTTE_2025_PLY_002548_LN,PLY_002548,1,LIVE_NORMAL,56,12,10,0,TRUE,2025
LOTTE_2015_PLY_002548_GG,PLY_002548,6,GOLDEN_GLOVE,90,35,10,10,FALSE,2015
LOTTE_2020_PLY_002548_EPIC,PLY_002548,2,LIVE_EPIC,68,18,10,0,TRUE,2020
LOTTE_2018_PLY_002548_EPIC,PLY_002548,2,LIVE_EPIC,71,18,10,0,TRUE,2018
LOTTE_2020_PLY_002548_LN,PLY_002548,1,LIVE_NORMAL,57,12,10,0,TRUE,2020
LOTTE_2024_PLY_002548_EPIC,PLY_002548,2,LIVE_EPIC,69,18,10,0,TRUE,2024
LOTTE_2022_PLY_002548_LN,PLY_002548,1,LIVE_NORMAL,59,12,10,0,TRUE,2022
LOTTE_2015_PLY_002548_LN,PLY_002548,1,LIVE_NORMAL,66,12,10,0,TRUE,2015
LOTTE_2015_PLY_002548_TH,PLY_002548,4,TITLE_HOLDER,84,30,10,10,FALSE,2015
LOTTE_2026_PLY_002549_LN,PLY_002549,1,LIVE_NORMAL,58,12,10,0,TRUE,2026
LOTTE_2021_PLY_002549_LN,PLY_002549,1,LIVE_NORMAL,56,12,10,0,TRUE,2021
LOTTE_2022_PLY_002549_LN,PLY_002549,1,LIVE_NORMAL,55,12,10,0,TRUE,2022
LOTTE_2026_PLY_002549_AS,PLY_002549,3,ALLSTAR,76,24,10,10,TRUE,2026
LOTTE_2021_PLY_002549_EPIC,PLY_002549,2,LIVE_EPIC,71,18,10,0,TRUE,2021
LOTTE_2025_PLY_002549_LN,PLY_002549,1,LIVE_NORMAL,59,12,10,0,TRUE,2025
LOTTE_2023_PLY_002549_AS,PLY_002549,3,ALLSTAR,78,24,10,10,TRUE,2023
LOTTE_2022_PLY_002549_EPIC,PLY_002549,2,LIVE_EPIC,73,18,10,0,TRUE,2022
LOTTE_2015_PLY_002550_EPIC,PLY_002550,2,LIVE_EPIC,72,18,10,0,TRUE,2015
LOTTE_2025_PLY_002550_EPIC,PLY_002550,2,LIVE_EPIC,68,18,10,0,TRUE,2025
LOTTE_2019_PLY_002550_TH,PLY_002550,4,TITLE_HOLDER,84,30,10,10,FALSE,2019
LOTTE_2020_PLY_002551_EPIC,PLY_002551,2,LIVE_EPIC,66,18,10,0,TRUE,2020
LOTTE_2025_PLY_002551_EPIC,PLY_002551,2,LIVE_EPIC,69,18,10,0,TRUE,2025
LOTTE_2023_PLY_002551_TH,PLY_002551,4,TITLE_HOLDER,86,30,10,10,FALSE,2023
LOTTE_2019_PLY_002551_LN,PLY_002551,1,LIVE_NORMAL,65,12,10,0,TRUE,2019
LOTTE_2022_PLY_002551_LN,PLY_002551,1,LIVE_NORMAL,68,12,10,0,TRUE,2022
LOTTE_2019_PLY_002551_AS,PLY_002551,3,ALLSTAR,79,24,10,10,TRUE,2019
LOTTE_2011_PLY_002552_SIG,PLY_002552,5,SIGNATURE,90,40,10,10,FALSE,2011
LOTTE_2015_PLY_002552_GG,PLY_002552,6,GOLDEN_GLOVE,90,35,10,10,FALSE,2015
LOTTE_2011_PLY_002552_EPIC,PLY_002552,2,LIVE_EPIC,73,18,10,0,TRUE,2011
LOTTE_2015_PLY_002552_LN,PLY_002552,1,LIVE_NORMAL,57,12,10,0,TRUE,2015
LOTTE_2012_PLY_002552_AS,PLY_002552,3,ALLSTAR,77,24,10,10,TRUE,2012
LOTTE_2020_PLY_002553_LN,PLY_002553,1,LIVE_NORMAL,55,12,10,0,TRUE,2020
LOTTE_2023_PLY_002553_TH,PLY_002553,4,TITLE_HOLDER,81,30,10,10,FALSE,2023
LOTTE_2008_PLY_002553_EPIC,PLY_002553,2,LIVE_EPIC,74,18,10,0,TRUE,2008
LOTTE_2004_PLY_002553_AS,PLY_002553,3,ALLSTAR,79,24,10,10,TRUE,2004
LOTTE_2007_PLY_002553_AS,PLY_002553,3,ALLSTAR,83,24,10,10,TRUE,2007
LOTTE_2009_PLY_002553_AS,PLY_002553,3,ALLSTAR,76,24,10,10,TRUE,2009
LOTTE_2007_PLY_002554_EPIC,PLY_002554,2,LIVE_EPIC,74,18,10,0,TRUE,2007
LOTTE_2015_PLY_002554_LN,PLY_002554,1,LIVE_NORMAL,68,12,10,0,TRUE,2015
LOTTE_2022_PLY_002555_LN,PLY_002555,1,LIVE_NORMAL,65,12,10,0,TRUE,2022
LOTTE_2020_PLY_002555_EPIC,PLY_002555,2,LIVE_EPIC,65,18,10,0,TRUE,2020
LOTTE_2025_PLY_002555_GG,PLY_002555,6,GOLDEN_GLOVE,86,35,10,10,FALSE,2025
LOTTE_2024_PLY_002555_AS,PLY_002555,3,ALLSTAR,82,24,10,10,TRUE,2024
LOTTE_2025_PLY_002555_EPIC,PLY_002555,2,LIVE_EPIC,74,18,10,0,TRUE,2025
LOTTE_2024_PLY_002555_LN,PLY_002555,1,LIVE_NORMAL,57,12,10,0,TRUE,2024
LOTTE_2021_PLY_002555_LN,PLY_002555,1,LIVE_NORMAL,63,12,10,0,TRUE,2021
LOTTE_2023_PLY_002555_EPIC,PLY_002555,2,LIVE_EPIC,75,18,10,0,TRUE,2023
LOTTE_2020_PLY_002555_AS,PLY_002555,3,ALLSTAR,75,24,10,10,TRUE,2020
LOTTE_2025_PLY_002555_TH,PLY_002555,4,TITLE_HOLDER,84,30,10,10,FALSE,2025
LOTTE_2022_PLY_002555_EPIC,PLY_002555,2,LIVE_EPIC,75,18,10,0,TRUE,2022
LOTTE_1991_PLY_002556_LN,PLY_002556,1,LIVE_NORMAL,62,12,10,0,TRUE,1991
LOTTE_1997_PLY_002556_LN,PLY_002556,1,LIVE_NORMAL,57,12,10,0,TRUE,1997
LOTTE_2001_PLY_002556_TH,PLY_002556,4,TITLE_HOLDER,80,30,10,10,FALSE,2001
LOTTE_1990_PLY_002556_EPIC,PLY_002556,2,LIVE_EPIC,68,18,10,0,TRUE,1990
LOTTE_2001_PLY_002556_LN,PLY_002556,1,LIVE_NORMAL,65,12,10,0,TRUE,2001
LOTTE_1988_PLY_002556_TH,PLY_002556,4,TITLE_HOLDER,80,30,10,10,FALSE,1988
LOTTE_1996_PLY_002556_LN,PLY_002556,1,LIVE_NORMAL,59,12,10,0,TRUE,1996
LOTTE_2002_PLY_002556_LN,PLY_002556,1,LIVE_NORMAL,63,12,10,0,TRUE,2002
LOTTE_1995_PLY_002556_EPIC,PLY_002556,2,LIVE_EPIC,72,18,10,0,TRUE,1995
LOTTE_2004_PLY_002556_LN,PLY_002556,1,LIVE_NORMAL,55,12,10,0,TRUE,2004
LOTTE_2000_PLY_002556_EPIC,PLY_002556,2,LIVE_EPIC,66,18,10,0,TRUE,2000
LOTTE_2026_PLY_002557_EPIC,PLY_002557,2,LIVE_EPIC,66,18,10,0,TRUE,2026
LOTTE_2024_PLY_002557_EPIC,PLY_002557,2,LIVE_EPIC,67,18,10,0,TRUE,2024
LOTTE_2023_PLY_002557_TH,PLY_002557,4,TITLE_HOLDER,85,30,10,10,FALSE,2023
LOTTE_1993_PLY_002558_EPIC,PLY_002558,2,LIVE_EPIC,69,18,10,0,TRUE,1993
LOTTE_1997_PLY_002558_LN,PLY_002558,1,LIVE_NORMAL,55,12,10,0,TRUE,1997
LOTTE_2014_PLY_002559_AS,PLY_002559,3,ALLSTAR,75,24,10,10,TRUE,2014
LOTTE_2018_PLY_002559_LN,PLY_002559,1,LIVE_NORMAL,62,12,10,0,TRUE,2018
LOTTE_2008_PLY_002559_TH,PLY_002559,4,TITLE_HOLDER,83,30,10,10,FALSE,2008
LOTTE_2016_PLY_002559_LN,PLY_002559,1,LIVE_NORMAL,56,12,10,0,TRUE,2016
LOTTE_2020_PLY_002560_AS,PLY_002560,3,ALLSTAR,80,24,10,10,TRUE,2020
LOTTE_2025_PLY_002560_LN,PLY_002560,1,LIVE_NORMAL,59,12,10,0,TRUE,2025
LOTTE_2023_PLY_002560_LN,PLY_002560,1,LIVE_NORMAL,68,12,10,0,TRUE,2023
LOTTE_2023_PLY_002560_EPIC,PLY_002560,2,LIVE_EPIC,76,18,10,0,TRUE,2023
LOTTE_2020_PLY_002560_TH,PLY_002560,4,TITLE_HOLDER,81,30,10,10,FALSE,2020
LOTTE_1994_PLY_002561_LN,PLY_002561,1,LIVE_NORMAL,58,12,10,0,TRUE,1994
LOTTE_1997_PLY_002561_LN,PLY_002561,1,LIVE_NORMAL,59,12,10,0,TRUE,1997
LOTTE_1989_PLY_002561_LN,PLY_002561,1,LIVE_NORMAL,68,12,10,0,TRUE,1989
LOTTE_1998_PLY_002561_LN,PLY_002561,1,LIVE_NORMAL,55,12,10,0,TRUE,1998
LOTTE_2026_PLY_002562_SIG,PLY_002562,5,SIGNATURE,88,40,10,10,FALSE,2026
LOTTE_2026_PLY_002562_LN,PLY_002562,1,LIVE_NORMAL,60,12,10,0,TRUE,2026
LOTTE_2026_PLY_002562_EPIC,PLY_002562,2,LIVE_EPIC,66,18,10,0,TRUE,2026
LOTTE_2025_PLY_002562_EPIC,PLY_002562,2,LIVE_EPIC,67,18,10,0,TRUE,2025
LOTTE_2022_PLY_002562_EPIC,PLY_002562,2,LIVE_EPIC,76,18,10,0,TRUE,2022
LOTTE_2024_PLY_002562_TH,PLY_002562,4,TITLE_HOLDER,86,30,10,10,FALSE,2024
LOTTE_2024_PLY_002562_LN,PLY_002562,1,LIVE_NORMAL,57,12,10,0,TRUE,2024
LOTTE_2003_PLY_002563_LN,PLY_002563,1,LIVE_NORMAL,57,12,10,0,TRUE,2003
LOTTE_2004_PLY_002563_LN,PLY_002563,1,LIVE_NORMAL,60,12,10,0,TRUE,2004
LOTTE_2005_PLY_002563_LN,PLY_002563,1,LIVE_NORMAL,55,12,10,0,TRUE,2005
LOTTE_2011_PLY_002563_EPIC,PLY_002563,2,LIVE_EPIC,72,18,10,0,TRUE,2011
LOTTE_2006_PLY_002563_LN,PLY_002563,1,LIVE_NORMAL,61,12,10,0,TRUE,2006
LOTTE_2008_PLY_002563_LN,PLY_002563,1,LIVE_NORMAL,63,12,10,0,TRUE,2008
LOTTE_2012_PLY_002564_LN,PLY_002564,1,LIVE_NORMAL,61,12,10,0,TRUE,2012
LOTTE_1997_PLY_002564_AS,PLY_002564,3,ALLSTAR,77,24,10,10,TRUE,1997
LOTTE_2015_PLY_002565_EPIC,PLY_002565,2,LIVE_EPIC,74,18,10,0,TRUE,2015
LOTTE_2015_PLY_002565_AS,PLY_002565,3,ALLSTAR,83,24,10,10,TRUE,2015
LOTTE_2020_PLY_002565_LN,PLY_002565,1,LIVE_NORMAL,64,12,10,0,TRUE,2020
LOTTE_2016_PLY_002566_GG,PLY_002566,6,GOLDEN_GLOVE,83,35,10,10,FALSE,2016
LOTTE_2015_PLY_002566_LN,PLY_002566,1,LIVE_NORMAL,60,12,10,0,TRUE,2015
LOTTE_2014_PLY_002566_TH,PLY_002566,4,TITLE_HOLDER,83,30,10,10,FALSE,2014
LOTTE_2016_PLY_002566_LN,PLY_002566,1,LIVE_NORMAL,66,12,10,0,TRUE,2016
LOTTE_2014_PLY_002566_LN,PLY_002566,1,LIVE_NORMAL,62,12,10,0,TRUE,2014
LOTTE_2015_PLY_002566_TH,PLY_002566,4,TITLE_HOLDER,85,30,10,10,FALSE,2015
LOTTE_1992_PLY_002567_EPIC,PLY_002567,2,LIVE_EPIC,76,18,10,0,TRUE,1992
LOTTE_1999_PLY_002567_LN,PLY_002567,1,LIVE_NORMAL,57,12,10,0,TRUE,1999
LOTTE_1994_PLY_002567_LN,PLY_002567,1,LIVE_NORMAL,67,12,10,0,TRUE,1994
LOTTE_1994_PLY_002567_EPIC,PLY_002567,2,LIVE_EPIC,67,18,10,0,TRUE,1994
LOTTE_1996_PLY_002567_LN,PLY_002567,1,LIVE_NORMAL,60,12,10,0,TRUE,1996
LOTTE_1992_PLY_002567_TH,PLY_002567,4,TITLE_HOLDER,81,30,10,10,FALSE,1992
LOTTE_1993_PLY_002567_SIG,PLY_002567,5,SIGNATURE,87,40,10,10,FALSE,1993
LOTTE_1996_PLY_002567_AS,PLY_002567,3,ALLSTAR,80,24,10,10,TRUE,1996
LOTTE_1998_PLY_002567_TH,PLY_002567,4,TITLE_HOLDER,87,30,10,10,FALSE,1998
LOTTE_2019_PLY_002568_AS,PLY_002568,3,ALLSTAR,78,24,10,10,TRUE,2019
LOTTE_2025_PLY_002568_AS,PLY_002568,3,ALLSTAR,75,24,10,10,TRUE,2025
LOTTE_2024_PLY_002568_AS,PLY_002568,3,ALLSTAR,80,24,10,10,TRUE,2024
LOTTE_2013_PLY_002568_EPIC,PLY_002568,2,LIVE_EPIC,73,18,10,0,TRUE,2013
LOTTE_2019_PLY_002568_LN,PLY_002568,1,LIVE_NORMAL,63,12,10,0,TRUE,2019
LOTTE_2022_PLY_002568_AS,PLY_002568,3,ALLSTAR,75,24,10,10,TRUE,2022
LOTTE_2012_PLY_002568_AS,PLY_002568,3,ALLSTAR,79,24,10,10,TRUE,2012
LOTTE_2012_PLY_002568_GG,PLY_002568,6,GOLDEN_GLOVE,83,35,10,10,FALSE,2012
LOTTE_2005_PLY_002569_TH,PLY_002569,4,TITLE_HOLDER,83,30,10,10,FALSE,2005
LOTTE_2015_PLY_002569_AS,PLY_002569,3,ALLSTAR,75,24,10,10,TRUE,2015
LOTTE_2007_PLY_002569_LN,PLY_002569,1,LIVE_NORMAL,58,12,10,0,TRUE,2007
LOTTE_2017_PLY_002569_SIG,PLY_002569,5,SIGNATURE,88,40,10,10,FALSE,2017
LOTTE_2006_PLY_002569_SIG,PLY_002569,5,SIGNATURE,89,40,10,10,FALSE,2006
LOTTE_2000_PLY_002569_EPIC,PLY_002569,2,LIVE_EPIC,69,18,10,0,TRUE,2000
LOTTE_2014_PLY_002569_LN,PLY_002569,1,LIVE_NORMAL,63,12,10,0,TRUE,2014
LOTTE_1997_PLY_002569_EPIC,PLY_002569,2,LIVE_EPIC,75,18,10,0,TRUE,1997
LOTTE_1998_PLY_002569_LN,PLY_002569,1,LIVE_NORMAL,58,12,10,0,TRUE,1998
LOTTE_2009_PLY_002569_EPIC,PLY_002569,2,LIVE_EPIC,74,18,10,0,TRUE,2009
LOTTE_2000_PLY_002569_LN,PLY_002569,1,LIVE_NORMAL,56,12,10,0,TRUE,2000
LOTTE_2007_PLY_002570_LN,PLY_002570,1,LIVE_NORMAL,60,12,10,0,TRUE,2007
LOTTE_2007_PLY_002570_EPIC,PLY_002570,2,LIVE_EPIC,70,18,10,0,TRUE,2007
LOTTE_2006_PLY_002570_EPIC,PLY_002570,2,LIVE_EPIC,67,18,10,0,TRUE,2006
LOTTE_2008_PLY_002570_EPIC,PLY_002570,2,LIVE_EPIC,69,18,10,0,TRUE,2008
LOTTE_2006_PLY_002570_LN,PLY_002570,1,LIVE_NORMAL,63,12,10,0,TRUE,2006
LOTTE_2005_PLY_002570_SIG,PLY_002570,5,SIGNATURE,94,40,10,10,FALSE,2005
LOTTE_2008_PLY_002570_LN,PLY_002570,1,LIVE_NORMAL,59,12,10,0,TRUE,2008
LOTTE_2005_PLY_002570_LN,PLY_002570,1,LIVE_NORMAL,58,12,10,0,TRUE,2005
LOTTE_2005_PLY_002570_GG,PLY_002570,6,GOLDEN_GLOVE,83,35,10,10,FALSE,2005
LOTTE_2006_PLY_002570_GG,PLY_002570,6,GOLDEN_GLOVE,87,35,10,10,FALSE,2006
LOTTE_2021_PLY_002571_SIG,PLY_002571,5,SIGNATURE,93,40,10,10,FALSE,2021
LOTTE_2018_PLY_002571_TH,PLY_002571,4,TITLE_HOLDER,83,30,10,10,FALSE,2018
LOTTE_2024_PLY_002571_AS,PLY_002571,3,ALLSTAR,80,24,10,10,TRUE,2024
LOTTE_2021_PLY_002571_TH,PLY_002571,4,TITLE_HOLDER,82,30,10,10,FALSE,2021
LOTTE_2014_PLY_002571_TH,PLY_002571,4,TITLE_HOLDER,80,30,10,10,FALSE,2014
LOTTE_2014_PLY_002572_EPIC,PLY_002572,2,LIVE_EPIC,74,18,10,0,TRUE,2014
LOTTE_2022_PLY_002572_AS,PLY_002572,3,ALLSTAR,81,24,10,10,TRUE,2022
LOTTE_2022_PLY_002572_TH,PLY_002572,4,TITLE_HOLDER,81,30,10,10,FALSE,2022
LOTTE_2016_PLY_002572_AS,PLY_002572,3,ALLSTAR,78,24,10,10,TRUE,2016
LOTTE_2017_PLY_002572_EPIC,PLY_002572,2,LIVE_EPIC,68,18,10,0,TRUE,2017
LOTTE_2019_PLY_002572_AS,PLY_002572,3,ALLSTAR,74,24,10,10,TRUE,2019
LOTTE_2023_PLY_002572_AS,PLY_002572,3,ALLSTAR,76,24,10,10,TRUE,2023
LOTTE_2022_PLY_002572_LN,PLY_002572,1,LIVE_NORMAL,59,12,10,0,TRUE,2022
LOTTE_2017_PLY_002572_TH,PLY_002572,4,TITLE_HOLDER,80,30,10,10,FALSE,2017
LOTTE_2015_PLY_002572_EPIC,PLY_002572,2,LIVE_EPIC,70,18,10,0,TRUE,2015
LOTTE_2016_PLY_002573_TH,PLY_002573,4,TITLE_HOLDER,80,30,10,10,FALSE,2016
LOTTE_2018_PLY_002573_EPIC,PLY_002573,2,LIVE_EPIC,68,18,10,0,TRUE,2018
LOTTE_2020_PLY_002573_EPIC,PLY_002573,2,LIVE_EPIC,69,18,10,0,TRUE,2020
LOTTE_2020_PLY_002573_LN,PLY_002573,1,LIVE_NORMAL,67,12,10,0,TRUE,2020
LOTTE_2021_PLY_002573_LN,PLY_002573,1,LIVE_NORMAL,56,12,10,0,TRUE,2021
LOTTE_2019_PLY_002574_AS,PLY_002574,3,ALLSTAR,78,24,10,10,TRUE,2019
LOTTE_2025_PLY_002574_TH,PLY_002574,4,TITLE_HOLDER,87,30,10,10,FALSE,2025
LOTTE_2023_PLY_002574_EPIC,PLY_002574,2,LIVE_EPIC,68,18,10,0,TRUE,2023
LOTTE_2019_PLY_002574_EPIC,PLY_002574,2,LIVE_EPIC,67,18,10,0,TRUE,2019
LOTTE_2022_PLY_002574_TH,PLY_002574,4,TITLE_HOLDER,85,30,10,10,FALSE,2022
LOTTE_2023_PLY_002574_TH,PLY_002574,4,TITLE_HOLDER,84,30,10,10,FALSE,2023
LOTTE_2003_PLY_002575_EPIC,PLY_002575,2,LIVE_EPIC,70,18,10,0,TRUE,2003
LOTTE_2009_PLY_002575_AS,PLY_002575,3,ALLSTAR,74,24,10,10,TRUE,2009
LOTTE_2018_PLY_002576_LN,PLY_002576,1,LIVE_NORMAL,67,12,10,0,TRUE,2018
LOTTE_2014_PLY_002576_LN,PLY_002576,1,LIVE_NORMAL,62,12,10,0,TRUE,2014
LOTTE_2017_PLY_002576_LN,PLY_002576,1,LIVE_NORMAL,62,12,10,0,TRUE,2017
LOTTE_1999_PLY_002577_TH,PLY_002577,4,TITLE_HOLDER,85,30,10,10,FALSE,1999
LOTTE_2015_PLY_002577_EPIC,PLY_002577,2,LIVE_EPIC,72,18,10,0,TRUE,2015
LOTTE_2015_PLY_002577_AS,PLY_002577,3,ALLSTAR,81,24,10,10,TRUE,2015
LOTTE_2007_PLY_002577_LN,PLY_002577,1,LIVE_NORMAL,62,12,10,0,TRUE,2007
LOTTE_2010_PLY_002577_LN,PLY_002577,1,LIVE_NORMAL,62,12,10,0,TRUE,2010
LOTTE_2011_PLY_002577_EPIC,PLY_002577,2,LIVE_EPIC,72,18,10,0,TRUE,2011
LOTTE_2008_PLY_002577_LN,PLY_002577,1,LIVE_NORMAL,55,12,10,0,TRUE,2008
LOTTE_2004_PLY_002577_LN,PLY_002577,1,LIVE_NORMAL,64,12,10,0,TRUE,2004
LOTTE_2022_PLY_002578_LN,PLY_002578,1,LIVE_NORMAL,59,12,10,0,TRUE,2022
LOTTE_2014_PLY_002578_SIG,PLY_002578,5,SIGNATURE,89,40,10,10,FALSE,2014
LOTTE_2023_PLY_002578_AS,PLY_002578,3,ALLSTAR,77,24,10,10,TRUE,2023
LOTTE_2024_PLY_002578_AS,PLY_002578,3,ALLSTAR,77,24,10,10,TRUE,2024
LOTTE_2020_PLY_002578_LN,PLY_002578,1,LIVE_NORMAL,60,12,10,0,TRUE,2020
LOTTE_2012_PLY_002578_EPIC,PLY_002578,2,LIVE_EPIC,69,18,10,0,TRUE,2012
LOTTE_2015_PLY_002578_GG,PLY_002578,6,GOLDEN_GLOVE,86,35,10,10,FALSE,2015
LOTTE_2023_PLY_002578_EPIC,PLY_002578,2,LIVE_EPIC,71,18,10,0,TRUE,2023
LOTTE_2019_PLY_002578_AS,PLY_002578,3,ALLSTAR,76,24,10,10,TRUE,2019
LOTTE_2018_PLY_002578_EPIC,PLY_002578,2,LIVE_EPIC,67,18,10,0,TRUE,2018
LOTTE_2016_PLY_002579_AS,PLY_002579,3,ALLSTAR,75,24,10,10,TRUE,2016
LOTTE_2020_PLY_002579_SIG,PLY_002579,5,SIGNATURE,94,40,10,10,FALSE,2020
LOTTE_2019_PLY_002579_EPIC,PLY_002579,2,LIVE_EPIC,72,18,10,0,TRUE,2019
LOTTE_2018_PLY_002579_LN,PLY_002579,1,LIVE_NORMAL,55,12,10,0,TRUE,2018
LOTTE_2020_PLY_002580_LN,PLY_002580,1,LIVE_NORMAL,65,12,10,0,TRUE,2020
LOTTE_2018_PLY_002580_AS,PLY_002580,3,ALLSTAR,76,24,10,10,TRUE,2018
LOTTE_2015_PLY_002580_AS,PLY_002580,3,ALLSTAR,76,24,10,10,TRUE,2015
LOTTE_2014_PLY_002580_LN,PLY_002580,1,LIVE_NORMAL,58,12,10,0,TRUE,2014
LOTTE_2011_PLY_002580_LN,PLY_002580,1,LIVE_NORMAL,58,12,10,0,TRUE,2011
LOTTE_2013_PLY_002580_LN,PLY_002580,1,LIVE_NORMAL,64,12,10,0,TRUE,2013
LOTTE_2018_PLY_002580_EPIC,PLY_002580,2,LIVE_EPIC,67,18,10,0,TRUE,2018
LOTTE_2011_PLY_002580_EPIC,PLY_002580,2,LIVE_EPIC,72,18,10,0,TRUE,2011
LOTTE_2021_PLY_002580_EPIC,PLY_002580,2,LIVE_EPIC,74,18,10,0,TRUE,2021
LOTTE_2012_PLY_002581_LN,PLY_002581,1,LIVE_NORMAL,56,12,10,0,TRUE,2012
LOTTE_2014_PLY_002581_LN,PLY_002581,1,LIVE_NORMAL,57,12,10,0,TRUE,2014
LOTTE_2012_PLY_002581_GG,PLY_002581,6,GOLDEN_GLOVE,88,35,10,10,FALSE,2012
LOTTE_2015_PLY_002582_GG,PLY_002582,6,GOLDEN_GLOVE,87,35,10,10,FALSE,2015
LOTTE_2020_PLY_002582_GG,PLY_002582,6,GOLDEN_GLOVE,83,35,10,10,FALSE,2020
LOTTE_2014_PLY_002582_LN,PLY_002582,1,LIVE_NORMAL,64,12,10,0,TRUE,2014
LOTTE_2022_PLY_002582_AS,PLY_002582,3,ALLSTAR,83,24,10,10,TRUE,2022
LOTTE_2023_PLY_002582_EPIC,PLY_002582,2,LIVE_EPIC,71,18,10,0,TRUE,2023
LOTTE_2018_PLY_002582_EPIC,PLY_002582,2,LIVE_EPIC,71,18,10,0,TRUE,2018
LOTTE_2019_PLY_002582_TH,PLY_002582,4,TITLE_HOLDER,81,30,10,10,FALSE,2019
LOTTE_2023_PLY_002582_LN,PLY_002582,1,LIVE_NORMAL,56,12,10,0,TRUE,2023
LOTTE_2018_PLY_002582_LN,PLY_002582,1,LIVE_NORMAL,56,12,10,0,TRUE,2018
LOTTE_2020_PLY_002582_AS,PLY_002582,3,ALLSTAR,75,24,10,10,TRUE,2020
LOTTE_2009_PLY_002583_LN,PLY_002583,1,LIVE_NORMAL,56,12,10,0,TRUE,2009
LOTTE_1999_PLY_002583_EPIC,PLY_002583,2,LIVE_EPIC,65,18,10,0,TRUE,1999
LOTTE_2021_PLY_002584_LN,PLY_002584,1,LIVE_NORMAL,64,12,10,0,TRUE,2021
LOTTE_2023_PLY_002584_EPIC,PLY_002584,2,LIVE_EPIC,67,18,10,0,TRUE,2023
LOTTE_2023_PLY_002584_LN,PLY_002584,1,LIVE_NORMAL,60,12,10,0,TRUE,2023
LOTTE_2019_PLY_002585_LN,PLY_002585,1,LIVE_NORMAL,62,12,10,0,TRUE,2019
LOTTE_2021_PLY_002585_LN,PLY_002585,1,LIVE_NORMAL,61,12,10,0,TRUE,2021
LOTTE_2017_PLY_002585_EPIC,PLY_002585,2,LIVE_EPIC,74,18,10,0,TRUE,2017
LOTTE_2020_PLY_002585_LN,PLY_002585,1,LIVE_NORMAL,63,12,10,0,TRUE,2020
LOTTE_2016_PLY_002585_AS,PLY_002585,3,ALLSTAR,79,24,10,10,TRUE,2016
LOTTE_2018_PLY_002585_GG,PLY_002585,6,GOLDEN_GLOVE,86,35,10,10,FALSE,2018
LOTTE_2016_PLY_002585_EPIC,PLY_002585,2,LIVE_EPIC,67,18,10,0,TRUE,2016
LOTTE_2016_PLY_002585_LN,PLY_002585,1,LIVE_NORMAL,61,12,10,0,TRUE,2016
LOTTE_2012_PLY_002586_LN,PLY_002586,1,LIVE_NORMAL,62,12,10,0,TRUE,2012
LOTTE_2015_PLY_002586_SIG,PLY_002586,5,SIGNATURE,89,40,10,10,FALSE,2015
LOTTE_2012_PLY_002586_GG,PLY_002586,6,GOLDEN_GLOVE,90,35,10,10,FALSE,2012
LOTTE_2012_PLY_002586_EPIC,PLY_002586,2,LIVE_EPIC,68,18,10,0,TRUE,2012
LOTTE_2013_PLY_002586_LN,PLY_002586,1,LIVE_NORMAL,65,12,10,0,TRUE,2013
LOTTE_2015_PLY_002586_LN,PLY_002586,1,LIVE_NORMAL,56,12,10,0,TRUE,2015
LOTTE_2015_PLY_002586_EPIC,PLY_002586,2,LIVE_EPIC,76,18,10,0,TRUE,2015
LOTTE_2019_PLY_002587_EPIC,PLY_002587,2,LIVE_EPIC,67,18,10,0,TRUE,2019
LOTTE_2017_PLY_002587_LN,PLY_002587,1,LIVE_NORMAL,65,12,10,0,TRUE,2017
LOTTE_2023_PLY_002587_LN,PLY_002587,1,LIVE_NORMAL,64,12,10,0,TRUE,2023
LOTTE_2026_PLY_002587_LN,PLY_002587,1,LIVE_NORMAL,57,12,10,0,TRUE,2026
LOTTE_2016_PLY_002587_EPIC,PLY_002587,2,LIVE_EPIC,68,18,10,0,TRUE,2016
LOTTE_2022_PLY_002587_AS,PLY_002587,3,ALLSTAR,81,24,10,10,TRUE,2022
LOTTE_2000_PLY_002588_AS,PLY_002588,3,ALLSTAR,75,24,10,10,TRUE,2000
LOTTE_1999_PLY_002588_AS,PLY_002588,3,ALLSTAR,74,24,10,10,TRUE,1999
LOTTE_1994_PLY_002588_TH,PLY_002588,4,TITLE_HOLDER,87,30,10,10,FALSE,1994
LOTTE_1996_PLY_002588_LN,PLY_002588,1,LIVE_NORMAL,65,12,10,0,TRUE,1996
LOTTE_1998_PLY_002588_LN,PLY_002588,1,LIVE_NORMAL,68,12,10,0,TRUE,1998
LOTTE_1996_PLY_002588_EPIC,PLY_002588,2,LIVE_EPIC,76,18,10,0,TRUE,1996
LOTTE_1997_PLY_002588_EPIC,PLY_002588,2,LIVE_EPIC,68,18,10,0,TRUE,1997
LOTTE_2001_PLY_002588_LN,PLY_002588,1,LIVE_NORMAL,56,12,10,0,TRUE,2001
LOTTE_2007_PLY_002589_EPIC,PLY_002589,2,LIVE_EPIC,74,18,10,0,TRUE,2007
LOTTE_2002_PLY_002589_EPIC,PLY_002589,2,LIVE_EPIC,67,18,10,0,TRUE,2002
LOTTE_1994_PLY_002590_AS,PLY_002590,3,ALLSTAR,74,24,10,10,TRUE,1994
LOTTE_1989_PLY_002590_EPIC,PLY_002590,2,LIVE_EPIC,65,18,10,0,TRUE,1989
LOTTE_1990_PLY_002590_AS,PLY_002590,3,ALLSTAR,81,24,10,10,TRUE,1990
LOTTE_1997_PLY_002590_EPIC,PLY_002590,2,LIVE_EPIC,76,18,10,0,TRUE,1997
LOTTE_1996_PLY_002590_GG,PLY_002590,6,GOLDEN_GLOVE,84,35,10,10,FALSE,1996
LOTTE_1988_PLY_002590_EPIC,PLY_002590,2,LIVE_EPIC,71,18,10,0,TRUE,1988
LOTTE_1990_PLY_002590_EPIC,PLY_002590,2,LIVE_EPIC,76,18,10,0,TRUE,1990
LOTTE_2014_PLY_002591_AS,PLY_002591,3,ALLSTAR,74,24,10,10,TRUE,2014
LOTTE_2012_PLY_002591_EPIC,PLY_002591,2,LIVE_EPIC,68,18,10,0,TRUE,2012
LOTTE_2013_PLY_002591_LN,PLY_002591,1,LIVE_NORMAL,57,12,10,0,TRUE,2013
LOTTE_2009_PLY_002591_TH,PLY_002591,4,TITLE_HOLDER,85,30,10,10,FALSE,2009
LOTTE_2007_PLY_002591_EPIC,PLY_002591,2,LIVE_EPIC,72,18,10,0,TRUE,2007
LOTTE_2026_PLY_002592_LN,PLY_002592,1,LIVE_NORMAL,60,12,10,0,TRUE,2026
LOTTE_2024_PLY_002592_TH,PLY_002592,4,TITLE_HOLDER,82,30,10,10,FALSE,2024
LOTTE_2025_PLY_002592_LN,PLY_002592,1,LIVE_NORMAL,58,12,10,0,TRUE,2025
LOTTE_2023_PLY_002592_TH,PLY_002592,4,TITLE_HOLDER,86,30,10,10,FALSE,2023
LOTTE_2024_PLY_002592_LN,PLY_002592,1,LIVE_NORMAL,66,12,10,0,TRUE,2024
LOTTE_2016_PLY_002592_EPIC,PLY_002592,2,LIVE_EPIC,72,18,10,0,TRUE,2016
LOTTE_2021_PLY_002592_LN,PLY_002592,1,LIVE_NORMAL,60,12,10,0,TRUE,2021
LOTTE_2018_PLY_002592_TH,PLY_002592,4,TITLE_HOLDER,87,30,10,10,FALSE,2018
LOTTE_2021_PLY_002593_LN,PLY_002593,1,LIVE_NORMAL,55,12,10,0,TRUE,2021
LOTTE_2021_PLY_002593_TH,PLY_002593,4,TITLE_HOLDER,86,30,10,10,FALSE,2021
LOTTE_2017_PLY_002593_AS,PLY_002593,3,ALLSTAR,81,24,10,10,TRUE,2017
LOTTE_2013_PLY_002593_EPIC,PLY_002593,2,LIVE_EPIC,68,18,10,0,TRUE,2013
LOTTE_2025_PLY_002593_LN,PLY_002593,1,LIVE_NORMAL,55,12,10,0,TRUE,2025
LOTTE_2020_PLY_002593_EPIC,PLY_002593,2,LIVE_EPIC,69,18,10,0,TRUE,2020
LOTTE_2018_PLY_002594_SIG,PLY_002594,5,SIGNATURE,91,40,10,10,FALSE,2018
LOTTE_2023_PLY_002594_AS,PLY_002594,3,ALLSTAR,82,24,10,10,TRUE,2023
LOTTE_2022_PLY_002594_EPIC,PLY_002594,2,LIVE_EPIC,68,18,10,0,TRUE,2022
LOTTE_2019_PLY_002594_LN,PLY_002594,1,LIVE_NORMAL,56,12,10,0,TRUE,2019
LOTTE_2023_PLY_002594_EPIC,PLY_002594,2,LIVE_EPIC,70,18,10,0,TRUE,2023
LOTTE_2024_PLY_002594_TH,PLY_002594,4,TITLE_HOLDER,86,30,10,10,FALSE,2024
LOTTE_2021_PLY_002594_LN,PLY_002594,1,LIVE_NORMAL,60,12,10,0,TRUE,2021
LOTTE_2026_PLY_002594_EPIC,PLY_002594,2,LIVE_EPIC,75,18,10,0,TRUE,2026
LOTTE_2018_PLY_002594_LN,PLY_002594,1,LIVE_NORMAL,59,12,10,0,TRUE,2018
LOTTE_2024_PLY_002595_LN,PLY_002595,1,LIVE_NORMAL,64,12,10,0,TRUE,2024
LOTTE_2021_PLY_002595_LN,PLY_002595,1,LIVE_NORMAL,60,12,10,0,TRUE,2021
LOTTE_2026_PLY_002595_SIG,PLY_002595,5,SIGNATURE,92,40,10,10,FALSE,2026
LOTTE_2021_PLY_002595_EPIC,PLY_002595,2,LIVE_EPIC,76,18,10,0,TRUE,2021
LOTTE_2002_PLY_002596_TH,PLY_002596,4,TITLE_HOLDER,87,30,10,10,FALSE,2002
LOTTE_1994_PLY_002596_LN,PLY_002596,1,LIVE_NORMAL,63,12,10,0,TRUE,1994
LOTTE_1992_PLY_002596_GG,PLY_002596,6,GOLDEN_GLOVE,83,35,10,10,FALSE,1992
LOTTE_2002_PLY_002596_LN,PLY_002596,1,LIVE_NORMAL,65,12,10,0,TRUE,2002
LOTTE_2000_PLY_002596_EPIC,PLY_002596,2,LIVE_EPIC,74,18,10,0,TRUE,2000
LOTTE_2004_PLY_002596_LN,PLY_002596,1,LIVE_NORMAL,56,12,10,0,TRUE,2004
LOTTE_1994_PLY_002596_SIG,PLY_002596,5,SIGNATURE,93,40,10,10,FALSE,1994
LOTTE_1998_PLY_002596_GG,PLY_002596,6,GOLDEN_GLOVE,88,35,10,10,FALSE,1998
LOTTE_2001_PLY_002596_AS,PLY_002596,3,ALLSTAR,78,24,10,10,TRUE,2001
LOTTE_1998_PLY_002596_EPIC,PLY_002596,2,LIVE_EPIC,75,18,10,0,TRUE,1998
LOTTE_1995_PLY_002597_EPIC,PLY_002597,2,LIVE_EPIC,75,18,10,0,TRUE,1995
LOTTE_2000_PLY_002597_LN,PLY_002597,1,LIVE_NORMAL,56,12,10,0,TRUE,2000
LOTTE_2021_PLY_002598_LN,PLY_002598,1,LIVE_NORMAL,57,12,10,0,TRUE,2021
LOTTE_2026_PLY_002598_LN,PLY_002598,1,LIVE_NORMAL,64,12,10,0,TRUE,2026
LOTTE_2010_PLY_002599_EPIC,PLY_002599,2,LIVE_EPIC,75,18,10,0,TRUE,2010
LOTTE_2017_PLY_002599_LN,PLY_002599,1,LIVE_NORMAL,59,12,10,0,TRUE,2017
LOTTE_2012_PLY_002599_LN,PLY_002599,1,LIVE_NORMAL,61,12,10,0,TRUE,2012
LOTTE_2020_PLY_002599_EPIC,PLY_002599,2,LIVE_EPIC,69,18,10,0,TRUE,2020
LOTTE_2011_PLY_002599_LN,PLY_002599,1,LIVE_NORMAL,61,12,10,0,TRUE,2011
LOTTE_2009_PLY_002599_LN,PLY_002599,1,LIVE_NORMAL,61,12,10,0,TRUE,2009
LOTTE_2006_PLY_002599_EPIC,PLY_002599,2,LIVE_EPIC,75,18,10,0,TRUE,2006
LOTTE_2019_PLY_002599_LN,PLY_002599,1,LIVE_NORMAL,59,12,10,0,TRUE,2019
LOTTE_2012_PLY_002599_EPIC,PLY_002599,2,LIVE_EPIC,68,18,10,0,TRUE,2012
LOTTE_2013_PLY_002599_TH,PLY_002599,4,TITLE_HOLDER,87,30,10,10,FALSE,2013
LOTTE_2001_PLY_002600_TH,PLY_002600,4,TITLE_HOLDER,83,30,10,10,FALSE,2001
LOTTE_2004_PLY_002600_LN,PLY_002600,1,LIVE_NORMAL,56,12,10,0,TRUE,2004
LOTTE_1993_PLY_002600_LN,PLY_002600,1,LIVE_NORMAL,56,12,10,0,TRUE,1993
LOTTE_2010_PLY_002601_LN,PLY_002601,1,LIVE_NORMAL,63,12,10,0,TRUE,2010
LOTTE_2010_PLY_002601_TH,PLY_002601,4,TITLE_HOLDER,84,30,10,10,FALSE,2010
LOTTE_2004_PLY_002601_LN,PLY_002601,1,LIVE_NORMAL,61,12,10,0,TRUE,2004
LOTTE_1996_PLY_002601_LN,PLY_002601,1,LIVE_NORMAL,64,12,10,0,TRUE,1996
LOTTE_2009_PLY_002601_EPIC,PLY_002601,2,LIVE_EPIC,70,18,10,0,TRUE,2009
LOTTE_2010_PLY_002601_GG,PLY_002601,6,GOLDEN_GLOVE,85,35,10,10,FALSE,2010
LOTTE_2003_PLY_002601_LN,PLY_002601,1,LIVE_NORMAL,67,12,10,0,TRUE,2003
LOTTE_1992_PLY_002601_EPIC,PLY_002601,2,LIVE_EPIC,75,18,10,0,TRUE,1992
LOTTE_1999_PLY_002602_LN,PLY_002602,1,LIVE_NORMAL,62,12,10,0,TRUE,1999
LOTTE_2002_PLY_002602_LN,PLY_002602,1,LIVE_NORMAL,57,12,10,0,TRUE,2002
LOTTE_2000_PLY_002602_EPIC,PLY_002602,2,LIVE_EPIC,71,18,10,0,TRUE,2000
LOTTE_1999_PLY_002602_TH,PLY_002602,4,TITLE_HOLDER,86,30,10,10,FALSE,1999
LOTTE_2025_PLY_002603_LN,PLY_002603,1,LIVE_NORMAL,63,12,10,0,TRUE,2025
LOTTE_2025_PLY_002603_GG,PLY_002603,6,GOLDEN_GLOVE,87,35,10,10,FALSE,2025
LOTTE_2026_PLY_002603_LN,PLY_002603,1,LIVE_NORMAL,67,12,10,0,TRUE,2026
LOTTE_2000_PLY_002604_EPIC,PLY_002604,2,LIVE_EPIC,69,18,10,0,TRUE,2000
LOTTE_2002_PLY_002604_SIG,PLY_002604,5,SIGNATURE,92,40,10,10,FALSE,2002
LOTTE_2001_PLY_002604_LN,PLY_002604,1,LIVE_NORMAL,65,12,10,0,TRUE,2001
LOTTE_2005_PLY_002604_SIG,PLY_002604,5,SIGNATURE,92,40,10,10,FALSE,2005
LOTTE_1998_PLY_002604_LN,PLY_002604,1,LIVE_NORMAL,66,12,10,0,TRUE,1998
LOTTE_2004_PLY_002604_GG,PLY_002604,6,GOLDEN_GLOVE,86,35,10,10,FALSE,2004
LOTTE_2005_PLY_002604_TH,PLY_002604,4,TITLE_HOLDER,86,30,10,10,FALSE,2005
LOTTE_2020_PLY_002605_EPIC,PLY_002605,2,LIVE_EPIC,75,18,10,0,TRUE,2020
LOTTE_2019_PLY_002605_AS,PLY_002605,3,ALLSTAR,80,24,10,10,TRUE,2019
LOTTE_2020_PLY_002605_LN,PLY_002605,1,LIVE_NORMAL,68,12,10,0,TRUE,2020
LOTTE_2021_PLY_002605_EPIC,PLY_002605,2,LIVE_EPIC,71,18,10,0,TRUE,2021
LOTTE_2018_PLY_002605_LN,PLY_002605,1,LIVE_NORMAL,59,12,10,0,TRUE,2018
LOTTE_2015_PLY_002605_LN,PLY_002605,1,LIVE_NORMAL,65,12,10,0,TRUE,2015
LOTTE_1999_PLY_002606_LN,PLY_002606,1,LIVE_NORMAL,56,12,10,0,TRUE,1999
LOTTE_1993_PLY_002606_AS,PLY_002606,3,ALLSTAR,83,24,10,10,TRUE,1993
LOTTE_1998_PLY_002607_EPIC,PLY_002607,2,LIVE_EPIC,75,18,10,0,TRUE,1998
LOTTE_2000_PLY_002607_EPIC,PLY_002607,2,LIVE_EPIC,74,18,10,0,TRUE,2000
LOTTE_2000_PLY_002607_LN,PLY_002607,1,LIVE_NORMAL,64,12,10,0,TRUE,2000
LOTTE_2002_PLY_002607_EPIC,PLY_002607,2,LIVE_EPIC,66,18,10,0,TRUE,2002
LOTTE_1999_PLY_002607_EPIC,PLY_002607,2,LIVE_EPIC,69,18,10,0,TRUE,1999
LOTTE_2002_PLY_002607_LN,PLY_002607,1,LIVE_NORMAL,58,12,10,0,TRUE,2002
LOTTE_2000_PLY_002607_GG,PLY_002607,6,GOLDEN_GLOVE,83,35,10,10,FALSE,2000
LOTTE_2011_PLY_002608_LN,PLY_002608,1,LIVE_NORMAL,67,12,10,0,TRUE,2011
LOTTE_2025_PLY_002608_LN,PLY_002608,1,LIVE_NORMAL,61,12,10,0,TRUE,2025
LOTTE_2015_PLY_002608_LN,PLY_002608,1,LIVE_NORMAL,68,12,10,0,TRUE,2015
LOTTE_2018_PLY_002608_TH,PLY_002608,4,TITLE_HOLDER,82,30,10,10,FALSE,2018
LOTTE_2006_PLY_002609_EPIC,PLY_002609,2,LIVE_EPIC,73,18,10,0,TRUE,2006
LOTTE_2010_PLY_002609_AS,PLY_002609,3,ALLSTAR,83,24,10,10,TRUE,2010
LOTTE_2011_PLY_002609_SIG,PLY_002609,5,SIGNATURE,92,40,10,10,FALSE,2011
LOTTE_2008_PLY_002609_LN,PLY_002609,1,LIVE_NORMAL,67,12,10,0,TRUE,2008
LOTTE_2001_PLY_002610_LN,PLY_002610,1,LIVE_NORMAL,57,12,10,0,TRUE,2001
LOTTE_2000_PLY_002610_EPIC,PLY_002610,2,LIVE_EPIC,67,18,10,0,TRUE,2000
LOTTE_2020_PLY_002611_AS,PLY_002611,3,ALLSTAR,76,24,10,10,TRUE,2020
LOTTE_2024_PLY_002611_LN,PLY_002611,1,LIVE_NORMAL,61,12,10,0,TRUE,2024
LOTTE_2020_PLY_002611_EPIC,PLY_002611,2,LIVE_EPIC,73,18,10,0,TRUE,2020
LOTTE_2025_PLY_002611_LN,PLY_002611,1,LIVE_NORMAL,58,12,10,0,TRUE,2025
LOTTE_2021_PLY_002611_GG,PLY_002611,6,GOLDEN_GLOVE,89,35,10,10,FALSE,2021
LOTTE_2025_PLY_002611_TH,PLY_002611,4,TITLE_HOLDER,87,30,10,10,FALSE,2025
LOTTE_2025_PLY_002611_GG,PLY_002611,6,GOLDEN_GLOVE,85,35,10,10,FALSE,2025
LOTTE_2024_PLY_002611_AS,PLY_002611,3,ALLSTAR,74,24,10,10,TRUE,2024
LOTTE_2021_PLY_002611_LN,PLY_002611,1,LIVE_NORMAL,56,12,10,0,TRUE,2021
LOTTE_2018_PLY_002611_AS,PLY_002611,3,ALLSTAR,82,24,10,10,TRUE,2018
LOTTE_2018_PLY_002611_LN,PLY_002611,1,LIVE_NORMAL,55,12,10,0,TRUE,2018
LOTTE_2000_PLY_002612_LN,PLY_002612,1,LIVE_NORMAL,58,12,10,0,TRUE,2000
LOTTE_1997_PLY_002612_LN,PLY_002612,1,LIVE_NORMAL,56,12,10,0,TRUE,1997
LOTTE_2001_PLY_002612_LN,PLY_002612,1,LIVE_NORMAL,60,12,10,0,TRUE,2001
LOTTE_1997_PLY_002612_EPIC,PLY_002612,2,LIVE_EPIC,69,18,10,0,TRUE,1997
LOTTE_1997_PLY_002612_GG,PLY_002612,6,GOLDEN_GLOVE,84,35,10,10,FALSE,1997
LOTTE_2002_PLY_002612_EPIC,PLY_002612,2,LIVE_EPIC,65,18,10,0,TRUE,2002
LOTTE_1999_PLY_002612_LN,PLY_002612,1,LIVE_NORMAL,62,12,10,0,TRUE,1999
LOTTE_2001_PLY_002612_TH,PLY_002612,4,TITLE_HOLDER,86,30,10,10,FALSE,2001
LOTTE_1990_PLY_002613_LN,PLY_002613,1,LIVE_NORMAL,68,12,10,0,TRUE,1990
LOTTE_1991_PLY_002613_LN,PLY_002613,1,LIVE_NORMAL,55,12,10,0,TRUE,1991
LOTTE_1989_PLY_002613_LN,PLY_002613,1,LIVE_NORMAL,64,12,10,0,TRUE,1989
LOTTE_1991_PLY_002613_EPIC,PLY_002613,2,LIVE_EPIC,65,18,10,0,TRUE,1991
LOTTE_1989_PLY_002613_AS,PLY_002613,3,ALLSTAR,78,24,10,10,TRUE,1989
LOTTE_1991_PLY_002613_GG,PLY_002613,6,GOLDEN_GLOVE,88,35,10,10,FALSE,1991
LOTTE_1992_PLY_002613_LN,PLY_002613,1,LIVE_NORMAL,62,12,10,0,TRUE,1992
LOTTE_1990_PLY_002613_EPIC,PLY_002613,2,LIVE_EPIC,71,18,10,0,TRUE,1990
LOTTE_2009_PLY_002614_LN,PLY_002614,1,LIVE_NORMAL,61,12,10,0,TRUE,2009
LOTTE_2012_PLY_002614_LN,PLY_002614,1,LIVE_NORMAL,59,12,10,0,TRUE,2012
LOTTE_2014_PLY_002614_AS,PLY_002614,3,ALLSTAR,77,24,10,10,TRUE,2014
LOTTE_2007_PLY_002614_TH,PLY_002614,4,TITLE_HOLDER,81,30,10,10,FALSE,2007
LOTTE_2011_PLY_002614_TH,PLY_002614,4,TITLE_HOLDER,86,30,10,10,FALSE,2011
LOTTE_2006_PLY_002614_LN,PLY_002614,1,LIVE_NORMAL,66,12,10,0,TRUE,2006
LOTTE_2005_PLY_002614_EPIC,PLY_002614,2,LIVE_EPIC,73,18,10,0,TRUE,2005
LOTTE_2007_PLY_002614_AS,PLY_002614,3,ALLSTAR,77,24,10,10,TRUE,2007
LOTTE_2013_PLY_002614_LN,PLY_002614,1,LIVE_NORMAL,68,12,10,0,TRUE,2013
LOTTE_2019_PLY_002615_LN,PLY_002615,1,LIVE_NORMAL,56,12,10,0,TRUE,2019
LOTTE_2012_PLY_002615_LN,PLY_002615,1,LIVE_NORMAL,65,12,10,0,TRUE,2012
LOTTE_2019_PLY_002615_SIG,PLY_002615,5,SIGNATURE,90,40,10,10,FALSE,2019
LOTTE_2012_PLY_002615_SIG,PLY_002615,5,SIGNATURE,88,40,10,10,FALSE,2012
LOTTE_1991_PLY_002616_EPIC,PLY_002616,2,LIVE_EPIC,66,18,10,0,TRUE,1991
LOTTE_1991_PLY_002616_LN,PLY_002616,1,LIVE_NORMAL,66,12,10,0,TRUE,1991
LOTTE_2000_PLY_002616_EPIC,PLY_002616,2,LIVE_EPIC,68,18,10,0,TRUE,2000
LOTTE_1996_PLY_002616_SIG,PLY_002616,5,SIGNATURE,89,40,10,10,FALSE,1996
LOTTE_1997_PLY_002616_LN,PLY_002616,1,LIVE_NORMAL,61,12,10,0,TRUE,1997
LOTTE_1994_PLY_002616_AS,PLY_002616,3,ALLSTAR,76,24,10,10,TRUE,1994
LOTTE_2016_PLY_002617_EPIC,PLY_002617,2,LIVE_EPIC,72,18,10,0,TRUE,2016
LOTTE_2024_PLY_002617_LN,PLY_002617,1,LIVE_NORMAL,55,12,10,0,TRUE,2024
LOTTE_1996_PLY_002618_LN,PLY_002618,1,LIVE_NORMAL,68,12,10,0,TRUE,1996
LOTTE_1993_PLY_002618_LN,PLY_002618,1,LIVE_NORMAL,58,12,10,0,TRUE,1993
LOTTE_1993_PLY_002619_AS,PLY_002619,3,ALLSTAR,80,24,10,10,TRUE,1993
LOTTE_1986_PLY_002619_EPIC,PLY_002619,2,LIVE_EPIC,73,18,10,0,TRUE,1986
LOTTE_1993_PLY_002619_LN,PLY_002619,1,LIVE_NORMAL,63,12,10,0,TRUE,1993
LOTTE_1989_PLY_002619_LN,PLY_002619,1,LIVE_NORMAL,65,12,10,0,TRUE,1989
LOTTE_1988_PLY_002619_LN,PLY_002619,1,LIVE_NORMAL,68,12,10,0,TRUE,1988
LOTTE_1991_PLY_002619_TH,PLY_002619,4,TITLE_HOLDER,84,30,10,10,FALSE,1991
LOTTE_1992_PLY_002619_LN,PLY_002619,1,LIVE_NORMAL,66,12,10,0,TRUE,1992
LOTTE_1987_PLY_002619_LN,PLY_002619,1,LIVE_NORMAL,60,12,10,0,TRUE,1987
LOTTE_1992_PLY_002620_TH,PLY_002620,4,TITLE_HOLDER,85,30,10,10,FALSE,1992
LOTTE_1988_PLY_002620_LN,PLY_002620,1,LIVE_NORMAL,65,12,10,0,TRUE,1988
LOTTE_1987_PLY_002620_TH,PLY_002620,4,TITLE_HOLDER,87,30,10,10,FALSE,1987
LOTTE_1988_PLY_002620_TH,PLY_002620,4,TITLE_HOLDER,84,30,10,10,FALSE,1988
LOTTE_1987_PLY_002620_EPIC,PLY_002620,2,LIVE_EPIC,65,18,10,0,TRUE,1987
LOTTE_1989_PLY_002620_LN,PLY_002620,1,LIVE_NORMAL,64,12,10,0,TRUE,1989
LOTTE_1991_PLY_002620_LN,PLY_002620,1,LIVE_NORMAL,64,12,10,0,TRUE,1991
LOTTE_1992_PLY_002620_AS,PLY_002620,3,ALLSTAR,80,24,10,10,TRUE,1992
LOTTE_1990_PLY_002620_LN,PLY_002620,1,LIVE_NORMAL,61,12,10,0,TRUE,1990
LOTTE_1998_PLY_002621_LN,PLY_002621,1,LIVE_NORMAL,57,12,10,0,TRUE,1998
LOTTE_2001_PLY_002621_LN,PLY_002621,1,LIVE_NORMAL,57,12,10,0,TRUE,2001
LOTTE_2005_PLY_002621_EPIC,PLY_002621,2,LIVE_EPIC,70,18,10,0,TRUE,2005
LOTTE_2000_PLY_002621_GG,PLY_002621,6,GOLDEN_GLOVE,87,35,10,10,FALSE,2000
LOTTE_2004_PLY_002621_SIG,PLY_002621,5,SIGNATURE,90,40,10,10,FALSE,2004
LOTTE_2004_PLY_002621_EPIC,PLY_002621,2,LIVE_EPIC,73,18,10,0,TRUE,2004
LOTTE_2005_PLY_002621_LN,PLY_002621,1,LIVE_NORMAL,60,12,10,0,TRUE,2005
LOTTE_1999_PLY_002621_EPIC,PLY_002621,2,LIVE_EPIC,76,18,10,0,TRUE,1999
LOTTE_2004_PLY_002621_AS,PLY_002621,3,ALLSTAR,81,24,10,10,TRUE,2004
LOTTE_2003_PLY_002621_AS,PLY_002621,3,ALLSTAR,81,24,10,10,TRUE,2003
LOTTE_2022_PLY_002622_LN,PLY_002622,1,LIVE_NORMAL,58,12,10,0,TRUE,2022
LOTTE_2021_PLY_002622_EPIC,PLY_002622,2,LIVE_EPIC,72,18,10,0,TRUE,2021
LOTTE_2019_PLY_002622_AS,PLY_002622,3,ALLSTAR,79,24,10,10,TRUE,2019
LOTTE_2022_PLY_002623_EPIC,PLY_002623,2,LIVE_EPIC,67,18,10,0,TRUE,2022
LOTTE_2026_PLY_002623_EPIC,PLY_002623,2,LIVE_EPIC,74,18,10,0,TRUE,2026
LOTTE_2023_PLY_002623_GG,PLY_002623,6,GOLDEN_GLOVE,83,35,10,10,FALSE,2023
LOTTE_1996_PLY_002624_EPIC,PLY_002624,2,LIVE_EPIC,72,18,10,0,TRUE,1996
LOTTE_1992_PLY_002624_SIG,PLY_002624,5,SIGNATURE,88,40,10,10,FALSE,1992
LOTTE_1995_PLY_002624_AS,PLY_002624,3,ALLSTAR,75,24,10,10,TRUE,1995
LOTTE_1996_PLY_002624_TH,PLY_002624,4,TITLE_HOLDER,82,30,10,10,FALSE,1996
LOTTE_1997_PLY_002624_LN,PLY_002624,1,LIVE_NORMAL,56,12,10,0,TRUE,1997
LOTTE_2026_PLY_002625_LN,PLY_002625,1,LIVE_NORMAL,55,12,10,0,TRUE,2026
LOTTE_2025_PLY_002625_EPIC,PLY_002625,2,LIVE_EPIC,68,18,10,0,TRUE,2025
LOTTE_1994_PLY_002626_LN,PLY_002626,1,LIVE_NORMAL,65,12,10,0,TRUE,1994
LOTTE_2001_PLY_002626_LN,PLY_002626,1,LIVE_NORMAL,66,12,10,0,TRUE,2001
LOTTE_1991_PLY_002626_LN,PLY_002626,1,LIVE_NORMAL,59,12,10,0,TRUE,1991
LOTTE_1997_PLY_002626_AS,PLY_002626,3,ALLSTAR,82,24,10,10,TRUE,1997
LOTTE_1997_PLY_002627_LN,PLY_002627,1,LIVE_NORMAL,61,12,10,0,TRUE,1997
LOTTE_2010_PLY_002627_EPIC,PLY_002627,2,LIVE_EPIC,75,18,10,0,TRUE,2010
LOTTE_2009_PLY_002627_EPIC,PLY_002627,2,LIVE_EPIC,71,18,10,0,TRUE,2009
LOTTE_1999_PLY_002627_LN,PLY_002627,1,LIVE_NORMAL,61,12,10,0,TRUE,1999
LOTTE_2003_PLY_002627_LN,PLY_002627,1,LIVE_NORMAL,67,12,10,0,TRUE,2003
LOTTE_2001_PLY_002627_EPIC,PLY_002627,2,LIVE_EPIC,73,18,10,0,TRUE,2001
LOTTE_2007_PLY_002627_AS,PLY_002627,3,ALLSTAR,74,24,10,10,TRUE,2007
LOTTE_2003_PLY_002628_AS,PLY_002628,3,ALLSTAR,81,24,10,10,TRUE,2003
LOTTE_2004_PLY_002628_LN,PLY_002628,1,LIVE_NORMAL,55,12,10,0,TRUE,2004
LOTTE_2005_PLY_002628_LN,PLY_002628,1,LIVE_NORMAL,66,12,10,0,TRUE,2005
LOTTE_2005_PLY_002628_AS,PLY_002628,3,ALLSTAR,81,24,10,10,TRUE,2005
LOTTE_2010_PLY_002628_LN,PLY_002628,1,LIVE_NORMAL,66,12,10,0,TRUE,2010
LOTTE_2006_PLY_002628_LN,PLY_002628,1,LIVE_NORMAL,56,12,10,0,TRUE,2006
LOTTE_1991_PLY_002629_TH,PLY_002629,4,TITLE_HOLDER,86,30,10,10,FALSE,1991
LOTTE_1991_PLY_002629_GG,PLY_002629,6,GOLDEN_GLOVE,89,35,10,10,FALSE,1991
LOTTE_1993_PLY_002629_LN,PLY_002629,1,LIVE_NORMAL,61,12,10,0,TRUE,1993
LOTTE_1992_PLY_002629_AS,PLY_002629,3,ALLSTAR,78,24,10,10,TRUE,1992
LOTTE_1989_PLY_002629_GG,PLY_002629,6,GOLDEN_GLOVE,84,35,10,10,FALSE,1989
LOTTE_1989_PLY_002629_LN,PLY_002629,1,LIVE_NORMAL,58,12,10,0,TRUE,1989
LOTTE_1992_PLY_002629_SIG,PLY_002629,5,SIGNATURE,88,40,10,10,FALSE,1992
LOTTE_1994_PLY_002629_LN,PLY_002629,1,LIVE_NORMAL,67,12,10,0,TRUE,1994
LOTTE_2020_PLY_002630_EPIC,PLY_002630,2,LIVE_EPIC,65,18,10,0,TRUE,2020
LOTTE_2021_PLY_002630_AS,PLY_002630,3,ALLSTAR,80,24,10,10,TRUE,2021
LOTTE_2018_PLY_002630_TH,PLY_002630,4,TITLE_HOLDER,80,30,10,10,FALSE,2018
LOTTE_2017_PLY_002630_LN,PLY_002630,1,LIVE_NORMAL,60,12,10,0,TRUE,2017
LOTTE_2017_PLY_002631_LN,PLY_002631,1,LIVE_NORMAL,63,12,10,0,TRUE,2017
LOTTE_2007_PLY_002631_LN,PLY_002631,1,LIVE_NORMAL,61,12,10,0,TRUE,2007
LOTTE_2004_PLY_002631_AS,PLY_002631,3,ALLSTAR,80,24,10,10,TRUE,2004
LOTTE_2011_PLY_002631_LN,PLY_002631,1,LIVE_NORMAL,58,12,10,0,TRUE,2011
LOTTE_2007_PLY_002631_TH,PLY_002631,4,TITLE_HOLDER,85,30,10,10,FALSE,2007
LOTTE_2009_PLY_002631_TH,PLY_002631,4,TITLE_HOLDER,85,30,10,10,FALSE,2009
LOTTE_2020_PLY_002631_LN,PLY_002631,1,LIVE_NORMAL,66,12,10,0,TRUE,2020
LOTTE_2013_PLY_002631_LN,PLY_002631,1,LIVE_NORMAL,66,12,10,0,TRUE,2013
LOTTE_2005_PLY_002632_AS,PLY_002632,3,ALLSTAR,75,24,10,10,TRUE,2005
LOTTE_2005_PLY_002632_LN,PLY_002632,1,LIVE_NORMAL,56,12,10,0,TRUE,2005
LOTTE_2014_PLY_002632_LN,PLY_002632,1,LIVE_NORMAL,55,12,10,0,TRUE,2014
LOTTE_2025_PLY_002633_AS,PLY_002633,3,ALLSTAR,76,24,10,10,TRUE,2025
LOTTE_2023_PLY_002633_LN,PLY_002633,1,LIVE_NORMAL,64,12,10,0,TRUE,2023
LOTTE_2025_PLY_002633_GG,PLY_002633,6,GOLDEN_GLOVE,89,35,10,10,FALSE,2025
LOTTE_2026_PLY_002633_AS,PLY_002633,3,ALLSTAR,74,24,10,10,TRUE,2026
LOTTE_2024_PLY_002633_LN,PLY_002633,1,LIVE_NORMAL,55,12,10,0,TRUE,2024
LOTTE_2023_PLY_002633_AS,PLY_002633,3,ALLSTAR,76,24,10,10,TRUE,2023
LOTTE_2026_PLY_002633_EPIC,PLY_002633,2,LIVE_EPIC,69,18,10,0,TRUE,2026
LOTTE_2022_PLY_002633_LN,PLY_002633,1,LIVE_NORMAL,67,12,10,0,TRUE,2022
LOTTE_2022_PLY_002634_SIG,PLY_002634,5,SIGNATURE,91,40,10,10,FALSE,2022
LOTTE_2025_PLY_002634_EPIC,PLY_002634,2,LIVE_EPIC,70,18,10,0,TRUE,2025
LOTTE_2025_PLY_002634_AS,PLY_002634,3,ALLSTAR,80,24,10,10,TRUE,2025
LOTTE_2023_PLY_002634_AS,PLY_002634,3,ALLSTAR,77,24,10,10,TRUE,2023
LOTTE_2024_PLY_002634_EPIC,PLY_002634,2,LIVE_EPIC,72,18,10,0,TRUE,2024
LOTTE_2024_PLY_002634_SIG,PLY_002634,5,SIGNATURE,94,40,10,10,FALSE,2024
LOTTE_2023_PLY_002635_EPIC,PLY_002635,2,LIVE_EPIC,68,18,10,0,TRUE,2023
LOTTE_2022_PLY_002635_LN,PLY_002635,1,LIVE_NORMAL,56,12,10,0,TRUE,2022
LOTTE_2024_PLY_002635_LN,PLY_002635,1,LIVE_NORMAL,59,12,10,0,TRUE,2024
LOTTE_2021_PLY_002635_LN,PLY_002635,1,LIVE_NORMAL,56,12,10,0,TRUE,2021
LOTTE_2026_PLY_002635_LN,PLY_002635,1,LIVE_NORMAL,64,12,10,0,TRUE,2026
LOTTE_2019_PLY_002635_EPIC,PLY_002635,2,LIVE_EPIC,71,18,10,0,TRUE,2019
LOTTE_2026_PLY_002635_TH,PLY_002635,4,TITLE_HOLDER,81,30,10,10,FALSE,2026
LOTTE_2026_PLY_002636_LN,PLY_002636,1,LIVE_NORMAL,66,12,10,0,TRUE,2026
LOTTE_2026_PLY_002636_EPIC,PLY_002636,2,LIVE_EPIC,67,18,10,0,TRUE,2026
LOTTE_2021_PLY_002636_EPIC,PLY_002636,2,LIVE_EPIC,65,18,10,0,TRUE,2021
LOTTE_2025_PLY_002636_AS,PLY_002636,3,ALLSTAR,76,24,10,10,TRUE,2025
LOTTE_2020_PLY_002636_GG,PLY_002636,6,GOLDEN_GLOVE,87,35,10,10,FALSE,2020
LOTTE_2024_PLY_002636_LN,PLY_002636,1,LIVE_NORMAL,58,12,10,0,TRUE,2024
LOTTE_2026_PLY_002636_TH,PLY_002636,4,TITLE_HOLDER,84,30,10,10,FALSE,2026
LOTTE_2023_PLY_002636_LN,PLY_002636,1,LIVE_NORMAL,61,12,10,0,TRUE,2023
LOTTE_2024_PLY_002636_EPIC,PLY_002636,2,LIVE_EPIC,73,18,10,0,TRUE,2024
LOTTE_2020_PLY_002637_SIG,PLY_002637,5,SIGNATURE,88,40,10,10,FALSE,2020
LOTTE_2007_PLY_002637_LN,PLY_002637,1,LIVE_NORMAL,61,12,10,0,TRUE,2007
LOTTE_2014_PLY_002637_EPIC,PLY_002637,2,LIVE_EPIC,74,18,10,0,TRUE,2014
LOTTE_2010_PLY_002637_EPIC,PLY_002637,2,LIVE_EPIC,66,18,10,0,TRUE,2010
LOTTE_2023_PLY_002637_LN,PLY_002637,1,LIVE_NORMAL,57,12,10,0,TRUE,2023
LOTTE_2011_PLY_002637_EPIC,PLY_002637,2,LIVE_EPIC,74,18,10,0,TRUE,2011
LOTTE_2007_PLY_002637_AS,PLY_002637,3,ALLSTAR,79,24,10,10,TRUE,2007
LOTTE_2021_PLY_002638_TH,PLY_002638,4,TITLE_HOLDER,87,30,10,10,FALSE,2021
LOTTE_2018_PLY_002638_LN,PLY_002638,1,LIVE_NORMAL,67,12,10,0,TRUE,2018
LOTTE_2017_PLY_002638_AS,PLY_002638,3,ALLSTAR,79,24,10,10,TRUE,2017
LOTTE_2018_PLY_002638_AS,PLY_002638,3,ALLSTAR,80,24,10,10,TRUE,2018
LOTTE_2022_PLY_002638_TH,PLY_002638,4,TITLE_HOLDER,87,30,10,10,FALSE,2022
LOTTE_2016_PLY_002638_EPIC,PLY_002638,2,LIVE_EPIC,65,18,10,0,TRUE,2016
LOTTE_2017_PLY_002638_TH,PLY_002638,4,TITLE_HOLDER,81,30,10,10,FALSE,2017
LOTTE_2017_PLY_002638_LN,PLY_002638,1,LIVE_NORMAL,60,12,10,0,TRUE,2017
LOTTE_2020_PLY_002638_LN,PLY_002638,1,LIVE_NORMAL,58,12,10,0,TRUE,2020
LOTTE_1997_PLY_002639_LN,PLY_002639,1,LIVE_NORMAL,55,12,10,0,TRUE,1997
LOTTE_1998_PLY_002639_AS,PLY_002639,3,ALLSTAR,77,24,10,10,TRUE,1998
LOTTE_1991_PLY_002639_AS,PLY_002639,3,ALLSTAR,80,24,10,10,TRUE,1991
LOTTE_1991_PLY_002639_EPIC,PLY_002639,2,LIVE_EPIC,66,18,10,0,TRUE,1991
LOTTE_2023_PLY_002640_TH,PLY_002640,4,TITLE_HOLDER,87,30,10,10,FALSE,2023
LOTTE_2015_PLY_002640_AS,PLY_002640,3,ALLSTAR,77,24,10,10,TRUE,2015
LOTTE_2020_PLY_002640_LN,PLY_002640,1,LIVE_NORMAL,59,12,10,0,TRUE,2020
LOTTE_2023_PLY_002640_LN,PLY_002640,1,LIVE_NORMAL,64,12,10,0,TRUE,2023
LOTTE_2015_PLY_002640_LN,PLY_002640,1,LIVE_NORMAL,66,12,10,0,TRUE,2015
LOTTE_2015_PLY_002640_TH,PLY_002640,4,TITLE_HOLDER,80,30,10,10,FALSE,2015
LOTTE_1998_PLY_002641_TH,PLY_002641,4,TITLE_HOLDER,86,30,10,10,FALSE,1998
LOTTE_2001_PLY_002641_EPIC,PLY_002641,2,LIVE_EPIC,65,18,10,0,TRUE,2001
LOTTE_1999_PLY_002641_GG,PLY_002641,6,GOLDEN_GLOVE,88,35,10,10,FALSE,1999
LOTTE_1994_PLY_002641_EPIC,PLY_002641,2,LIVE_EPIC,71,18,10,0,TRUE,1994
LOTTE_1999_PLY_002641_LN,PLY_002641,1,LIVE_NORMAL,67,12,10,0,TRUE,1999
LOTTE_1999_PLY_002642_AS,PLY_002642,3,ALLSTAR,77,24,10,10,TRUE,1999
LOTTE_2001_PLY_002642_AS,PLY_002642,3,ALLSTAR,75,24,10,10,TRUE,2001
LOTTE_1997_PLY_002642_LN,PLY_002642,1,LIVE_NORMAL,56,12,10,0,TRUE,1997
LOTTE_1999_PLY_002642_LN,PLY_002642,1,LIVE_NORMAL,57,12,10,0,TRUE,1999
LOTTE_2003_PLY_002642_LN,PLY_002642,1,LIVE_NORMAL,56,12,10,0,TRUE,2003
LOTTE_1999_PLY_002642_EPIC,PLY_002642,2,LIVE_EPIC,67,18,10,0,TRUE,1999
LOTTE_1997_PLY_002642_AS,PLY_002642,3,ALLSTAR,82,24,10,10,TRUE,1997
LOTTE_1999_PLY_002643_GG,PLY_002643,6,GOLDEN_GLOVE,84,35,10,10,FALSE,1999
LOTTE_2000_PLY_002643_AS,PLY_002643,3,ALLSTAR,75,24,10,10,TRUE,2000
LOTTE_1995_PLY_002643_LN,PLY_002643,1,LIVE_NORMAL,57,12,10,0,TRUE,1995
LOTTE_1998_PLY_002643_AS,PLY_002643,3,ALLSTAR,78,24,10,10,TRUE,1998
LOTTE_2005_PLY_002643_EPIC,PLY_002643,2,LIVE_EPIC,65,18,10,0,TRUE,2005
LOTTE_1996_PLY_002643_EPIC,PLY_002643,2,LIVE_EPIC,65,18,10,0,TRUE,1996
LOTTE_1997_PLY_002643_LN,PLY_002643,1,LIVE_NORMAL,66,12,10,0,TRUE,1997
LOTTE_2000_PLY_002643_EPIC,PLY_002643,2,LIVE_EPIC,74,18,10,0,TRUE,2000
LOTTE_1996_PLY_002643_LN,PLY_002643,1,LIVE_NORMAL,55,12,10,0,TRUE,1996
LOTTE_1994_PLY_002643_LN,PLY_002643,1,LIVE_NORMAL,63,12,10,0,TRUE,1994
LOTTE_1994_PLY_002644_TH,PLY_002644,4,TITLE_HOLDER,83,30,10,10,FALSE,1994
LOTTE_1996_PLY_002644_TH,PLY_002644,4,TITLE_HOLDER,85,30,10,10,FALSE,1996
LOTTE_1997_PLY_002644_LN,PLY_002644,1,LIVE_NORMAL,58,12,10,0,TRUE,1997
LOTTE_2008_PLY_002645_LN,PLY_002645,1,LIVE_NORMAL,55,12,10,0,TRUE,2008
LOTTE_2005_PLY_002645_AS,PLY_002645,3,ALLSTAR,82,24,10,10,TRUE,2005
LOTTE_2009_PLY_002645_LN,PLY_002645,1,LIVE_NORMAL,67,12,10,0,TRUE,2009
LOTTE_2007_PLY_002645_AS,PLY_002645,3,ALLSTAR,75,24,10,10,TRUE,2007
LOTTE_1994_PLY_002646_AS,PLY_002646,3,ALLSTAR,75,24,10,10,TRUE,1994
LOTTE_2004_PLY_002646_AS,PLY_002646,3,ALLSTAR,81,24,10,10,TRUE,2004
LOTTE_1995_PLY_002646_LN,PLY_002646,1,LIVE_NORMAL,65,12,10,0,TRUE,1995
LOTTE_2023_PLY_002647_AS,PLY_002647,3,ALLSTAR,76,24,10,10,TRUE,2023
LOTTE_2021_PLY_002647_LN,PLY_002647,1,LIVE_NORMAL,60,12,10,0,TRUE,2021
LOTTE_2017_PLY_002647_EPIC,PLY_002647,2,LIVE_EPIC,71,18,10,0,TRUE,2017
LOTTE_2015_PLY_002648_LN,PLY_002648,1,LIVE_NORMAL,56,12,10,0,TRUE,2015
LOTTE_2026_PLY_002648_LN,PLY_002648,1,LIVE_NORMAL,63,12,10,0,TRUE,2026
LOTTE_2018_PLY_002648_EPIC,PLY_002648,2,LIVE_EPIC,67,18,10,0,TRUE,2018
LOTTE_2025_PLY_002648_AS,PLY_002648,3,ALLSTAR,77,24,10,10,TRUE,2025
LOTTE_2025_PLY_002648_TH,PLY_002648,4,TITLE_HOLDER,83,30,10,10,FALSE,2025
LOTTE_2020_PLY_002648_LN,PLY_002648,1,LIVE_NORMAL,65,12,10,0,TRUE,2020
LOTTE_2021_PLY_002648_GG,PLY_002648,6,GOLDEN_GLOVE,86,35,10,10,FALSE,2021
LOTTE_2011_PLY_002649_LN,PLY_002649,1,LIVE_NORMAL,57,12,10,0,TRUE,2011
LOTTE_2015_PLY_002649_LN,PLY_002649,1,LIVE_NORMAL,57,12,10,0,TRUE,2015
LOTTE_2020_PLY_002650_LN,PLY_002650,1,LIVE_NORMAL,64,12,10,0,TRUE,2020
LOTTE_2009_PLY_002650_AS,PLY_002650,3,ALLSTAR,74,24,10,10,TRUE,2009
LOTTE_2009_PLY_002650_LN,PLY_002650,1,LIVE_NORMAL,55,12,10,0,TRUE,2009
LOTTE_2020_PLY_002650_TH,PLY_002650,4,TITLE_HOLDER,82,30,10,10,FALSE,2020
LOTTE_2022_PLY_002650_LN,PLY_002650,1,LIVE_NORMAL,60,12,10,0,TRUE,2022
LOTTE_2020_PLY_002650_EPIC,PLY_002650,2,LIVE_EPIC,67,18,10,0,TRUE,2020
LOTTE_2017_PLY_002650_LN,PLY_002650,1,LIVE_NORMAL,57,12,10,0,TRUE,2017
LOTTE_2013_PLY_002650_TH,PLY_002650,4,TITLE_HOLDER,84,30,10,10,FALSE,2013
LOTTE_2022_PLY_002650_EPIC,PLY_002650,2,LIVE_EPIC,68,18,10,0,TRUE,2022
LOTTE_2013_PLY_002650_LN,PLY_002650,1,LIVE_NORMAL,56,12,10,0,TRUE,2013
LOTTE_2014_PLY_002650_GG,PLY_002650,6,GOLDEN_GLOVE,90,35,10,10,FALSE,2014
LOTTE_2008_PLY_002651_LN,PLY_002651,1,LIVE_NORMAL,60,12,10,0,TRUE,2008
LOTTE_2007_PLY_002651_LN,PLY_002651,1,LIVE_NORMAL,56,12,10,0,TRUE,2007
LOTTE_2006_PLY_002651_LN,PLY_002651,1,LIVE_NORMAL,55,12,10,0,TRUE,2006
LOTTE_2005_PLY_002651_LN,PLY_002651,1,LIVE_NORMAL,56,12,10,0,TRUE,2005
LOTTE_2000_PLY_002651_LN,PLY_002651,1,LIVE_NORMAL,66,12,10,0,TRUE,2000
LOTTE_2008_PLY_002651_SIG,PLY_002651,5,SIGNATURE,92,40,10,10,FALSE,2008
LOTTE_2000_PLY_002651_TH,PLY_002651,4,TITLE_HOLDER,84,30,10,10,FALSE,2000
LOTTE_2005_PLY_002651_EPIC,PLY_002651,2,LIVE_EPIC,75,18,10,0,TRUE,2005
LOTTE_2004_PLY_002651_LN,PLY_002651,1,LIVE_NORMAL,59,12,10,0,TRUE,2004
LOTTE_2024_PLY_002652_TH,PLY_002652,4,TITLE_HOLDER,83,30,10,10,FALSE,2024
LOTTE_2022_PLY_002652_LN,PLY_002652,1,LIVE_NORMAL,55,12,10,0,TRUE,2022
LOTTE_2026_PLY_002652_EPIC,PLY_002652,2,LIVE_EPIC,74,18,10,0,TRUE,2026
LOTTE_2024_PLY_002652_EPIC,PLY_002652,2,LIVE_EPIC,71,18,10,0,TRUE,2024
LOTTE_2021_PLY_002652_EPIC,PLY_002652,2,LIVE_EPIC,72,18,10,0,TRUE,2021
LOTTE_2024_PLY_002652_AS,PLY_002652,3,ALLSTAR,74,24,10,10,TRUE,2024
LOTTE_2021_PLY_002653_TH,PLY_002653,4,TITLE_HOLDER,87,30,10,10,FALSE,2021
LOTTE_2024_PLY_002653_EPIC,PLY_002653,2,LIVE_EPIC,76,18,10,0,TRUE,2024
LOTTE_2026_PLY_002653_LN,PLY_002653,1,LIVE_NORMAL,67,12,10,0,TRUE,2026
LOTTE_2019_PLY_002653_AS,PLY_002653,3,ALLSTAR,75,24,10,10,TRUE,2019
LOTTE_2021_PLY_002653_EPIC,PLY_002653,2,LIVE_EPIC,72,18,10,0,TRUE,2021
LOTTE_2018_PLY_002653_AS,PLY_002653,3,ALLSTAR,82,24,10,10,TRUE,2018
LOTTE_2003_PLY_002654_LN,PLY_002654,1,LIVE_NORMAL,68,12,10,0,TRUE,2003
LOTTE_2007_PLY_002655_LN,PLY_002655,1,LIVE_NORMAL,65,12,10,0,TRUE,2007
LOTTE_2010_PLY_002655_EPIC,PLY_002655,2,LIVE_EPIC,76,18,10,0,TRUE,2010
LOTTE_2005_PLY_002655_LN,PLY_002655,1,LIVE_NORMAL,62,12,10,0,TRUE,2005
LOTTE_2009_PLY_002655_LN,PLY_002655,1,LIVE_NORMAL,59,12,10,0,TRUE,2009
LOTTE_2011_PLY_002655_EPIC,PLY_002655,2,LIVE_EPIC,68,18,10,0,TRUE,2011
LOTTE_2014_PLY_002655_LN,PLY_002655,1,LIVE_NORMAL,68,12,10,0,TRUE,2014
LOTTE_2020_PLY_002655_GG,PLY_002655,6,GOLDEN_GLOVE,85,35,10,10,FALSE,2020
LOTTE_2018_PLY_002655_LN,PLY_002655,1,LIVE_NORMAL,59,12,10,0,TRUE,2018
LOTTE_2024_PLY_002656_EPIC,PLY_002656,2,LIVE_EPIC,75,18,10,0,TRUE,2024
LOTTE_2018_PLY_002656_TH,PLY_002656,4,TITLE_HOLDER,82,30,10,10,FALSE,2018
LOTTE_2026_PLY_002656_EPIC,PLY_002656,2,LIVE_EPIC,71,18,10,0,TRUE,2026
LOTTE_2020_PLY_002656_EPIC,PLY_002656,2,LIVE_EPIC,67,18,10,0,TRUE,2020
LOTTE_2022_PLY_002656_EPIC,PLY_002656,2,LIVE_EPIC,66,18,10,0,TRUE,2022
LOTTE_1994_PLY_002657_LN,PLY_002657,1,LIVE_NORMAL,58,12,10,0,TRUE,1994
LOTTE_2000_PLY_002657_LN,PLY_002657,1,LIVE_NORMAL,56,12,10,0,TRUE,2000
LOTTE_2009_PLY_002657_LN,PLY_002657,1,LIVE_NORMAL,59,12,10,0,TRUE,2009
LOTTE_2011_PLY_002657_AS,PLY_002657,3,ALLSTAR,80,24,10,10,TRUE,2011
LOTTE_2008_PLY_002658_AS,PLY_002658,3,ALLSTAR,77,24,10,10,TRUE,2008
LOTTE_2018_PLY_002658_EPIC,PLY_002658,2,LIVE_EPIC,70,18,10,0,TRUE,2018
LOTTE_2016_PLY_002658_LN,PLY_002658,1,LIVE_NORMAL,66,12,10,0,TRUE,2016
LOTTE_1995_PLY_002659_LN,PLY_002659,1,LIVE_NORMAL,66,12,10,0,TRUE,1995
LOTTE_1994_PLY_002659_LN,PLY_002659,1,LIVE_NORMAL,62,12,10,0,TRUE,1994
LOTTE_1997_PLY_002659_EPIC,PLY_002659,2,LIVE_EPIC,67,18,10,0,TRUE,1997
LOTTE_1988_PLY_002659_EPIC,PLY_002659,2,LIVE_EPIC,76,18,10,0,TRUE,1988
LOTTE_1991_PLY_002659_EPIC,PLY_002659,2,LIVE_EPIC,66,18,10,0,TRUE,1991
LOTTE_1986_PLY_002659_LN,PLY_002659,1,LIVE_NORMAL,61,12,10,0,TRUE,1986
LOTTE_1994_PLY_002659_EPIC,PLY_002659,2,LIVE_EPIC,76,18,10,0,TRUE,1994
LOTTE_2022_PLY_002660_AS,PLY_002660,3,ALLSTAR,81,24,10,10,TRUE,2022
LOTTE_2022_PLY_002660_TH,PLY_002660,4,TITLE_HOLDER,84,30,10,10,FALSE,2022
LOTTE_2024_PLY_002660_AS,PLY_002660,3,ALLSTAR,76,24,10,10,TRUE,2024
LOTTE_2021_PLY_002660_AS,PLY_002660,3,ALLSTAR,81,24,10,10,TRUE,2021
LOTTE_2016_PLY_002661_LN,PLY_002661,1,LIVE_NORMAL,56,12,10,0,TRUE,2016
LOTTE_2015_PLY_002661_EPIC,PLY_002661,2,LIVE_EPIC,67,18,10,0,TRUE,2015
LOTTE_2024_PLY_002662_AS,PLY_002662,3,ALLSTAR,76,24,10,10,TRUE,2024
LOTTE_2013_PLY_002662_LN,PLY_002662,1,LIVE_NORMAL,56,12,10,0,TRUE,2013
LOTTE_2021_PLY_002662_LN,PLY_002662,1,LIVE_NORMAL,62,12,10,0,TRUE,2021
LOTTE_2017_PLY_002662_LN,PLY_002662,1,LIVE_NORMAL,62,12,10,0,TRUE,2017
LOTTE_2014_PLY_002662_GG,PLY_002662,6,GOLDEN_GLOVE,83,35,10,10,FALSE,2014
LOTTE_2019_PLY_002662_LN,PLY_002662,1,LIVE_NORMAL,57,12,10,0,TRUE,2019
LOTTE_2015_PLY_002662_SIG,PLY_002662,5,SIGNATURE,92,40,10,10,FALSE,2015
LOTTE_2005_PLY_002663_LN,PLY_002663,1,LIVE_NORMAL,55,12,10,0,TRUE,2005
LOTTE_2007_PLY_002663_LN,PLY_002663,1,LIVE_NORMAL,66,12,10,0,TRUE,2007
LOTTE_2005_PLY_002663_TH,PLY_002663,4,TITLE_HOLDER,84,30,10,10,FALSE,2005
LOTTE_2007_PLY_002664_LN,PLY_002664,1,LIVE_NORMAL,57,12,10,0,TRUE,2007
LOTTE_2013_PLY_002664_AS,PLY_002664,3,ALLSTAR,80,24,10,10,TRUE,2013
LOTTE_2024_PLY_002665_AS,PLY_002665,3,ALLSTAR,81,24,10,10,TRUE,2024
LOTTE_2025_PLY_002665_EPIC,PLY_002665,2,LIVE_EPIC,71,18,10,0,TRUE,2025
LOTTE_2024_PLY_002665_LN,PLY_002665,1,LIVE_NORMAL,68,12,10,0,TRUE,2024
LOTTE_2026_PLY_002665_LN,PLY_002665,1,LIVE_NORMAL,65,12,10,0,TRUE,2026
LOTTE_2025_PLY_002665_LN,PLY_002665,1,LIVE_NORMAL,59,12,10,0,TRUE,2025
LOTTE_2021_PLY_002665_LN,PLY_002665,1,LIVE_NORMAL,66,12,10,0,TRUE,2021
LOTTE_2020_PLY_002665_TH,PLY_002665,4,TITLE_HOLDER,84,30,10,10,FALSE,2020
LOTTE_2017_PLY_002666_LN,PLY_002666,1,LIVE_NORMAL,57,12,10,0,TRUE,2017
LOTTE_2013_PLY_002666_GG,PLY_002666,6,GOLDEN_GLOVE,86,35,10,10,FALSE,2013
LOTTE_2015_PLY_002666_AS,PLY_002666,3,ALLSTAR,77,24,10,10,TRUE,2015
LOTTE_2014_PLY_002666_LN,PLY_002666,1,LIVE_NORMAL,57,12,10,0,TRUE,2014
LOTTE_2013_PLY_002666_EPIC,PLY_002666,2,LIVE_EPIC,69,18,10,0,TRUE,2013
LOTTE_2015_PLY_002666_EPIC,PLY_002666,2,LIVE_EPIC,71,18,10,0,TRUE,2015
LOTTE_2021_PLY_002667_LN,PLY_002667,1,LIVE_NORMAL,61,12,10,0,TRUE,2021
LOTTE_2020_PLY_002667_LN,PLY_002667,1,LIVE_NORMAL,61,12,10,0,TRUE,2020
LOTTE_2022_PLY_002667_LN,PLY_002667,1,LIVE_NORMAL,68,12,10,0,TRUE,2022
LOTTE_2019_PLY_002668_LN,PLY_002668,1,LIVE_NORMAL,59,12,10,0,TRUE,2019
LOTTE_2021_PLY_002668_EPIC,PLY_002668,2,LIVE_EPIC,68,18,10,0,TRUE,2021
LOTTE_2024_PLY_002668_SIG,PLY_002668,5,SIGNATURE,93,40,10,10,FALSE,2024
LOTTE_2026_PLY_002668_EPIC,PLY_002668,2,LIVE_EPIC,75,18,10,0,TRUE,2026
LOTTE_2019_PLY_002668_AS,PLY_002668,3,ALLSTAR,83,24,10,10,TRUE,2019
LOTTE_2019_PLY_002668_EPIC,PLY_002668,2,LIVE_EPIC,74,18,10,0,TRUE,2019
LOTTE_2025_PLY_002668_EPIC,PLY_002668,2,LIVE_EPIC,72,18,10,0,TRUE,2025
LOTTE_2018_PLY_002668_SIG,PLY_002668,5,SIGNATURE,90,40,10,10,FALSE,2018
LOTTE_1990_PLY_002669_EPIC,PLY_002669,2,LIVE_EPIC,72,18,10,0,TRUE,1990
LOTTE_1992_PLY_002669_EPIC,PLY_002669,2,LIVE_EPIC,73,18,10,0,TRUE,1992
LOTTE_1994_PLY_002669_EPIC,PLY_002669,2,LIVE_EPIC,69,18,10,0,TRUE,1994
LOTTE_1990_PLY_002669_LN,PLY_002669,1,LIVE_NORMAL,61,12,10,0,TRUE,1990
LOTTE_1990_PLY_002669_AS,PLY_002669,3,ALLSTAR,81,24,10,10,TRUE,1990
LOTTE_1991_PLY_002669_LN,PLY_002669,1,LIVE_NORMAL,63,12,10,0,TRUE,1991
LOTTE_1993_PLY_002669_LN,PLY_002669,1,LIVE_NORMAL,59,12,10,0,TRUE,1993
LOTTE_2013_PLY_002670_AS,PLY_002670,3,ALLSTAR,76,24,10,10,TRUE,2013
LOTTE_2014_PLY_002670_AS,PLY_002670,3,ALLSTAR,82,24,10,10,TRUE,2014
LOTTE_2019_PLY_002670_AS,PLY_002670,3,ALLSTAR,83,24,10,10,TRUE,2019
LOTTE_2008_PLY_002671_LN,PLY_002671,1,LIVE_NORMAL,63,12,10,0,TRUE,2008
LOTTE_2022_PLY_002671_LN,PLY_002671,1,LIVE_NORMAL,57,12,10,0,TRUE,2022
LOTTE_2018_PLY_002671_GG,PLY_002671,6,GOLDEN_GLOVE,87,35,10,10,FALSE,2018
LOTTE_2009_PLY_002671_EPIC,PLY_002671,2,LIVE_EPIC,65,18,10,0,TRUE,2009
LOTTE_2019_PLY_002671_EPIC,PLY_002671,2,LIVE_EPIC,68,18,10,0,TRUE,2019
LOTTE_2011_PLY_002671_LN,PLY_002671,1,LIVE_NORMAL,63,12,10,0,TRUE,2011
LOTTE_2015_PLY_002671_AS,PLY_002671,3,ALLSTAR,83,24,10,10,TRUE,2015
LOTTE_2021_PLY_002671_EPIC,PLY_002671,2,LIVE_EPIC,68,18,10,0,TRUE,2021
LOTTE_2021_PLY_002671_LN,PLY_002671,1,LIVE_NORMAL,57,12,10,0,TRUE,2021
LOTTE_2000_PLY_002672_TH,PLY_002672,4,TITLE_HOLDER,83,30,10,10,FALSE,2000
LOTTE_2002_PLY_002672_EPIC,PLY_002672,2,LIVE_EPIC,69,18,10,0,TRUE,2002
LOTTE_2007_PLY_002672_LN,PLY_002672,1,LIVE_NORMAL,56,12,10,0,TRUE,2007
LOTTE_2000_PLY_002672_EPIC,PLY_002672,2,LIVE_EPIC,71,18,10,0,TRUE,2000
LOTTE_2004_PLY_002672_LN,PLY_002672,1,LIVE_NORMAL,60,12,10,0,TRUE,2004
LOTTE_2004_PLY_002672_TH,PLY_002672,4,TITLE_HOLDER,81,30,10,10,FALSE,2004
LOTTE_1996_PLY_002672_AS,PLY_002672,3,ALLSTAR,83,24,10,10,TRUE,1996
LOTTE_2010_PLY_002672_EPIC,PLY_002672,2,LIVE_EPIC,68,18,10,0,TRUE,2010
LOTTE_1998_PLY_002673_EPIC,PLY_002673,2,LIVE_EPIC,72,18,10,0,TRUE,1998
LOTTE_1999_PLY_002673_LN,PLY_002673,1,LIVE_NORMAL,64,12,10,0,TRUE,1999
LOTTE_1999_PLY_002673_EPIC,PLY_002673,2,LIVE_EPIC,73,18,10,0,TRUE,1999
LOTTE_1995_PLY_002673_EPIC,PLY_002673,2,LIVE_EPIC,72,18,10,0,TRUE,1995
LOTTE_1993_PLY_002673_TH,PLY_002673,4,TITLE_HOLDER,80,30,10,10,FALSE,1993
LOTTE_1994_PLY_002673_LN,PLY_002673,1,LIVE_NORMAL,68,12,10,0,TRUE,1994
LOTTE_1995_PLY_002673_AS,PLY_002673,3,ALLSTAR,83,24,10,10,TRUE,1995
LOTTE_1994_PLY_002673_EPIC,PLY_002673,2,LIVE_EPIC,71,18,10,0,TRUE,1994
LOTTE_1992_PLY_002673_EPIC,PLY_002673,2,LIVE_EPIC,67,18,10,0,TRUE,1992
LOTTE_2022_PLY_002674_LN,PLY_002674,1,LIVE_NORMAL,63,12,10,0,TRUE,2022
LOTTE_2023_PLY_002674_LN,PLY_002674,1,LIVE_NORMAL,66,12,10,0,TRUE,2023
LOTTE_2025_PLY_002674_GG,PLY_002674,6,GOLDEN_GLOVE,90,35,10,10,FALSE,2025
LOTTE_2023_PLY_002674_EPIC,PLY_002674,2,LIVE_EPIC,73,18,10,0,TRUE,2023
LOTTE_2023_PLY_002674_AS,PLY_002674,3,ALLSTAR,81,24,10,10,TRUE,2023
LOTTE_2026_PLY_002674_LN,PLY_002674,1,LIVE_NORMAL,67,12,10,0,TRUE,2026
LOTTE_2014_PLY_002675_AS,PLY_002675,3,ALLSTAR,83,24,10,10,TRUE,2014
LOTTE_2015_PLY_002675_EPIC,PLY_002675,2,LIVE_EPIC,68,18,10,0,TRUE,2015
LOTTE_2016_PLY_002675_LN,PLY_002675,1,LIVE_NORMAL,67,12,10,0,TRUE,2016
LOTTE_2018_PLY_002675_TH,PLY_002675,4,TITLE_HOLDER,82,30,10,10,FALSE,2018
LOTTE_2015_PLY_002675_TH,PLY_002675,4,TITLE_HOLDER,87,30,10,10,FALSE,2015
LOTTE_1996_PLY_002676_TH,PLY_002676,4,TITLE_HOLDER,82,30,10,10,FALSE,1996
LOTTE_1999_PLY_002676_EPIC,PLY_002676,2,LIVE_EPIC,74,18,10,0,TRUE,1999
LOTTE_1998_PLY_002676_SIG,PLY_002676,5,SIGNATURE,90,40,10,10,FALSE,1998
LOTTE_1999_PLY_002676_TH,PLY_002676,4,TITLE_HOLDER,84,30,10,10,FALSE,1999
LOTTE_1998_PLY_002676_EPIC,PLY_002676,2,LIVE_EPIC,65,18,10,0,TRUE,1998
LOTTE_1997_PLY_002676_LN,PLY_002676,1,LIVE_NORMAL,63,12,10,0,TRUE,1997
LOTTE_1999_PLY_002676_GG,PLY_002676,6,GOLDEN_GLOVE,89,35,10,10,FALSE,1999
LOTTE_2000_PLY_002676_LN,PLY_002676,1,LIVE_NORMAL,67,12,10,0,TRUE,2000
LOTTE_1996_PLY_002676_SIG,PLY_002676,5,SIGNATURE,92,40,10,10,FALSE,1996
LOTTE_1991_PLY_002677_LN,PLY_002677,1,LIVE_NORMAL,64,12,10,0,TRUE,1991
LOTTE_1994_PLY_002677_GG,PLY_002677,6,GOLDEN_GLOVE,88,35,10,10,FALSE,1994
LOTTE_1992_PLY_002677_LN,PLY_002677,1,LIVE_NORMAL,62,12,10,0,TRUE,1992
LOTTE_1990_PLY_002677_EPIC,PLY_002677,2,LIVE_EPIC,75,18,10,0,TRUE,1990
LOTTE_1990_PLY_002677_AS,PLY_002677,3,ALLSTAR,78,24,10,10,TRUE,1990
LOTTE_1993_PLY_002677_EPIC,PLY_002677,2,LIVE_EPIC,73,18,10,0,TRUE,1993
LOTTE_1991_PLY_002677_EPIC,PLY_002677,2,LIVE_EPIC,71,18,10,0,TRUE,1991
LOTTE_2023_PLY_002678_EPIC,PLY_002678,2,LIVE_EPIC,65,18,10,0,TRUE,2023
LOTTE_2024_PLY_002678_LN,PLY_002678,1,LIVE_NORMAL,55,12,10,0,TRUE,2024
LOTTE_2024_PLY_002678_TH,PLY_002678,4,TITLE_HOLDER,87,30,10,10,FALSE,2024
LOTTE_2024_PLY_002678_EPIC,PLY_002678,2,LIVE_EPIC,70,18,10,0,TRUE,2024
LOTTE_2026_PLY_002678_LN,PLY_002678,1,LIVE_NORMAL,68,12,10,0,TRUE,2026
LOTTE_2023_PLY_002678_TH,PLY_002678,4,TITLE_HOLDER,82,30,10,10,FALSE,2023
LOTTE_2026_PLY_002678_EPIC,PLY_002678,2,LIVE_EPIC,67,18,10,0,TRUE,2026
LOTTE_2019_PLY_002679_TH,PLY_002679,4,TITLE_HOLDER,83,30,10,10,FALSE,2019
LOTTE_2015_PLY_002679_LN,PLY_002679,1,LIVE_NORMAL,67,12,10,0,TRUE,2015
LOTTE_2011_PLY_002679_AS,PLY_002679,3,ALLSTAR,77,24,10,10,TRUE,2011
LOTTE_2018_PLY_002679_LN,PLY_002679,1,LIVE_NORMAL,59,12,10,0,TRUE,2018
LOTTE_2012_PLY_002679_EPIC,PLY_002679,2,LIVE_EPIC,72,18,10,0,TRUE,2012
LOTTE_2021_PLY_002679_AS,PLY_002679,3,ALLSTAR,83,24,10,10,TRUE,2021
LOTTE_2011_PLY_002680_AS,PLY_002680,3,ALLSTAR,78,24,10,10,TRUE,2011
LOTTE_2021_PLY_002680_LN,PLY_002680,1,LIVE_NORMAL,58,12,10,0,TRUE,2021
LOTTE_2020_PLY_002680_LN,PLY_002680,1,LIVE_NORMAL,59,12,10,0,TRUE,2020
LOTTE_2023_PLY_002681_LN,PLY_002681,1,LIVE_NORMAL,67,12,10,0,TRUE,2023
LOTTE_2017_PLY_002681_EPIC,PLY_002681,2,LIVE_EPIC,66,18,10,0,TRUE,2017
LOTTE_2021_PLY_002681_LN,PLY_002681,1,LIVE_NORMAL,62,12,10,0,TRUE,2021
LOTTE_2014_PLY_002681_LN,PLY_002681,1,LIVE_NORMAL,68,12,10,0,TRUE,2014
LOTTE_2006_PLY_002681_LN,PLY_002681,1,LIVE_NORMAL,62,12,10,0,TRUE,2006
LOTTE_2013_PLY_002681_LN,PLY_002681,1,LIVE_NORMAL,68,12,10,0,TRUE,2013
LOTTE_2009_PLY_002681_AS,PLY_002681,3,ALLSTAR,80,24,10,10,TRUE,2009
LOTTE_2007_PLY_002681_LN,PLY_002681,1,LIVE_NORMAL,59,12,10,0,TRUE,2007
LOTTE_2008_PLY_002681_LN,PLY_002681,1,LIVE_NORMAL,61,12,10,0,TRUE,2008
LOTTE_2004_PLY_002681_AS,PLY_002681,3,ALLSTAR,78,24,10,10,TRUE,2004
LOTTE_2016_PLY_002681_LN,PLY_002681,1,LIVE_NORMAL,58,12,10,0,TRUE,2016
LOTTE_2024_PLY_002681_GG,PLY_002681,6,GOLDEN_GLOVE,84,35,10,10,FALSE,2024
LOTTE_2019_PLY_002682_EPIC,PLY_002682,2,LIVE_EPIC,72,18,10,0,TRUE,2019
LOTTE_2014_PLY_002682_LN,PLY_002682,1,LIVE_NORMAL,56,12,10,0,TRUE,2014
LOTTE_2019_PLY_002682_TH,PLY_002682,4,TITLE_HOLDER,83,30,10,10,FALSE,2019
LOTTE_2021_PLY_002682_LN,PLY_002682,1,LIVE_NORMAL,68,12,10,0,TRUE,2021
LOTTE_2016_PLY_002682_TH,PLY_002682,4,TITLE_HOLDER,80,30,10,10,FALSE,2016
LOTTE_2024_PLY_002682_AS,PLY_002682,3,ALLSTAR,76,24,10,10,TRUE,2024
LOTTE_2013_PLY_002682_LN,PLY_002682,1,LIVE_NORMAL,62,12,10,0,TRUE,2013
LOTTE_2017_PLY_002682_AS,PLY_002682,3,ALLSTAR,76,24,10,10,TRUE,2017
LOTTE_2014_PLY_002682_AS,PLY_002682,3,ALLSTAR,81,24,10,10,TRUE,2014
LOTTE_2017_PLY_002682_EPIC,PLY_002682,2,LIVE_EPIC,74,18,10,0,TRUE,2017
LOTTE_2007_PLY_002683_AS,PLY_002683,3,ALLSTAR,83,24,10,10,TRUE,2007
LOTTE_2004_PLY_002683_TH,PLY_002683,4,TITLE_HOLDER,85,30,10,10,FALSE,2004
LOTTE_1996_PLY_002683_EPIC,PLY_002683,2,LIVE_EPIC,69,18,10,0,TRUE,1996
LOTTE_1991_PLY_002683_AS,PLY_002683,3,ALLSTAR,74,24,10,10,TRUE,1991
LOTTE_2002_PLY_002683_AS,PLY_002683,3,ALLSTAR,77,24,10,10,TRUE,2002
LOTTE_2006_PLY_002683_AS,PLY_002683,3,ALLSTAR,83,24,10,10,TRUE,2006
LOTTE_2017_PLY_002684_EPIC,PLY_002684,2,LIVE_EPIC,71,18,10,0,TRUE,2017
LOTTE_2015_PLY_002684_AS,PLY_002684,3,ALLSTAR,81,24,10,10,TRUE,2015
LOTTE_2003_PLY_002685_LN,PLY_002685,1,LIVE_NORMAL,59,12,10,0,TRUE,2003
LOTTE_2000_PLY_002685_EPIC,PLY_002685,2,LIVE_EPIC,76,18,10,0,TRUE,2000
LOTTE_2003_PLY_002685_TH,PLY_002685,4,TITLE_HOLDER,83,30,10,10,FALSE,2003
LOTTE_2003_PLY_002685_AS,PLY_002685,3,ALLSTAR,82,24,10,10,TRUE,2003
LOTTE_2002_PLY_002685_AS,PLY_002685,3,ALLSTAR,82,24,10,10,TRUE,2002
LOTTE_2008_PLY_002686_AS,PLY_002686,3,ALLSTAR,80,24,10,10,TRUE,2008
LOTTE_2003_PLY_002686_EPIC,PLY_002686,2,LIVE_EPIC,65,18,10,0,TRUE,2003
LOTTE_1994_PLY_002686_AS,PLY_002686,3,ALLSTAR,75,24,10,10,TRUE,1994
LOTTE_2006_PLY_002686_EPIC,PLY_002686,2,LIVE_EPIC,68,18,10,0,TRUE,2006
LOTTE_2022_PLY_002687_EPIC,PLY_002687,2,LIVE_EPIC,69,18,10,0,TRUE,2022
LOTTE_2023_PLY_002687_LN,PLY_002687,1,LIVE_NORMAL,61,12,10,0,TRUE,2023
LOTTE_2023_PLY_002687_AS,PLY_002687,3,ALLSTAR,80,24,10,10,TRUE,2023
LOTTE_2023_PLY_002687_SIG,PLY_002687,5,SIGNATURE,90,40,10,10,FALSE,2023
LOTTE_2025_PLY_002687_LN,PLY_002687,1,LIVE_NORMAL,61,12,10,0,TRUE,2025
LOTTE_2003_PLY_002688_AS,PLY_002688,3,ALLSTAR,80,24,10,10,TRUE,2003
LOTTE_2000_PLY_002688_EPIC,PLY_002688,2,LIVE_EPIC,71,18,10,0,TRUE,2000
LOTTE_1997_PLY_002688_LN,PLY_002688,1,LIVE_NORMAL,62,12,10,0,TRUE,1997
LOTTE_1999_PLY_002688_AS,PLY_002688,3,ALLSTAR,77,24,10,10,TRUE,1999
LOTTE_2004_PLY_002688_AS,PLY_002688,3,ALLSTAR,81,24,10,10,TRUE,2004
LOTTE_2002_PLY_002688_LN,PLY_002688,1,LIVE_NORMAL,58,12,10,0,TRUE,2002
LOTTE_2001_PLY_002688_EPIC,PLY_002688,2,LIVE_EPIC,73,18,10,0,TRUE,2001
LOTTE_2000_PLY_002689_LN,PLY_002689,1,LIVE_NORMAL,65,12,10,0,TRUE,2000
LOTTE_1999_PLY_002689_LN,PLY_002689,1,LIVE_NORMAL,62,12,10,0,TRUE,1999
LOTTE_2000_PLY_002689_EPIC,PLY_002689,2,LIVE_EPIC,68,18,10,0,TRUE,2000
LOTTE_1988_PLY_002689_LN,PLY_002689,1,LIVE_NORMAL,59,12,10,0,TRUE,1988
LOTTE_1991_PLY_002689_EPIC,PLY_002689,2,LIVE_EPIC,73,18,10,0,TRUE,1991
LOTTE_2006_PLY_002689_LN,PLY_002689,1,LIVE_NORMAL,56,12,10,0,TRUE,2006
LOTTE_2004_PLY_002689_EPIC,PLY_002689,2,LIVE_EPIC,74,18,10,0,TRUE,2004
LOTTE_2007_PLY_002689_LN,PLY_002689,1,LIVE_NORMAL,61,12,10,0,TRUE,2007
LOTTE_2009_PLY_002690_EPIC,PLY_002690,2,LIVE_EPIC,75,18,10,0,TRUE,2009
LOTTE_2014_PLY_002690_AS,PLY_002690,3,ALLSTAR,83,24,10,10,TRUE,2014
LOTTE_2015_PLY_002690_EPIC,PLY_002690,2,LIVE_EPIC,76,18,10,0,TRUE,2015
LOTTE_2008_PLY_002690_SIG,PLY_002690,5,SIGNATURE,89,40,10,10,FALSE,2008
LOTTE_2010_PLY_002691_TH,PLY_002691,4,TITLE_HOLDER,84,30,10,10,FALSE,2010
LOTTE_2008_PLY_002691_LN,PLY_002691,1,LIVE_NORMAL,63,12,10,0,TRUE,2008
LOTTE_2006_PLY_002691_LN,PLY_002691,1,LIVE_NORMAL,68,12,10,0,TRUE,2006
LOTTE_2008_PLY_002691_EPIC,PLY_002691,2,LIVE_EPIC,68,18,10,0,TRUE,2008
LOTTE_2009_PLY_002691_LN,PLY_002691,1,LIVE_NORMAL,67,12,10,0,TRUE,2009
LOTTE_2007_PLY_002691_EPIC,PLY_002691,2,LIVE_EPIC,72,18,10,0,TRUE,2007
LOTTE_2004_PLY_002691_AS,PLY_002691,3,ALLSTAR,75,24,10,10,TRUE,2004
LOTTE_2009_PLY_002691_TH,PLY_002691,4,TITLE_HOLDER,81,30,10,10,FALSE,2009
LOTTE_2004_PLY_002691_LN,PLY_002691,1,LIVE_NORMAL,62,12,10,0,TRUE,2004
LOTTE_2025_PLY_002692_LN,PLY_002692,1,LIVE_NORMAL,55,12,10,0,TRUE,2025
LOTTE_2022_PLY_002692_LN,PLY_002692,1,LIVE_NORMAL,67,12,10,0,TRUE,2022
LOTTE_2024_PLY_002692_LN,PLY_002692,1,LIVE_NORMAL,56,12,10,0,TRUE,2024
LOTTE_2021_PLY_002692_EPIC,PLY_002692,2,LIVE_EPIC,72,18,10,0,TRUE,2021
LOTTE_2026_PLY_002692_TH,PLY_002692,4,TITLE_HOLDER,82,30,10,10,FALSE,2026
LOTTE_2026_PLY_002692_EPIC,PLY_002692,2,LIVE_EPIC,75,18,10,0,TRUE,2026
LOTTE_2024_PLY_002692_SIG,PLY_002692,5,SIGNATURE,87,40,10,10,FALSE,2024
LOTTE_2017_PLY_002693_LN,PLY_002693,1,LIVE_NORMAL,59,12,10,0,TRUE,2017
LOTTE_2015_PLY_002693_EPIC,PLY_002693,2,LIVE_EPIC,74,18,10,0,TRUE,2015
LOTTE_2009_PLY_002693_GG,PLY_002693,6,GOLDEN_GLOVE,85,35,10,10,FALSE,2009
LOTTE_2018_PLY_002693_EPIC,PLY_002693,2,LIVE_EPIC,65,18,10,0,TRUE,2018
LOTTE_2024_PLY_002693_EPIC,PLY_002693,2,LIVE_EPIC,66,18,10,0,TRUE,2024
LOTTE_2009_PLY_002693_LN,PLY_002693,1,LIVE_NORMAL,68,12,10,0,TRUE,2009
LOTTE_2012_PLY_002693_EPIC,PLY_002693,2,LIVE_EPIC,69,18,10,0,TRUE,2012
LOTTE_2011_PLY_002693_AS,PLY_002693,3,ALLSTAR,77,24,10,10,TRUE,2011
LOTTE_2025_PLY_002694_EPIC,PLY_002694,2,LIVE_EPIC,68,18,10,0,TRUE,2025
LOTTE_2023_PLY_002694_GG,PLY_002694,6,GOLDEN_GLOVE,90,35,10,10,FALSE,2023
LOTTE_2024_PLY_002694_AS,PLY_002694,3,ALLSTAR,77,24,10,10,TRUE,2024
LOTTE_2026_PLY_002694_LN,PLY_002694,1,LIVE_NORMAL,56,12,10,0,TRUE,2026
LOTTE_2025_PLY_002694_LN,PLY_002694,1,LIVE_NORMAL,55,12,10,0,TRUE,2025
LOTTE_2023_PLY_002694_LN,PLY_002694,1,LIVE_NORMAL,55,12,10,0,TRUE,2023
LOTTE_2026_PLY_002694_GG,PLY_002694,6,GOLDEN_GLOVE,89,35,10,10,FALSE,2026
LOTTE_2023_PLY_002694_TH,PLY_002694,4,TITLE_HOLDER,80,30,10,10,FALSE,2023
LOTTE_2024_PLY_002694_EPIC,PLY_002694,2,LIVE_EPIC,68,18,10,0,TRUE,2024
LOTTE_1998_PLY_002695_LN,PLY_002695,1,LIVE_NORMAL,68,12,10,0,TRUE,1998
LOTTE_2002_PLY_002695_LN,PLY_002695,1,LIVE_NORMAL,68,12,10,0,TRUE,2002
LOTTE_2003_PLY_002695_TH,PLY_002695,4,TITLE_HOLDER,80,30,10,10,FALSE,2003
LOTTE_2006_PLY_002695_GG,PLY_002695,6,GOLDEN_GLOVE,90,35,10,10,FALSE,2006
LOTTE_2005_PLY_002695_EPIC,PLY_002695,2,LIVE_EPIC,70,18,10,0,TRUE,2005
LOTTE_2003_PLY_002695_LN,PLY_002695,1,LIVE_NORMAL,68,12,10,0,TRUE,2003
LOTTE_2000_PLY_002695_EPIC,PLY_002695,2,LIVE_EPIC,76,18,10,0,TRUE,2000
LOTTE_2004_PLY_002695_TH,PLY_002695,4,TITLE_HOLDER,87,30,10,10,FALSE,2004
LOTTE_2002_PLY_002695_GG,PLY_002695,6,GOLDEN_GLOVE,90,35,10,10,FALSE,2002
LOTTE_2023_PLY_002696_AS,PLY_002696,3,ALLSTAR,79,24,10,10,TRUE,2023
LOTTE_2012_PLY_002696_LN,PLY_002696,1,LIVE_NORMAL,66,12,10,0,TRUE,2012
LOTTE_2015_PLY_002696_SIG,PLY_002696,5,SIGNATURE,88,40,10,10,FALSE,2015
LOTTE_2014_PLY_002696_LN,PLY_002696,1,LIVE_NORMAL,62,12,10,0,TRUE,2014
LOTTE_2025_PLY_002696_EPIC,PLY_002696,2,LIVE_EPIC,66,18,10,0,TRUE,2025
LOTTE_2012_PLY_002696_AS,PLY_002696,3,ALLSTAR,79,24,10,10,TRUE,2012
LOTTE_2012_PLY_002696_TH,PLY_002696,4,TITLE_HOLDER,83,30,10,10,FALSE,2012
LOTTE_2011_PLY_002696_LN,PLY_002696,1,LIVE_NORMAL,58,12,10,0,TRUE,2011
LOTTE_2013_PLY_002696_EPIC,PLY_002696,2,LIVE_EPIC,66,18,10,0,TRUE,2013
LOTTE_2015_PLY_002697_SIG,PLY_002697,5,SIGNATURE,88,40,10,10,FALSE,2015
LOTTE_2013_PLY_002697_TH,PLY_002697,4,TITLE_HOLDER,83,30,10,10,FALSE,2013
LOTTE_2014_PLY_002697_LN,PLY_002697,1,LIVE_NORMAL,56,12,10,0,TRUE,2014
LOTTE_2013_PLY_002697_EPIC,PLY_002697,2,LIVE_EPIC,68,18,10,0,TRUE,2013
LOTTE_2016_PLY_002697_AS,PLY_002697,3,ALLSTAR,79,24,10,10,TRUE,2016
LOTTE_1997_PLY_002698_LN,PLY_002698,1,LIVE_NORMAL,58,12,10,0,TRUE,1997
LOTTE_1996_PLY_002698_SIG,PLY_002698,5,SIGNATURE,92,40,10,10,FALSE,1996
LOTTE_2000_PLY_002698_LN,PLY_002698,1,LIVE_NORMAL,58,12,10,0,TRUE,2000
LOTTE_2017_PLY_002699_AS,PLY_002699,3,ALLSTAR,83,24,10,10,TRUE,2017
LOTTE_2016_PLY_002699_EPIC,PLY_002699,2,LIVE_EPIC,74,18,10,0,TRUE,2016
LOTTE_2017_PLY_002699_LN,PLY_002699,1,LIVE_NORMAL,58,12,10,0,TRUE,2017
LOTTE_2017_PLY_002699_EPIC,PLY_002699,2,LIVE_EPIC,67,18,10,0,TRUE,2017
LOTTE_2015_PLY_002699_LN,PLY_002699,1,LIVE_NORMAL,62,12,10,0,TRUE,2015
LOTTE_2012_PLY_002699_LN,PLY_002699,1,LIVE_NORMAL,61,12,10,0,TRUE,2012
LOTTE_2014_PLY_002699_LN,PLY_002699,1,LIVE_NORMAL,57,12,10,0,TRUE,2014
LOTTE_2018_PLY_002699_GG,PLY_002699,6,GOLDEN_GLOVE,86,35,10,10,FALSE,2018
LOTTE_2014_PLY_002699_GG,PLY_002699,6,GOLDEN_GLOVE,85,35,10,10,FALSE,2014
LOTTE_2014_PLY_002700_EPIC,PLY_002700,2,LIVE_EPIC,72,18,10,0,TRUE,2014
LOTTE_2021_PLY_002700_EPIC,PLY_002700,2,LIVE_EPIC,66,18,10,0,TRUE,2021
LOTTE_1989_PLY_002701_TH,PLY_002701,4,TITLE_HOLDER,83,30,10,10,FALSE,1989
LOTTE_1991_PLY_002701_EPIC,PLY_002701,2,LIVE_EPIC,75,18,10,0,TRUE,1991
LOTTE_1986_PLY_002701_LN,PLY_002701,1,LIVE_NORMAL,61,12,10,0,TRUE,1986
LOTTE_1987_PLY_002701_EPIC,PLY_002701,2,LIVE_EPIC,67,18,10,0,TRUE,1987
LOTTE_1990_PLY_002701_EPIC,PLY_002701,2,LIVE_EPIC,67,18,10,0,TRUE,1990
LOTTE_1986_PLY_002701_AS,PLY_002701,3,ALLSTAR,77,24,10,10,TRUE,1986
LOTTE_2008_PLY_002702_AS,PLY_002702,3,ALLSTAR,83,24,10,10,TRUE,2008
LOTTE_2011_PLY_002702_LN,PLY_002702,1,LIVE_NORMAL,58,12,10,0,TRUE,2011
LOTTE_2010_PLY_002702_EPIC,PLY_002702,2,LIVE_EPIC,75,18,10,0,TRUE,2010
LOTTE_2012_PLY_002702_LN,PLY_002702,1,LIVE_NORMAL,60,12,10,0,TRUE,2012
LOTTE_2014_PLY_002702_EPIC,PLY_002702,2,LIVE_EPIC,66,18,10,0,TRUE,2014
LOTTE_2006_PLY_002702_TH,PLY_002702,4,TITLE_HOLDER,84,30,10,10,FALSE,2006
LOTTE_1988_PLY_002703_AS,PLY_002703,3,ALLSTAR,74,24,10,10,TRUE,1988
LOTTE_1988_PLY_002703_TH,PLY_002703,4,TITLE_HOLDER,82,30,10,10,FALSE,1988
LOTTE_1989_PLY_002703_AS,PLY_002703,3,ALLSTAR,81,24,10,10,TRUE,1989
LOTTE_2002_PLY_002703_EPIC,PLY_002703,2,LIVE_EPIC,74,18,10,0,TRUE,2002
LOTTE_1988_PLY_002703_LN,PLY_002703,1,LIVE_NORMAL,67,12,10,0,TRUE,1988
LOTTE_1998_PLY_002703_LN,PLY_002703,1,LIVE_NORMAL,64,12,10,0,TRUE,1998
LOTTE_1993_PLY_002703_LN,PLY_002703,1,LIVE_NORMAL,56,12,10,0,TRUE,1993
LOTTE_2000_PLY_002703_AS,PLY_002703,3,ALLSTAR,83,24,10,10,TRUE,2000
LOTTE_1987_PLY_002703_EPIC,PLY_002703,2,LIVE_EPIC,74,18,10,0,TRUE,1987
LOTTE_2009_PLY_002704_TH,PLY_002704,4,TITLE_HOLDER,81,30,10,10,FALSE,2009
LOTTE_2007_PLY_002704_EPIC,PLY_002704,2,LIVE_EPIC,73,18,10,0,TRUE,2007
LOTTE_2010_PLY_002705_LN,PLY_002705,1,LIVE_NORMAL,60,12,10,0,TRUE,2010
LOTTE_2008_PLY_002705_LN,PLY_002705,1,LIVE_NORMAL,60,12,10,0,TRUE,2008
LOTTE_2013_PLY_002705_EPIC,PLY_002705,2,LIVE_EPIC,73,18,10,0,TRUE,2013
LOTTE_2012_PLY_002705_LN,PLY_002705,1,LIVE_NORMAL,59,12,10,0,TRUE,2012
LOTTE_2009_PLY_002705_EPIC,PLY_002705,2,LIVE_EPIC,72,18,10,0,TRUE,2009
LOTTE_2005_PLY_002705_EPIC,PLY_002705,2,LIVE_EPIC,68,18,10,0,TRUE,2005
LOTTE_2009_PLY_002705_SIG,PLY_002705,5,SIGNATURE,89,40,10,10,FALSE,2009
LOTTE_2011_PLY_002705_EPIC,PLY_002705,2,LIVE_EPIC,69,18,10,0,TRUE,2011
LOTTE_2012_PLY_002705_EPIC,PLY_002705,2,LIVE_EPIC,66,18,10,0,TRUE,2012
LOTTE_2008_PLY_002705_TH,PLY_002705,4,TITLE_HOLDER,81,30,10,10,FALSE,2008
LOTTE_2000_PLY_002706_EPIC,PLY_002706,2,LIVE_EPIC,65,18,10,0,TRUE,2000
LOTTE_1999_PLY_002706_AS,PLY_002706,3,ALLSTAR,74,24,10,10,TRUE,1999
LOTTE_2003_PLY_002706_LN,PLY_002706,1,LIVE_NORMAL,55,12,10,0,TRUE,2003
LOTTE_1999_PLY_002707_EPIC,PLY_002707,2,LIVE_EPIC,76,18,10,0,TRUE,1999
LOTTE_2001_PLY_002707_TH,PLY_002707,4,TITLE_HOLDER,80,30,10,10,FALSE,2001
LOTTE_2000_PLY_002707_EPIC,PLY_002707,2,LIVE_EPIC,74,18,10,0,TRUE,2000
LOTTE_2000_PLY_002707_LN,PLY_002707,1,LIVE_NORMAL,59,12,10,0,TRUE,2000
LOTTE_2002_PLY_002707_LN,PLY_002707,1,LIVE_NORMAL,55,12,10,0,TRUE,2002
LOTTE_2002_PLY_002707_EPIC,PLY_002707,2,LIVE_EPIC,67,18,10,0,TRUE,2002
LOTTE_2025_PLY_002708_TH,PLY_002708,4,TITLE_HOLDER,85,30,10,10,FALSE,2025
LOTTE_2025_PLY_002708_EPIC,PLY_002708,2,LIVE_EPIC,67,18,10,0,TRUE,2025
LOTTE_2022_PLY_002708_EPIC,PLY_002708,2,LIVE_EPIC,74,18,10,0,TRUE,2022
LOTTE_2019_PLY_002709_AS,PLY_002709,3,ALLSTAR,75,24,10,10,TRUE,2019
LOTTE_2021_PLY_002709_GG,PLY_002709,6,GOLDEN_GLOVE,83,35,10,10,FALSE,2021
LOTTE_2010_PLY_002709_EPIC,PLY_002709,2,LIVE_EPIC,75,18,10,0,TRUE,2010
LOTTE_2018_PLY_002709_LN,PLY_002709,1,LIVE_NORMAL,56,12,10,0,TRUE,2018
LOTTE_2020_PLY_002709_EPIC,PLY_002709,2,LIVE_EPIC,73,18,10,0,TRUE,2020
LOTTE_2014_PLY_002709_LN,PLY_002709,1,LIVE_NORMAL,60,12,10,0,TRUE,2014
LOTTE_2023_PLY_002709_TH,PLY_002709,4,TITLE_HOLDER,81,30,10,10,FALSE,2023
LOTTE_2025_PLY_002710_TH,PLY_002710,4,TITLE_HOLDER,81,30,10,10,FALSE,2025
LOTTE_2015_PLY_002710_LN,PLY_002710,1,LIVE_NORMAL,56,12,10,0,TRUE,2015
LOTTE_2023_PLY_002710_EPIC,PLY_002710,2,LIVE_EPIC,74,18,10,0,TRUE,2023
LOTTE_2021_PLY_002710_AS,PLY_002710,3,ALLSTAR,81,24,10,10,TRUE,2021
LOTTE_2022_PLY_002710_TH,PLY_002710,4,TITLE_HOLDER,86,30,10,10,FALSE,2022
LOTTE_2019_PLY_002710_EPIC,PLY_002710,2,LIVE_EPIC,75,18,10,0,TRUE,2019
LOTTE_2023_PLY_002710_LN,PLY_002710,1,LIVE_NORMAL,64,12,10,0,TRUE,2023
LOTTE_2010_PLY_002711_LN,PLY_002711,1,LIVE_NORMAL,59,12,10,0,TRUE,2010
LOTTE_2012_PLY_002711_GG,PLY_002711,6,GOLDEN_GLOVE,88,35,10,10,FALSE,2012
LOTTE_2011_PLY_002711_LN,PLY_002711,1,LIVE_NORMAL,60,12,10,0,TRUE,2011
LOTTE_2010_PLY_002712_EPIC,PLY_002712,2,LIVE_EPIC,68,18,10,0,TRUE,2010
LOTTE_2012_PLY_002712_TH,PLY_002712,4,TITLE_HOLDER,81,30,10,10,FALSE,2012
LOTTE_2013_PLY_002712_LN,PLY_002712,1,LIVE_NORMAL,67,12,10,0,TRUE,2013
LOTTE_2010_PLY_002712_LN,PLY_002712,1,LIVE_NORMAL,59,12,10,0,TRUE,2010
LOTTE_2011_PLY_002712_AS,PLY_002712,3,ALLSTAR,83,24,10,10,TRUE,2011
LOTTE_2014_PLY_002712_AS,PLY_002712,3,ALLSTAR,74,24,10,10,TRUE,2014
LOTTE_2008_PLY_002712_LN,PLY_002712,1,LIVE_NORMAL,66,12,10,0,TRUE,2008
LOTTE_2014_PLY_002712_EPIC,PLY_002712,2,LIVE_EPIC,68,18,10,0,TRUE,2014
LOTTE_2010_PLY_002712_TH,PLY_002712,4,TITLE_HOLDER,81,30,10,10,FALSE,2010
LOTTE_2014_PLY_002712_LN,PLY_002712,1,LIVE_NORMAL,61,12,10,0,TRUE,2014
LOTTE_2007_PLY_002712_LN,PLY_002712,1,LIVE_NORMAL,59,12,10,0,TRUE,2007
LOTTE_1991_PLY_002713_LN,PLY_002713,1,LIVE_NORMAL,57,12,10,0,TRUE,1991
LOTTE_1991_PLY_002713_EPIC,PLY_002713,2,LIVE_EPIC,68,18,10,0,TRUE,1991
LOTTE_1994_PLY_002713_AS,PLY_002713,3,ALLSTAR,78,24,10,10,TRUE,1994
LOTTE_1995_PLY_002713_EPIC,PLY_002713,2,LIVE_EPIC,66,18,10,0,TRUE,1995
LOTTE_1993_PLY_002713_SIG,PLY_002713,5,SIGNATURE,93,40,10,10,FALSE,1993
LOTTE_1992_PLY_002713_LN,PLY_002713,1,LIVE_NORMAL,68,12,10,0,TRUE,1992
LOTTE_1995_PLY_002713_LN,PLY_002713,1,LIVE_NORMAL,60,12,10,0,TRUE,1995
LOTTE_1994_PLY_002713_LN,PLY_002713,1,LIVE_NORMAL,66,12,10,0,TRUE,1994
LOTTE_1992_PLY_002713_EPIC,PLY_002713,2,LIVE_EPIC,75,18,10,0,TRUE,1992
LOTTE_1994_PLY_002713_GG,PLY_002713,6,GOLDEN_GLOVE,87,35,10,10,FALSE,1994
LOTTE_1992_PLY_002713_TH,PLY_002713,4,TITLE_HOLDER,84,30,10,10,FALSE,1992
LOTTE_2022_PLY_002714_GG,PLY_002714,6,GOLDEN_GLOVE,86,35,10,10,FALSE,2022
LOTTE_2013_PLY_002714_AS,PLY_002714,3,ALLSTAR,80,24,10,10,TRUE,2013
LOTTE_2014_PLY_002715_GG,PLY_002715,6,GOLDEN_GLOVE,87,35,10,10,FALSE,2014
LOTTE_2014_PLY_002715_AS,PLY_002715,3,ALLSTAR,82,24,10,10,TRUE,2014
LOTTE_2019_PLY_002715_LN,PLY_002715,1,LIVE_NORMAL,66,12,10,0,TRUE,2019
LOTTE_2011_PLY_002715_TH,PLY_002715,4,TITLE_HOLDER,80,30,10,10,FALSE,2011
LOTTE_2018_PLY_002715_EPIC,PLY_002715,2,LIVE_EPIC,65,18,10,0,TRUE,2018
LOTTE_2016_PLY_002715_AS,PLY_002715,3,ALLSTAR,83,24,10,10,TRUE,2016
LOTTE_2017_PLY_002715_TH,PLY_002715,4,TITLE_HOLDER,80,30,10,10,FALSE,2017
LOTTE_2020_PLY_002715_EPIC,PLY_002715,2,LIVE_EPIC,70,18,10,0,TRUE,2020
LOTTE_2017_PLY_002715_LN,PLY_002715,1,LIVE_NORMAL,58,12,10,0,TRUE,2017
LOTTE_2013_PLY_002715_LN,PLY_002715,1,LIVE_NORMAL,60,12,10,0,TRUE,2013
LOTTE_2015_PLY_002715_LN,PLY_002715,1,LIVE_NORMAL,62,12,10,0,TRUE,2015
LOTTE_2021_PLY_002716_LN,PLY_002716,1,LIVE_NORMAL,66,12,10,0,TRUE,2021
LOTTE_2004_PLY_002716_EPIC,PLY_002716,2,LIVE_EPIC,69,18,10,0,TRUE,2004
LOTTE_2012_PLY_002716_LN,PLY_002716,1,LIVE_NORMAL,55,12,10,0,TRUE,2012
LOTTE_1988_PLY_002717_LN,PLY_002717,1,LIVE_NORMAL,68,12,10,0,TRUE,1988
LOTTE_1992_PLY_002717_GG,PLY_002717,6,GOLDEN_GLOVE,85,35,10,10,FALSE,1992
LOTTE_1995_PLY_002717_EPIC,PLY_002717,2,LIVE_EPIC,72,18,10,0,TRUE,1995
LOTTE_1996_PLY_002717_TH,PLY_002717,4,TITLE_HOLDER,86,30,10,10,FALSE,1996
LOTTE_1987_PLY_002717_EPIC,PLY_002717,2,LIVE_EPIC,74,18,10,0,TRUE,1987
LOTTE_1988_PLY_002717_AS,PLY_002717,3,ALLSTAR,79,24,10,10,TRUE,1988
LOTTE_1990_PLY_002717_LN,PLY_002717,1,LIVE_NORMAL,63,12,10,0,TRUE,1990
LOTTE_1991_PLY_002717_LN,PLY_002717,1,LIVE_NORMAL,64,12,10,0,TRUE,1991
LOTTE_1987_PLY_002717_TH,PLY_002717,4,TITLE_HOLDER,83,30,10,10,FALSE,1987
LOTTE_2026_PLY_002718_LN,PLY_002718,1,LIVE_NORMAL,57,12,10,0,TRUE,2026
LOTTE_2025_PLY_002718_LN,PLY_002718,1,LIVE_NORMAL,66,12,10,0,TRUE,2025
LOTTE_2026_PLY_002718_EPIC,PLY_002718,2,LIVE_EPIC,69,18,10,0,TRUE,2026
LOTTE_2020_PLY_002719_EPIC,PLY_002719,2,LIVE_EPIC,69,18,10,0,TRUE,2020
LOTTE_2024_PLY_002719_EPIC,PLY_002719,2,LIVE_EPIC,68,18,10,0,TRUE,2024
LOTTE_2024_PLY_002719_AS,PLY_002719,3,ALLSTAR,74,24,10,10,TRUE,2024
LOTTE_2025_PLY_002720_LN,PLY_002720,1,LIVE_NORMAL,62,12,10,0,TRUE,2025
LOTTE_2021_PLY_002720_GG,PLY_002720,6,GOLDEN_GLOVE,86,35,10,10,FALSE,2021
LOTTE_2024_PLY_002720_AS,PLY_002720,3,ALLSTAR,75,24,10,10,TRUE,2024
LOTTE_2022_PLY_002720_LN,PLY_002720,1,LIVE_NORMAL,66,12,10,0,TRUE,2022
LOTTE_2026_PLY_002720_EPIC,PLY_002720,2,LIVE_EPIC,72,18,10,0,TRUE,2026
LOTTE_2024_PLY_002720_LN,PLY_002720,1,LIVE_NORMAL,58,12,10,0,TRUE,2024
LOTTE_2024_PLY_002721_TH,PLY_002721,4,TITLE_HOLDER,83,30,10,10,FALSE,2024
LOTTE_2023_PLY_002721_AS,PLY_002721,3,ALLSTAR,81,24,10,10,TRUE,2023
LOTTE_2025_PLY_002721_LN,PLY_002721,1,LIVE_NORMAL,66,12,10,0,TRUE,2025
LOTTE_2026_PLY_002722_GG,PLY_002722,6,GOLDEN_GLOVE,88,35,10,10,FALSE,2026
LOTTE_2019_PLY_002722_LN,PLY_002722,1,LIVE_NORMAL,66,12,10,0,TRUE,2019
LOTTE_2026_PLY_002722_EPIC,PLY_002722,2,LIVE_EPIC,70,18,10,0,TRUE,2026
LOTTE_2020_PLY_002722_EPIC,PLY_002722,2,LIVE_EPIC,76,18,10,0,TRUE,2020
LOTTE_2018_PLY_002722_AS,PLY_002722,3,ALLSTAR,74,24,10,10,TRUE,2018
LOTTE_2022_PLY_002722_EPIC,PLY_002722,2,LIVE_EPIC,66,18,10,0,TRUE,2022
LOTTE_2026_PLY_002722_LN,PLY_002722,1,LIVE_NORMAL,56,12,10,0,TRUE,2026
LOTTE_2019_PLY_002722_EPIC,PLY_002722,2,LIVE_EPIC,70,18,10,0,TRUE,2019
LOTTE_2003_PLY_002723_EPIC,PLY_002723,2,LIVE_EPIC,67,18,10,0,TRUE,2003
LOTTE_2010_PLY_002723_LN,PLY_002723,1,LIVE_NORMAL,60,12,10,0,TRUE,2010
LOTTE_2009_PLY_002723_LN,PLY_002723,1,LIVE_NORMAL,67,12,10,0,TRUE,2009
LOTTE_2006_PLY_002723_LN,PLY_002723,1,LIVE_NORMAL,65,12,10,0,TRUE,2006
LOTTE_2004_PLY_002723_AS,PLY_002723,3,ALLSTAR,76,24,10,10,TRUE,2004
LOTTE_2007_PLY_002724_TH,PLY_002724,4,TITLE_HOLDER,82,30,10,10,FALSE,2007
LOTTE_2010_PLY_002724_LN,PLY_002724,1,LIVE_NORMAL,61,12,10,0,TRUE,2010
LOTTE_2008_PLY_002725_LN,PLY_002725,1,LIVE_NORMAL,59,12,10,0,TRUE,2008
LOTTE_2019_PLY_002725_LN,PLY_002725,1,LIVE_NORMAL,55,12,10,0,TRUE,2019
LOTTE_2011_PLY_002725_LN,PLY_002725,1,LIVE_NORMAL,58,12,10,0,TRUE,2011
LOTTE_2011_PLY_002726_EPIC,PLY_002726,2,LIVE_EPIC,72,18,10,0,TRUE,2011
LOTTE_2006_PLY_002726_TH,PLY_002726,4,TITLE_HOLDER,82,30,10,10,FALSE,2006
LOTTE_2016_PLY_002726_LN,PLY_002726,1,LIVE_NORMAL,64,12,10,0,TRUE,2016
LOTTE_2012_PLY_002727_AS,PLY_002727,3,ALLSTAR,79,24,10,10,TRUE,2012
LOTTE_2004_PLY_002727_LN,PLY_002727,1,LIVE_NORMAL,60,12,10,0,TRUE,2004
LOTTE_2009_PLY_002727_LN,PLY_002727,1,LIVE_NORMAL,65,12,10,0,TRUE,2009
LOTTE_2009_PLY_002727_EPIC,PLY_002727,2,LIVE_EPIC,70,18,10,0,TRUE,2009
LOTTE_2008_PLY_002727_LN,PLY_002727,1,LIVE_NORMAL,60,12,10,0,TRUE,2008
LOTTE_2010_PLY_002727_LN,PLY_002727,1,LIVE_NORMAL,67,12,10,0,TRUE,2010
LOTTE_1994_PLY_002728_TH,PLY_002728,4,TITLE_HOLDER,87,30,10,10,FALSE,1994
LOTTE_1987_PLY_002728_LN,PLY_002728,1,LIVE_NORMAL,67,12,10,0,TRUE,1987
LOTTE_1993_PLY_002728_LN,PLY_002728,1,LIVE_NORMAL,63,12,10,0,TRUE,1993
LOTTE_1987_PLY_002728_AS,PLY_002728,3,ALLSTAR,79,24,10,10,TRUE,1987
LOTTE_1990_PLY_002728_LN,PLY_002728,1,LIVE_NORMAL,63,12,10,0,TRUE,1990
LOTTE_1988_PLY_002728_LN,PLY_002728,1,LIVE_NORMAL,61,12,10,0,TRUE,1988
LOTTE_1992_PLY_002728_EPIC,PLY_002728,2,LIVE_EPIC,66,18,10,0,TRUE,1992
LOTTE_1991_PLY_002728_AS,PLY_002728,3,ALLSTAR,79,24,10,10,TRUE,1991
LOTTE_1996_PLY_002728_LN,PLY_002728,1,LIVE_NORMAL,63,12,10,0,TRUE,1996
LOTTE_2020_PLY_002729_LN,PLY_002729,1,LIVE_NORMAL,61,12,10,0,TRUE,2020
LOTTE_2017_PLY_002729_LN,PLY_002729,1,LIVE_NORMAL,68,12,10,0,TRUE,2017
LOTTE_2025_PLY_002729_EPIC,PLY_002729,2,LIVE_EPIC,65,18,10,0,TRUE,2025
LOTTE_2018_PLY_002729_EPIC,PLY_002729,2,LIVE_EPIC,69,18,10,0,TRUE,2018
LOTTE_2024_PLY_002729_LN,PLY_002729,1,LIVE_NORMAL,63,12,10,0,TRUE,2024
LOTTE_2019_PLY_002729_LN,PLY_002729,1,LIVE_NORMAL,65,12,10,0,TRUE,2019
LOTTE_2024_PLY_002729_AS,PLY_002729,3,ALLSTAR,76,24,10,10,TRUE,2024
LOTTE_2014_PLY_002730_LN,PLY_002730,1,LIVE_NORMAL,67,12,10,0,TRUE,2014
LOTTE_2020_PLY_002730_EPIC,PLY_002730,2,LIVE_EPIC,69,18,10,0,TRUE,2020
LOTTE_2015_PLY_002730_LN,PLY_002730,1,LIVE_NORMAL,56,12,10,0,TRUE,2015
LOTTE_2026_PLY_002730_TH,PLY_002730,4,TITLE_HOLDER,81,30,10,10,FALSE,2026
LOTTE_1991_PLY_002731_LN,PLY_002731,1,LIVE_NORMAL,66,12,10,0,TRUE,1991
LOTTE_1991_PLY_002731_AS,PLY_002731,3,ALLSTAR,83,24,10,10,TRUE,1991
LOTTE_1996_PLY_002731_LN,PLY_002731,1,LIVE_NORMAL,62,12,10,0,TRUE,1996
LOTTE_2008_PLY_002732_EPIC,PLY_002732,2,LIVE_EPIC,68,18,10,0,TRUE,2008
LOTTE_2019_PLY_002732_EPIC,PLY_002732,2,LIVE_EPIC,65,18,10,0,TRUE,2019
LOTTE_2012_PLY_002732_AS,PLY_002732,3,ALLSTAR,80,24,10,10,TRUE,2012
LOTTE_2021_PLY_002732_TH,PLY_002732,4,TITLE_HOLDER,81,30,10,10,FALSE,2021
LOTTE_2017_PLY_002732_LN,PLY_002732,1,LIVE_NORMAL,57,12,10,0,TRUE,2017
LOTTE_2020_PLY_002732_EPIC,PLY_002732,2,LIVE_EPIC,69,18,10,0,TRUE,2020
LOTTE_2022_PLY_002732_LN,PLY_002732,1,LIVE_NORMAL,62,12,10,0,TRUE,2022
LOTTE_2016_PLY_002732_LN,PLY_002732,1,LIVE_NORMAL,65,12,10,0,TRUE,2016
LOTTE_2017_PLY_002733_AS,PLY_002733,3,ALLSTAR,75,24,10,10,TRUE,2017
LOTTE_2017_PLY_002733_EPIC,PLY_002733,2,LIVE_EPIC,65,18,10,0,TRUE,2017
LOTTE_2026_PLY_002733_TH,PLY_002733,4,TITLE_HOLDER,85,30,10,10,FALSE,2026
LOTTE_2015_PLY_002734_AS,PLY_002734,3,ALLSTAR,77,24,10,10,TRUE,2015
LOTTE_2006_PLY_002734_LN,PLY_002734,1,LIVE_NORMAL,58,12,10,0,TRUE,2006
LOTTE_2008_PLY_002734_LN,PLY_002734,1,LIVE_NORMAL,55,12,10,0,TRUE,2008
LOTTE_2008_PLY_002734_AS,PLY_002734,3,ALLSTAR,83,24,10,10,TRUE,2008
LOTTE_2007_PLY_002734_EPIC,PLY_002734,2,LIVE_EPIC,67,18,10,0,TRUE,2007
LOTTE_2011_PLY_002734_LN,PLY_002734,1,LIVE_NORMAL,65,12,10,0,TRUE,2011
LOTTE_2005_PLY_002734_LN,PLY_002734,1,LIVE_NORMAL,55,12,10,0,TRUE,2005
LOTTE_2015_PLY_002734_SIG,PLY_002734,5,SIGNATURE,89,40,10,10,FALSE,2015
LOTTE_2018_PLY_002735_EPIC,PLY_002735,2,LIVE_EPIC,68,18,10,0,TRUE,2018
LOTTE_2025_PLY_002735_AS,PLY_002735,3,ALLSTAR,80,24,10,10,TRUE,2025
LOTTE_2021_PLY_002735_AS,PLY_002735,3,ALLSTAR,74,24,10,10,TRUE,2021
LOTTE_2025_PLY_002735_EPIC,PLY_002735,2,LIVE_EPIC,70,18,10,0,TRUE,2025
LOTTE_2023_PLY_002735_EPIC,PLY_002735,2,LIVE_EPIC,73,18,10,0,TRUE,2023
LOTTE_2023_PLY_002735_GG,PLY_002735,6,GOLDEN_GLOVE,88,35,10,10,FALSE,2023
LOTTE_2022_PLY_002735_LN,PLY_002735,1,LIVE_NORMAL,59,12,10,0,TRUE,2022
LOTTE_2024_PLY_002736_EPIC,PLY_002736,2,LIVE_EPIC,65,18,10,0,TRUE,2024
LOTTE_2026_PLY_002736_GG,PLY_002736,6,GOLDEN_GLOVE,90,35,10,10,FALSE,2026
LOTTE_2026_PLY_002736_TH,PLY_002736,4,TITLE_HOLDER,86,30,10,10,FALSE,2026
LOTTE_2026_PLY_002736_LN,PLY_002736,1,LIVE_NORMAL,56,12,10,0,TRUE,2026
LOTTE_2023_PLY_002736_LN,PLY_002736,1,LIVE_NORMAL,65,12,10,0,TRUE,2023
LOTTE_2023_PLY_002736_TH,PLY_002736,4,TITLE_HOLDER,86,30,10,10,FALSE,2023
LOTTE_2026_PLY_002736_EPIC,PLY_002736,2,LIVE_EPIC,69,18,10,0,TRUE,2026
LOTTE_2022_PLY_002736_AS,PLY_002736,3,ALLSTAR,83,24,10,10,TRUE,2022
LOTTE_1991_PLY_002737_EPIC,PLY_002737,2,LIVE_EPIC,68,18,10,0,TRUE,1991
LOTTE_1989_PLY_002737_AS,PLY_002737,3,ALLSTAR,81,24,10,10,TRUE,1989
LOTTE_1987_PLY_002737_SIG,PLY_002737,5,SIGNATURE,93,40,10,10,FALSE,1987
LOTTE_1988_PLY_002737_TH,PLY_002737,4,TITLE_HOLDER,84,30,10,10,FALSE,1988
LOTTE_2023_PLY_002738_GG,PLY_002738,6,GOLDEN_GLOVE,89,35,10,10,FALSE,2023
LOTTE_2023_PLY_002738_EPIC,PLY_002738,2,LIVE_EPIC,75,18,10,0,TRUE,2023
LOTTE_2019_PLY_002738_TH,PLY_002738,4,TITLE_HOLDER,83,30,10,10,FALSE,2019
LOTTE_2021_PLY_002738_EPIC,PLY_002738,2,LIVE_EPIC,76,18,10,0,TRUE,2021
LOTTE_2020_PLY_002738_GG,PLY_002738,6,GOLDEN_GLOVE,85,35,10,10,FALSE,2020
LOTTE_2025_PLY_002739_EPIC,PLY_002739,2,LIVE_EPIC,68,18,10,0,TRUE,2025
LOTTE_2012_PLY_002739_LN,PLY_002739,1,LIVE_NORMAL,55,12,10,0,TRUE,2012
LOTTE_2017_PLY_002739_EPIC,PLY_002739,2,LIVE_EPIC,72,18,10,0,TRUE,2017
LOTTE_2022_PLY_002739_EPIC,PLY_002739,2,LIVE_EPIC,72,18,10,0,TRUE,2022
LOTTE_2009_PLY_002739_EPIC,PLY_002739,2,LIVE_EPIC,72,18,10,0,TRUE,2009
LOTTE_1991_PLY_002740_EPIC,PLY_002740,2,LIVE_EPIC,69,18,10,0,TRUE,1991
LOTTE_1993_PLY_002740_EPIC,PLY_002740,2,LIVE_EPIC,68,18,10,0,TRUE,1993
LOTTE_1995_PLY_002740_TH,PLY_002740,4,TITLE_HOLDER,86,30,10,10,FALSE,1995
LOTTE_1992_PLY_002740_LN,PLY_002740,1,LIVE_NORMAL,57,12,10,0,TRUE,1992
LOTTE_2021_PLY_002741_LN,PLY_002741,1,LIVE_NORMAL,66,12,10,0,TRUE,2021
LOTTE_2021_PLY_002741_AS,PLY_002741,3,ALLSTAR,83,24,10,10,TRUE,2021
LOTTE_2020_PLY_002741_AS,PLY_002741,3,ALLSTAR,79,24,10,10,TRUE,2020
LOTTE_2022_PLY_002741_EPIC,PLY_002741,2,LIVE_EPIC,66,18,10,0,TRUE,2022
LOTTE_2023_PLY_002741_LN,PLY_002741,1,LIVE_NORMAL,61,12,10,0,TRUE,2023
LOTTE_2021_PLY_002741_EPIC,PLY_002741,2,LIVE_EPIC,67,18,10,0,TRUE,2021
LOTTE_2025_PLY_002741_EPIC,PLY_002741,2,LIVE_EPIC,75,18,10,0,TRUE,2025
LOTTE_2022_PLY_002741_LN,PLY_002741,1,LIVE_NORMAL,59,12,10,0,TRUE,2022
LOTTE_2025_PLY_002741_GG,PLY_002741,6,GOLDEN_GLOVE,85,35,10,10,FALSE,2025
LOTTE_2024_PLY_002741_LN,PLY_002741,1,LIVE_NORMAL,65,12,10,0,TRUE,2024
LOTTE_2014_PLY_002742_AS,PLY_002742,3,ALLSTAR,80,24,10,10,TRUE,2014
LOTTE_2014_PLY_002742_TH,PLY_002742,4,TITLE_HOLDER,83,30,10,10,FALSE,2014
LOTTE_2013_PLY_002742_EPIC,PLY_002742,2,LIVE_EPIC,69,18,10,0,TRUE,2013
LOTTE_2011_PLY_002742_AS,PLY_002742,3,ALLSTAR,77,24,10,10,TRUE,2011
LOTTE_2014_PLY_002742_LN,PLY_002742,1,LIVE_NORMAL,58,12,10,0,TRUE,2014
LOTTE_2015_PLY_002742_LN,PLY_002742,1,LIVE_NORMAL,59,12,10,0,TRUE,2015
LOTTE_2019_PLY_002743_EPIC,PLY_002743,2,LIVE_EPIC,69,18,10,0,TRUE,2019
LOTTE_2011_PLY_002743_LN,PLY_002743,1,LIVE_NORMAL,59,12,10,0,TRUE,2011
LOTTE_2025_PLY_002743_TH,PLY_002743,4,TITLE_HOLDER,81,30,10,10,FALSE,2025
LOTTE_2018_PLY_002743_AS,PLY_002743,3,ALLSTAR,82,24,10,10,TRUE,2018
LOTTE_2013_PLY_002743_EPIC,PLY_002743,2,LIVE_EPIC,75,18,10,0,TRUE,2013
LOTTE_2025_PLY_002743_EPIC,PLY_002743,2,LIVE_EPIC,65,18,10,0,TRUE,2025
LOTTE_2022_PLY_002743_EPIC,PLY_002743,2,LIVE_EPIC,76,18,10,0,TRUE,2022
LOTTE_2016_PLY_002744_LN,PLY_002744,1,LIVE_NORMAL,66,12,10,0,TRUE,2016
LOTTE_2016_PLY_002744_AS,PLY_002744,3,ALLSTAR,83,24,10,10,TRUE,2016
LOTTE_2012_PLY_002744_LN,PLY_002744,1,LIVE_NORMAL,55,12,10,0,TRUE,2012
LOTTE_2010_PLY_002744_LN,PLY_002744,1,LIVE_NORMAL,63,12,10,0,TRUE,2010
LOTTE_2008_PLY_002744_EPIC,PLY_002744,2,LIVE_EPIC,72,18,10,0,TRUE,2008
LOTTE_2015_PLY_002744_LN,PLY_002744,1,LIVE_NORMAL,64,12,10,0,TRUE,2015
LOTTE_2015_PLY_002744_TH,PLY_002744,4,TITLE_HOLDER,85,30,10,10,FALSE,2015
LOTTE_2013_PLY_002744_LN,PLY_002744,1,LIVE_NORMAL,59,12,10,0,TRUE,2013
LOTTE_2002_PLY_002744_TH,PLY_002744,4,TITLE_HOLDER,84,30,10,10,FALSE,2002
LOTTE_2011_PLY_002744_LN,PLY_002744,1,LIVE_NORMAL,58,12,10,0,TRUE,2011
LOTTE_2005_PLY_002744_TH,PLY_002744,4,TITLE_HOLDER,87,30,10,10,FALSE,2005
LOTTE_2005_PLY_002744_LN,PLY_002744,1,LIVE_NORMAL,59,12,10,0,TRUE,2005
LOTTE_2010_PLY_002745_LN,PLY_002745,1,LIVE_NORMAL,61,12,10,0,TRUE,2010
LOTTE_2005_PLY_002745_EPIC,PLY_002745,2,LIVE_EPIC,75,18,10,0,TRUE,2005
LOTTE_2009_PLY_002745_AS,PLY_002745,3,ALLSTAR,78,24,10,10,TRUE,2009
LOTTE_2013_PLY_002745_SIG,PLY_002745,5,SIGNATURE,94,40,10,10,FALSE,2013
LOTTE_2015_PLY_002745_LN,PLY_002745,1,LIVE_NORMAL,57,12,10,0,TRUE,2015
LOTTE_2015_PLY_002745_EPIC,PLY_002745,2,LIVE_EPIC,68,18,10,0,TRUE,2015
LOTTE_2008_PLY_002745_GG,PLY_002745,6,GOLDEN_GLOVE,85,35,10,10,FALSE,2008
LOTTE_2011_PLY_002745_EPIC,PLY_002745,2,LIVE_EPIC,65,18,10,0,TRUE,2011
LOTTE_2014_PLY_002745_TH,PLY_002745,4,TITLE_HOLDER,86,30,10,10,FALSE,2014
LOTTE_2013_PLY_002745_EPIC,PLY_002745,2,LIVE_EPIC,65,18,10,0,TRUE,2013
LOTTE_2018_PLY_002745_AS,PLY_002745,3,ALLSTAR,80,24,10,10,TRUE,2018
LOTTE_2009_PLY_002745_SIG,PLY_002745,5,SIGNATURE,93,40,10,10,FALSE,2009
LOTTE_2019_PLY_002746_EPIC,PLY_002746,2,LIVE_EPIC,70,18,10,0,TRUE,2019
LOTTE_2016_PLY_002746_EPIC,PLY_002746,2,LIVE_EPIC,66,18,10,0,TRUE,2016
LOTTE_2016_PLY_002746_LN,PLY_002746,1,LIVE_NORMAL,57,12,10,0,TRUE,2016
LOTTE_2014_PLY_002746_EPIC,PLY_002746,2,LIVE_EPIC,72,18,10,0,TRUE,2014
LOTTE_2014_PLY_002746_LN,PLY_002746,1,LIVE_NORMAL,61,12,10,0,TRUE,2014
LOTTE_2013_PLY_002747_LN,PLY_002747,1,LIVE_NORMAL,62,12,10,0,TRUE,2013
LOTTE_2008_PLY_002747_GG,PLY_002747,6,GOLDEN_GLOVE,88,35,10,10,FALSE,2008
LOTTE_2004_PLY_002747_EPIC,PLY_002747,2,LIVE_EPIC,67,18,10,0,TRUE,2004
LOTTE_2005_PLY_002747_AS,PLY_002747,3,ALLSTAR,79,24,10,10,TRUE,2005
LOTTE_2021_PLY_002747_AS,PLY_002747,3,ALLSTAR,76,24,10,10,TRUE,2021
LOTTE_2002_PLY_002747_LN,PLY_002747,1,LIVE_NORMAL,60,12,10,0,TRUE,2002
LOTTE_2004_PLY_002747_GG,PLY_002747,6,GOLDEN_GLOVE,89,35,10,10,FALSE,2004
LOTTE_2013_PLY_002747_AS,PLY_002747,3,ALLSTAR,78,24,10,10,TRUE,2013
LOTTE_2026_PLY_002748_EPIC,PLY_002748,2,LIVE_EPIC,67,18,10,0,TRUE,2026
LOTTE_2023_PLY_002748_EPIC,PLY_002748,2,LIVE_EPIC,65,18,10,0,TRUE,2023
LOTTE_2000_PLY_002749_LN,PLY_002749,1,LIVE_NORMAL,59,12,10,0,TRUE,2000
LOTTE_2004_PLY_002749_LN,PLY_002749,1,LIVE_NORMAL,58,12,10,0,TRUE,2004
LOTTE_2000_PLY_002749_EPIC,PLY_002749,2,LIVE_EPIC,66,18,10,0,TRUE,2000
LOTTE_2007_PLY_002749_EPIC,PLY_002749,2,LIVE_EPIC,71,18,10,0,TRUE,2007
LOTTE_2019_PLY_002750_LN,PLY_002750,1,LIVE_NORMAL,59,12,10,0,TRUE,2019
LOTTE_2021_PLY_002750_LN,PLY_002750,1,LIVE_NORMAL,60,12,10,0,TRUE,2021
LOTTE_2014_PLY_002750_LN,PLY_002750,1,LIVE_NORMAL,67,12,10,0,TRUE,2014
LOTTE_2013_PLY_002750_LN,PLY_002750,1,LIVE_NORMAL,60,12,10,0,TRUE,2013
LOTTE_2026_PLY_002750_LN,PLY_002750,1,LIVE_NORMAL,67,12,10,0,TRUE,2026
LOTTE_2020_PLY_002750_LN,PLY_002750,1,LIVE_NORMAL,62,12,10,0,TRUE,2020
LOTTE_2019_PLY_002750_EPIC,PLY_002750,2,LIVE_EPIC,65,18,10,0,TRUE,2019
LOTTE_2015_PLY_002750_AS,PLY_002750,3,ALLSTAR,81,24,10,10,TRUE,2015
LOTTE_2018_PLY_002751_EPIC,PLY_002751,2,LIVE_EPIC,68,18,10,0,TRUE,2018
LOTTE_2013_PLY_002751_LN,PLY_002751,1,LIVE_NORMAL,67,12,10,0,TRUE,2013
LOTTE_2015_PLY_002751_LN,PLY_002751,1,LIVE_NORMAL,56,12,10,0,TRUE,2015
LOTTE_2008_PLY_002751_AS,PLY_002751,3,ALLSTAR,74,24,10,10,TRUE,2008
LOTTE_1991_PLY_002752_AS,PLY_002752,3,ALLSTAR,79,24,10,10,TRUE,1991
LOTTE_1999_PLY_002752_TH,PLY_002752,4,TITLE_HOLDER,80,30,10,10,FALSE,1999
LOTTE_1993_PLY_002752_EPIC,PLY_002752,2,LIVE_EPIC,66,18,10,0,TRUE,1993
LOTTE_2000_PLY_002752_LN,PLY_002752,1,LIVE_NORMAL,56,12,10,0,TRUE,2000
LOTTE_1997_PLY_002752_LN,PLY_002752,1,LIVE_NORMAL,57,12,10,0,TRUE,1997
LOTTE_1994_PLY_002752_LN,PLY_002752,1,LIVE_NORMAL,64,12,10,0,TRUE,1994
LOTTE_2000_PLY_002752_EPIC,PLY_002752,2,LIVE_EPIC,75,18,10,0,TRUE,2000
LOTTE_1999_PLY_002752_EPIC,PLY_002752,2,LIVE_EPIC,71,18,10,0,TRUE,1999
LOTTE_1993_PLY_002752_LN,PLY_002752,1,LIVE_NORMAL,58,12,10,0,TRUE,1993
LOTTE_1994_PLY_002752_EPIC,PLY_002752,2,LIVE_EPIC,75,18,10,0,TRUE,1994
LOTTE_2006_PLY_002753_GG,PLY_002753,6,GOLDEN_GLOVE,90,35,10,10,FALSE,2006
LOTTE_2004_PLY_002753_LN,PLY_002753,1,LIVE_NORMAL,59,12,10,0,TRUE,2004
LOTTE_2002_PLY_002753_AS,PLY_002753,3,ALLSTAR,74,24,10,10,TRUE,2002
LOTTE_2007_PLY_002753_TH,PLY_002753,4,TITLE_HOLDER,86,30,10,10,FALSE,2007
LOTTE_2023_PLY_002754_EPIC,PLY_002754,2,LIVE_EPIC,71,18,10,0,TRUE,2023
LOTTE_2020_PLY_002754_LN,PLY_002754,1,LIVE_NORMAL,64,12,10,0,TRUE,2020
LOTTE_2026_PLY_002754_EPIC,PLY_002754,2,LIVE_EPIC,75,18,10,0,TRUE,2026
LOTTE_2022_PLY_002754_EPIC,PLY_002754,2,LIVE_EPIC,72,18,10,0,TRUE,2022
LOTTE_2020_PLY_002754_SIG,PLY_002754,5,SIGNATURE,93,40,10,10,FALSE,2020
LOTTE_2024_PLY_002755_LN,PLY_002755,1,LIVE_NORMAL,62,12,10,0,TRUE,2024
LOTTE_2026_PLY_002755_EPIC,PLY_002755,2,LIVE_EPIC,74,18,10,0,TRUE,2026
LOTTE_2020_PLY_002756_AS,PLY_002756,3,ALLSTAR,79,24,10,10,TRUE,2020
LOTTE_2021_PLY_002756_AS,PLY_002756,3,ALLSTAR,81,24,10,10,TRUE,2021
LOTTE_2020_PLY_002756_TH,PLY_002756,4,TITLE_HOLDER,86,30,10,10,FALSE,2020
LOTTE_2021_PLY_002756_TH,PLY_002756,4,TITLE_HOLDER,83,30,10,10,FALSE,2021
LOTTE_2022_PLY_002756_EPIC,PLY_002756,2,LIVE_EPIC,76,18,10,0,TRUE,2022
LOTTE_2022_PLY_002756_LN,PLY_002756,1,LIVE_NORMAL,61,12,10,0,TRUE,2022
LOTTE_2020_PLY_002756_EPIC,PLY_002756,2,LIVE_EPIC,71,18,10,0,TRUE,2020
LOTTE_2021_PLY_002756_LN,PLY_002756,1,LIVE_NORMAL,65,12,10,0,TRUE,2021
LOTTE_2022_PLY_002756_GG,PLY_002756,6,GOLDEN_GLOVE,88,35,10,10,FALSE,2022
LOTTE_2026_PLY_002757_LN,PLY_002757,1,LIVE_NORMAL,68,12,10,0,TRUE,2026
LOTTE_2025_PLY_002757_LN,PLY_002757,1,LIVE_NORMAL,59,12,10,0,TRUE,2025
LOTTE_2026_PLY_002757_AS,PLY_002757,3,ALLSTAR,79,24,10,10,TRUE,2026
LOTTE_2026_PLY_002757_EPIC,PLY_002757,2,LIVE_EPIC,66,18,10,0,TRUE,2026
LOTTE_2024_PLY_002757_AS,PLY_002757,3,ALLSTAR,75,24,10,10,TRUE,2024
LOTTE_1990_PLY_002758_EPIC,PLY_002758,2,LIVE_EPIC,75,18,10,0,TRUE,1990
LOTTE_1989_PLY_002758_LN,PLY_002758,1,LIVE_NORMAL,57,12,10,0,TRUE,1989
LOTTE_1995_PLY_002758_SIG,PLY_002758,5,SIGNATURE,88,40,10,10,FALSE,1995
LOTTE_1991_PLY_002758_TH,PLY_002758,4,TITLE_HOLDER,80,30,10,10,FALSE,1991
LOTTE_1996_PLY_002758_LN,PLY_002758,1,LIVE_NORMAL,64,12,10,0,TRUE,1996
LOTTE_1997_PLY_002758_SIG,PLY_002758,5,SIGNATURE,88,40,10,10,FALSE,1997
LOTTE_1997_PLY_002758_EPIC,PLY_002758,2,LIVE_EPIC,71,18,10,0,TRUE,1997
LOTTE_1993_PLY_002758_EPIC,PLY_002758,2,LIVE_EPIC,70,18,10,0,TRUE,1993
LOTTE_1993_PLY_002758_TH,PLY_002758,4,TITLE_HOLDER,81,30,10,10,FALSE,1993
LOTTE_2000_PLY_002759_TH,PLY_002759,4,TITLE_HOLDER,82,30,10,10,FALSE,2000
LOTTE_1998_PLY_002759_TH,PLY_002759,4,TITLE_HOLDER,87,30,10,10,FALSE,1998
LOTTE_2002_PLY_002759_LN,PLY_002759,1,LIVE_NORMAL,55,12,10,0,TRUE,2002
LOTTE_2001_PLY_002759_GG,PLY_002759,6,GOLDEN_GLOVE,84,35,10,10,FALSE,2001
LOTTE_1997_PLY_002759_EPIC,PLY_002759,2,LIVE_EPIC,76,18,10,0,TRUE,1997
LOTTE_1996_PLY_002759_LN,PLY_002759,1,LIVE_NORMAL,57,12,10,0,TRUE,1996
LOTTE_1993_PLY_002760_LN,PLY_002760,1,LIVE_NORMAL,58,12,10,0,TRUE,1993
LOTTE_1990_PLY_002760_AS,PLY_002760,3,ALLSTAR,80,24,10,10,TRUE,1990
LOTTE_1991_PLY_002760_LN,PLY_002760,1,LIVE_NORMAL,55,12,10,0,TRUE,1991
LOTTE_1993_PLY_002760_EPIC,PLY_002760,2,LIVE_EPIC,67,18,10,0,TRUE,1993
LOTTE_1992_PLY_002760_EPIC,PLY_002760,2,LIVE_EPIC,71,18,10,0,TRUE,1992
LOTTE_1993_PLY_002761_LN,PLY_002761,1,LIVE_NORMAL,62,12,10,0,TRUE,1993
LOTTE_2000_PLY_002761_TH,PLY_002761,4,TITLE_HOLDER,82,30,10,10,FALSE,2000
LOTTE_1998_PLY_002761_LN,PLY_002761,1,LIVE_NORMAL,60,12,10,0,TRUE,1998
LOTTE_1989_PLY_002761_LN,PLY_002761,1,LIVE_NORMAL,65,12,10,0,TRUE,1989
LOTTE_2026_PLY_002762_LN,PLY_002762,1,LIVE_NORMAL,57,12,10,0,TRUE,2026
LOTTE_2022_PLY_002762_EPIC,PLY_002762,2,LIVE_EPIC,66,18,10,0,TRUE,2022
LOTTE_2023_PLY_002762_AS,PLY_002762,3,ALLSTAR,75,24,10,10,TRUE,2023
LOTTE_2023_PLY_002762_LN,PLY_002762,1,LIVE_NORMAL,56,12,10,0,TRUE,2023
LOTTE_2021_PLY_002762_LN,PLY_002762,1,LIVE_NORMAL,62,12,10,0,TRUE,2021
LOTTE_2017_PLY_002763_AS,PLY_002763,3,ALLSTAR,83,24,10,10,TRUE,2017
LOTTE_2022_PLY_002763_AS,PLY_002763,3,ALLSTAR,75,24,10,10,TRUE,2022
LOTTE_2026_PLY_002763_AS,PLY_002763,3,ALLSTAR,83,24,10,10,TRUE,2026
LOTTE_2017_PLY_002763_LN,PLY_002763,1,LIVE_NORMAL,57,12,10,0,TRUE,2017
LOTTE_2024_PLY_002763_EPIC,PLY_002763,2,LIVE_EPIC,76,18,10,0,TRUE,2024
LOTTE_2019_PLY_002763_TH,PLY_002763,4,TITLE_HOLDER,84,30,10,10,FALSE,2019
LOTTE_2026_PLY_002763_EPIC,PLY_002763,2,LIVE_EPIC,72,18,10,0,TRUE,2026
LOTTE_2016_PLY_002763_EPIC,PLY_002763,2,LIVE_EPIC,65,18,10,0,TRUE,2016
LOTTE_2025_PLY_002763_LN,PLY_002763,1,LIVE_NORMAL,64,12,10,0,TRUE,2025
LOTTE_2018_PLY_002763_TH,PLY_002763,4,TITLE_HOLDER,86,30,10,10,FALSE,2018
LOTTE_2016_PLY_002763_LN,PLY_002763,1,LIVE_NORMAL,62,12,10,0,TRUE,2016
LOTTE_2011_PLY_002764_TH,PLY_002764,4,TITLE_HOLDER,81,30,10,10,FALSE,2011
LOTTE_2013_PLY_002764_LN,PLY_002764,1,LIVE_NORMAL,57,12,10,0,TRUE,2013
LOTTE_2014_PLY_002764_LN,PLY_002764,1,LIVE_NORMAL,61,12,10,0,TRUE,2014
LOTTE_2016_PLY_002764_AS,PLY_002764,3,ALLSTAR,74,24,10,10,TRUE,2016
LOTTE_2017_PLY_002764_AS,PLY_002764,3,ALLSTAR,76,24,10,10,TRUE,2017
LOTTE_2006_PLY_002764_LN,PLY_002764,1,LIVE_NORMAL,65,12,10,0,TRUE,2006
LOTTE_1992_PLY_002765_SIG,PLY_002765,5,SIGNATURE,89,40,10,10,FALSE,1992
LOTTE_1995_PLY_002765_SIG,PLY_002765,5,SIGNATURE,93,40,10,10,FALSE,1995
LOTTE_1995_PLY_002765_AS,PLY_002765,3,ALLSTAR,81,24,10,10,TRUE,1995
LOTTE_2022_PLY_002766_LN,PLY_002766,1,LIVE_NORMAL,68,12,10,0,TRUE,2022
LOTTE_2019_PLY_002766_EPIC,PLY_002766,2,LIVE_EPIC,73,18,10,0,TRUE,2019
LOTTE_2019_PLY_002766_TH,PLY_002766,4,TITLE_HOLDER,86,30,10,10,FALSE,2019
LOTTE_2025_PLY_002766_EPIC,PLY_002766,2,LIVE_EPIC,67,18,10,0,TRUE,2025
LOTTE_2018_PLY_002766_SIG,PLY_002766,5,SIGNATURE,94,40,10,10,FALSE,2018
LOTTE_2016_PLY_002766_AS,PLY_002766,3,ALLSTAR,81,24,10,10,TRUE,2016
LOTTE_2016_PLY_002766_TH,PLY_002766,4,TITLE_HOLDER,83,30,10,10,FALSE,2016
LOTTE_2026_PLY_002766_LN,PLY_002766,1,LIVE_NORMAL,66,12,10,0,TRUE,2026
LOTTE_2021_PLY_002766_LN,PLY_002766,1,LIVE_NORMAL,66,12,10,0,TRUE,2021
LOTTE_1991_PLY_002767_SIG,PLY_002767,5,SIGNATURE,91,40,10,10,FALSE,1991
LOTTE_1992_PLY_002767_EPIC,PLY_002767,2,LIVE_EPIC,70,18,10,0,TRUE,1992
LOTTE_1998_PLY_002767_EPIC,PLY_002767,2,LIVE_EPIC,69,18,10,0,TRUE,1998
LOTTE_2009_PLY_002768_LN,PLY_002768,1,LIVE_NORMAL,62,12,10,0,TRUE,2009
LOTTE_2002_PLY_002768_LN,PLY_002768,1,LIVE_NORMAL,62,12,10,0,TRUE,2002
LOTTE_2012_PLY_002768_EPIC,PLY_002768,2,LIVE_EPIC,74,18,10,0,TRUE,2012
LOTTE_2004_PLY_002768_LN,PLY_002768,1,LIVE_NORMAL,56,12,10,0,TRUE,2004
LOTTE_2008_PLY_002768_LN,PLY_002768,1,LIVE_NORMAL,56,12,10,0,TRUE,2008
LOTTE_2001_PLY_002768_EPIC,PLY_002768,2,LIVE_EPIC,74,18,10,0,TRUE,2001
LOTTE_2005_PLY_002768_TH,PLY_002768,4,TITLE_HOLDER,80,30,10,10,FALSE,2005
LOTTE_2003_PLY_002769_GG,PLY_002769,6,GOLDEN_GLOVE,84,35,10,10,FALSE,2003
LOTTE_2001_PLY_002769_LN,PLY_002769,1,LIVE_NORMAL,57,12,10,0,TRUE,2001
LOTTE_2004_PLY_002769_EPIC,PLY_002769,2,LIVE_EPIC,71,18,10,0,TRUE,2004
LOTTE_2011_PLY_002769_LN,PLY_002769,1,LIVE_NORMAL,62,12,10,0,TRUE,2011
LOTTE_2008_PLY_002769_EPIC,PLY_002769,2,LIVE_EPIC,69,18,10,0,TRUE,2008
LOTTE_1998_PLY_002769_LN,PLY_002769,1,LIVE_NORMAL,55,12,10,0,TRUE,1998
LOTTE_2004_PLY_002769_LN,PLY_002769,1,LIVE_NORMAL,56,12,10,0,TRUE,2004
LOTTE_2008_PLY_002769_AS,PLY_002769,3,ALLSTAR,76,24,10,10,TRUE,2008
LOTTE_2006_PLY_002769_EPIC,PLY_002769,2,LIVE_EPIC,65,18,10,0,TRUE,2006
LOTTE_2007_PLY_002769_LN,PLY_002769,1,LIVE_NORMAL,67,12,10,0,TRUE,2007
LOTTE_2020_PLY_002770_LN,PLY_002770,1,LIVE_NORMAL,64,12,10,0,TRUE,2020
LOTTE_2023_PLY_002770_LN,PLY_002770,1,LIVE_NORMAL,56,12,10,0,TRUE,2023
LOTTE_2023_PLY_002771_AS,PLY_002771,3,ALLSTAR,81,24,10,10,TRUE,2023
LOTTE_2022_PLY_002771_LN,PLY_002771,1,LIVE_NORMAL,62,12,10,0,TRUE,2022
LOTTE_2023_PLY_002771_EPIC,PLY_002771,2,LIVE_EPIC,69,18,10,0,TRUE,2023
LOTTE_2022_PLY_002771_AS,PLY_002771,3,ALLSTAR,76,24,10,10,TRUE,2022
LOTTE_2019_PLY_002772_LN,PLY_002772,1,LIVE_NORMAL,65,12,10,0,TRUE,2019
LOTTE_2021_PLY_002772_LN,PLY_002772,1,LIVE_NORMAL,66,12,10,0,TRUE,2021
LOTTE_2004_PLY_002773_LN,PLY_002773,1,LIVE_NORMAL,62,12,10,0,TRUE,2004
LOTTE_2005_PLY_002773_AS,PLY_002773,3,ALLSTAR,75,24,10,10,TRUE,2005
LOTTE_2004_PLY_002773_GG,PLY_002773,6,GOLDEN_GLOVE,84,35,10,10,FALSE,2004
LOTTE_2009_PLY_002773_LN,PLY_002773,1,LIVE_NORMAL,64,12,10,0,TRUE,2009
LOTTE_2008_PLY_002773_LN,PLY_002773,1,LIVE_NORMAL,55,12,10,0,TRUE,2008
LOTTE_2009_PLY_002774_LN,PLY_002774,1,LIVE_NORMAL,58,12,10,0,TRUE,2009
LOTTE_2016_PLY_002774_AS,PLY_002774,3,ALLSTAR,75,24,10,10,TRUE,2016
LOTTE_2007_PLY_002774_EPIC,PLY_002774,2,LIVE_EPIC,69,18,10,0,TRUE,2007
LOTTE_2013_PLY_002774_EPIC,PLY_002774,2,LIVE_EPIC,69,18,10,0,TRUE,2013
LOTTE_2020_PLY_002774_LN,PLY_002774,1,LIVE_NORMAL,67,12,10,0,TRUE,2020
LOTTE_2015_PLY_002774_EPIC,PLY_002774,2,LIVE_EPIC,75,18,10,0,TRUE,2015
LOTTE_2019_PLY_002774_LN,PLY_002774,1,LIVE_NORMAL,67,12,10,0,TRUE,2019
LOTTE_2006_PLY_002774_GG,PLY_002774,6,GOLDEN_GLOVE,86,35,10,10,FALSE,2006
LOTTE_2026_PLY_002775_AS,PLY_002775,3,ALLSTAR,76,24,10,10,TRUE,2026
LOTTE_2021_PLY_002775_LN,PLY_002775,1,LIVE_NORMAL,65,12,10,0,TRUE,2021
LOTTE_2013_PLY_002776_EPIC,PLY_002776,2,LIVE_EPIC,73,18,10,0,TRUE,2013
LOTTE_2016_PLY_002776_LN,PLY_002776,1,LIVE_NORMAL,56,12,10,0,TRUE,2016
LOTTE_2010_PLY_002776_EPIC,PLY_002776,2,LIVE_EPIC,76,18,10,0,TRUE,2010
LOTTE_2026_PLY_002776_AS,PLY_002776,3,ALLSTAR,78,24,10,10,TRUE,2026
LOTTE_2024_PLY_002776_SIG,PLY_002776,5,SIGNATURE,88,40,10,10,FALSE,2024
LOTTE_2024_PLY_002776_TH,PLY_002776,4,TITLE_HOLDER,83,30,10,10,FALSE,2024
LOTTE_2011_PLY_002776_LN,PLY_002776,1,LIVE_NORMAL,62,12,10,0,TRUE,2011
LOTTE_2017_PLY_002776_EPIC,PLY_002776,2,LIVE_EPIC,68,18,10,0,TRUE,2017
LOTTE_2020_PLY_002776_EPIC,PLY_002776,2,LIVE_EPIC,76,18,10,0,TRUE,2020
LOTTE_2023_PLY_002776_AS,PLY_002776,3,ALLSTAR,83,24,10,10,TRUE,2023
LOTTE_2025_PLY_002776_AS,PLY_002776,3,ALLSTAR,82,24,10,10,TRUE,2025
LOTTE_1993_PLY_002777_LN,PLY_002777,1,LIVE_NORMAL,66,12,10,0,TRUE,1993
LOTTE_1992_PLY_002777_AS,PLY_002777,3,ALLSTAR,75,24,10,10,TRUE,1992
LOTTE_1994_PLY_002777_EPIC,PLY_002777,2,LIVE_EPIC,75,18,10,0,TRUE,1994
LOTTE_1990_PLY_002777_AS,PLY_002777,3,ALLSTAR,75,24,10,10,TRUE,1990
LOTTE_1990_PLY_002777_TH,PLY_002777,4,TITLE_HOLDER,81,30,10,10,FALSE,1990
LOTTE_1992_PLY_002777_TH,PLY_002777,4,TITLE_HOLDER,84,30,10,10,FALSE,1992
LOTTE_2026_PLY_002778_LN,PLY_002778,1,LIVE_NORMAL,63,12,10,0,TRUE,2026
LOTTE_2023_PLY_002778_AS,PLY_002778,3,ALLSTAR,82,24,10,10,TRUE,2023
LOTTE_2022_PLY_002778_TH,PLY_002778,4,TITLE_HOLDER,83,30,10,10,FALSE,2022
LOTTE_2024_PLY_002778_AS,PLY_002778,3,ALLSTAR,80,24,10,10,TRUE,2024
LOTTE_2025_PLY_002778_EPIC,PLY_002778,2,LIVE_EPIC,73,18,10,0,TRUE,2025
LOTTE_2022_PLY_002778_LN,PLY_002778,1,LIVE_NORMAL,57,12,10,0,TRUE,2022
LOTTE_2023_PLY_002778_TH,PLY_002778,4,TITLE_HOLDER,83,30,10,10,FALSE,2023
LOTTE_2021_PLY_002778_LN,PLY_002778,1,LIVE_NORMAL,56,12,10,0,TRUE,2021
LOTTE_1992_PLY_002779_AS,PLY_002779,3,ALLSTAR,82,24,10,10,TRUE,1992
LOTTE_1994_PLY_002779_TH,PLY_002779,4,TITLE_HOLDER,83,30,10,10,FALSE,1994
LOTTE_2014_PLY_002780_LN,PLY_002780,1,LIVE_NORMAL,59,12,10,0,TRUE,2014
LOTTE_2011_PLY_002780_GG,PLY_002780,6,GOLDEN_GLOVE,86,35,10,10,FALSE,2011
LOTTE_2017_PLY_002780_AS,PLY_002780,3,ALLSTAR,76,24,10,10,TRUE,2017
LOTTE_2015_PLY_002780_AS,PLY_002780,3,ALLSTAR,83,24,10,10,TRUE,2015
LOTTE_2017_PLY_002780_TH,PLY_002780,4,TITLE_HOLDER,80,30,10,10,FALSE,2017
LOTTE_2010_PLY_002780_AS,PLY_002780,3,ALLSTAR,82,24,10,10,TRUE,2010
LOTTE_2011_PLY_002780_AS,PLY_002780,3,ALLSTAR,79,24,10,10,TRUE,2011
LOTTE_2008_PLY_002780_EPIC,PLY_002780,2,LIVE_EPIC,65,18,10,0,TRUE,2008
LOTTE_2013_PLY_002780_EPIC,PLY_002780,2,LIVE_EPIC,70,18,10,0,TRUE,2013
LOTTE_2016_PLY_002780_EPIC,PLY_002780,2,LIVE_EPIC,68,18,10,0,TRUE,2016
LOTTE_2012_PLY_002780_LN,PLY_002780,1,LIVE_NORMAL,68,12,10,0,TRUE,2012
LOTTE_2016_PLY_002780_LN,PLY_002780,1,LIVE_NORMAL,57,12,10,0,TRUE,2016
LOTTE_2022_PLY_002781_LN,PLY_002781,1,LIVE_NORMAL,68,12,10,0,TRUE,2022
LOTTE_2025_PLY_002781_EPIC,PLY_002781,2,LIVE_EPIC,71,18,10,0,TRUE,2025
LOTTE_2017_PLY_002781_EPIC,PLY_002781,2,LIVE_EPIC,71,18,10,0,TRUE,2017
LOTTE_2015_PLY_002781_GG,PLY_002781,6,GOLDEN_GLOVE,88,35,10,10,FALSE,2015
LOTTE_2023_PLY_002781_LN,PLY_002781,1,LIVE_NORMAL,57,12,10,0,TRUE,2023
LOTTE_2019_PLY_002781_AS,PLY_002781,3,ALLSTAR,74,24,10,10,TRUE,2019
LOTTE_2012_PLY_002781_EPIC,PLY_002781,2,LIVE_EPIC,72,18,10,0,TRUE,2012
LOTTE_2011_PLY_002781_LN,PLY_002781,1,LIVE_NORMAL,56,12,10,0,TRUE,2011
LOTTE_2025_PLY_002781_AS,PLY_002781,3,ALLSTAR,82,24,10,10,TRUE,2025
LOTTE_2021_PLY_002781_TH,PLY_002781,4,TITLE_HOLDER,83,30,10,10,FALSE,2021
LOTTE_2006_PLY_002782_TH,PLY_002782,4,TITLE_HOLDER,86,30,10,10,FALSE,2006
LOTTE_2010_PLY_002782_AS,PLY_002782,3,ALLSTAR,79,24,10,10,TRUE,2010
LOTTE_2005_PLY_002782_AS,PLY_002782,3,ALLSTAR,78,24,10,10,TRUE,2005
LOTTE_2001_PLY_002782_AS,PLY_002782,3,ALLSTAR,77,24,10,10,TRUE,2001
LOTTE_2000_PLY_002782_SIG,PLY_002782,5,SIGNATURE,94,40,10,10,FALSE,2000
LOTTE_2009_PLY_002782_LN,PLY_002782,1,LIVE_NORMAL,55,12,10,0,TRUE,2009
LOTTE_2007_PLY_002782_LN,PLY_002782,1,LIVE_NORMAL,55,12,10,0,TRUE,2007
LOTTE_2000_PLY_002782_AS,PLY_002782,3,ALLSTAR,78,24,10,10,TRUE,2000
LOTTE_2010_PLY_002782_LN,PLY_002782,1,LIVE_NORMAL,58,12,10,0,TRUE,2010
LOTTE_2014_PLY_002783_LN,PLY_002783,1,LIVE_NORMAL,67,12,10,0,TRUE,2014
LOTTE_1998_PLY_002783_LN,PLY_002783,1,LIVE_NORMAL,56,12,10,0,TRUE,1998
LOTTE_2005_PLY_002783_TH,PLY_002783,4,TITLE_HOLDER,87,30,10,10,FALSE,2005
LOTTE_2017_PLY_002784_LN,PLY_002784,1,LIVE_NORMAL,57,12,10,0,TRUE,2017
LOTTE_2015_PLY_002784_LN,PLY_002784,1,LIVE_NORMAL,58,12,10,0,TRUE,2015
LOTTE_2003_PLY_002785_LN,PLY_002785,1,LIVE_NORMAL,59,12,10,0,TRUE,2003
LOTTE_1989_PLY_002785_TH,PLY_002785,4,TITLE_HOLDER,84,30,10,10,FALSE,1989
LOTTE_1993_PLY_002785_EPIC,PLY_002785,2,LIVE_EPIC,68,18,10,0,TRUE,1993
LOTTE_1997_PLY_002785_LN,PLY_002785,1,LIVE_NORMAL,65,12,10,0,TRUE,1997
LOTTE_1995_PLY_002785_EPIC,PLY_002785,2,LIVE_EPIC,72,18,10,0,TRUE,1995
LOTTE_1992_PLY_002785_AS,PLY_002785,3,ALLSTAR,75,24,10,10,TRUE,1992
LOTTE_1994_PLY_002785_LN,PLY_002785,1,LIVE_NORMAL,55,12,10,0,TRUE,1994
LOTTE_2021_PLY_002786_EPIC,PLY_002786,2,LIVE_EPIC,75,18,10,0,TRUE,2021
LOTTE_2018_PLY_002786_LN,PLY_002786,1,LIVE_NORMAL,56,12,10,0,TRUE,2018
LOTTE_2016_PLY_002786_EPIC,PLY_002786,2,LIVE_EPIC,69,18,10,0,TRUE,2016
LOTTE_2019_PLY_002786_EPIC,PLY_002786,2,LIVE_EPIC,70,18,10,0,TRUE,2019
LOTTE_2009_PLY_002786_EPIC,PLY_002786,2,LIVE_EPIC,73,18,10,0,TRUE,2009
LOTTE_2022_PLY_002786_EPIC,PLY_002786,2,LIVE_EPIC,70,18,10,0,TRUE,2022
LOTTE_2020_PLY_002786_EPIC,PLY_002786,2,LIVE_EPIC,71,18,10,0,TRUE,2020
LOTTE_2008_PLY_002787_TH,PLY_002787,4,TITLE_HOLDER,83,30,10,10,FALSE,2008
LOTTE_2015_PLY_002787_LN,PLY_002787,1,LIVE_NORMAL,63,12,10,0,TRUE,2015
LOTTE_2009_PLY_002787_EPIC,PLY_002787,2,LIVE_EPIC,69,18,10,0,TRUE,2009
LOTTE_2003_PLY_002787_LN,PLY_002787,1,LIVE_NORMAL,56,12,10,0,TRUE,2003
LOTTE_2003_PLY_002787_SIG,PLY_002787,5,SIGNATURE,87,40,10,10,FALSE,2003
LOTTE_2013_PLY_002787_LN,PLY_002787,1,LIVE_NORMAL,61,12,10,0,TRUE,2013
LOTTE_2004_PLY_002787_LN,PLY_002787,1,LIVE_NORMAL,55,12,10,0,TRUE,2004
LOTTE_2022_PLY_002788_LN,PLY_002788,1,LIVE_NORMAL,61,12,10,0,TRUE,2022
LOTTE_2022_PLY_002788_AS,PLY_002788,3,ALLSTAR,79,24,10,10,TRUE,2022
LOTTE_2021_PLY_002788_AS,PLY_002788,3,ALLSTAR,78,24,10,10,TRUE,2021
LOTTE_2022_PLY_002788_GG,PLY_002788,6,GOLDEN_GLOVE,88,35,10,10,FALSE,2022
LOTTE_2023_PLY_002788_LN,PLY_002788,1,LIVE_NORMAL,60,12,10,0,TRUE,2023
LOTTE_2024_PLY_002789_AS,PLY_002789,3,ALLSTAR,74,24,10,10,TRUE,2024
LOTTE_2024_PLY_002789_EPIC,PLY_002789,2,LIVE_EPIC,70,18,10,0,TRUE,2024
LOTTE_2025_PLY_002789_LN,PLY_002789,1,LIVE_NORMAL,64,12,10,0,TRUE,2025
LOTTE_2022_PLY_002789_EPIC,PLY_002789,2,LIVE_EPIC,72,18,10,0,TRUE,2022
LOTTE_2025_PLY_002789_AS,PLY_002789,3,ALLSTAR,79,24,10,10,TRUE,2025
LOTTE_2021_PLY_002789_EPIC,PLY_002789,2,LIVE_EPIC,66,18,10,0,TRUE,2021
LOTTE_2023_PLY_002789_EPIC,PLY_002789,2,LIVE_EPIC,75,18,10,0,TRUE,2023
LOTTE_2023_PLY_002789_AS,PLY_002789,3,ALLSTAR,77,24,10,10,TRUE,2023
LOTTE_2021_PLY_002789_LN,PLY_002789,1,LIVE_NORMAL,58,12,10,0,TRUE,2021
LOTTE_2008_PLY_002790_LN,PLY_002790,1,LIVE_NORMAL,55,12,10,0,TRUE,2008
LOTTE_2010_PLY_002790_LN,PLY_002790,1,LIVE_NORMAL,57,12,10,0,TRUE,2010
LOTTE_2005_PLY_002790_TH,PLY_002790,4,TITLE_HOLDER,81,30,10,10,FALSE,2005
LOTTE_2007_PLY_002790_EPIC,PLY_002790,2,LIVE_EPIC,71,18,10,0,TRUE,2007
LOTTE_2011_PLY_002790_LN,PLY_002790,1,LIVE_NORMAL,59,12,10,0,TRUE,2011
LOTTE_2006_PLY_002790_EPIC,PLY_002790,2,LIVE_EPIC,70,18,10,0,TRUE,2006
LOTTE_2001_PLY_002790_AS,PLY_002790,3,ALLSTAR,79,24,10,10,TRUE,2001
LOTTE_2008_PLY_002790_AS,PLY_002790,3,ALLSTAR,81,24,10,10,TRUE,2008
LOTTE_2003_PLY_002790_LN,PLY_002790,1,LIVE_NORMAL,62,12,10,0,TRUE,2003
LOTTE_2002_PLY_002790_AS,PLY_002790,3,ALLSTAR,75,24,10,10,TRUE,2002
LOTTE_2011_PLY_002790_TH,PLY_002790,4,TITLE_HOLDER,82,30,10,10,FALSE,2011
LOTTE_2019_PLY_002791_EPIC,PLY_002791,2,LIVE_EPIC,66,18,10,0,TRUE,2019
LOTTE_2020_PLY_002791_EPIC,PLY_002791,2,LIVE_EPIC,72,18,10,0,TRUE,2020
LOTTE_2017_PLY_002791_EPIC,PLY_002791,2,LIVE_EPIC,73,18,10,0,TRUE,2017
LOTTE_2017_PLY_002791_AS,PLY_002791,3,ALLSTAR,80,24,10,10,TRUE,2017
LOTTE_2019_PLY_002791_AS,PLY_002791,3,ALLSTAR,79,24,10,10,TRUE,2019
LOTTE_2018_PLY_002791_LN,PLY_002791,1,LIVE_NORMAL,65,12,10,0,TRUE,2018
LOTTE_2016_PLY_002791_LN,PLY_002791,1,LIVE_NORMAL,61,12,10,0,TRUE,2016
LOTTE_2020_PLY_002791_AS,PLY_002791,3,ALLSTAR,83,24,10,10,TRUE,2020
LOTTE_2020_PLY_002791_TH,PLY_002791,4,TITLE_HOLDER,87,30,10,10,FALSE,2020
LOTTE_2022_PLY_002792_LN,PLY_002792,1,LIVE_NORMAL,58,12,10,0,TRUE,2022
LOTTE_2024_PLY_002792_LN,PLY_002792,1,LIVE_NORMAL,56,12,10,0,TRUE,2024
LOTTE_2015_PLY_002792_EPIC,PLY_002792,2,LIVE_EPIC,68,18,10,0,TRUE,2015
LOTTE_2021_PLY_002792_EPIC,PLY_002792,2,LIVE_EPIC,71,18,10,0,TRUE,2021
LOTTE_2017_PLY_002792_AS,PLY_002792,3,ALLSTAR,74,24,10,10,TRUE,2017
LOTTE_2014_PLY_002792_EPIC,PLY_002792,2,LIVE_EPIC,72,18,10,0,TRUE,2014
LOTTE_2005_PLY_002793_AS,PLY_002793,3,ALLSTAR,83,24,10,10,TRUE,2005
LOTTE_2006_PLY_002793_AS,PLY_002793,3,ALLSTAR,81,24,10,10,TRUE,2006
LOTTE_2013_PLY_002793_AS,PLY_002793,3,ALLSTAR,78,24,10,10,TRUE,2013
LOTTE_2000_PLY_002794_EPIC,PLY_002794,2,LIVE_EPIC,66,18,10,0,TRUE,2000
LOTTE_2006_PLY_002794_LN,PLY_002794,1,LIVE_NORMAL,58,12,10,0,TRUE,2006
LOTTE_2002_PLY_002794_EPIC,PLY_002794,2,LIVE_EPIC,72,18,10,0,TRUE,2002
LOTTE_2003_PLY_002794_LN,PLY_002794,1,LIVE_NORMAL,60,12,10,0,TRUE,2003
LOTTE_2007_PLY_002794_EPIC,PLY_002794,2,LIVE_EPIC,71,18,10,0,TRUE,2007
LOTTE_2022_PLY_002795_LN,PLY_002795,1,LIVE_NORMAL,62,12,10,0,TRUE,2022
LOTTE_2020_PLY_002795_LN,PLY_002795,1,LIVE_NORMAL,58,12,10,0,TRUE,2020
LOTTE_2024_PLY_002795_LN,PLY_002795,1,LIVE_NORMAL,59,12,10,0,TRUE,2024
LOTTE_2014_PLY_002795_LN,PLY_002795,1,LIVE_NORMAL,58,12,10,0,TRUE,2014
LOTTE_2021_PLY_002795_EPIC,PLY_002795,2,LIVE_EPIC,74,18,10,0,TRUE,2021
LOTTE_2019_PLY_002795_TH,PLY_002795,4,TITLE_HOLDER,87,30,10,10,FALSE,2019
LOTTE_2015_PLY_002795_EPIC,PLY_002795,2,LIVE_EPIC,76,18,10,0,TRUE,2015
LOTTE_2000_PLY_002796_TH,PLY_002796,4,TITLE_HOLDER,80,30,10,10,FALSE,2000
LOTTE_1986_PLY_002796_EPIC,PLY_002796,2,LIVE_EPIC,66,18,10,0,TRUE,1986
LOTTE_2004_PLY_002796_EPIC,PLY_002796,2,LIVE_EPIC,73,18,10,0,TRUE,2004
LOTTE_2001_PLY_002796_EPIC,PLY_002796,2,LIVE_EPIC,72,18,10,0,TRUE,2001
LOTTE_1996_PLY_002796_AS,PLY_002796,3,ALLSTAR,80,24,10,10,TRUE,1996
LOTTE_2002_PLY_002797_AS,PLY_002797,3,ALLSTAR,81,24,10,10,TRUE,2002
LOTTE_1995_PLY_002797_AS,PLY_002797,3,ALLSTAR,76,24,10,10,TRUE,1995
LOTTE_1996_PLY_002797_LN,PLY_002797,1,LIVE_NORMAL,60,12,10,0,TRUE,1996
LOTTE_2021_PLY_002798_EPIC,PLY_002798,2,LIVE_EPIC,76,18,10,0,TRUE,2021
LOTTE_2016_PLY_002798_AS,PLY_002798,3,ALLSTAR,77,24,10,10,TRUE,2016
LOTTE_2023_PLY_002798_LN,PLY_002798,1,LIVE_NORMAL,58,12,10,0,TRUE,2023
LOTTE_2021_PLY_002798_AS,PLY_002798,3,ALLSTAR,78,24,10,10,TRUE,2021
LOTTE_2013_PLY_002799_TH,PLY_002799,4,TITLE_HOLDER,85,30,10,10,FALSE,2013
LOTTE_2015_PLY_002799_GG,PLY_002799,6,GOLDEN_GLOVE,88,35,10,10,FALSE,2015
LOTTE_2013_PLY_002799_AS,PLY_002799,3,ALLSTAR,81,24,10,10,TRUE,2013
LOTTE_2017_PLY_002799_AS,PLY_002799,3,ALLSTAR,82,24,10,10,TRUE,2017
LOTTE_2001_PLY_002800_LN,PLY_002800,1,LIVE_NORMAL,57,12,10,0,TRUE,2001
LOTTE_1996_PLY_002800_LN,PLY_002800,1,LIVE_NORMAL,65,12,10,0,TRUE,1996
LOTTE_1990_PLY_002800_LN,PLY_002800,1,LIVE_NORMAL,68,12,10,0,TRUE,1990
LOTTE_1991_PLY_002800_LN,PLY_002800,1,LIVE_NORMAL,64,12,10,0,TRUE,1991
LOTTE_2014_PLY_002801_LN,PLY_002801,1,LIVE_NORMAL,64,12,10,0,TRUE,2014
LOTTE_2022_PLY_002801_TH,PLY_002801,4,TITLE_HOLDER,81,30,10,10,FALSE,2022
LOTTE_2015_PLY_002801_EPIC,PLY_002801,2,LIVE_EPIC,66,18,10,0,TRUE,2015
LOTTE_2015_PLY_002801_LN,PLY_002801,1,LIVE_NORMAL,58,12,10,0,TRUE,2015
LOTTE_2019_PLY_002801_LN,PLY_002801,1,LIVE_NORMAL,60,12,10,0,TRUE,2019
LOTTE_2020_PLY_002801_LN,PLY_002801,1,LIVE_NORMAL,65,12,10,0,TRUE,2020
LOTTE_2022_PLY_002801_EPIC,PLY_002801,2,LIVE_EPIC,74,18,10,0,TRUE,2022
LOTTE_2016_PLY_002801_GG,PLY_002801,6,GOLDEN_GLOVE,83,35,10,10,FALSE,2016
LOTTE_2003_PLY_002802_AS,PLY_002802,3,ALLSTAR,75,24,10,10,TRUE,2003
LOTTE_2000_PLY_002802_LN,PLY_002802,1,LIVE_NORMAL,57,12,10,0,TRUE,2000
LOTTE_2003_PLY_002802_SIG,PLY_002802,5,SIGNATURE,90,40,10,10,FALSE,2003
LOTTE_2004_PLY_002802_EPIC,PLY_002802,2,LIVE_EPIC,67,18,10,0,TRUE,2004
LOTTE_2004_PLY_002802_GG,PLY_002802,6,GOLDEN_GLOVE,87,35,10,10,FALSE,2004
LOTTE_2008_PLY_002802_EPIC,PLY_002802,2,LIVE_EPIC,73,18,10,0,TRUE,2008
LOTTE_1998_PLY_002802_SIG,PLY_002802,5,SIGNATURE,92,40,10,10,FALSE,1998
LOTTE_2008_PLY_002802_SIG,PLY_002802,5,SIGNATURE,89,40,10,10,FALSE,2008
LOTTE_2007_PLY_002802_EPIC,PLY_002802,2,LIVE_EPIC,70,18,10,0,TRUE,2007
LOTTE_2009_PLY_002802_AS,PLY_002802,3,ALLSTAR,74,24,10,10,TRUE,2009
LOTTE_2007_PLY_002802_LN,PLY_002802,1,LIVE_NORMAL,57,12,10,0,TRUE,2007
LOTTE_2001_PLY_002802_TH,PLY_002802,4,TITLE_HOLDER,82,30,10,10,FALSE,2001
LOTTE_1989_PLY_002803_EPIC,PLY_002803,2,LIVE_EPIC,73,18,10,0,TRUE,1989
LOTTE_1993_PLY_002803_TH,PLY_002803,4,TITLE_HOLDER,87,30,10,10,FALSE,1993
LOTTE_1988_PLY_002803_LN,PLY_002803,1,LIVE_NORMAL,56,12,10,0,TRUE,1988
LOTTE_2010_PLY_002804_EPIC,PLY_002804,2,LIVE_EPIC,75,18,10,0,TRUE,2010
LOTTE_2009_PLY_002804_LN,PLY_002804,1,LIVE_NORMAL,63,12,10,0,TRUE,2009
LOTTE_2001_PLY_002804_EPIC,PLY_002804,2,LIVE_EPIC,65,18,10,0,TRUE,2001
LOTTE_2008_PLY_002804_LN,PLY_002804,1,LIVE_NORMAL,59,12,10,0,TRUE,2008
LOTTE_2010_PLY_002804_GG,PLY_002804,6,GOLDEN_GLOVE,87,35,10,10,FALSE,2010
LOTTE_2013_PLY_002804_AS,PLY_002804,3,ALLSTAR,78,24,10,10,TRUE,2013
LOTTE_2002_PLY_002804_EPIC,PLY_002804,2,LIVE_EPIC,75,18,10,0,TRUE,2002
LOTTE_2001_PLY_002804_AS,PLY_002804,3,ALLSTAR,82,24,10,10,TRUE,2001
LOTTE_2003_PLY_002804_LN,PLY_002804,1,LIVE_NORMAL,61,12,10,0,TRUE,2003
LOTTE_2005_PLY_002804_EPIC,PLY_002804,2,LIVE_EPIC,69,18,10,0,TRUE,2005
LOTTE_1995_PLY_002804_LN,PLY_002804,1,LIVE_NORMAL,64,12,10,0,TRUE,1995
LOTTE_2008_PLY_002805_LN,PLY_002805,1,LIVE_NORMAL,66,12,10,0,TRUE,2008
LOTTE_1999_PLY_002805_LN,PLY_002805,1,LIVE_NORMAL,66,12,10,0,TRUE,1999
LOTTE_2012_PLY_002805_TH,PLY_002805,4,TITLE_HOLDER,80,30,10,10,FALSE,2012
LOTTE_2000_PLY_002805_LN,PLY_002805,1,LIVE_NORMAL,64,12,10,0,TRUE,2000
LOTTE_2003_PLY_002805_LN,PLY_002805,1,LIVE_NORMAL,58,12,10,0,TRUE,2003
LOTTE_2014_PLY_002806_GG,PLY_002806,6,GOLDEN_GLOVE,90,35,10,10,FALSE,2014
LOTTE_2002_PLY_002806_EPIC,PLY_002806,2,LIVE_EPIC,73,18,10,0,TRUE,2002
LOTTE_1999_PLY_002806_LN,PLY_002806,1,LIVE_NORMAL,57,12,10,0,TRUE,1999
LOTTE_2018_PLY_002806_AS,PLY_002806,3,ALLSTAR,74,24,10,10,TRUE,2018
LOTTE_2005_PLY_002806_EPIC,PLY_002806,2,LIVE_EPIC,72,18,10,0,TRUE,2005
LOTTE_2005_PLY_002806_LN,PLY_002806,1,LIVE_NORMAL,63,12,10,0,TRUE,2005
LOTTE_2012_PLY_002806_SIG,PLY_002806,5,SIGNATURE,91,40,10,10,FALSE,2012
LOTTE_2018_PLY_002807_LN,PLY_002807,1,LIVE_NORMAL,59,12,10,0,TRUE,2018
LOTTE_2022_PLY_002807_EPIC,PLY_002807,2,LIVE_EPIC,75,18,10,0,TRUE,2022
LOTTE_2022_PLY_002807_LN,PLY_002807,1,LIVE_NORMAL,68,12,10,0,TRUE,2022
LOTTE_2021_PLY_002807_LN,PLY_002807,1,LIVE_NORMAL,64,12,10,0,TRUE,2021
LOTTE_2019_PLY_002807_EPIC,PLY_002807,2,LIVE_EPIC,67,18,10,0,TRUE,2019
LOTTE_2016_PLY_002807_TH,PLY_002807,4,TITLE_HOLDER,83,30,10,10,FALSE,2016
LOTTE_2019_PLY_002807_GG,PLY_002807,6,GOLDEN_GLOVE,87,35,10,10,FALSE,2019
LOTTE_2022_PLY_002807_TH,PLY_002807,4,TITLE_HOLDER,84,30,10,10,FALSE,2022
LOTTE_2020_PLY_002807_EPIC,PLY_002807,2,LIVE_EPIC,70,18,10,0,TRUE,2020
LOTTE_2000_PLY_002808_LN,PLY_002808,1,LIVE_NORMAL,65,12,10,0,TRUE,2000
LOTTE_2000_PLY_002808_TH,PLY_002808,4,TITLE_HOLDER,82,30,10,10,FALSE,2000
LOTTE_1996_PLY_002808_AS,PLY_002808,3,ALLSTAR,83,24,10,10,TRUE,1996
LOTTE_1996_PLY_002808_EPIC,PLY_002808,2,LIVE_EPIC,71,18,10,0,TRUE,1996
LOTTE_1997_PLY_002808_EPIC,PLY_002808,2,LIVE_EPIC,74,18,10,0,TRUE,1997
LOTTE_1997_PLY_002808_TH,PLY_002808,4,TITLE_HOLDER,87,30,10,10,FALSE,1997
LOTTE_1997_PLY_002808_LN,PLY_002808,1,LIVE_NORMAL,63,12,10,0,TRUE,1997
LOTTE_1998_PLY_002808_LN,PLY_002808,1,LIVE_NORMAL,64,12,10,0,TRUE,1998
LOTTE_1999_PLY_002808_LN,PLY_002808,1,LIVE_NORMAL,59,12,10,0,TRUE,1999
LOTTE_2001_PLY_002809_LN,PLY_002809,1,LIVE_NORMAL,58,12,10,0,TRUE,2001
LOTTE_2009_PLY_002809_AS,PLY_002809,3,ALLSTAR,77,24,10,10,TRUE,2009
LOTTE_1997_PLY_002809_EPIC,PLY_002809,2,LIVE_EPIC,75,18,10,0,TRUE,1997
LOTTE_1999_PLY_002809_EPIC,PLY_002809,2,LIVE_EPIC,72,18,10,0,TRUE,1999
LOTTE_2012_PLY_002809_EPIC,PLY_002809,2,LIVE_EPIC,75,18,10,0,TRUE,2012
LOTTE_2007_PLY_002809_LN,PLY_002809,1,LIVE_NORMAL,57,12,10,0,TRUE,2007
LOTTE_2014_PLY_002810_TH,PLY_002810,4,TITLE_HOLDER,80,30,10,10,FALSE,2014
LOTTE_2022_PLY_002810_LN,PLY_002810,1,LIVE_NORMAL,67,12,10,0,TRUE,2022
LOTTE_2022_PLY_002810_EPIC,PLY_002810,2,LIVE_EPIC,66,18,10,0,TRUE,2022
LOTTE_2022_PLY_002810_SIG,PLY_002810,5,SIGNATURE,91,40,10,10,FALSE,2022
LOTTE_2020_PLY_002810_LN,PLY_002810,1,LIVE_NORMAL,56,12,10,0,TRUE,2020
LOTTE_2021_PLY_002810_AS,PLY_002810,3,ALLSTAR,75,24,10,10,TRUE,2021
LOTTE_2009_PLY_002810_EPIC,PLY_002810,2,LIVE_EPIC,68,18,10,0,TRUE,2009
LOTTE_1998_PLY_002811_LN,PLY_002811,1,LIVE_NORMAL,66,12,10,0,TRUE,1998
LOTTE_2000_PLY_002811_LN,PLY_002811,1,LIVE_NORMAL,62,12,10,0,TRUE,2000
LOTTE_2000_PLY_002811_AS,PLY_002811,3,ALLSTAR,80,24,10,10,TRUE,2000
LOTTE_1997_PLY_002811_LN,PLY_002811,1,LIVE_NORMAL,65,12,10,0,TRUE,1997
LOTTE_1996_PLY_002811_TH,PLY_002811,4,TITLE_HOLDER,84,30,10,10,FALSE,1996
LOTTE_1997_PLY_002811_AS,PLY_002811,3,ALLSTAR,83,24,10,10,TRUE,1997
LOTTE_1996_PLY_002811_EPIC,PLY_002811,2,LIVE_EPIC,69,18,10,0,TRUE,1996
LOTTE_2000_PLY_002811_SIG,PLY_002811,5,SIGNATURE,90,40,10,10,FALSE,2000
LOTTE_1997_PLY_002811_EPIC,PLY_002811,2,LIVE_EPIC,71,18,10,0,TRUE,1997
LOTTE_2004_PLY_002812_LN,PLY_002812,1,LIVE_NORMAL,65,12,10,0,TRUE,2004
LOTTE_2009_PLY_002812_LN,PLY_002812,1,LIVE_NORMAL,63,12,10,0,TRUE,2009
LOTTE_2003_PLY_002812_LN,PLY_002812,1,LIVE_NORMAL,63,12,10,0,TRUE,2003
LOTTE_2008_PLY_002812_AS,PLY_002812,3,ALLSTAR,81,24,10,10,TRUE,2008
LOTTE_2003_PLY_002812_EPIC,PLY_002812,2,LIVE_EPIC,76,18,10,0,TRUE,2003
LOTTE_2004_PLY_002813_LN,PLY_002813,1,LIVE_NORMAL,59,12,10,0,TRUE,2004
LOTTE_1999_PLY_002813_LN,PLY_002813,1,LIVE_NORMAL,63,12,10,0,TRUE,1999
LOTTE_2000_PLY_002813_AS,PLY_002813,3,ALLSTAR,74,24,10,10,TRUE,2000
LOTTE_1998_PLY_002813_EPIC,PLY_002813,2,LIVE_EPIC,69,18,10,0,TRUE,1998
LOTTE_1995_PLY_002813_AS,PLY_002813,3,ALLSTAR,74,24,10,10,TRUE,1995
LOTTE_1999_PLY_002813_GG,PLY_002813,6,GOLDEN_GLOVE,86,35,10,10,FALSE,1999
LOTTE_2015_PLY_002814_TH,PLY_002814,4,TITLE_HOLDER,85,30,10,10,FALSE,2015
LOTTE_2013_PLY_002814_AS,PLY_002814,3,ALLSTAR,78,24,10,10,TRUE,2013
LOTTE_2014_PLY_002814_LN,PLY_002814,1,LIVE_NORMAL,65,12,10,0,TRUE,2014
LOTTE_2018_PLY_002814_LN,PLY_002814,1,LIVE_NORMAL,66,12,10,0,TRUE,2018
LOTTE_2008_PLY_002815_TH,PLY_002815,4,TITLE_HOLDER,80,30,10,10,FALSE,2008
LOTTE_2008_PLY_002815_LN,PLY_002815,1,LIVE_NORMAL,56,12,10,0,TRUE,2008
LOTTE_2004_PLY_002815_LN,PLY_002815,1,LIVE_NORMAL,60,12,10,0,TRUE,2004
LOTTE_2014_PLY_002815_EPIC,PLY_002815,2,LIVE_EPIC,68,18,10,0,TRUE,2014
LOTTE_2006_PLY_002815_AS,PLY_002815,3,ALLSTAR,76,24,10,10,TRUE,2006
LOTTE_2016_PLY_002815_AS,PLY_002815,3,ALLSTAR,76,24,10,10,TRUE,2016
LOTTE_2014_PLY_002815_AS,PLY_002815,3,ALLSTAR,76,24,10,10,TRUE,2014
LOTTE_2007_PLY_002815_EPIC,PLY_002815,2,LIVE_EPIC,74,18,10,0,TRUE,2007
LOTTE_2005_PLY_002815_TH,PLY_002815,4,TITLE_HOLDER,80,30,10,10,FALSE,2005
LOTTE_2005_PLY_002815_AS,PLY_002815,3,ALLSTAR,75,24,10,10,TRUE,2005
LOTTE_2025_PLY_002816_LN,PLY_002816,1,LIVE_NORMAL,66,12,10,0,TRUE,2025
LOTTE_2011_PLY_002816_AS,PLY_002816,3,ALLSTAR,79,24,10,10,TRUE,2011
LOTTE_2006_PLY_002816_AS,PLY_002816,3,ALLSTAR,78,24,10,10,TRUE,2006
LOTTE_2017_PLY_002816_EPIC,PLY_002816,2,LIVE_EPIC,65,18,10,0,TRUE,2017
LOTTE_2025_PLY_002816_SIG,PLY_002816,5,SIGNATURE,94,40,10,10,FALSE,2025
LOTTE_2014_PLY_002816_LN,PLY_002816,1,LIVE_NORMAL,65,12,10,0,TRUE,2014
LOTTE_1998_PLY_002817_LN,PLY_002817,1,LIVE_NORMAL,58,12,10,0,TRUE,1998
LOTTE_1996_PLY_002817_LN,PLY_002817,1,LIVE_NORMAL,56,12,10,0,TRUE,1996
LOTTE_2003_PLY_002817_LN,PLY_002817,1,LIVE_NORMAL,55,12,10,0,TRUE,2003
LOTTE_2002_PLY_002817_GG,PLY_002817,6,GOLDEN_GLOVE,88,35,10,10,FALSE,2002
LOTTE_2002_PLY_002817_EPIC,PLY_002817,2,LIVE_EPIC,65,18,10,0,TRUE,2002
LOTTE_2013_PLY_002818_AS,PLY_002818,3,ALLSTAR,74,24,10,10,TRUE,2013
LOTTE_2012_PLY_002818_SIG,PLY_002818,5,SIGNATURE,94,40,10,10,FALSE,2012
LOTTE_2012_PLY_002818_EPIC,PLY_002818,2,LIVE_EPIC,66,18,10,0,TRUE,2012
LOTTE_2014_PLY_002818_LN,PLY_002818,1,LIVE_NORMAL,59,12,10,0,TRUE,2014
LOTTE_2015_PLY_002818_LN,PLY_002818,1,LIVE_NORMAL,60,12,10,0,TRUE,2015
LOTTE_2017_PLY_002818_LN,PLY_002818,1,LIVE_NORMAL,68,12,10,0,TRUE,2017
LOTTE_2019_PLY_002818_LN,PLY_002818,1,LIVE_NORMAL,58,12,10,0,TRUE,2019
LOTTE_2021_PLY_002818_LN,PLY_002818,1,LIVE_NORMAL,59,12,10,0,TRUE,2021
LOTTE_2011_PLY_002818_AS,PLY_002818,3,ALLSTAR,81,24,10,10,TRUE,2011
LOTTE_1993_PLY_002819_LN,PLY_002819,1,LIVE_NORMAL,68,12,10,0,TRUE,1993
LOTTE_1990_PLY_002819_LN,PLY_002819,1,LIVE_NORMAL,66,12,10,0,TRUE,1990
LOTTE_1992_PLY_002819_AS,PLY_002819,3,ALLSTAR,81,24,10,10,TRUE,1992
LOTTE_1996_PLY_002819_EPIC,PLY_002819,2,LIVE_EPIC,75,18,10,0,TRUE,1996
LOTTE_1994_PLY_002819_AS,PLY_002819,3,ALLSTAR,77,24,10,10,TRUE,1994
LOTTE_1991_PLY_002819_AS,PLY_002819,3,ALLSTAR,80,24,10,10,TRUE,1991
LOTTE_2024_PLY_002820_LN,PLY_002820,1,LIVE_NORMAL,62,12,10,0,TRUE,2024
LOTTE_2025_PLY_002820_LN,PLY_002820,1,LIVE_NORMAL,64,12,10,0,TRUE,2025
LOTTE_2024_PLY_002820_EPIC,PLY_002820,2,LIVE_EPIC,74,18,10,0,TRUE,2024
LOTTE_2026_PLY_002820_LN,PLY_002820,1,LIVE_NORMAL,60,12,10,0,TRUE,2026
LOTTE_2026_PLY_002820_EPIC,PLY_002820,2,LIVE_EPIC,71,18,10,0,TRUE,2026
LOTTE_2025_PLY_002820_AS,PLY_002820,3,ALLSTAR,76,24,10,10,TRUE,2025
LOTTE_2023_PLY_002820_AS,PLY_002820,3,ALLSTAR,82,24,10,10,TRUE,2023
LOTTE_2023_PLY_002820_EPIC,PLY_002820,2,LIVE_EPIC,67,18,10,0,TRUE,2023
LOTTE_2012_PLY_002821_AS,PLY_002821,3,ALLSTAR,77,24,10,10,TRUE,2012
LOTTE_2018_PLY_002821_LN,PLY_002821,1,LIVE_NORMAL,65,12,10,0,TRUE,2018
LOTTE_2017_PLY_002821_AS,PLY_002821,3,ALLSTAR,79,24,10,10,TRUE,2017
LOTTE_2014_PLY_002821_EPIC,PLY_002821,2,LIVE_EPIC,71,18,10,0,TRUE,2014
LOTTE_2022_PLY_002822_TH,PLY_002822,4,TITLE_HOLDER,82,30,10,10,FALSE,2022
LOTTE_2023_PLY_002822_EPIC,PLY_002822,2,LIVE_EPIC,76,18,10,0,TRUE,2023
LOTTE_2022_PLY_002822_LN,PLY_002822,1,LIVE_NORMAL,59,12,10,0,TRUE,2022
LOTTE_2026_PLY_002822_AS,PLY_002822,3,ALLSTAR,75,24,10,10,TRUE,2026
LOTTE_2025_PLY_002822_EPIC,PLY_002822,2,LIVE_EPIC,75,18,10,0,TRUE,2025
LOTTE_2026_PLY_002822_EPIC,PLY_002822,2,LIVE_EPIC,76,18,10,0,TRUE,2026
LOTTE_2025_PLY_002822_TH,PLY_002822,4,TITLE_HOLDER,84,30,10,10,FALSE,2025
LOTTE_2026_PLY_002822_LN,PLY_002822,1,LIVE_NORMAL,60,12,10,0,TRUE,2026
LOTTE_1992_PLY_002823_EPIC,PLY_002823,2,LIVE_EPIC,66,18,10,0,TRUE,1992
LOTTE_1988_PLY_002823_EPIC,PLY_002823,2,LIVE_EPIC,65,18,10,0,TRUE,1988
LOTTE_1993_PLY_002823_TH,PLY_002823,4,TITLE_HOLDER,87,30,10,10,FALSE,1993
LOTTE_1989_PLY_002823_AS,PLY_002823,3,ALLSTAR,81,24,10,10,TRUE,1989
LOTTE_1993_PLY_002823_EPIC,PLY_002823,2,LIVE_EPIC,72,18,10,0,TRUE,1993
LOTTE_1992_PLY_002823_LN,PLY_002823,1,LIVE_NORMAL,64,12,10,0,TRUE,1992
LOTTE_1993_PLY_002823_AS,PLY_002823,3,ALLSTAR,77,24,10,10,TRUE,1993
LOTTE_2025_PLY_002824_EPIC,PLY_002824,2,LIVE_EPIC,76,18,10,0,TRUE,2025
LOTTE_2023_PLY_002824_EPIC,PLY_002824,2,LIVE_EPIC,69,18,10,0,TRUE,2023
LOTTE_2026_PLY_002824_LN,PLY_002824,1,LIVE_NORMAL,57,12,10,0,TRUE,2026
LOTTE_2000_PLY_002825_EPIC,PLY_002825,2,LIVE_EPIC,68,18,10,0,TRUE,2000
LOTTE_1993_PLY_002825_AS,PLY_002825,3,ALLSTAR,76,24,10,10,TRUE,1993
LOTTE_1995_PLY_002825_LN,PLY_002825,1,LIVE_NORMAL,55,12,10,0,TRUE,1995
LOTTE_2002_PLY_002825_EPIC,PLY_002825,2,LIVE_EPIC,70,18,10,0,TRUE,2002
LOTTE_2003_PLY_002825_LN,PLY_002825,1,LIVE_NORMAL,66,12,10,0,TRUE,2003
LOTTE_1994_PLY_002825_EPIC,PLY_002825,2,LIVE_EPIC,75,18,10,0,TRUE,1994
LOTTE_1996_PLY_002825_AS,PLY_002825,3,ALLSTAR,79,24,10,10,TRUE,1996
LOTTE_2020_PLY_002826_TH,PLY_002826,4,TITLE_HOLDER,81,30,10,10,FALSE,2020
LOTTE_2026_PLY_002826_SIG,PLY_002826,5,SIGNATURE,91,40,10,10,FALSE,2026
LOTTE_2023_PLY_002827_LN,PLY_002827,1,LIVE_NORMAL,64,12,10,0,TRUE,2023
LOTTE_2021_PLY_002827_LN,PLY_002827,1,LIVE_NORMAL,62,12,10,0,TRUE,2021
LOTTE_2001_PLY_002828_LN,PLY_002828,1,LIVE_NORMAL,55,12,10,0,TRUE,2001
LOTTE_2003_PLY_002828_EPIC,PLY_002828,2,LIVE_EPIC,69,18,10,0,TRUE,2003
LOTTE_2003_PLY_002828_LN,PLY_002828,1,LIVE_NORMAL,61,12,10,0,TRUE,2003
LOTTE_2002_PLY_002828_LN,PLY_002828,1,LIVE_NORMAL,65,12,10,0,TRUE,2002
LOTTE_2008_PLY_002829_EPIC,PLY_002829,2,LIVE_EPIC,65,18,10,0,TRUE,2008
LOTTE_2004_PLY_002829_EPIC,PLY_002829,2,LIVE_EPIC,76,18,10,0,TRUE,2004
LOTTE_1997_PLY_002829_EPIC,PLY_002829,2,LIVE_EPIC,69,18,10,0,TRUE,1997
LOTTE_1992_PLY_002829_LN,PLY_002829,1,LIVE_NORMAL,60,12,10,0,TRUE,1992
LOTTE_1994_PLY_002829_SIG,PLY_002829,5,SIGNATURE,92,40,10,10,FALSE,1994
LOTTE_2004_PLY_002829_SIG,PLY_002829,5,SIGNATURE,90,40,10,10,FALSE,2004
LOTTE_2001_PLY_002829_EPIC,PLY_002829,2,LIVE_EPIC,69,18,10,0,TRUE,2001
LOTTE_2003_PLY_002829_AS,PLY_002829,3,ALLSTAR,81,24,10,10,TRUE,2003
LOTTE_2004_PLY_002829_AS,PLY_002829,3,ALLSTAR,75,24,10,10,TRUE,2004
