card_id,player_id,grade_id,grade_name,base_ovr,salary_cost,max_enhance,max_awaken,is_droppable,year
KT_2013_PLY_001630_GG,PLY_001630,7,GOLDEN_GLOVE,87,35,10,10,FALSE,2013
KT_2011_PLY_001630_AS,PLY_001630,3,ALLSTAR,75,24,10,10,TRUE,2011
KT_2009_PLY_001630_EPIC,PLY_001630,2,LIVE_EPIC,74,18,10,0,TRUE,2009
KT_2019_PLY_001630_TH,PLY_001630,4,TITLE_HOLDER,81,30,10,10,FALSE,2019
KT_2004_PLY_001630_LN,PLY_001630,1,LIVE_NORMAL,62,12,10,0,TRUE,2004
KT_2017_PLY_001630_LN,PLY_001630,1,LIVE_NORMAL,63,12,10,0,TRUE,2017
KT_2006_PLY_001630_EPIC,PLY_001630,2,LIVE_EPIC,66,18,10,0,TRUE,2006
KT_2010_PLY_001630_EPIC,PLY_001630,2,LIVE_EPIC,70,18,10,0,TRUE,2010
KT_2014_PLY_001630_AS,PLY_001630,3,ALLSTAR,77,24,10,10,TRUE,2014
KT_2014_PLY_001630_EPIC,PLY_001630,2,LIVE_EPIC,65,18,10,0,TRUE,2014
KT_2010_PLY_001631_LN,PLY_001631,1,LIVE_NORMAL,57,12,10,0,TRUE,2010
KT_2013_PLY_001631_EPIC,PLY_001631,2,LIVE_EPIC,70,18,10,0,TRUE,2013
KT_2012_PLY_001631_LN,PLY_001631,1,LIVE_NORMAL,61,12,10,0,TRUE,2012
KT_2012_PLY_001631_EPIC,PLY_001631,2,LIVE_EPIC,73,18,10,0,TRUE,2012
KT_2013_PLY_001631_AS,PLY_001631,3,ALLSTAR,76,24,10,10,TRUE,2013
KT_2012_PLY_001631_GG,PLY_001631,7,GOLDEN_GLOVE,87,35,10,10,FALSE,2012
KT_2008_PLY_001632_EPIC,PLY_001632,2,LIVE_EPIC,76,18,10,0,TRUE,2008
KT_2013_PLY_001632_EPIC,PLY_001632,2,LIVE_EPIC,65,18,10,0,TRUE,2013
KT_2016_PLY_001632_LN,PLY_001632,1,LIVE_NORMAL,59,12,10,0,TRUE,2016
KT_2024_PLY_001632_AS,PLY_001632,3,ALLSTAR,75,24,10,10,TRUE,2024
KT_2021_PLY_001632_LN,PLY_001632,1,LIVE_NORMAL,57,12,10,0,TRUE,2021
KT_2007_PLY_001632_LN,PLY_001632,1,LIVE_NORMAL,57,12,10,0,TRUE,2007
KT_2017_PLY_001632_GG,PLY_001632,7,GOLDEN_GLOVE,88,35,10,10,FALSE,2017
KT_2013_PLY_001632_LN,PLY_001632,1,LIVE_NORMAL,60,12,10,0,TRUE,2013
KT_2020_PLY_001632_LN,PLY_001632,1,LIVE_NORMAL,56,12,10,0,TRUE,2020
KT_2000_PLY_001633_EPIC,PLY_001633,2,LIVE_EPIC,68,18,10,0,TRUE,2000
KT_2004_PLY_001633_LN,PLY_001633,1,LIVE_NORMAL,61,12,10,0,TRUE,2004
KT_2006_PLY_001633_EPIC,PLY_001633,2,LIVE_EPIC,67,18,10,0,TRUE,2006
KT_1992_PLY_001633_LN,PLY_001633,1,LIVE_NORMAL,57,12,10,0,TRUE,1992
KT_1995_PLY_001633_LN,PLY_001633,1,LIVE_NORMAL,57,12,10,0,TRUE,1995
KT_2000_PLY_001633_LN,PLY_001633,1,LIVE_NORMAL,57,12,10,0,TRUE,2000
KT_1998_PLY_001633_EPIC,PLY_001633,2,LIVE_EPIC,75,18,10,0,TRUE,1998
KT_1996_PLY_001634_LN,PLY_001634,1,LIVE_NORMAL,55,12,10,0,TRUE,1996
KT_1993_PLY_001634_LN,PLY_001634,1,LIVE_NORMAL,62,12,10,0,TRUE,1993
KT_1990_PLY_001634_GG,PLY_001634,7,GOLDEN_GLOVE,87,35,10,10,FALSE,1990
KT_1992_PLY_001634_EPIC,PLY_001634,2,LIVE_EPIC,68,18,10,0,TRUE,1992
KT_2016_PLY_001635_LN,PLY_001635,1,LIVE_NORMAL,56,12,10,0,TRUE,2016
KT_2020_PLY_001635_LN,PLY_001635,1,LIVE_NORMAL,55,12,10,0,TRUE,2020
KT_2017_PLY_001635_EPIC,PLY_001635,2,LIVE_EPIC,74,18,10,0,TRUE,2017
KT_2020_PLY_001635_TH,PLY_001635,4,TITLE_HOLDER,84,30,10,10,FALSE,2020
KT_2020_PLY_001635_EPIC,PLY_001635,2,LIVE_EPIC,65,18,10,0,TRUE,2020
KT_2015_PLY_001635_LN,PLY_001635,1,LIVE_NORMAL,67,12,10,0,TRUE,2015
KT_2019_PLY_001635_EPIC,PLY_001635,2,LIVE_EPIC,73,18,10,0,TRUE,2019
KT_2018_PLY_001635_LN,PLY_001635,1,LIVE_NORMAL,62,12,10,0,TRUE,2018
KT_2019_PLY_001635_AS,PLY_001635,3,ALLSTAR,76,24,10,10,TRUE,2019
KT_2019_PLY_001636_TH,PLY_001636,4,TITLE_HOLDER,87,30,10,10,FALSE,2019
KT_2011_PLY_001636_AS,PLY_001636,3,ALLSTAR,80,24,10,10,TRUE,2011
KT_2018_PLY_001636_LN,PLY_001636,1,LIVE_NORMAL,66,12,10,0,TRUE,2018
KT_2012_PLY_001636_LN,PLY_001636,1,LIVE_NORMAL,65,12,10,0,TRUE,2012
KT_2016_PLY_001636_TH,PLY_001636,4,TITLE_HOLDER,87,30,10,10,FALSE,2016
KT_2017_PLY_001636_LN,PLY_001636,1,LIVE_NORMAL,66,12,10,0,TRUE,2017
KT_2018_PLY_001636_EPIC,PLY_001636,2,LIVE_EPIC,70,18,10,0,TRUE,2018
KT_2011_PLY_001636_LN,PLY_001636,1,LIVE_NORMAL,62,12,10,0,TRUE,2011
KT_2012_PLY_001636_EPIC,PLY_001636,2,LIVE_EPIC,70,18,10,0,TRUE,2012
KT_1999_PLY_001637_LN,PLY_001637,1,LIVE_NORMAL,67,12,10,0,TRUE,1999
KT_2000_PLY_001637_LN,PLY_001637,1,LIVE_NORMAL,67,12,10,0,TRUE,2000
KT_2008_PLY_001637_SIG,PLY_001637,6,SIGNATURE,93,40,10,10,FALSE,2008
KT_2013_PLY_001638_TH,PLY_001638,4,TITLE_HOLDER,86,30,10,10,FALSE,2013
KT_2010_PLY_001638_EPIC,PLY_001638,2,LIVE_EPIC,74,18,10,0,TRUE,2010
KT_2014_PLY_001638_TH,PLY_001638,4,TITLE_HOLDER,81,30,10,10,FALSE,2014
KT_2007_PLY_001638_EPIC,PLY_001638,2,LIVE_EPIC,76,18,10,0,TRUE,2007
KT_2011_PLY_001638_LN,PLY_001638,1,LIVE_NORMAL,55,12,10,0,TRUE,2011
KT_2014_PLY_001638_EPIC,PLY_001638,2,LIVE_EPIC,66,18,10,0,TRUE,2014
KT_2009_PLY_001638_AS,PLY_001638,3,ALLSTAR,79,24,10,10,TRUE,2009
KT_1992_PLY_001639_EPIC,PLY_001639,2,LIVE_EPIC,72,18,10,0,TRUE,1992
KT_1993_PLY_001639_EPIC,PLY_001639,2,LIVE_EPIC,65,18,10,0,TRUE,1993
KT_1991_PLY_001639_EPIC,PLY_001639,2,LIVE_EPIC,66,18,10,0,TRUE,1991
KT_1989_PLY_001639_EPIC,PLY_001639,2,LIVE_EPIC,74,18,10,0,TRUE,1989
KT_1991_PLY_001639_LN,PLY_001639,1,LIVE_NORMAL,60,12,10,0,TRUE,1991
KT_1993_PLY_001639_AS,PLY_001639,3,ALLSTAR,82,24,10,10,TRUE,1993
KT_1987_PLY_001640_LN,PLY_001640,1,LIVE_NORMAL,55,12,10,0,TRUE,1987
KT_1996_PLY_001640_LN,PLY_001640,1,LIVE_NORMAL,60,12,10,0,TRUE,1996
KT_1988_PLY_001640_LN,PLY_001640,1,LIVE_NORMAL,57,12,10,0,TRUE,1988
KT_1993_PLY_001640_TH,PLY_001640,4,TITLE_HOLDER,84,30,10,10,FALSE,1993
KT_2026_PLY_001641_LN,PLY_001641,1,LIVE_NORMAL,63,12,10,0,TRUE,2026
KT_2020_PLY_001641_EPIC,PLY_001641,2,LIVE_EPIC,66,18,10,0,TRUE,2020
KT_2025_PLY_001641_SIG,PLY_001641,6,SIGNATURE,90,40,10,10,FALSE,2025
KT_2024_PLY_001642_AS,PLY_001642,3,ALLSTAR,77,24,10,10,TRUE,2024
KT_2026_PLY_001642_LN,PLY_001642,1,LIVE_NORMAL,65,12,10,0,TRUE,2026
KT_2020_PLY_001642_GG,PLY_001642,7,GOLDEN_GLOVE,86,35,10,10,FALSE,2020
KT_2018_PLY_001642_TH,PLY_001642,4,TITLE_HOLDER,87,30,10,10,FALSE,2018
KT_2020_PLY_001642_LN,PLY_001642,1,LIVE_NORMAL,63,12,10,0,TRUE,2020
KT_2025_PLY_001643_LN,PLY_001643,1,LIVE_NORMAL,59,12,10,0,TRUE,2025
KT_2026_PLY_001643_LN,PLY_001643,1,LIVE_NORMAL,55,12,10,0,TRUE,2026
KT_2017_PLY_001643_TH,PLY_001643,4,TITLE_HOLDER,86,30,10,10,FALSE,2017
KT_2022_PLY_001643_SIG,PLY_001643,6,SIGNATURE,88,40,10,10,FALSE,2022
KT_2017_PLY_001643_LN,PLY_001643,1,LIVE_NORMAL,67,12,10,0,TRUE,2017
KT_2019_PLY_001643_EPIC,PLY_001643,2,LIVE_EPIC,70,18,10,0,TRUE,2019
KT_2020_PLY_001643_TH,PLY_001643,4,TITLE_HOLDER,84,30,10,10,FALSE,2020
KT_2020_PLY_001643_AS,PLY_001643,3,ALLSTAR,74,24,10,10,TRUE,2020
KT_2023_PLY_001643_GG,PLY_001643,7,GOLDEN_GLOVE,87,35,10,10,FALSE,2023
KT_2019_PLY_001643_LN,PLY_001643,1,LIVE_NORMAL,67,12,10,0,TRUE,2019
KT_1990_PLY_001644_LN,PLY_001644,1,LIVE_NORMAL,64,12,10,0,TRUE,1990
KT_1993_PLY_001644_LN,PLY_001644,1,LIVE_NORMAL,64,12,10,0,TRUE,1993
KT_1990_PLY_001644_TH,PLY_001644,4,TITLE_HOLDER,81,30,10,10,FALSE,1990
KT_1987_PLY_001644_AS,PLY_001644,3,ALLSTAR,76,24,10,10,TRUE,1987
KT_1991_PLY_001644_TH,PLY_001644,4,TITLE_HOLDER,85,30,10,10,FALSE,1991
KT_2021_PLY_001645_EPIC,PLY_001645,2,LIVE_EPIC,67,18,10,0,TRUE,2021
KT_2024_PLY_001645_EPIC,PLY_001645,2,LIVE_EPIC,75,18,10,0,TRUE,2024
KT_2020_PLY_001645_LN,PLY_001645,1,LIVE_NORMAL,67,12,10,0,TRUE,2020
KT_2021_PLY_001645_LN,PLY_001645,1,LIVE_NORMAL,62,12,10,0,TRUE,2021
KT_2018_PLY_001646_LN,PLY_001646,1,LIVE_NORMAL,66,12,10,0,TRUE,2018
KT_2015_PLY_001646_AS,PLY_001646,3,ALLSTAR,83,24,10,10,TRUE,2015
KT_2013_PLY_001647_LN,PLY_001647,1,LIVE_NORMAL,59,12,10,0,TRUE,2013
KT_2013_PLY_001647_GG,PLY_001647,7,GOLDEN_GLOVE,90,35,10,10,FALSE,2013
KT_2014_PLY_001647_LN,PLY_001647,1,LIVE_NORMAL,57,12,10,0,TRUE,2014
KT_2014_PLY_001647_EPIC,PLY_001647,2,LIVE_EPIC,69,18,10,0,TRUE,2014
KT_2012_PLY_001647_GG,PLY_001647,7,GOLDEN_GLOVE,87,35,10,10,FALSE,2012
KT_2025_PLY_001648_LN,PLY_001648,1,LIVE_NORMAL,62,12,10,0,TRUE,2025
KT_2026_PLY_001648_GG,PLY_001648,7,GOLDEN_GLOVE,83,35,10,10,FALSE,2026
KT_2024_PLY_001648_EPIC,PLY_001648,2,LIVE_EPIC,67,18,10,0,TRUE,2024
KT_2026_PLY_001648_EPIC,PLY_001648,2,LIVE_EPIC,68,18,10,0,TRUE,2026
KT_2026_PLY_001648_TH,PLY_001648,4,TITLE_HOLDER,87,30,10,10,FALSE,2026
KT_2024_PLY_001648_LN,PLY_001648,1,LIVE_NORMAL,60,12,10,0,TRUE,2024
KT_2024_PLY_001648_AS,PLY_001648,3,ALLSTAR,82,24,10,10,TRUE,2024
KT_2025_PLY_001648_EPIC,PLY_001648,2,LIVE_EPIC,69,18,10,0,TRUE,2025
KT_2023_PLY_001648_LN,PLY_001648,1,LIVE_NORMAL,64,12,10,0,TRUE,2023
KT_2007_PLY_001649_EPIC,PLY_001649,2,LIVE_EPIC,76,18,10,0,TRUE,2007
KT_2002_PLY_001649_AS,PLY_001649,3,ALLSTAR,78,24,10,10,TRUE,2002
KT_2006_PLY_001649_EPIC,PLY_001649,2,LIVE_EPIC,65,18,10,0,TRUE,2006
KT_2010_PLY_001649_SIG,PLY_001649,6,SIGNATURE,88,40,10,10,FALSE,2010
KT_2005_PLY_001649_LN,PLY_001649,1,LIVE_NORMAL,55,12,10,0,TRUE,2005
KT_2011_PLY_001649_EPIC,PLY_001649,2,LIVE_EPIC,75,18,10,0,TRUE,2011
KT_2005_PLY_001649_AS,PLY_001649,3,ALLSTAR,82,24,10,10,TRUE,2005
KT_2023_PLY_001650_LN,PLY_001650,1,LIVE_NORMAL,64,12,10,0,TRUE,2023
KT_2021_PLY_001650_LN,PLY_001650,1,LIVE_NORMAL,60,12,10,0,TRUE,2021
KT_2025_PLY_001650_LN,PLY_001650,1,LIVE_NORMAL,57,12,10,0,TRUE,2025
KT_2024_PLY_001650_LN,PLY_001650,1,LIVE_NORMAL,58,12,10,0,TRUE,2024
KT_2023_PLY_001650_GG,PLY_001650,7,GOLDEN_GLOVE,88,35,10,10,FALSE,2023
KT_2022_PLY_001651_AS,PLY_001651,3,ALLSTAR,79,24,10,10,TRUE,2022
KT_2025_PLY_001651_AS,PLY_001651,3,ALLSTAR,75,24,10,10,TRUE,2025
KT_2025_PLY_001651_GG,PLY_001651,7,GOLDEN_GLOVE,88,35,10,10,FALSE,2025
KT_2023_PLY_001651_EPIC,PLY_001651,2,LIVE_EPIC,75,18,10,0,TRUE,2023
KT_2026_PLY_001651_LN,PLY_001651,1,LIVE_NORMAL,63,12,10,0,TRUE,2026
KT_2022_PLY_001651_EPIC,PLY_001651,2,LIVE_EPIC,70,18,10,0,TRUE,2022
KT_2011_PLY_001652_GG,PLY_001652,7,GOLDEN_GLOVE,89,35,10,10,FALSE,2011
KT_2015_PLY_001652_AS,PLY_001652,3,ALLSTAR,74,24,10,10,TRUE,2015
KT_2017_PLY_001652_EPIC,PLY_001652,2,LIVE_EPIC,65,18,10,0,TRUE,2017
KT_2009_PLY_001652_LN,PLY_001652,1,LIVE_NORMAL,64,12,10,0,TRUE,2009
KT_2005_PLY_001652_EPIC,PLY_001652,2,LIVE_EPIC,74,18,10,0,TRUE,2005
KT_2007_PLY_001652_LN,PLY_001652,1,LIVE_NORMAL,63,12,10,0,TRUE,2007
KT_2010_PLY_001653_TH,PLY_001653,4,TITLE_HOLDER,82,30,10,10,FALSE,2010
KT_2015_PLY_001653_LN,PLY_001653,1,LIVE_NORMAL,60,12,10,0,TRUE,2015
KT_2010_PLY_001653_LN,PLY_001653,1,LIVE_NORMAL,65,12,10,0,TRUE,2010
KT_2014_PLY_001653_EPIC,PLY_001653,2,LIVE_EPIC,67,18,10,0,TRUE,2014
KT_2011_PLY_001653_EPIC,PLY_001653,2,LIVE_EPIC,67,18,10,0,TRUE,2011
KT_2012_PLY_001653_GG,PLY_001653,7,GOLDEN_GLOVE,85,35,10,10,FALSE,2012
KT_2009_PLY_001653_AS,PLY_001653,3,ALLSTAR,83,24,10,10,TRUE,2009
KT_1990_PLY_001654_GG,PLY_001654,7,GOLDEN_GLOVE,89,35,10,10,FALSE,1990
KT_1995_PLY_001654_AS,PLY_001654,3,ALLSTAR,78,24,10,10,TRUE,1995
KT_1999_PLY_001654_TH,PLY_001654,4,TITLE_HOLDER,81,30,10,10,FALSE,1999
KT_1993_PLY_001654_LN,PLY_001654,1,LIVE_NORMAL,57,12,10,0,TRUE,1993
KT_1999_PLY_001654_LN,PLY_001654,1,LIVE_NORMAL,64,12,10,0,TRUE,1999
KT_1995_PLY_001654_LN,PLY_001654,1,LIVE_NORMAL,55,12,10,0,TRUE,1995
KT_1993_PLY_001655_AS,PLY_001655,3,ALLSTAR,75,24,10,10,TRUE,1993
KT_1996_PLY_001655_AS,PLY_001655,3,ALLSTAR,78,24,10,10,TRUE,1996
KT_2012_PLY_001656_AS,PLY_001656,3,ALLSTAR,77,24,10,10,TRUE,2012
KT_2007_PLY_001656_EPIC,PLY_001656,2,LIVE_EPIC,74,18,10,0,TRUE,2007
KT_2011_PLY_001656_TH,PLY_001656,4,TITLE_HOLDER,87,30,10,10,FALSE,2011
KT_2012_PLY_001656_EPIC,PLY_001656,2,LIVE_EPIC,66,18,10,0,TRUE,2012
KT_2012_PLY_001656_TH,PLY_001656,4,TITLE_HOLDER,84,30,10,10,FALSE,2012
KT_1997_PLY_001657_EPIC,PLY_001657,2,LIVE_EPIC,71,18,10,0,TRUE,1997
KT_2002_PLY_001657_LN,PLY_001657,1,LIVE_NORMAL,63,12,10,0,TRUE,2002
KT_1999_PLY_001657_LN,PLY_001657,1,LIVE_NORMAL,63,12,10,0,TRUE,1999
KT_2003_PLY_001657_TH,PLY_001657,4,TITLE_HOLDER,83,30,10,10,FALSE,2003
KT_1997_PLY_001657_LN,PLY_001657,1,LIVE_NORMAL,58,12,10,0,TRUE,1997
KT_1998_PLY_001657_LN,PLY_001657,1,LIVE_NORMAL,61,12,10,0,TRUE,1998
KT_1999_PLY_001657_EPIC,PLY_001657,2,LIVE_EPIC,65,18,10,0,TRUE,1999
KT_2004_PLY_001657_LN,PLY_001657,1,LIVE_NORMAL,60,12,10,0,TRUE,2004
KT_2004_PLY_001657_TH,PLY_001657,4,TITLE_HOLDER,86,30,10,10,FALSE,2004
KT_2018_PLY_001658_LN,PLY_001658,1,LIVE_NORMAL,57,12,10,0,TRUE,2018
KT_2021_PLY_001658_LN,PLY_001658,1,LIVE_NORMAL,62,12,10,0,TRUE,2021
KT_2018_PLY_001658_GG,PLY_001658,7,GOLDEN_GLOVE,90,35,10,10,FALSE,2018
KT_2020_PLY_001658_LN,PLY_001658,1,LIVE_NORMAL,64,12,10,0,TRUE,2020
KT_2019_PLY_001658_LN,PLY_001658,1,LIVE_NORMAL,66,12,10,0,TRUE,2019
KT_2020_PLY_001658_EPIC,PLY_001658,2,LIVE_EPIC,70,18,10,0,TRUE,2020
KT_2021_PLY_001658_TH,PLY_001658,4,TITLE_HOLDER,80,30,10,10,FALSE,2021
KT_1991_PLY_001659_LN,PLY_001659,1,LIVE_NORMAL,64,12,10,0,TRUE,1991
KT_1988_PLY_001659_EPIC,PLY_001659,2,LIVE_EPIC,68,18,10,0,TRUE,1988
KT_2018_PLY_001660_EPIC,PLY_001660,2,LIVE_EPIC,71,18,10,0,TRUE,2018
KT_2022_PLY_001660_LN,PLY_001660,1,LIVE_NORMAL,68,12,10,0,TRUE,2022
KT_2026_PLY_001660_LN,PLY_001660,1,LIVE_NORMAL,55,12,10,0,TRUE,2026
KT_2019_PLY_001660_AS,PLY_001660,3,ALLSTAR,74,24,10,10,TRUE,2019
KT_2017_PLY_001660_EPIC,PLY_001660,2,LIVE_EPIC,66,18,10,0,TRUE,2017
KT_2025_PLY_001660_AS,PLY_001660,3,ALLSTAR,76,24,10,10,TRUE,2025
KT_2017_PLY_001660_LN,PLY_001660,1,LIVE_NORMAL,57,12,10,0,TRUE,2017
KT_2024_PLY_001661_EPIC,PLY_001661,2,LIVE_EPIC,65,18,10,0,TRUE,2024
KT_2021_PLY_001661_LN,PLY_001661,1,LIVE_NORMAL,59,12,10,0,TRUE,2021
KT_2020_PLY_001661_EPIC,PLY_001661,2,LIVE_EPIC,67,18,10,0,TRUE,2020
KT_2023_PLY_001661_EPIC,PLY_001661,2,LIVE_EPIC,72,18,10,0,TRUE,2023
KT_2024_PLY_001661_LN,PLY_001661,1,LIVE_NORMAL,65,12,10,0,TRUE,2024
KT_2021_PLY_001662_EPIC,PLY_001662,2,LIVE_EPIC,69,18,10,0,TRUE,2021
KT_2019_PLY_001662_LN,PLY_001662,1,LIVE_NORMAL,55,12,10,0,TRUE,2019
KT_2023_PLY_001662_EPIC,PLY_001662,2,LIVE_EPIC,75,18,10,0,TRUE,2023
KT_2021_PLY_001662_LN,PLY_001662,1,LIVE_NORMAL,60,12,10,0,TRUE,2021
KT_2020_PLY_001662_TH,PLY_001662,4,TITLE_HOLDER,87,30,10,10,FALSE,2020
KT_2022_PLY_001662_EPIC,PLY_001662,2,LIVE_EPIC,67,18,10,0,TRUE,2022
KT_2019_PLY_001662_TH,PLY_001662,4,TITLE_HOLDER,87,30,10,10,FALSE,2019
KT_2017_PLY_001663_EPIC,PLY_001663,2,LIVE_EPIC,71,18,10,0,TRUE,2017
KT_2013_PLY_001663_EPIC,PLY_001663,2,LIVE_EPIC,75,18,10,0,TRUE,2013
KT_2010_PLY_001663_EPIC,PLY_001663,2,LIVE_EPIC,74,18,10,0,TRUE,2010
KT_2021_PLY_001663_EPIC,PLY_001663,2,LIVE_EPIC,68,18,10,0,TRUE,2021
KT_2016_PLY_001663_EPIC,PLY_001663,2,LIVE_EPIC,66,18,10,0,TRUE,2016
KT_2023_PLY_001663_LN,PLY_001663,1,LIVE_NORMAL,61,12,10,0,TRUE,2023
KT_2019_PLY_001663_LN,PLY_001663,1,LIVE_NORMAL,60,12,10,0,TRUE,2019
KT_2013_PLY_001663_GG,PLY_001663,7,GOLDEN_GLOVE,86,35,10,10,FALSE,2013
KT_2006_PLY_001663_EPIC,PLY_001663,2,LIVE_EPIC,72,18,10,0,TRUE,2006
KT_1991_PLY_001664_LN,PLY_001664,1,LIVE_NORMAL,64,12,10,0,TRUE,1991
KT_1995_PLY_001664_EPIC,PLY_001664,2,LIVE_EPIC,74,18,10,0,TRUE,1995
KT_2008_PLY_001664_SIG,PLY_001664,6,SIGNATURE,89,40,10,10,FALSE,2008
KT_2008_PLY_001664_AS,PLY_001664,3,ALLSTAR,83,24,10,10,TRUE,2008
KT_1998_PLY_001664_AS,PLY_001664,3,ALLSTAR,81,24,10,10,TRUE,1998
KT_1992_PLY_001665_LN,PLY_001665,1,LIVE_NORMAL,56,12,10,0,TRUE,1992
KT_1993_PLY_001665_LN,PLY_001665,1,LIVE_NORMAL,56,12,10,0,TRUE,1993
KT_1997_PLY_001666_EPIC,PLY_001666,2,LIVE_EPIC,71,18,10,0,TRUE,1997
KT_2009_PLY_001666_SIG,PLY_001666,6,SIGNATURE,89,40,10,10,FALSE,2009
KT_1996_PLY_001666_GG,PLY_001666,7,GOLDEN_GLOVE,88,35,10,10,FALSE,1996
KT_2005_PLY_001666_AS,PLY_001666,3,ALLSTAR,77,24,10,10,TRUE,2005
KT_2009_PLY_001666_GG,PLY_001666,7,GOLDEN_GLOVE,84,35,10,10,FALSE,2009
KT_2001_PLY_001666_AS,PLY_001666,3,ALLSTAR,82,24,10,10,TRUE,2001
KT_1995_PLY_001666_SIG,PLY_001666,6,SIGNATURE,92,40,10,10,FALSE,1995
KT_2006_PLY_001666_AS,PLY_001666,3,ALLSTAR,81,24,10,10,TRUE,2006
KT_2007_PLY_001666_EPIC,PLY_001666,2,LIVE_EPIC,75,18,10,0,TRUE,2007
KT_1997_PLY_001667_EPIC,PLY_001667,2,LIVE_EPIC,73,18,10,0,TRUE,1997
KT_1996_PLY_001667_LN,PLY_001667,1,LIVE_NORMAL,59,12,10,0,TRUE,1996
KT_1994_PLY_001667_LN,PLY_001667,1,LIVE_NORMAL,64,12,10,0,TRUE,1994
KT_1998_PLY_001667_TH,PLY_001667,4,TITLE_HOLDER,84,30,10,10,FALSE,1998
KT_2013_PLY_001668_EPIC,PLY_001668,2,LIVE_EPIC,73,18,10,0,TRUE,2013
KT_2009_PLY_001668_TH,PLY_001668,4,TITLE_HOLDER,84,30,10,10,FALSE,2009
KT_2010_PLY_001668_LN,PLY_001668,1,LIVE_NORMAL,68,12,10,0,TRUE,2010
KT_1999_PLY_001668_AS,PLY_001668,3,ALLSTAR,75,24,10,10,TRUE,1999
KT_2010_PLY_001668_AS,PLY_001668,3,ALLSTAR,77,24,10,10,TRUE,2010
KT_2005_PLY_001668_EPIC,PLY_001668,2,LIVE_EPIC,69,18,10,0,TRUE,2005
KT_2016_PLY_001668_LN,PLY_001668,1,LIVE_NORMAL,57,12,10,0,TRUE,2016
KT_2004_PLY_001668_LN,PLY_001668,1,LIVE_NORMAL,63,12,10,0,TRUE,2004
KT_2010_PLY_001668_GG,PLY_001668,7,GOLDEN_GLOVE,89,35,10,10,FALSE,2010
KT_2008_PLY_001668_LN,PLY_001668,1,LIVE_NORMAL,57,12,10,0,TRUE,2008
KT_2007_PLY_001668_EPIC,PLY_001668,2,LIVE_EPIC,70,18,10,0,TRUE,2007
KT_2013_PLY_001668_LN,PLY_001668,1,LIVE_NORMAL,67,12,10,0,TRUE,2013
KT_2021_PLY_001669_LN,PLY_001669,1,LIVE_NORMAL,62,12,10,0,TRUE,2021
KT_2023_PLY_001669_LN,PLY_001669,1,LIVE_NORMAL,58,12,10,0,TRUE,2023
KT_2026_PLY_001669_GG,PLY_001669,7,GOLDEN_GLOVE,84,35,10,10,FALSE,2026
KT_2017_PLY_001670_EPIC,PLY_001670,2,LIVE_EPIC,70,18,10,0,TRUE,2017
KT_2026_PLY_001670_AS,PLY_001670,3,ALLSTAR,75,24,10,10,TRUE,2026
KT_2018_PLY_001670_EPIC,PLY_001670,2,LIVE_EPIC,67,18,10,0,TRUE,2018
KT_2026_PLY_001670_EPIC,PLY_001670,2,LIVE_EPIC,75,18,10,0,TRUE,2026
KT_2019_PLY_001670_EPIC,PLY_001670,2,LIVE_EPIC,69,18,10,0,TRUE,2019
KT_2018_PLY_001671_LN,PLY_001671,1,LIVE_NORMAL,61,12,10,0,TRUE,2018
KT_2019_PLY_001671_LN,PLY_001671,1,LIVE_NORMAL,66,12,10,0,TRUE,2019
KT_2021_PLY_001672_AS,PLY_001672,3,ALLSTAR,75,24,10,10,TRUE,2021
KT_2023_PLY_001672_LN,PLY_001672,1,LIVE_NORMAL,59,12,10,0,TRUE,2023
KT_2025_PLY_001672_LN,PLY_001672,1,LIVE_NORMAL,63,12,10,0,TRUE,2025
KT_2024_PLY_001672_EPIC,PLY_001672,2,LIVE_EPIC,71,18,10,0,TRUE,2024
KT_2026_PLY_001672_LN,PLY_001672,1,LIVE_NORMAL,68,12,10,0,TRUE,2026
KT_2026_PLY_001672_EPIC,PLY_001672,2,LIVE_EPIC,66,18,10,0,TRUE,2026
KT_1994_PLY_001673_EPIC,PLY_001673,2,LIVE_EPIC,76,18,10,0,TRUE,1994
KT_1993_PLY_001673_AS,PLY_001673,3,ALLSTAR,83,24,10,10,TRUE,1993
KT_1995_PLY_001673_AS,PLY_001673,3,ALLSTAR,78,24,10,10,TRUE,1995
KT_1998_PLY_001674_EPIC,PLY_001674,2,LIVE_EPIC,75,18,10,0,TRUE,1998
KT_2000_PLY_001674_AS,PLY_001674,3,ALLSTAR,74,24,10,10,TRUE,2000
KT_2013_PLY_001675_AS,PLY_001675,3,ALLSTAR,78,24,10,10,TRUE,2013
KT_2009_PLY_001675_AS,PLY_001675,3,ALLSTAR,79,24,10,10,TRUE,2009
KT_2008_PLY_001675_EPIC,PLY_001675,2,LIVE_EPIC,74,18,10,0,TRUE,2008
KT_2010_PLY_001675_LN,PLY_001675,1,LIVE_NORMAL,64,12,10,0,TRUE,2010
KT_2013_PLY_001675_LN,PLY_001675,1,LIVE_NORMAL,58,12,10,0,TRUE,2013
KT_2016_PLY_001675_LN,PLY_001675,1,LIVE_NORMAL,59,12,10,0,TRUE,2016
KT_2013_PLY_001676_AS,PLY_001676,3,ALLSTAR,76,24,10,10,TRUE,2013
KT_2014_PLY_001676_LN,PLY_001676,1,LIVE_NORMAL,68,12,10,0,TRUE,2014
KT_2016_PLY_001676_GG,PLY_001676,7,GOLDEN_GLOVE,83,35,10,10,FALSE,2016
KT_2016_PLY_001676_EPIC,PLY_001676,2,LIVE_EPIC,66,18,10,0,TRUE,2016
KT_2017_PLY_001676_LN,PLY_001676,1,LIVE_NORMAL,67,12,10,0,TRUE,2017
KT_2016_PLY_001676_TH,PLY_001676,4,TITLE_HOLDER,80,30,10,10,FALSE,2016
KT_2013_PLY_001676_EPIC,PLY_001676,2,LIVE_EPIC,70,18,10,0,TRUE,2013
KT_2015_PLY_001676_EPIC,PLY_001676,2,LIVE_EPIC,75,18,10,0,TRUE,2015
KT_2008_PLY_001677_LN,PLY_001677,1,LIVE_NORMAL,68,12,10,0,TRUE,2008
KT_2007_PLY_001677_LN,PLY_001677,1,LIVE_NORMAL,60,12,10,0,TRUE,2007
KT_2003_PLY_001677_LN,PLY_001677,1,LIVE_NORMAL,56,12,10,0,TRUE,2003
KT_2004_PLY_001677_GG,PLY_001677,7,GOLDEN_GLOVE,88,35,10,10,FALSE,2004
KT_2005_PLY_001677_LN,PLY_001677,1,LIVE_NORMAL,61,12,10,0,TRUE,2005
KT_2003_PLY_001677_EPIC,PLY_001677,2,LIVE_EPIC,69,18,10,0,TRUE,2003
KT_2004_PLY_001677_LN,PLY_001677,1,LIVE_NORMAL,65,12,10,0,TRUE,2004
KT_2016_PLY_001678_AS,PLY_001678,3,ALLSTAR,81,24,10,10,TRUE,2016
KT_2016_PLY_001678_EPIC,PLY_001678,2,LIVE_EPIC,71,18,10,0,TRUE,2016
KT_2021_PLY_001678_AS,PLY_001678,3,ALLSTAR,81,24,10,10,TRUE,2021
KT_2022_PLY_001678_EPIC,PLY_001678,2,LIVE_EPIC,75,18,10,0,TRUE,2022
KT_2009_PLY_001678_AS,PLY_001678,3,ALLSTAR,76,24,10,10,TRUE,2009
KT_2012_PLY_001679_LN,PLY_001679,1,LIVE_NORMAL,55,12,10,0,TRUE,2012
KT_2011_PLY_001679_EPIC,PLY_001679,2,LIVE_EPIC,68,18,10,0,TRUE,2011
KT_2007_PLY_001679_LN,PLY_001679,1,LIVE_NORMAL,66,12,10,0,TRUE,2007
KT_2015_PLY_001679_GG,PLY_001679,7,GOLDEN_GLOVE,83,35,10,10,FALSE,2015
KT_2014_PLY_001679_TH,PLY_001679,4,TITLE_HOLDER,81,30,10,10,FALSE,2014
KT_2012_PLY_001679_AS,PLY_001679,3,ALLSTAR,76,24,10,10,TRUE,2012
KT_2015_PLY_001679_LN,PLY_001679,1,LIVE_NORMAL,66,12,10,0,TRUE,2015
KT_2018_PLY_001680_AS,PLY_001680,3,ALLSTAR,82,24,10,10,TRUE,2018
KT_2015_PLY_001680_AS,PLY_001680,3,ALLSTAR,77,24,10,10,TRUE,2015
KT_2018_PLY_001680_GG,PLY_001680,7,GOLDEN_GLOVE,90,35,10,10,FALSE,2018
KT_1996_PLY_001681_EPIC,PLY_001681,2,LIVE_EPIC,71,18,10,0,TRUE,1996
KT_1997_PLY_001681_LN,PLY_001681,1,LIVE_NORMAL,61,12,10,0,TRUE,1997
KT_1997_PLY_001681_AS,PLY_001681,3,ALLSTAR,79,24,10,10,TRUE,1997
KT_1999_PLY_001681_EPIC,PLY_001681,2,LIVE_EPIC,68,18,10,0,TRUE,1999
KT_1995_PLY_001681_LN,PLY_001681,1,LIVE_NORMAL,55,12,10,0,TRUE,1995
KT_1999_PLY_001681_AS,PLY_001681,3,ALLSTAR,79,24,10,10,TRUE,1999
KT_2007_PLY_001681_AS,PLY_001681,3,ALLSTAR,77,24,10,10,TRUE,2007
KT_1994_PLY_001681_LN,PLY_001681,1,LIVE_NORMAL,65,12,10,0,TRUE,1994
KT_2007_PLY_001682_LN,PLY_001682,1,LIVE_NORMAL,64,12,10,0,TRUE,2007
KT_2005_PLY_001682_GG,PLY_001682,7,GOLDEN_GLOVE,84,35,10,10,FALSE,2005
KT_2007_PLY_001682_AS,PLY_001682,3,ALLSTAR,83,24,10,10,TRUE,2007
KT_2006_PLY_001682_LN,PLY_001682,1,LIVE_NORMAL,66,12,10,0,TRUE,2006
KT_2012_PLY_001683_TH,PLY_001683,4,TITLE_HOLDER,86,30,10,10,FALSE,2012
KT_2006_PLY_001683_GG,PLY_001683,7,GOLDEN_GLOVE,84,35,10,10,FALSE,2006
KT_2008_PLY_001683_TH,PLY_001683,4,TITLE_HOLDER,85,30,10,10,FALSE,2008
KT_2016_PLY_001683_EPIC,PLY_001683,2,LIVE_EPIC,75,18,10,0,TRUE,2016
KT_2008_PLY_001683_LN,PLY_001683,1,LIVE_NORMAL,57,12,10,0,TRUE,2008
KT_2016_PLY_001683_AS,PLY_001683,3,ALLSTAR,81,24,10,10,TRUE,2016
KT_2008_PLY_001684_TH,PLY_001684,4,TITLE_HOLDER,85,30,10,10,FALSE,2008
KT_2013_PLY_001684_TH,PLY_001684,4,TITLE_HOLDER,81,30,10,10,FALSE,2013
KT_2011_PLY_001684_GG,PLY_001684,7,GOLDEN_GLOVE,90,35,10,10,FALSE,2011
KT_2008_PLY_001684_EPIC,PLY_001684,2,LIVE_EPIC,68,18,10,0,TRUE,2008
KT_2008_PLY_001684_LN,PLY_001684,1,LIVE_NORMAL,59,12,10,0,TRUE,2008
KT_2014_PLY_001684_LN,PLY_001684,1,LIVE_NORMAL,58,12,10,0,TRUE,2014
KT_2013_PLY_001684_EPIC,PLY_001684,2,LIVE_EPIC,71,18,10,0,TRUE,2013
KT_2009_PLY_001684_EPIC,PLY_001684,2,LIVE_EPIC,73,18,10,0,TRUE,2009
KT_2011_PLY_001684_LN,PLY_001684,1,LIVE_NORMAL,61,12,10,0,TRUE,2011
KT_2000_PLY_001685_LN,PLY_001685,1,LIVE_NORMAL,61,12,10,0,TRUE,2000
KT_2007_PLY_001685_GG,PLY_001685,7,GOLDEN_GLOVE,86,35,10,10,FALSE,2007
KT_2017_PLY_001686_EPIC,PLY_001686,2,LIVE_EPIC,74,18,10,0,TRUE,2017
KT_2022_PLY_001686_EPIC,PLY_001686,2,LIVE_EPIC,74,18,10,0,TRUE,2022
KT_1994_PLY_001687_AS,PLY_001687,3,ALLSTAR,79,24,10,10,TRUE,1994
KT_1998_PLY_001687_LN,PLY_001687,1,LIVE_NORMAL,57,12,10,0,TRUE,1998
KT_1994_PLY_001687_LN,PLY_001687,1,LIVE_NORMAL,68,12,10,0,TRUE,1994
KT_2000_PLY_001687_LN,PLY_001687,1,LIVE_NORMAL,60,12,10,0,TRUE,2000
KT_2001_PLY_001687_AS,PLY_001687,3,ALLSTAR,74,24,10,10,TRUE,2001
KT_1995_PLY_001687_AS,PLY_001687,3,ALLSTAR,77,24,10,10,TRUE,1995
KT_2001_PLY_001687_LN,PLY_001687,1,LIVE_NORMAL,66,12,10,0,TRUE,2001
KT_2018_PLY_001688_AS,PLY_001688,3,ALLSTAR,78,24,10,10,TRUE,2018
KT_2019_PLY_001688_LN,PLY_001688,1,LIVE_NORMAL,56,12,10,0,TRUE,2019
KT_2016_PLY_001688_TH,PLY_001688,4,TITLE_HOLDER,84,30,10,10,FALSE,2016
KT_2018_PLY_001688_LN,PLY_001688,1,LIVE_NORMAL,60,12,10,0,TRUE,2018
KT_2025_PLY_001688_EPIC,PLY_001688,2,LIVE_EPIC,65,18,10,0,TRUE,2025
KT_2016_PLY_001688_AS,PLY_001688,3,ALLSTAR,75,24,10,10,TRUE,2016
KT_2021_PLY_001688_LN,PLY_001688,1,LIVE_NORMAL,63,12,10,0,TRUE,2021
KT_2016_PLY_001688_LN,PLY_001688,1,LIVE_NORMAL,67,12,10,0,TRUE,2016
KT_2024_PLY_001688_EPIC,PLY_001688,2,LIVE_EPIC,72,18,10,0,TRUE,2024
KT_2025_PLY_001688_LN,PLY_001688,1,LIVE_NORMAL,63,12,10,0,TRUE,2025
KT_2021_PLY_001688_EPIC,PLY_001688,2,LIVE_EPIC,72,18,10,0,TRUE,2021
KT_2015_PLY_001689_TH,PLY_001689,4,TITLE_HOLDER,83,30,10,10,FALSE,2015
KT_2018_PLY_001689_EPIC,PLY_001689,2,LIVE_EPIC,76,18,10,0,TRUE,2018
KT_2021_PLY_001689_AS,PLY_001689,3,ALLSTAR,82,24,10,10,TRUE,2021
KT_2016_PLY_001689_SIG,PLY_001689,6,SIGNATURE,93,40,10,10,FALSE,2016
KT_2014_PLY_001689_EPIC,PLY_001689,2,LIVE_EPIC,67,18,10,0,TRUE,2014
KT_2024_PLY_001690_TH,PLY_001690,4,TITLE_HOLDER,81,30,10,10,FALSE,2024
KT_2017_PLY_001690_EPIC,PLY_001690,2,LIVE_EPIC,74,18,10,0,TRUE,2017
KT_2022_PLY_001690_EPIC,PLY_001690,2,LIVE_EPIC,73,18,10,0,TRUE,2022
KT_2018_PLY_001690_LN,PLY_001690,1,LIVE_NORMAL,65,12,10,0,TRUE,2018
KT_2015_PLY_001690_LN,PLY_001690,1,LIVE_NORMAL,56,12,10,0,TRUE,2015
KT_2019_PLY_001690_EPIC,PLY_001690,2,LIVE_EPIC,65,18,10,0,TRUE,2019
KT_2019_PLY_001690_AS,PLY_001690,3,ALLSTAR,76,24,10,10,TRUE,2019
KT_2018_PLY_001690_EPIC,PLY_001690,2,LIVE_EPIC,73,18,10,0,TRUE,2018
KT_2022_PLY_001690_AS,PLY_001690,3,ALLSTAR,76,24,10,10,TRUE,2022
KT_1987_PLY_001691_AS,PLY_001691,3,ALLSTAR,81,24,10,10,TRUE,1987
KT_1990_PLY_001691_TH,PLY_001691,4,TITLE_HOLDER,86,30,10,10,FALSE,1990
KT_1989_PLY_001691_LN,PLY_001691,1,LIVE_NORMAL,55,12,10,0,TRUE,1989
KT_1991_PLY_001691_GG,PLY_001691,7,GOLDEN_GLOVE,88,35,10,10,FALSE,1991
KT_1987_PLY_001691_EPIC,PLY_001691,2,LIVE_EPIC,65,18,10,0,TRUE,1987
KT_1990_PLY_001691_EPIC,PLY_001691,2,LIVE_EPIC,72,18,10,0,TRUE,1990
KT_1992_PLY_001691_LN,PLY_001691,1,LIVE_NORMAL,68,12,10,0,TRUE,1992
KT_2020_PLY_001692_TH,PLY_001692,4,TITLE_HOLDER,85,30,10,10,FALSE,2020
KT_2021_PLY_001692_LN,PLY_001692,1,LIVE_NORMAL,55,12,10,0,TRUE,2021
KT_2022_PLY_001692_LN,PLY_001692,1,LIVE_NORMAL,56,12,10,0,TRUE,2022
KT_2022_PLY_001692_EPIC,PLY_001692,2,LIVE_EPIC,76,18,10,0,TRUE,2022
KT_2025_PLY_001692_SIG,PLY_001692,6,SIGNATURE,90,40,10,10,FALSE,2025
KT_2024_PLY_001692_EPIC,PLY_001692,2,LIVE_EPIC,69,18,10,0,TRUE,2024
KT_2023_PLY_001692_LN,PLY_001692,1,LIVE_NORMAL,67,12,10,0,TRUE,2023
KT_2022_PLY_001692_GG,PLY_001692,7,GOLDEN_GLOVE,86,35,10,10,FALSE,2022
KT_2026_PLY_001692_LN,PLY_001692,1,LIVE_NORMAL,61,12,10,0,TRUE,2026
KT_1997_PLY_001693_SIG,PLY_001693,6,SIGNATURE,92,40,10,10,FALSE,1997
KT_2005_PLY_001693_TH,PLY_001693,4,TITLE_HOLDER,84,30,10,10,FALSE,2005
KT_2001_PLY_001693_EPIC,PLY_001693,2,LIVE_EPIC,73,18,10,0,TRUE,2001
KT_2005_PLY_001693_EPIC,PLY_001693,2,LIVE_EPIC,65,18,10,0,TRUE,2005
KT_2016_PLY_001694_EPIC,PLY_001694,2,LIVE_EPIC,75,18,10,0,TRUE,2016
KT_2020_PLY_001694_SIG,PLY_001694,6,SIGNATURE,92,40,10,10,FALSE,2020
KT_2017_PLY_001694_EPIC,PLY_001694,2,LIVE_EPIC,67,18,10,0,TRUE,2017
KT_2015_PLY_001694_SIG,PLY_001694,6,SIGNATURE,87,40,10,10,FALSE,2015
KT_2015_PLY_001694_TH,PLY_001694,4,TITLE_HOLDER,86,30,10,10,FALSE,2015
KT_2020_PLY_001694_EPIC,PLY_001694,2,LIVE_EPIC,75,18,10,0,TRUE,2020
KT_2017_PLY_001694_AS,PLY_001694,3,ALLSTAR,78,24,10,10,TRUE,2017
KT_2022_PLY_001694_AS,PLY_001694,3,ALLSTAR,83,24,10,10,TRUE,2022
KT_2019_PLY_001694_SIG,PLY_001694,6,SIGNATURE,88,40,10,10,FALSE,2019
KT_2022_PLY_001694_LN,PLY_001694,1,LIVE_NORMAL,68,12,10,0,TRUE,2022
KT_2017_PLY_001694_LN,PLY_001694,1,LIVE_NORMAL,68,12,10,0,TRUE,2017
KT_2004_PLY_001695_LN,PLY_001695,1,LIVE_NORMAL,68,12,10,0,TRUE,2004
KT_2005_PLY_001695_AS,PLY_001695,3,ALLSTAR,75,24,10,10,TRUE,2005
KT_2008_PLY_001695_TH,PLY_001695,4,TITLE_HOLDER,87,30,10,10,FALSE,2008
KT_2008_PLY_001695_LN,PLY_001695,1,LIVE_NORMAL,64,12,10,0,TRUE,2008
KT_2006_PLY_001695_EPIC,PLY_001695,2,LIVE_EPIC,74,18,10,0,TRUE,2006
KT_2011_PLY_001695_GG,PLY_001695,7,GOLDEN_GLOVE,83,35,10,10,FALSE,2011
KT_2009_PLY_001695_LN,PLY_001695,1,LIVE_NORMAL,56,12,10,0,TRUE,2009
KT_2013_PLY_001695_EPIC,PLY_001695,2,LIVE_EPIC,72,18,10,0,TRUE,2013
KT_2011_PLY_001695_EPIC,PLY_001695,2,LIVE_EPIC,68,18,10,0,TRUE,2011
KT_2005_PLY_001695_LN,PLY_001695,1,LIVE_NORMAL,56,12,10,0,TRUE,2005
KT_2002_PLY_001696_LN,PLY_001696,1,LIVE_NORMAL,57,12,10,0,TRUE,2002
KT_2000_PLY_001696_LN,PLY_001696,1,LIVE_NORMAL,59,12,10,0,TRUE,2000
KT_2002_PLY_001696_EPIC,PLY_001696,2,LIVE_EPIC,69,18,10,0,TRUE,2002
KT_2020_PLY_001697_TH,PLY_001697,4,TITLE_HOLDER,86,30,10,10,FALSE,2020
KT_2016_PLY_001697_AS,PLY_001697,3,ALLSTAR,77,24,10,10,TRUE,2016
KT_2014_PLY_001697_GG,PLY_001697,7,GOLDEN_GLOVE,88,35,10,10,FALSE,2014
KT_2024_PLY_001697_LN,PLY_001697,1,LIVE_NORMAL,57,12,10,0,TRUE,2024
KT_2022_PLY_001697_LN,PLY_001697,1,LIVE_NORMAL,62,12,10,0,TRUE,2022
KT_2022_PLY_001697_EPIC,PLY_001697,2,LIVE_EPIC,68,18,10,0,TRUE,2022
KT_2015_PLY_001697_LN,PLY_001697,1,LIVE_NORMAL,65,12,10,0,TRUE,2015
KT_2014_PLY_001697_EPIC,PLY_001697,2,LIVE_EPIC,65,18,10,0,TRUE,2014
KT_1989_PLY_001698_EPIC,PLY_001698,2,LIVE_EPIC,75,18,10,0,TRUE,1989
KT_1988_PLY_001698_EPIC,PLY_001698,2,LIVE_EPIC,65,18,10,0,TRUE,1988
KT_2025_PLY_001699_SIG,PLY_001699,6,SIGNATURE,93,40,10,10,FALSE,2025
KT_2022_PLY_001699_TH,PLY_001699,4,TITLE_HOLDER,84,30,10,10,FALSE,2022
KT_2026_PLY_001699_LN,PLY_001699,1,LIVE_NORMAL,67,12,10,0,TRUE,2026
KT_2022_PLY_001699_AS,PLY_001699,3,ALLSTAR,74,24,10,10,TRUE,2022
KT_2024_PLY_001699_EPIC,PLY_001699,2,LIVE_EPIC,68,18,10,0,TRUE,2024
KT_2024_PLY_001699_LN,PLY_001699,1,LIVE_NORMAL,56,12,10,0,TRUE,2024
KT_2023_PLY_001699_AS,PLY_001699,3,ALLSTAR,83,24,10,10,TRUE,2023
KT_2026_PLY_001699_EPIC,PLY_001699,2,LIVE_EPIC,67,18,10,0,TRUE,2026
KT_2025_PLY_001699_EPIC,PLY_001699,2,LIVE_EPIC,75,18,10,0,TRUE,2025
KT_1995_PLY_001700_AS,PLY_001700,3,ALLSTAR,80,24,10,10,TRUE,1995
KT_1994_PLY_001700_LN,PLY_001700,1,LIVE_NORMAL,59,12,10,0,TRUE,1994
KT_1997_PLY_001700_EPIC,PLY_001700,2,LIVE_EPIC,71,18,10,0,TRUE,1997
KT_1999_PLY_001700_AS,PLY_001700,3,ALLSTAR,77,24,10,10,TRUE,1999
KT_1996_PLY_001700_EPIC,PLY_001700,2,LIVE_EPIC,68,18,10,0,TRUE,1996
KT_1999_PLY_001700_LN,PLY_001700,1,LIVE_NORMAL,57,12,10,0,TRUE,1999
KT_2000_PLY_001700_TH,PLY_001700,4,TITLE_HOLDER,82,30,10,10,FALSE,2000
KT_2006_PLY_001701_LN,PLY_001701,1,LIVE_NORMAL,56,12,10,0,TRUE,2006
KT_2007_PLY_001701_LN,PLY_001701,1,LIVE_NORMAL,58,12,10,0,TRUE,2007
KT_1995_PLY_001701_LN,PLY_001701,1,LIVE_NORMAL,56,12,10,0,TRUE,1995
KT_2009_PLY_001701_AS,PLY_001701,3,ALLSTAR,79,24,10,10,TRUE,2009
KT_1999_PLY_001701_EPIC,PLY_001701,2,LIVE_EPIC,76,18,10,0,TRUE,1999
KT_1994_PLY_001701_EPIC,PLY_001701,2,LIVE_EPIC,70,18,10,0,TRUE,1994
KT_1993_PLY_001701_LN,PLY_001701,1,LIVE_NORMAL,68,12,10,0,TRUE,1993
KT_2002_PLY_001701_EPIC,PLY_001701,2,LIVE_EPIC,76,18,10,0,TRUE,2002
KT_1998_PLY_001701_GG,PLY_001701,7,GOLDEN_GLOVE,87,35,10,10,FALSE,1998
KT_1991_PLY_001702_LN,PLY_001702,1,LIVE_NORMAL,66,12,10,0,TRUE,1991
KT_1995_PLY_001702_SIG,PLY_001702,6,SIGNATURE,91,40,10,10,FALSE,1995
KT_1995_PLY_001702_EPIC,PLY_001702,2,LIVE_EPIC,68,18,10,0,TRUE,1995
KT_1993_PLY_001702_TH,PLY_001702,4,TITLE_HOLDER,83,30,10,10,FALSE,1993
KT_1995_PLY_001702_LN,PLY_001702,1,LIVE_NORMAL,66,12,10,0,TRUE,1995
KT_1994_PLY_001702_LN,PLY_001702,1,LIVE_NORMAL,68,12,10,0,TRUE,1994
KT_1995_PLY_001702_GG,PLY_001702,7,GOLDEN_GLOVE,85,35,10,10,FALSE,1995
KT_1990_PLY_001702_LN,PLY_001702,1,LIVE_NORMAL,61,12,10,0,TRUE,1990
KT_2017_PLY_001703_SIG,PLY_001703,6,SIGNATURE,94,40,10,10,FALSE,2017
KT_2017_PLY_001703_AS,PLY_001703,3,ALLSTAR,82,24,10,10,TRUE,2017
KT_2015_PLY_001703_EPIC,PLY_001703,2,LIVE_EPIC,68,18,10,0,TRUE,2015
KT_2012_PLY_001703_LN,PLY_001703,1,LIVE_NORMAL,62,12,10,0,TRUE,2012
KT_2014_PLY_001703_LN,PLY_001703,1,LIVE_NORMAL,58,12,10,0,TRUE,2014
KT_2009_PLY_001703_LN,PLY_001703,1,LIVE_NORMAL,64,12,10,0,TRUE,2009
KT_2011_PLY_001703_LN,PLY_001703,1,LIVE_NORMAL,56,12,10,0,TRUE,2011
KT_2005_PLY_001704_LN,PLY_001704,1,LIVE_NORMAL,67,12,10,0,TRUE,2005
KT_2008_PLY_001704_AS,PLY_001704,3,ALLSTAR,76,24,10,10,TRUE,2008
KT_2008_PLY_001704_LN,PLY_001704,1,LIVE_NORMAL,62,12,10,0,TRUE,2008
KT_2008_PLY_001704_TH,PLY_001704,4,TITLE_HOLDER,84,30,10,10,FALSE,2008
KT_2007_PLY_001704_EPIC,PLY_001704,2,LIVE_EPIC,74,18,10,0,TRUE,2007
KT_2006_PLY_001704_SIG,PLY_001704,6,SIGNATURE,93,40,10,10,FALSE,2006
KT_2008_PLY_001705_LN,PLY_001705,1,LIVE_NORMAL,61,12,10,0,TRUE,2008
KT_2013_PLY_001705_EPIC,PLY_001705,2,LIVE_EPIC,69,18,10,0,TRUE,2013
KT_2002_PLY_001705_LN,PLY_001705,1,LIVE_NORMAL,64,12,10,0,TRUE,2002
KT_2006_PLY_001705_GG,PLY_001705,7,GOLDEN_GLOVE,84,35,10,10,FALSE,2006
KT_2011_PLY_001705_AS,PLY_001705,3,ALLSTAR,76,24,10,10,TRUE,2011
KT_2002_PLY_001705_TH,PLY_001705,4,TITLE_HOLDER,80,30,10,10,FALSE,2002
KT_2019_PLY_001706_EPIC,PLY_001706,2,LIVE_EPIC,65,18,10,0,TRUE,2019
KT_2015_PLY_001706_EPIC,PLY_001706,2,LIVE_EPIC,75,18,10,0,TRUE,2015
KT_2024_PLY_001707_LN,PLY_001707,1,LIVE_NORMAL,59,12,10,0,TRUE,2024
KT_2025_PLY_001707_TH,PLY_001707,4,TITLE_HOLDER,83,30,10,10,FALSE,2025
KT_2026_PLY_001707_AS,PLY_001707,3,ALLSTAR,82,24,10,10,TRUE,2026
KT_2025_PLY_001707_EPIC,PLY_001707,2,LIVE_EPIC,68,18,10,0,TRUE,2025
KT_2025_PLY_001707_LN,PLY_001707,1,LIVE_NORMAL,61,12,10,0,TRUE,2025
KT_2023_PLY_001707_AS,PLY_001707,3,ALLSTAR,77,24,10,10,TRUE,2023
KT_2023_PLY_001707_SIG,PLY_001707,6,SIGNATURE,91,40,10,10,FALSE,2023
KT_2024_PLY_001707_AS,PLY_001707,3,ALLSTAR,83,24,10,10,TRUE,2024
KT_2024_PLY_001707_EPIC,PLY_001707,2,LIVE_EPIC,67,18,10,0,TRUE,2024
KT_2023_PLY_001707_EPIC,PLY_001707,2,LIVE_EPIC,65,18,10,0,TRUE,2023
KT_1993_PLY_001708_EPIC,PLY_001708,2,LIVE_EPIC,76,18,10,0,TRUE,1993
KT_1990_PLY_001708_EPIC,PLY_001708,2,LIVE_EPIC,72,18,10,0,TRUE,1990
KT_1992_PLY_001708_LN,PLY_001708,1,LIVE_NORMAL,68,12,10,0,TRUE,1992
KT_1995_PLY_001708_LN,PLY_001708,1,LIVE_NORMAL,61,12,10,0,TRUE,1995
KT_1990_PLY_001708_AS,PLY_001708,3,ALLSTAR,77,24,10,10,TRUE,1990
KT_1990_PLY_001708_GG,PLY_001708,7,GOLDEN_GLOVE,88,35,10,10,FALSE,1990
KT_1990_PLY_001708_SIG,PLY_001708,6,SIGNATURE,91,40,10,10,FALSE,1990
KT_1995_PLY_001708_GG,PLY_001708,7,GOLDEN_GLOVE,87,35,10,10,FALSE,1995
KT_2012_PLY_001709_AS,PLY_001709,3,ALLSTAR,78,24,10,10,TRUE,2012
KT_2025_PLY_001709_AS,PLY_001709,3,ALLSTAR,82,24,10,10,TRUE,2025
KT_2021_PLY_001709_GG,PLY_001709,7,GOLDEN_GLOVE,84,35,10,10,FALSE,2021
KT_2010_PLY_001710_LN,PLY_001710,1,LIVE_NORMAL,59,12,10,0,TRUE,2010
KT_2016_PLY_001710_LN,PLY_001710,1,LIVE_NORMAL,57,12,10,0,TRUE,2016
KT_2009_PLY_001710_LN,PLY_001710,1,LIVE_NORMAL,60,12,10,0,TRUE,2009
KT_2011_PLY_001710_EPIC,PLY_001710,2,LIVE_EPIC,74,18,10,0,TRUE,2011
KT_2016_PLY_001710_EPIC,PLY_001710,2,LIVE_EPIC,71,18,10,0,TRUE,2016
KT_2018_PLY_001710_TH,PLY_001710,4,TITLE_HOLDER,81,30,10,10,FALSE,2018
KT_2000_PLY_001711_AS,PLY_001711,3,ALLSTAR,82,24,10,10,TRUE,2000
KT_2002_PLY_001711_LN,PLY_001711,1,LIVE_NORMAL,68,12,10,0,TRUE,2002
KT_2001_PLY_001711_EPIC,PLY_001711,2,LIVE_EPIC,69,18,10,0,TRUE,2001
KT_1999_PLY_001711_TH,PLY_001711,4,TITLE_HOLDER,86,30,10,10,FALSE,1999
KT_2007_PLY_001712_LN,PLY_001712,1,LIVE_NORMAL,56,12,10,0,TRUE,2007
KT_2010_PLY_001712_AS,PLY_001712,3,ALLSTAR,79,24,10,10,TRUE,2010
KT_2009_PLY_001712_LN,PLY_001712,1,LIVE_NORMAL,67,12,10,0,TRUE,2009
KT_2007_PLY_001712_EPIC,PLY_001712,2,LIVE_EPIC,65,18,10,0,TRUE,2007
KT_2008_PLY_001712_GG,PLY_001712,7,GOLDEN_GLOVE,85,35,10,10,FALSE,2008
KT_2006_PLY_001712_EPIC,PLY_001712,2,LIVE_EPIC,74,18,10,0,TRUE,2006
KT_2009_PLY_001712_EPIC,PLY_001712,2,LIVE_EPIC,69,18,10,0,TRUE,2009
KT_2003_PLY_001712_AS,PLY_001712,3,ALLSTAR,75,24,10,10,TRUE,2003
KT_2002_PLY_001713_AS,PLY_001713,3,ALLSTAR,76,24,10,10,TRUE,2002
KT_1994_PLY_001713_TH,PLY_001713,4,TITLE_HOLDER,85,30,10,10,FALSE,1994
KT_2001_PLY_001713_GG,PLY_001713,7,GOLDEN_GLOVE,83,35,10,10,FALSE,2001
KT_2022_PLY_001714_EPIC,PLY_001714,2,LIVE_EPIC,68,18,10,0,TRUE,2022
KT_2019_PLY_001714_LN,PLY_001714,1,LIVE_NORMAL,66,12,10,0,TRUE,2019
KT_2017_PLY_001714_EPIC,PLY_001714,2,LIVE_EPIC,68,18,10,0,TRUE,2017
KT_1995_PLY_001715_LN,PLY_001715,1,LIVE_NORMAL,60,12,10,0,TRUE,1995
KT_2006_PLY_001715_TH,PLY_001715,4,TITLE_HOLDER,86,30,10,10,FALSE,2006
KT_2004_PLY_001715_GG,PLY_001715,7,GOLDEN_GLOVE,88,35,10,10,FALSE,2004
KT_1999_PLY_001715_AS,PLY_001715,3,ALLSTAR,78,24,10,10,TRUE,1999
KT_2002_PLY_001715_LN,PLY_001715,1,LIVE_NORMAL,60,12,10,0,TRUE,2002
KT_1999_PLY_001715_LN,PLY_001715,1,LIVE_NORMAL,65,12,10,0,TRUE,1999
KT_2000_PLY_001715_TH,PLY_001715,4,TITLE_HOLDER,83,30,10,10,FALSE,2000
KT_2006_PLY_001715_EPIC,PLY_001715,2,LIVE_EPIC,70,18,10,0,TRUE,2006
KT_2000_PLY_001715_LN,PLY_001715,1,LIVE_NORMAL,64,12,10,0,TRUE,2000
KT_1999_PLY_001715_EPIC,PLY_001715,2,LIVE_EPIC,75,18,10,0,TRUE,1999
KT_2000_PLY_001716_LN,PLY_001716,1,LIVE_NORMAL,62,12,10,0,TRUE,2000
KT_1994_PLY_001716_LN,PLY_001716,1,LIVE_NORMAL,64,12,10,0,TRUE,1994
KT_2004_PLY_001716_EPIC,PLY_001716,2,LIVE_EPIC,74,18,10,0,TRUE,2004
KT_2001_PLY_001716_LN,PLY_001716,1,LIVE_NORMAL,65,12,10,0,TRUE,2001
KT_2006_PLY_001716_TH,PLY_001716,4,TITLE_HOLDER,86,30,10,10,FALSE,2006
KT_2009_PLY_001716_SIG,PLY_001716,6,SIGNATURE,88,40,10,10,FALSE,2009
KT_2004_PLY_001717_LN,PLY_001717,1,LIVE_NORMAL,64,12,10,0,TRUE,2004
KT_2007_PLY_001717_LN,PLY_001717,1,LIVE_NORMAL,63,12,10,0,TRUE,2007
KT_2007_PLY_001717_GG,PLY_001717,7,GOLDEN_GLOVE,86,35,10,10,FALSE,2007
KT_2006_PLY_001717_EPIC,PLY_001717,2,LIVE_EPIC,76,18,10,0,TRUE,2006
KT_2003_PLY_001717_LN,PLY_001717,1,LIVE_NORMAL,67,12,10,0,TRUE,2003
KT_2006_PLY_001717_LN,PLY_001717,1,LIVE_NORMAL,59,12,10,0,TRUE,2006
KT_2003_PLY_001717_AS,PLY_001717,3,ALLSTAR,78,24,10,10,TRUE,2003
KT_2005_PLY_001717_AS,PLY_001717,3,ALLSTAR,76,24,10,10,TRUE,2005
KT_2008_PLY_001717_EPIC,PLY_001717,2,LIVE_EPIC,75,18,10,0,TRUE,2008
KT_2023_PLY_001718_GG,PLY_001718,7,GOLDEN_GLOVE,83,35,10,10,FALSE,2023
KT_2017_PLY_001718_EPIC,PLY_001718,2,LIVE_EPIC,76,18,10,0,TRUE,2017
KT_2024_PLY_001718_AS,PLY_001718,3,ALLSTAR,79,24,10,10,TRUE,2024
KT_2010_PLY_001718_LN,PLY_001718,1,LIVE_NORMAL,62,12,10,0,TRUE,2010
KT_2017_PLY_001718_LN,PLY_001718,1,LIVE_NORMAL,60,12,10,0,TRUE,2017
KT_2015_PLY_001718_TH,PLY_001718,4,TITLE_HOLDER,82,30,10,10,FALSE,2015
KT_2010_PLY_001718_AS,PLY_001718,3,ALLSTAR,83,24,10,10,TRUE,2010
KT_2022_PLY_001718_LN,PLY_001718,1,LIVE_NORMAL,61,12,10,0,TRUE,2022
KT_1993_PLY_001719_LN,PLY_001719,1,LIVE_NORMAL,56,12,10,0,TRUE,1993
KT_1996_PLY_001719_AS,PLY_001719,3,ALLSTAR,75,24,10,10,TRUE,1996
KT_1993_PLY_001719_EPIC,PLY_001719,2,LIVE_EPIC,70,18,10,0,TRUE,1993
KT_1997_PLY_001719_GG,PLY_001719,7,GOLDEN_GLOVE,84,35,10,10,FALSE,1997
KT_1997_PLY_001719_AS,PLY_001719,3,ALLSTAR,75,24,10,10,TRUE,1997
KT_1997_PLY_001719_LN,PLY_001719,1,LIVE_NORMAL,59,12,10,0,TRUE,1997
KT_1996_PLY_001719_GG,PLY_001719,7,GOLDEN_GLOVE,84,35,10,10,FALSE,1996
KT_1995_PLY_001719_EPIC,PLY_001719,2,LIVE_EPIC,71,18,10,0,TRUE,1995
KT_1997_PLY_001719_EPIC,PLY_001719,2,LIVE_EPIC,76,18,10,0,TRUE,1997
KT_1996_PLY_001719_TH,PLY_001719,4,TITLE_HOLDER,84,30,10,10,FALSE,1996
KT_2002_PLY_001720_LN,PLY_001720,1,LIVE_NORMAL,59,12,10,0,TRUE,2002
KT_1998_PLY_001720_LN,PLY_001720,1,LIVE_NORMAL,64,12,10,0,TRUE,1998
KT_1996_PLY_001720_LN,PLY_001720,1,LIVE_NORMAL,66,12,10,0,TRUE,1996
KT_1997_PLY_001720_LN,PLY_001720,1,LIVE_NORMAL,64,12,10,0,TRUE,1997
KT_1998_PLY_001720_TH,PLY_001720,4,TITLE_HOLDER,83,30,10,10,FALSE,1998
KT_2000_PLY_001720_LN,PLY_001720,1,LIVE_NORMAL,56,12,10,0,TRUE,2000
KT_2000_PLY_001720_EPIC,PLY_001720,2,LIVE_EPIC,71,18,10,0,TRUE,2000
KT_2002_PLY_001720_EPIC,PLY_001720,2,LIVE_EPIC,65,18,10,0,TRUE,2002
KT_1997_PLY_001720_AS,PLY_001720,3,ALLSTAR,78,24,10,10,TRUE,1997
KT_2023_PLY_001721_EPIC,PLY_001721,2,LIVE_EPIC,73,18,10,0,TRUE,2023
KT_2025_PLY_001721_LN,PLY_001721,1,LIVE_NORMAL,56,12,10,0,TRUE,2025
KT_2020_PLY_001721_EPIC,PLY_001721,2,LIVE_EPIC,75,18,10,0,TRUE,2020
KT_2019_PLY_001721_EPIC,PLY_001721,2,LIVE_EPIC,71,18,10,0,TRUE,2019
KT_1997_PLY_001722_EPIC,PLY_001722,2,LIVE_EPIC,68,18,10,0,TRUE,1997
KT_1995_PLY_001722_LN,PLY_001722,1,LIVE_NORMAL,61,12,10,0,TRUE,1995
KT_2010_PLY_001723_AS,PLY_001723,3,ALLSTAR,77,24,10,10,TRUE,2010
KT_2012_PLY_001723_LN,PLY_001723,1,LIVE_NORMAL,56,12,10,0,TRUE,2012
KT_2011_PLY_001723_AS,PLY_001723,3,ALLSTAR,76,24,10,10,TRUE,2011
KT_2011_PLY_001723_EPIC,PLY_001723,2,LIVE_EPIC,65,18,10,0,TRUE,2011
KT_2012_PLY_001723_EPIC,PLY_001723,2,LIVE_EPIC,66,18,10,0,TRUE,2012
KT_2010_PLY_001723_EPIC,PLY_001723,2,LIVE_EPIC,74,18,10,0,TRUE,2010
KT_2011_PLY_001723_TH,PLY_001723,4,TITLE_HOLDER,86,30,10,10,FALSE,2011
KT_2009_PLY_001723_SIG,PLY_001723,6,SIGNATURE,87,40,10,10,FALSE,2009
KT_2012_PLY_001723_TH,PLY_001723,4,TITLE_HOLDER,85,30,10,10,FALSE,2012
KT_2021_PLY_001724_EPIC,PLY_001724,2,LIVE_EPIC,70,18,10,0,TRUE,2021
KT_2025_PLY_001724_LN,PLY_001724,1,LIVE_NORMAL,57,12,10,0,TRUE,2025
KT_2009_PLY_001725_TH,PLY_001725,4,TITLE_HOLDER,82,30,10,10,FALSE,2009
KT_2008_PLY_001725_LN,PLY_001725,1,LIVE_NORMAL,64,12,10,0,TRUE,2008
KT_2009_PLY_001725_EPIC,PLY_001725,2,LIVE_EPIC,75,18,10,0,TRUE,2009
KT_2018_PLY_001725_AS,PLY_001725,3,ALLSTAR,74,24,10,10,TRUE,2018
KT_2008_PLY_001725_TH,PLY_001725,4,TITLE_HOLDER,83,30,10,10,FALSE,2008
KT_2000_PLY_001725_TH,PLY_001725,4,TITLE_HOLDER,81,30,10,10,FALSE,2000
KT_2014_PLY_001726_LN,PLY_001726,1,LIVE_NORMAL,56,12,10,0,TRUE,2014
KT_2024_PLY_001726_EPIC,PLY_001726,2,LIVE_EPIC,76,18,10,0,TRUE,2024
KT_1990_PLY_001727_TH,PLY_001727,4,TITLE_HOLDER,82,30,10,10,FALSE,1990
KT_1990_PLY_001727_LN,PLY_001727,1,LIVE_NORMAL,68,12,10,0,TRUE,1990
KT_1993_PLY_001727_LN,PLY_001727,1,LIVE_NORMAL,62,12,10,0,TRUE,1993
KT_1996_PLY_001727_LN,PLY_001727,1,LIVE_NORMAL,61,12,10,0,TRUE,1996
KT_1990_PLY_001727_EPIC,PLY_001727,2,LIVE_EPIC,76,18,10,0,TRUE,1990
KT_2000_PLY_001727_EPIC,PLY_001727,2,LIVE_EPIC,71,18,10,0,TRUE,2000
KT_1993_PLY_001727_EPIC,PLY_001727,2,LIVE_EPIC,67,18,10,0,TRUE,1993
KT_2009_PLY_001728_LN,PLY_001728,1,LIVE_NORMAL,63,12,10,0,TRUE,2009
KT_2009_PLY_001728_AS,PLY_001728,3,ALLSTAR,81,24,10,10,TRUE,2009
KT_2010_PLY_001728_AS,PLY_001728,3,ALLSTAR,82,24,10,10,TRUE,2010
KT_2014_PLY_001728_EPIC,PLY_001728,2,LIVE_EPIC,65,18,10,0,TRUE,2014
KT_2013_PLY_001728_EPIC,PLY_001728,2,LIVE_EPIC,73,18,10,0,TRUE,2013
KT_2015_PLY_001728_LN,PLY_001728,1,LIVE_NORMAL,65,12,10,0,TRUE,2015
KT_2013_PLY_001728_LN,PLY_001728,1,LIVE_NORMAL,68,12,10,0,TRUE,2013
KT_2011_PLY_001728_EPIC,PLY_001728,2,LIVE_EPIC,71,18,10,0,TRUE,2011
KT_2003_PLY_001729_GG,PLY_001729,7,GOLDEN_GLOVE,86,35,10,10,FALSE,2003
KT_2002_PLY_001729_EPIC,PLY_001729,2,LIVE_EPIC,66,18,10,0,TRUE,2002
KT_1999_PLY_001730_EPIC,PLY_001730,2,LIVE_EPIC,73,18,10,0,TRUE,1999
KT_2014_PLY_001730_LN,PLY_001730,1,LIVE_NORMAL,68,12,10,0,TRUE,2014
KT_2004_PLY_001730_LN,PLY_001730,1,LIVE_NORMAL,62,12,10,0,TRUE,2004
KT_2011_PLY_001730_LN,PLY_001730,1,LIVE_NORMAL,68,12,10,0,TRUE,2011
KT_2012_PLY_001730_TH,PLY_001730,4,TITLE_HOLDER,85,30,10,10,FALSE,2012
KT_2013_PLY_001730_EPIC,PLY_001730,2,LIVE_EPIC,70,18,10,0,TRUE,2013
KT_2011_PLY_001730_AS,PLY_001730,3,ALLSTAR,77,24,10,10,TRUE,2011
KT_2014_PLY_001731_TH,PLY_001731,4,TITLE_HOLDER,82,30,10,10,FALSE,2014
KT_2020_PLY_001731_TH,PLY_001731,4,TITLE_HOLDER,86,30,10,10,FALSE,2020
KT_2014_PLY_001732_EPIC,PLY_001732,2,LIVE_EPIC,71,18,10,0,TRUE,2014
KT_2015_PLY_001732_AS,PLY_001732,3,ALLSTAR,79,24,10,10,TRUE,2015
KT_2019_PLY_001732_EPIC,PLY_001732,2,LIVE_EPIC,65,18,10,0,TRUE,2019
KT_2022_PLY_001732_TH,PLY_001732,4,TITLE_HOLDER,85,30,10,10,FALSE,2022
KT_2020_PLY_001732_EPIC,PLY_001732,2,LIVE_EPIC,65,18,10,0,TRUE,2020
KT_2022_PLY_001732_EPIC,PLY_001732,2,LIVE_EPIC,69,18,10,0,TRUE,2022
KT_2014_PLY_001732_SIG,PLY_001732,6,SIGNATURE,91,40,10,10,FALSE,2014
KT_2014_PLY_001732_LN,PLY_001732,1,LIVE_NORMAL,68,12,10,0,TRUE,2014
KT_2013_PLY_001732_LN,PLY_001732,1,LIVE_NORMAL,60,12,10,0,TRUE,2013
KT_2020_PLY_001732_LN,PLY_001732,1,LIVE_NORMAL,60,12,10,0,TRUE,2020
KT_2019_PLY_001732_LN,PLY_001732,1,LIVE_NORMAL,63,12,10,0,TRUE,2019
KT_1995_PLY_001733_LN,PLY_001733,1,LIVE_NORMAL,62,12,10,0,TRUE,1995
KT_1991_PLY_001733_EPIC,PLY_001733,2,LIVE_EPIC,73,18,10,0,TRUE,1991
KT_1992_PLY_001733_TH,PLY_001733,4,TITLE_HOLDER,83,30,10,10,FALSE,1992
KT_1994_PLY_001733_GG,PLY_001733,7,GOLDEN_GLOVE,89,35,10,10,FALSE,1994
KT_1991_PLY_001733_LN,PLY_001733,1,LIVE_NORMAL,61,12,10,0,TRUE,1991
KT_1992_PLY_001733_LN,PLY_001733,1,LIVE_NORMAL,60,12,10,0,TRUE,1992
KT_1995_PLY_001733_TH,PLY_001733,4,TITLE_HOLDER,82,30,10,10,FALSE,1995
KT_1994_PLY_001733_LN,PLY_001733,1,LIVE_NORMAL,58,12,10,0,TRUE,1994
KT_1995_PLY_001733_GG,PLY_001733,7,GOLDEN_GLOVE,86,35,10,10,FALSE,1995
KT_1994_PLY_001734_LN,PLY_001734,1,LIVE_NORMAL,67,12,10,0,TRUE,1994
KT_1994_PLY_001734_AS,PLY_001734,3,ALLSTAR,77,24,10,10,TRUE,1994
KT_1994_PLY_001734_EPIC,PLY_001734,2,LIVE_EPIC,75,18,10,0,TRUE,1994
KT_1993_PLY_001734_TH,PLY_001734,4,TITLE_HOLDER,80,30,10,10,FALSE,1993
KT_1993_PLY_001734_AS,PLY_001734,3,ALLSTAR,79,24,10,10,TRUE,1993
KT_1996_PLY_001734_AS,PLY_001734,3,ALLSTAR,79,24,10,10,TRUE,1996
KT_1997_PLY_001734_EPIC,PLY_001734,2,LIVE_EPIC,65,18,10,0,TRUE,1997
KT_1995_PLY_001734_LN,PLY_001734,1,LIVE_NORMAL,64,12,10,0,TRUE,1995
KT_1998_PLY_001734_LN,PLY_001734,1,LIVE_NORMAL,55,12,10,0,TRUE,1998
KT_2018_PLY_001735_AS,PLY_001735,3,ALLSTAR,79,24,10,10,TRUE,2018
KT_2020_PLY_001735_EPIC,PLY_001735,2,LIVE_EPIC,76,18,10,0,TRUE,2020
KT_2018_PLY_001735_GG,PLY_001735,7,GOLDEN_GLOVE,88,35,10,10,FALSE,2018
KT_2022_PLY_001735_TH,PLY_001735,4,TITLE_HOLDER,81,30,10,10,FALSE,2022
KT_2001_PLY_001736_AS,PLY_001736,3,ALLSTAR,79,24,10,10,TRUE,2001
KT_2003_PLY_001736_SIG,PLY_001736,6,SIGNATURE,92,40,10,10,FALSE,2003
KT_1999_PLY_001736_LN,PLY_001736,1,LIVE_NORMAL,63,12,10,0,TRUE,1999
KT_1996_PLY_001736_LN,PLY_001736,1,LIVE_NORMAL,60,12,10,0,TRUE,1996
KT_2005_PLY_001737_GG,PLY_001737,7,GOLDEN_GLOVE,83,35,10,10,FALSE,2005
KT_2000_PLY_001737_LN,PLY_001737,1,LIVE_NORMAL,59,12,10,0,TRUE,2000
KT_2001_PLY_001737_EPIC,PLY_001737,2,LIVE_EPIC,74,18,10,0,TRUE,2001
KT_2005_PLY_001737_LN,PLY_001737,1,LIVE_NORMAL,63,12,10,0,TRUE,2005
KT_1998_PLY_001737_AS,PLY_001737,3,ALLSTAR,78,24,10,10,TRUE,1998
KT_2004_PLY_001737_LN,PLY_001737,1,LIVE_NORMAL,57,12,10,0,TRUE,2004
KT_1996_PLY_001737_LN,PLY_001737,1,LIVE_NORMAL,65,12,10,0,TRUE,1996
KT_1999_PLY_001737_AS,PLY_001737,3,ALLSTAR,81,24,10,10,TRUE,1999
KT_1996_PLY_001737_TH,PLY_001737,4,TITLE_HOLDER,86,30,10,10,FALSE,1996
KT_2010_PLY_001738_LN,PLY_001738,1,LIVE_NORMAL,64,12,10,0,TRUE,2010
KT_2004_PLY_001738_TH,PLY_001738,4,TITLE_HOLDER,81,30,10,10,FALSE,2004
KT_2009_PLY_001738_TH,PLY_001738,4,TITLE_HOLDER,85,30,10,10,FALSE,2009
KT_2005_PLY_001738_EPIC,PLY_001738,2,LIVE_EPIC,69,18,10,0,TRUE,2005
KT_2017_PLY_001738_LN,PLY_001738,1,LIVE_NORMAL,56,12,10,0,TRUE,2017
KT_2009_PLY_001738_LN,PLY_001738,1,LIVE_NORMAL,55,12,10,0,TRUE,2009
KT_2004_PLY_001738_AS,PLY_001738,3,ALLSTAR,79,24,10,10,TRUE,2004
KT_2001_PLY_001739_AS,PLY_001739,3,ALLSTAR,80,24,10,10,TRUE,2001
KT_2006_PLY_001739_EPIC,PLY_001739,2,LIVE_EPIC,69,18,10,0,TRUE,2006
KT_1996_PLY_001739_LN,PLY_001739,1,LIVE_NORMAL,55,12,10,0,TRUE,1996
KT_2002_PLY_001739_LN,PLY_001739,1,LIVE_NORMAL,57,12,10,0,TRUE,2002
KT_2001_PLY_001739_EPIC,PLY_001739,2,LIVE_EPIC,71,18,10,0,TRUE,2001
KT_2002_PLY_001739_EPIC,PLY_001739,2,LIVE_EPIC,67,18,10,0,TRUE,2002
KT_2000_PLY_001739_TH,PLY_001739,4,TITLE_HOLDER,85,30,10,10,FALSE,2000
KT_1993_PLY_001740_EPIC,PLY_001740,2,LIVE_EPIC,69,18,10,0,TRUE,1993
KT_1994_PLY_001740_LN,PLY_001740,1,LIVE_NORMAL,65,12,10,0,TRUE,1994
KT_2002_PLY_001740_EPIC,PLY_001740,2,LIVE_EPIC,66,18,10,0,TRUE,2002
KT_1999_PLY_001740_AS,PLY_001740,3,ALLSTAR,81,24,10,10,TRUE,1999
KT_1996_PLY_001740_AS,PLY_001740,3,ALLSTAR,75,24,10,10,TRUE,1996
KT_1994_PLY_001740_AS,PLY_001740,3,ALLSTAR,74,24,10,10,TRUE,1994
KT_1994_PLY_001740_GG,PLY_001740,7,GOLDEN_GLOVE,83,35,10,10,FALSE,1994
KT_2001_PLY_001740_AS,PLY_001740,3,ALLSTAR,83,24,10,10,TRUE,2001
KT_2001_PLY_001741_LN,PLY_001741,1,LIVE_NORMAL,64,12,10,0,TRUE,2001
KT_2000_PLY_001741_GG,PLY_001741,7,GOLDEN_GLOVE,88,35,10,10,FALSE,2000
KT_1998_PLY_001741_LN,PLY_001741,1,LIVE_NORMAL,58,12,10,0,TRUE,1998
KT_2000_PLY_001741_LN,PLY_001741,1,LIVE_NORMAL,57,12,10,0,TRUE,2000
KT_2026_PLY_001742_LN,PLY_001742,1,LIVE_NORMAL,56,12,10,0,TRUE,2026
KT_2023_PLY_001742_LN,PLY_001742,1,LIVE_NORMAL,62,12,10,0,TRUE,2023
KT_2026_PLY_001742_EPIC,PLY_001742,2,LIVE_EPIC,69,18,10,0,TRUE,2026
KT_2024_PLY_001742_EPIC,PLY_001742,2,LIVE_EPIC,68,18,10,0,TRUE,2024
KT_2022_PLY_001742_GG,PLY_001742,7,GOLDEN_GLOVE,87,35,10,10,FALSE,2022
KT_1992_PLY_001743_EPIC,PLY_001743,2,LIVE_EPIC,76,18,10,0,TRUE,1992
KT_1998_PLY_001743_SIG,PLY_001743,6,SIGNATURE,91,40,10,10,FALSE,1998
KT_1990_PLY_001743_GG,PLY_001743,7,GOLDEN_GLOVE,87,35,10,10,FALSE,1990
KT_1996_PLY_001743_EPIC,PLY_001743,2,LIVE_EPIC,71,18,10,0,TRUE,1996
KT_1993_PLY_001743_TH,PLY_001743,4,TITLE_HOLDER,83,30,10,10,FALSE,1993
KT_1991_PLY_001743_EPIC,PLY_001743,2,LIVE_EPIC,66,18,10,0,TRUE,1991
KT_1991_PLY_001743_LN,PLY_001743,1,LIVE_NORMAL,67,12,10,0,TRUE,1991
KT_1990_PLY_001743_LN,PLY_001743,1,LIVE_NORMAL,67,12,10,0,TRUE,1990
KT_1996_PLY_001743_AS,PLY_001743,3,ALLSTAR,80,24,10,10,TRUE,1996
KT_1994_PLY_001743_LN,PLY_001743,1,LIVE_NORMAL,59,12,10,0,TRUE,1994
KT_2010_PLY_001744_EPIC,PLY_001744,2,LIVE_EPIC,72,18,10,0,TRUE,2010
KT_2020_PLY_001744_LN,PLY_001744,1,LIVE_NORMAL,60,12,10,0,TRUE,2020
KT_2016_PLY_001744_EPIC,PLY_001744,2,LIVE_EPIC,74,18,10,0,TRUE,2016
KT_2011_PLY_001744_AS,PLY_001744,3,ALLSTAR,82,24,10,10,TRUE,2011
KT_2019_PLY_001744_GG,PLY_001744,7,GOLDEN_GLOVE,86,35,10,10,FALSE,2019
KT_2022_PLY_001745_AS,PLY_001745,3,ALLSTAR,76,24,10,10,TRUE,2022
KT_2024_PLY_001745_EPIC,PLY_001745,2,LIVE_EPIC,67,18,10,0,TRUE,2024
KT_2022_PLY_001745_TH,PLY_001745,4,TITLE_HOLDER,84,30,10,10,FALSE,2022
KT_2021_PLY_001745_LN,PLY_001745,1,LIVE_NORMAL,58,12,10,0,TRUE,2021
KT_2023_PLY_001745_LN,PLY_001745,1,LIVE_NORMAL,60,12,10,0,TRUE,2023
KT_2020_PLY_001745_AS,PLY_001745,3,ALLSTAR,74,24,10,10,TRUE,2020
KT_2026_PLY_001745_AS,PLY_001745,3,ALLSTAR,82,24,10,10,TRUE,2026
KT_2022_PLY_001745_LN,PLY_001745,1,LIVE_NORMAL,55,12,10,0,TRUE,2022
KT_2007_PLY_001746_EPIC,PLY_001746,2,LIVE_EPIC,69,18,10,0,TRUE,2007
KT_2006_PLY_001746_AS,PLY_001746,3,ALLSTAR,81,24,10,10,TRUE,2006
KT_2002_PLY_001746_EPIC,PLY_001746,2,LIVE_EPIC,70,18,10,0,TRUE,2002
KT_1989_PLY_001747_AS,PLY_001747,3,ALLSTAR,80,24,10,10,TRUE,1989
KT_1989_PLY_001747_LN,PLY_001747,1,LIVE_NORMAL,55,12,10,0,TRUE,1989
KT_1989_PLY_001747_GG,PLY_001747,7,GOLDEN_GLOVE,84,35,10,10,FALSE,1989
KT_1988_PLY_001747_LN,PLY_001747,1,LIVE_NORMAL,66,12,10,0,TRUE,1988
KT_1987_PLY_001747_EPIC,PLY_001747,2,LIVE_EPIC,69,18,10,0,TRUE,1987
KT_1987_PLY_001747_GG,PLY_001747,7,GOLDEN_GLOVE,90,35,10,10,FALSE,1987
KT_1997_PLY_001748_EPIC,PLY_001748,2,LIVE_EPIC,68,18,10,0,TRUE,1997
KT_1994_PLY_001748_GG,PLY_001748,7,GOLDEN_GLOVE,85,35,10,10,FALSE,1994
KT_1996_PLY_001748_EPIC,PLY_001748,2,LIVE_EPIC,75,18,10,0,TRUE,1996
KT_1994_PLY_001748_EPIC,PLY_001748,2,LIVE_EPIC,74,18,10,0,TRUE,1994
KT_1997_PLY_001748_AS,PLY_001748,3,ALLSTAR,78,24,10,10,TRUE,1997
KT_1995_PLY_001748_AS,PLY_001748,3,ALLSTAR,75,24,10,10,TRUE,1995
KT_1990_PLY_001748_TH,PLY_001748,4,TITLE_HOLDER,83,30,10,10,FALSE,1990
KT_2023_PLY_001749_SIG,PLY_001749,6,SIGNATURE,88,40,10,10,FALSE,2023
KT_2016_PLY_001749_EPIC,PLY_001749,2,LIVE_EPIC,73,18,10,0,TRUE,2016
KT_2020_PLY_001749_LN,PLY_001749,1,LIVE_NORMAL,64,12,10,0,TRUE,2020
KT_2019_PLY_001749_SIG,PLY_001749,6,SIGNATURE,94,40,10,10,FALSE,2019
KT_2026_PLY_001750_LN,PLY_001750,1,LIVE_NORMAL,61,12,10,0,TRUE,2026
KT_2021_PLY_001750_AS,PLY_001750,3,ALLSTAR,75,24,10,10,TRUE,2021
KT_2020_PLY_001750_TH,PLY_001750,4,TITLE_HOLDER,82,30,10,10,FALSE,2020
KT_2021_PLY_001750_LN,PLY_001750,1,LIVE_NORMAL,62,12,10,0,TRUE,2021
KT_2023_PLY_001750_LN,PLY_001750,1,LIVE_NORMAL,56,12,10,0,TRUE,2023
KT_2024_PLY_001750_AS,PLY_001750,3,ALLSTAR,79,24,10,10,TRUE,2024
KT_2025_PLY_001750_LN,PLY_001750,1,LIVE_NORMAL,68,12,10,0,TRUE,2025
KT_2026_PLY_001750_EPIC,PLY_001750,2,LIVE_EPIC,74,18,10,0,TRUE,2026
KT_2003_PLY_001751_EPIC,PLY_001751,2,LIVE_EPIC,67,18,10,0,TRUE,2003
KT_2002_PLY_001751_LN,PLY_001751,1,LIVE_NORMAL,63,12,10,0,TRUE,2002
KT_2008_PLY_001751_AS,PLY_001751,3,ALLSTAR,74,24,10,10,TRUE,2008
KT_2005_PLY_001751_LN,PLY_001751,1,LIVE_NORMAL,55,12,10,0,TRUE,2005
KT_1994_PLY_001751_TH,PLY_001751,4,TITLE_HOLDER,82,30,10,10,FALSE,1994
KT_1997_PLY_001751_EPIC,PLY_001751,2,LIVE_EPIC,69,18,10,0,TRUE,1997
KT_2002_PLY_001751_EPIC,PLY_001751,2,LIVE_EPIC,72,18,10,0,TRUE,2002
KT_1997_PLY_001751_LN,PLY_001751,1,LIVE_NORMAL,63,12,10,0,TRUE,1997
KT_2000_PLY_001751_EPIC,PLY_001751,2,LIVE_EPIC,74,18,10,0,TRUE,2000
KT_1999_PLY_001751_EPIC,PLY_001751,2,LIVE_EPIC,67,18,10,0,TRUE,1999
KT_2009_PLY_001751_LN,PLY_001751,1,LIVE_NORMAL,64,12,10,0,TRUE,2009
KT_1993_PLY_001751_LN,PLY_001751,1,LIVE_NORMAL,67,12,10,0,TRUE,1993
KT_2023_PLY_001752_TH,PLY_001752,4,TITLE_HOLDER,87,30,10,10,FALSE,2023
KT_2024_PLY_001752_GG,PLY_001752,7,GOLDEN_GLOVE,86,35,10,10,FALSE,2024
KT_2023_PLY_001752_LN,PLY_001752,1,LIVE_NORMAL,62,12,10,0,TRUE,2023
KT_2025_PLY_001752_LN,PLY_001752,1,LIVE_NORMAL,61,12,10,0,TRUE,2025
KT_1997_PLY_001753_TH,PLY_001753,4,TITLE_HOLDER,86,30,10,10,FALSE,1997
KT_1995_PLY_001753_EPIC,PLY_001753,2,LIVE_EPIC,74,18,10,0,TRUE,1995
KT_1998_PLY_001753_LN,PLY_001753,1,LIVE_NORMAL,58,12,10,0,TRUE,1998
KT_1999_PLY_001753_EPIC,PLY_001753,2,LIVE_EPIC,73,18,10,0,TRUE,1999
KT_2000_PLY_001753_EPIC,PLY_001753,2,LIVE_EPIC,73,18,10,0,TRUE,2000
KT_1995_PLY_001753_LN,PLY_001753,1,LIVE_NORMAL,65,12,10,0,TRUE,1995
KT_2002_PLY_001754_AS,PLY_001754,3,ALLSTAR,82,24,10,10,TRUE,2002
KT_2005_PLY_001754_TH,PLY_001754,4,TITLE_HOLDER,84,30,10,10,FALSE,2005
KT_2006_PLY_001754_SIG,PLY_001754,6,SIGNATURE,88,40,10,10,FALSE,2006
KT_1995_PLY_001754_EPIC,PLY_001754,2,LIVE_EPIC,71,18,10,0,TRUE,1995
KT_1997_PLY_001754_LN,PLY_001754,1,LIVE_NORMAL,64,12,10,0,TRUE,1997
KT_2005_PLY_001754_EPIC,PLY_001754,2,LIVE_EPIC,70,18,10,0,TRUE,2005
KT_2009_PLY_001754_EPIC,PLY_001754,2,LIVE_EPIC,66,18,10,0,TRUE,2009
KT_2003_PLY_001754_AS,PLY_001754,3,ALLSTAR,78,24,10,10,TRUE,2003
KT_2011_PLY_001754_EPIC,PLY_001754,2,LIVE_EPIC,68,18,10,0,TRUE,2011
KT_2009_PLY_001754_LN,PLY_001754,1,LIVE_NORMAL,65,12,10,0,TRUE,2009
KT_2000_PLY_001754_LN,PLY_001754,1,LIVE_NORMAL,60,12,10,0,TRUE,2000
KT_2022_PLY_001755_EPIC,PLY_001755,2,LIVE_EPIC,67,18,10,0,TRUE,2022
KT_2024_PLY_001755_LN,PLY_001755,1,LIVE_NORMAL,65,12,10,0,TRUE,2024
KT_2026_PLY_001755_SIG,PLY_001755,6,SIGNATURE,90,40,10,10,FALSE,2026
KT_2026_PLY_001755_LN,PLY_001755,1,LIVE_NORMAL,62,12,10,0,TRUE,2026
KT_2021_PLY_001755_LN,PLY_001755,1,LIVE_NORMAL,60,12,10,0,TRUE,2021
KT_2022_PLY_001755_LN,PLY_001755,1,LIVE_NORMAL,60,12,10,0,TRUE,2022
KT_2021_PLY_001755_AS,PLY_001755,3,ALLSTAR,78,24,10,10,TRUE,2021
KT_2015_PLY_001756_LN,PLY_001756,1,LIVE_NORMAL,68,12,10,0,TRUE,2015
KT_2012_PLY_001756_AS,PLY_001756,3,ALLSTAR,80,24,10,10,TRUE,2012
KT_2017_PLY_001757_LN,PLY_001757,1,LIVE_NORMAL,68,12,10,0,TRUE,2017
KT_2006_PLY_001757_LN,PLY_001757,1,LIVE_NORMAL,58,12,10,0,TRUE,2006
KT_2016_PLY_001757_AS,PLY_001757,3,ALLSTAR,80,24,10,10,TRUE,2016
KT_2006_PLY_001757_EPIC,PLY_001757,2,LIVE_EPIC,69,18,10,0,TRUE,2006
KT_2007_PLY_001757_EPIC,PLY_001757,2,LIVE_EPIC,70,18,10,0,TRUE,2007
KT_2006_PLY_001757_TH,PLY_001757,4,TITLE_HOLDER,84,30,10,10,FALSE,2006
KT_2007_PLY_001757_SIG,PLY_001757,6,SIGNATURE,90,40,10,10,FALSE,2007
KT_2006_PLY_001757_AS,PLY_001757,3,ALLSTAR,81,24,10,10,TRUE,2006
KT_2014_PLY_001757_LN,PLY_001757,1,LIVE_NORMAL,66,12,10,0,TRUE,2014
KT_2004_PLY_001758_TH,PLY_001758,4,TITLE_HOLDER,80,30,10,10,FALSE,2004
KT_2011_PLY_001758_TH,PLY_001758,4,TITLE_HOLDER,85,30,10,10,FALSE,2011
KT_2003_PLY_001758_LN,PLY_001758,1,LIVE_NORMAL,68,12,10,0,TRUE,2003
KT_2009_PLY_001758_LN,PLY_001758,1,LIVE_NORMAL,66,12,10,0,TRUE,2009
KT_2005_PLY_001758_GG,PLY_001758,7,GOLDEN_GLOVE,89,35,10,10,FALSE,2005
KT_2011_PLY_001758_LN,PLY_001758,1,LIVE_NORMAL,63,12,10,0,TRUE,2011
KT_2012_PLY_001758_AS,PLY_001758,3,ALLSTAR,75,24,10,10,TRUE,2012
KT_2005_PLY_001758_LN,PLY_001758,1,LIVE_NORMAL,61,12,10,0,TRUE,2005
KT_2008_PLY_001758_SIG,PLY_001758,6,SIGNATURE,92,40,10,10,FALSE,2008
KT_2006_PLY_001758_AS,PLY_001758,3,ALLSTAR,83,24,10,10,TRUE,2006
KT_2005_PLY_001759_LN,PLY_001759,1,LIVE_NORMAL,64,12,10,0,TRUE,2005
KT_2005_PLY_001759_AS,PLY_001759,3,ALLSTAR,77,24,10,10,TRUE,2005
KT_2002_PLY_001759_GG,PLY_001759,7,GOLDEN_GLOVE,88,35,10,10,FALSE,2002
KT_2006_PLY_001759_LN,PLY_001759,1,LIVE_NORMAL,58,12,10,0,TRUE,2006
KT_2002_PLY_001759_LN,PLY_001759,1,LIVE_NORMAL,57,12,10,0,TRUE,2002
KT_2004_PLY_001759_AS,PLY_001759,3,ALLSTAR,75,24,10,10,TRUE,2004
KT_2003_PLY_001759_EPIC,PLY_001759,2,LIVE_EPIC,68,18,10,0,TRUE,2003
KT_2006_PLY_001759_EPIC,PLY_001759,2,LIVE_EPIC,75,18,10,0,TRUE,2006
KT_2004_PLY_001759_LN,PLY_001759,1,LIVE_NORMAL,68,12,10,0,TRUE,2004
KT_2005_PLY_001759_EPIC,PLY_001759,2,LIVE_EPIC,67,18,10,0,TRUE,2005
KT_2026_PLY_001760_SIG,PLY_001760,6,SIGNATURE,89,40,10,10,FALSE,2026
KT_2024_PLY_001760_EPIC,PLY_001760,2,LIVE_EPIC,74,18,10,0,TRUE,2024
KT_2022_PLY_001760_TH,PLY_001760,4,TITLE_HOLDER,87,30,10,10,FALSE,2022
KT_2017_PLY_001760_EPIC,PLY_001760,2,LIVE_EPIC,73,18,10,0,TRUE,2017
KT_2004_PLY_001761_EPIC,PLY_001761,2,LIVE_EPIC,70,18,10,0,TRUE,2004
KT_1998_PLY_001761_AS,PLY_001761,3,ALLSTAR,75,24,10,10,TRUE,1998
KT_1988_PLY_001761_LN,PLY_001761,1,LIVE_NORMAL,59,12,10,0,TRUE,1988
KT_2001_PLY_001761_LN,PLY_001761,1,LIVE_NORMAL,58,12,10,0,TRUE,2001
KT_1992_PLY_001762_SIG,PLY_001762,6,SIGNATURE,92,40,10,10,FALSE,1992
KT_1994_PLY_001762_LN,PLY_001762,1,LIVE_NORMAL,64,12,10,0,TRUE,1994
KT_1997_PLY_001762_LN,PLY_001762,1,LIVE_NORMAL,64,12,10,0,TRUE,1997
KT_1995_PLY_001762_LN,PLY_001762,1,LIVE_NORMAL,67,12,10,0,TRUE,1995
KT_1996_PLY_001762_LN,PLY_001762,1,LIVE_NORMAL,55,12,10,0,TRUE,1996
KT_1992_PLY_001762_EPIC,PLY_001762,2,LIVE_EPIC,69,18,10,0,TRUE,1992
KT_1999_PLY_001763_AS,PLY_001763,3,ALLSTAR,80,24,10,10,TRUE,1999
KT_2003_PLY_001763_EPIC,PLY_001763,2,LIVE_EPIC,69,18,10,0,TRUE,2003
KT_2012_PLY_001763_AS,PLY_001763,3,ALLSTAR,75,24,10,10,TRUE,2012
KT_1998_PLY_001763_AS,PLY_001763,3,ALLSTAR,78,24,10,10,TRUE,1998
KT_2006_PLY_001763_GG,PLY_001763,7,GOLDEN_GLOVE,86,35,10,10,FALSE,2006
KT_2009_PLY_001764_EPIC,PLY_001764,2,LIVE_EPIC,72,18,10,0,TRUE,2009
KT_2011_PLY_001764_LN,PLY_001764,1,LIVE_NORMAL,60,12,10,0,TRUE,2011
KT_2008_PLY_001764_AS,PLY_001764,3,ALLSTAR,83,24,10,10,TRUE,2008
KT_2013_PLY_001764_AS,PLY_001764,3,ALLSTAR,82,24,10,10,TRUE,2013
KT_2006_PLY_001764_AS,PLY_001764,3,ALLSTAR,83,24,10,10,TRUE,2006
KT_2021_PLY_001765_AS,PLY_001765,3,ALLSTAR,75,24,10,10,TRUE,2021
KT_2013_PLY_001765_EPIC,PLY_001765,2,LIVE_EPIC,68,18,10,0,TRUE,2013
KT_2016_PLY_001765_LN,PLY_001765,1,LIVE_NORMAL,56,12,10,0,TRUE,2016
KT_2013_PLY_001765_TH,PLY_001765,4,TITLE_HOLDER,82,30,10,10,FALSE,2013
KT_2015_PLY_001765_LN,PLY_001765,1,LIVE_NORMAL,55,12,10,0,TRUE,2015
KT_2026_PLY_001765_EPIC,PLY_001765,2,LIVE_EPIC,73,18,10,0,TRUE,2026
KT_2024_PLY_001765_LN,PLY_001765,1,LIVE_NORMAL,56,12,10,0,TRUE,2024
KT_2002_PLY_001766_AS,PLY_001766,3,ALLSTAR,77,24,10,10,TRUE,2002
KT_1998_PLY_001766_EPIC,PLY_001766,2,LIVE_EPIC,67,18,10,0,TRUE,1998
KT_1994_PLY_001766_EPIC,PLY_001766,2,LIVE_EPIC,72,18,10,0,TRUE,1994
KT_1993_PLY_001766_LN,PLY_001766,1,LIVE_NORMAL,67,12,10,0,TRUE,1993
KT_2000_PLY_001767_EPIC,PLY_001767,2,LIVE_EPIC,74,18,10,0,TRUE,2000
KT_1989_PLY_001767_LN,PLY_001767,1,LIVE_NORMAL,65,12,10,0,TRUE,1989
KT_1987_PLY_001767_EPIC,PLY_001767,2,LIVE_EPIC,69,18,10,0,TRUE,1987
KT_1988_PLY_001767_LN,PLY_001767,1,LIVE_NORMAL,56,12,10,0,TRUE,1988
KT_1993_PLY_001767_TH,PLY_001767,4,TITLE_HOLDER,81,30,10,10,FALSE,1993
KT_2025_PLY_001768_LN,PLY_001768,1,LIVE_NORMAL,65,12,10,0,TRUE,2025
KT_2024_PLY_001768_LN,PLY_001768,1,LIVE_NORMAL,65,12,10,0,TRUE,2024
KT_1988_PLY_001769_EPIC,PLY_001769,2,LIVE_EPIC,71,18,10,0,TRUE,1988
KT_1991_PLY_001769_LN,PLY_001769,1,LIVE_NORMAL,55,12,10,0,TRUE,1991
KT_1990_PLY_001769_SIG,PLY_001769,6,SIGNATURE,93,40,10,10,FALSE,1990
KT_2019_PLY_001770_AS,PLY_001770,3,ALLSTAR,76,24,10,10,TRUE,2019
KT_2026_PLY_001770_AS,PLY_001770,3,ALLSTAR,79,24,10,10,TRUE,2026
KT_2017_PLY_001770_EPIC,PLY_001770,2,LIVE_EPIC,73,18,10,0,TRUE,2017
KT_2021_PLY_001770_LN,PLY_001770,1,LIVE_NORMAL,55,12,10,0,TRUE,2021
KT_2023_PLY_001770_LN,PLY_001770,1,LIVE_NORMAL,59,12,10,0,TRUE,2023
KT_2022_PLY_001770_SIG,PLY_001770,6,SIGNATURE,89,40,10,10,FALSE,2022
KT_2003_PLY_001771_LN,PLY_001771,1,LIVE_NORMAL,55,12,10,0,TRUE,2003
KT_2001_PLY_001771_EPIC,PLY_001771,2,LIVE_EPIC,66,18,10,0,TRUE,2001
KT_2005_PLY_001771_AS,PLY_001771,3,ALLSTAR,79,24,10,10,TRUE,2005
KT_2010_PLY_001772_EPIC,PLY_001772,2,LIVE_EPIC,66,18,10,0,TRUE,2010
KT_2009_PLY_001772_GG,PLY_001772,7,GOLDEN_GLOVE,90,35,10,10,FALSE,2009
KT_2010_PLY_001772_TH,PLY_001772,4,TITLE_HOLDER,80,30,10,10,FALSE,2010
KT_2012_PLY_001772_SIG,PLY_001772,6,SIGNATURE,88,40,10,10,FALSE,2012
KT_2010_PLY_001772_LN,PLY_001772,1,LIVE_NORMAL,60,12,10,0,TRUE,2010
KT_2011_PLY_001772_EPIC,PLY_001772,2,LIVE_EPIC,70,18,10,0,TRUE,2011
KT_2010_PLY_001772_AS,PLY_001772,3,ALLSTAR,78,24,10,10,TRUE,2010
KT_2015_PLY_001772_AS,PLY_001772,3,ALLSTAR,81,24,10,10,TRUE,2015
KT_2014_PLY_001772_LN,PLY_001772,1,LIVE_NORMAL,58,12,10,0,TRUE,2014
KT_2015_PLY_001772_LN,PLY_001772,1,LIVE_NORMAL,64,12,10,0,TRUE,2015
KT_2015_PLY_001772_TH,PLY_001772,4,TITLE_HOLDER,85,30,10,10,FALSE,2015
KT_2019_PLY_001773_EPIC,PLY_001773,2,LIVE_EPIC,72,18,10,0,TRUE,2019
KT_2021_PLY_001773_GG,PLY_001773,7,GOLDEN_GLOVE,84,35,10,10,FALSE,2021
KT_2026_PLY_001773_AS,PLY_001773,3,ALLSTAR,77,24,10,10,TRUE,2026
KT_2023_PLY_001773_LN,PLY_001773,1,LIVE_NORMAL,64,12,10,0,TRUE,2023
KT_2020_PLY_001773_LN,PLY_001773,1,LIVE_NORMAL,66,12,10,0,TRUE,2020
KT_2024_PLY_001773_EPIC,PLY_001773,2,LIVE_EPIC,74,18,10,0,TRUE,2024
KT_1994_PLY_001774_EPIC,PLY_001774,2,LIVE_EPIC,68,18,10,0,TRUE,1994
KT_1999_PLY_001774_EPIC,PLY_001774,2,LIVE_EPIC,73,18,10,0,TRUE,1999
KT_1997_PLY_001774_LN,PLY_001774,1,LIVE_NORMAL,67,12,10,0,TRUE,1997
KT_1996_PLY_001774_EPIC,PLY_001774,2,LIVE_EPIC,72,18,10,0,TRUE,1996
KT_1993_PLY_001774_EPIC,PLY_001774,2,LIVE_EPIC,70,18,10,0,TRUE,1993
KT_2008_PLY_001775_TH,PLY_001775,4,TITLE_HOLDER,85,30,10,10,FALSE,2008
KT_2006_PLY_001775_LN,PLY_001775,1,LIVE_NORMAL,61,12,10,0,TRUE,2006
KT_2004_PLY_001775_LN,PLY_001775,1,LIVE_NORMAL,61,12,10,0,TRUE,2004
KT_2003_PLY_001775_LN,PLY_001775,1,LIVE_NORMAL,67,12,10,0,TRUE,2003
KT_2007_PLY_001775_LN,PLY_001775,1,LIVE_NORMAL,57,12,10,0,TRUE,2007
KT_2004_PLY_001775_SIG,PLY_001775,6,SIGNATURE,88,40,10,10,FALSE,2004
KT_2005_PLY_001776_EPIC,PLY_001776,2,LIVE_EPIC,75,18,10,0,TRUE,2005
KT_1997_PLY_001776_LN,PLY_001776,1,LIVE_NORMAL,55,12,10,0,TRUE,1997
KT_2007_PLY_001777_LN,PLY_001777,1,LIVE_NORMAL,64,12,10,0,TRUE,2007
KT_2003_PLY_001777_LN,PLY_001777,1,LIVE_NORMAL,63,12,10,0,TRUE,2003
KT_1999_PLY_001777_LN,PLY_001777,1,LIVE_NORMAL,59,12,10,0,TRUE,1999
KT_2001_PLY_001777_EPIC,PLY_001777,2,LIVE_EPIC,66,18,10,0,TRUE,2001
KT_2003_PLY_001777_EPIC,PLY_001777,2,LIVE_EPIC,73,18,10,0,TRUE,2003
KT_2004_PLY_001777_GG,PLY_001777,7,GOLDEN_GLOVE,88,35,10,10,FALSE,2004
KT_2000_PLY_001777_LN,PLY_001777,1,LIVE_NORMAL,55,12,10,0,TRUE,2000
KT_2003_PLY_001777_SIG,PLY_001777,6,SIGNATURE,90,40,10,10,FALSE,2003
KT_2007_PLY_001778_EPIC,PLY_001778,2,LIVE_EPIC,72,18,10,0,TRUE,2007
KT_2004_PLY_001778_GG,PLY_001778,7,GOLDEN_GLOVE,87,35,10,10,FALSE,2004
KT_2006_PLY_001778_LN,PLY_001778,1,LIVE_NORMAL,62,12,10,0,TRUE,2006
KT_2010_PLY_001778_LN,PLY_001778,1,LIVE_NORMAL,67,12,10,0,TRUE,2010
KT_2003_PLY_001779_EPIC,PLY_001779,2,LIVE_EPIC,66,18,10,0,TRUE,2003
KT_2005_PLY_001779_TH,PLY_001779,4,TITLE_HOLDER,81,30,10,10,FALSE,2005
KT_2003_PLY_001779_LN,PLY_001779,1,LIVE_NORMAL,55,12,10,0,TRUE,2003
KT_2009_PLY_001780_LN,PLY_001780,1,LIVE_NORMAL,56,12,10,0,TRUE,2009
KT_2004_PLY_001780_AS,PLY_001780,3,ALLSTAR,82,24,10,10,TRUE,2004
KT_2008_PLY_001780_AS,PLY_001780,3,ALLSTAR,80,24,10,10,TRUE,2008
KT_2012_PLY_001780_LN,PLY_001780,1,LIVE_NORMAL,62,12,10,0,TRUE,2012
KT_2016_PLY_001780_TH,PLY_001780,4,TITLE_HOLDER,81,30,10,10,FALSE,2016
KT_2011_PLY_001780_EPIC,PLY_001780,2,LIVE_EPIC,66,18,10,0,TRUE,2011
KT_2016_PLY_001780_EPIC,PLY_001780,2,LIVE_EPIC,67,18,10,0,TRUE,2016
KT_1993_PLY_001781_LN,PLY_001781,1,LIVE_NORMAL,56,12,10,0,TRUE,1993
KT_1992_PLY_001781_SIG,PLY_001781,6,SIGNATURE,88,40,10,10,FALSE,1992
KT_1991_PLY_001781_TH,PLY_001781,4,TITLE_HOLDER,80,30,10,10,FALSE,1991
KT_1995_PLY_001781_GG,PLY_001781,7,GOLDEN_GLOVE,84,35,10,10,FALSE,1995
KT_1991_PLY_001781_AS,PLY_001781,3,ALLSTAR,82,24,10,10,TRUE,1991
KT_1992_PLY_001781_EPIC,PLY_001781,2,LIVE_EPIC,74,18,10,0,TRUE,1992
KT_1998_PLY_001781_LN,PLY_001781,1,LIVE_NORMAL,63,12,10,0,TRUE,1998
KT_1991_PLY_001781_EPIC,PLY_001781,2,LIVE_EPIC,74,18,10,0,TRUE,1991
KT_1990_PLY_001781_LN,PLY_001781,1,LIVE_NORMAL,63,12,10,0,TRUE,1990
KT_1997_PLY_001781_LN,PLY_001781,1,LIVE_NORMAL,55,12,10,0,TRUE,1997
KT_2014_PLY_001782_AS,PLY_001782,3,ALLSTAR,80,24,10,10,TRUE,2014
KT_2024_PLY_001782_LN,PLY_001782,1,LIVE_NORMAL,62,12,10,0,TRUE,2024
KT_2021_PLY_001782_EPIC,PLY_001782,2,LIVE_EPIC,68,18,10,0,TRUE,2021
KT_2019_PLY_001782_AS,PLY_001782,3,ALLSTAR,78,24,10,10,TRUE,2019
KT_2012_PLY_001783_TH,PLY_001783,4,TITLE_HOLDER,82,30,10,10,FALSE,2012
KT_2020_PLY_001783_EPIC,PLY_001783,2,LIVE_EPIC,76,18,10,0,TRUE,2020
KT_2011_PLY_001783_GG,PLY_001783,7,GOLDEN_GLOVE,83,35,10,10,FALSE,2011
KT_2006_PLY_001783_LN,PLY_001783,1,LIVE_NORMAL,56,12,10,0,TRUE,2006
KT_2016_PLY_001783_TH,PLY_001783,4,TITLE_HOLDER,80,30,10,10,FALSE,2016
KT_2004_PLY_001784_SIG,PLY_001784,6,SIGNATURE,87,40,10,10,FALSE,2004
KT_2015_PLY_001784_AS,PLY_001784,3,ALLSTAR,82,24,10,10,TRUE,2015
KT_2009_PLY_001784_EPIC,PLY_001784,2,LIVE_EPIC,68,18,10,0,TRUE,2009
KT_2014_PLY_001784_LN,PLY_001784,1,LIVE_NORMAL,56,12,10,0,TRUE,2014
KT_2007_PLY_001784_EPIC,PLY_001784,2,LIVE_EPIC,68,18,10,0,TRUE,2007
KT_2009_PLY_001784_LN,PLY_001784,1,LIVE_NORMAL,68,12,10,0,TRUE,2009
KT_2026_PLY_001785_AS,PLY_001785,3,ALLSTAR,82,24,10,10,TRUE,2026
KT_2018_PLY_001785_LN,PLY_001785,1,LIVE_NORMAL,58,12,10,0,TRUE,2018
KT_2025_PLY_001785_EPIC,PLY_001785,2,LIVE_EPIC,75,18,10,0,TRUE,2025
KT_2021_PLY_001785_EPIC,PLY_001785,2,LIVE_EPIC,73,18,10,0,TRUE,2021
KT_2021_PLY_001785_LN,PLY_001785,1,LIVE_NORMAL,60,12,10,0,TRUE,2021
KT_2000_PLY_001786_EPIC,PLY_001786,2,LIVE_EPIC,66,18,10,0,TRUE,2000
KT_2005_PLY_001786_LN,PLY_001786,1,LIVE_NORMAL,58,12,10,0,TRUE,2005
KT_1995_PLY_001786_LN,PLY_001786,1,LIVE_NORMAL,66,12,10,0,TRUE,1995
KT_1997_PLY_001786_LN,PLY_001786,1,LIVE_NORMAL,55,12,10,0,TRUE,1997
KT_1994_PLY_001786_EPIC,PLY_001786,2,LIVE_EPIC,75,18,10,0,TRUE,1994
KT_2007_PLY_001786_EPIC,PLY_001786,2,LIVE_EPIC,75,18,10,0,TRUE,2007
KT_2003_PLY_001787_TH,PLY_001787,4,TITLE_HOLDER,82,30,10,10,FALSE,2003
KT_2004_PLY_001787_TH,PLY_001787,4,TITLE_HOLDER,86,30,10,10,FALSE,2004
KT_2001_PLY_001787_LN,PLY_001787,1,LIVE_NORMAL,65,12,10,0,TRUE,2001
KT_2000_PLY_001787_LN,PLY_001787,1,LIVE_NORMAL,59,12,10,0,TRUE,2000
KT_2000_PLY_001787_EPIC,PLY_001787,2,LIVE_EPIC,73,18,10,0,TRUE,2000
KT_2024_PLY_001788_EPIC,PLY_001788,2,LIVE_EPIC,66,18,10,0,TRUE,2024
KT_2025_PLY_001788_LN,PLY_001788,1,LIVE_NORMAL,67,12,10,0,TRUE,2025
KT_2019_PLY_001788_LN,PLY_001788,1,LIVE_NORMAL,63,12,10,0,TRUE,2019
KT_2017_PLY_001788_EPIC,PLY_001788,2,LIVE_EPIC,71,18,10,0,TRUE,2017
KT_2024_PLY_001788_LN,PLY_001788,1,LIVE_NORMAL,59,12,10,0,TRUE,2024
KT_2018_PLY_001788_EPIC,PLY_001788,2,LIVE_EPIC,76,18,10,0,TRUE,2018
KT_2013_PLY_001789_LN,PLY_001789,1,LIVE_NORMAL,60,12,10,0,TRUE,2013
KT_2021_PLY_001789_LN,PLY_001789,1,LIVE_NORMAL,63,12,10,0,TRUE,2021
KT_2008_PLY_001790_LN,PLY_001790,1,LIVE_NORMAL,64,12,10,0,TRUE,2008
KT_2013_PLY_001790_EPIC,PLY_001790,2,LIVE_EPIC,76,18,10,0,TRUE,2013
KT_1989_PLY_001791_AS,PLY_001791,3,ALLSTAR,74,24,10,10,TRUE,1989
KT_1993_PLY_001791_LN,PLY_001791,1,LIVE_NORMAL,61,12,10,0,TRUE,1993
KT_1993_PLY_001792_AS,PLY_001792,3,ALLSTAR,77,24,10,10,TRUE,1993
KT_1997_PLY_001792_EPIC,PLY_001792,2,LIVE_EPIC,67,18,10,0,TRUE,1997
KT_1999_PLY_001792_AS,PLY_001792,3,ALLSTAR,74,24,10,10,TRUE,1999
KT_2019_PLY_001793_EPIC,PLY_001793,2,LIVE_EPIC,74,18,10,0,TRUE,2019
KT_2019_PLY_001793_LN,PLY_001793,1,LIVE_NORMAL,56,12,10,0,TRUE,2019
KT_2026_PLY_001793_AS,PLY_001793,3,ALLSTAR,76,24,10,10,TRUE,2026
KT_2017_PLY_001793_LN,PLY_001793,1,LIVE_NORMAL,66,12,10,0,TRUE,2017
KT_2006_PLY_001794_LN,PLY_001794,1,LIVE_NORMAL,68,12,10,0,TRUE,2006
KT_2011_PLY_001794_LN,PLY_001794,1,LIVE_NORMAL,64,12,10,0,TRUE,2011
KT_2004_PLY_001794_AS,PLY_001794,3,ALLSTAR,76,24,10,10,TRUE,2004
KT_2002_PLY_001794_AS,PLY_001794,3,ALLSTAR,77,24,10,10,TRUE,2002
KT_2007_PLY_001795_SIG,PLY_001795,6,SIGNATURE,90,40,10,10,FALSE,2007
KT_2000_PLY_001795_LN,PLY_001795,1,LIVE_NORMAL,63,12,10,0,TRUE,2000
KT_2010_PLY_001795_TH,PLY_001795,4,TITLE_HOLDER,86,30,10,10,FALSE,2010
KT_2004_PLY_001795_EPIC,PLY_001795,2,LIVE_EPIC,74,18,10,0,TRUE,2004
KT_2000_PLY_001795_EPIC,PLY_001795,2,LIVE_EPIC,75,18,10,0,TRUE,2000
KT_2005_PLY_001795_LN,PLY_001795,1,LIVE_NORMAL,60,12,10,0,TRUE,2005
KT_2023_PLY_001796_LN,PLY_001796,1,LIVE_NORMAL,66,12,10,0,TRUE,2023
KT_2025_PLY_001796_LN,PLY_001796,1,LIVE_NORMAL,61,12,10,0,TRUE,2025
KT_2025_PLY_001796_EPIC,PLY_001796,2,LIVE_EPIC,67,18,10,0,TRUE,2025
KT_2024_PLY_001796_LN,PLY_001796,1,LIVE_NORMAL,55,12,10,0,TRUE,2024
KT_2026_PLY_001796_EPIC,PLY_001796,2,LIVE_EPIC,70,18,10,0,TRUE,2026
KT_2016_PLY_001797_LN,PLY_001797,1,LIVE_NORMAL,61,12,10,0,TRUE,2016
KT_2015_PLY_001797_AS,PLY_001797,3,ALLSTAR,80,24,10,10,TRUE,2015
KT_2024_PLY_001797_LN,PLY_001797,1,LIVE_NORMAL,64,12,10,0,TRUE,2024
KT_2025_PLY_001797_LN,PLY_001797,1,LIVE_NORMAL,56,12,10,0,TRUE,2025
KT_2024_PLY_001797_GG,PLY_001797,7,GOLDEN_GLOVE,88,35,10,10,FALSE,2024
KT_2026_PLY_001797_LN,PLY_001797,1,LIVE_NORMAL,60,12,10,0,TRUE,2026
KT_2018_PLY_001797_EPIC,PLY_001797,2,LIVE_EPIC,70,18,10,0,TRUE,2018
KT_2017_PLY_001797_EPIC,PLY_001797,2,LIVE_EPIC,67,18,10,0,TRUE,2017
KT_2023_PLY_001797_AS,PLY_001797,3,ALLSTAR,77,24,10,10,TRUE,2023
KT_2019_PLY_001797_AS,PLY_001797,3,ALLSTAR,74,24,10,10,TRUE,2019
KT_2020_PLY_001797_AS,PLY_001797,3,ALLSTAR,80,24,10,10,TRUE,2020
KT_2008_PLY_001798_LN,PLY_001798,1,LIVE_NORMAL,63,12,10,0,TRUE,2008
KT_2011_PLY_001798_EPIC,PLY_001798,2,LIVE_EPIC,68,18,10,0,TRUE,2011
KT_2009_PLY_001798_TH,PLY_001798,4,TITLE_HOLDER,84,30,10,10,FALSE,2009
KT_2011_PLY_001798_LN,PLY_001798,1,LIVE_NORMAL,59,12,10,0,TRUE,2011
KT_2009_PLY_001798_LN,PLY_001798,1,LIVE_NORMAL,67,12,10,0,TRUE,2009
KT_2010_PLY_001798_EPIC,PLY_001798,2,LIVE_EPIC,67,18,10,0,TRUE,2010
KT_2010_PLY_001798_LN,PLY_001798,1,LIVE_NORMAL,63,12,10,0,TRUE,2010
KT_2024_PLY_001799_EPIC,PLY_001799,2,LIVE_EPIC,70,18,10,0,TRUE,2024
KT_2026_PLY_001799_AS,PLY_001799,3,ALLSTAR,82,24,10,10,TRUE,2026
KT_2023_PLY_001799_TH,PLY_001799,4,TITLE_HOLDER,84,30,10,10,FALSE,2023
KT_2023_PLY_001799_LN,PLY_001799,1,LIVE_NORMAL,60,12,10,0,TRUE,2023
KT_2026_PLY_001799_LN,PLY_001799,1,LIVE_NORMAL,68,12,10,0,TRUE,2026
KT_2000_PLY_001800_EPIC,PLY_001800,2,LIVE_EPIC,68,18,10,0,TRUE,2000
KT_2001_PLY_001800_EPIC,PLY_001800,2,LIVE_EPIC,73,18,10,0,TRUE,2001
KT_2000_PLY_001800_TH,PLY_001800,4,TITLE_HOLDER,80,30,10,10,FALSE,2000
KT_1998_PLY_001800_EPIC,PLY_001800,2,LIVE_EPIC,68,18,10,0,TRUE,1998
KT_2000_PLY_001800_SIG,PLY_001800,6,SIGNATURE,93,40,10,10,FALSE,2000
KT_1999_PLY_001800_LN,PLY_001800,1,LIVE_NORMAL,63,12,10,0,TRUE,1999
KT_2001_PLY_001800_TH,PLY_001800,4,TITLE_HOLDER,86,30,10,10,FALSE,2001
KT_2017_PLY_001801_GG,PLY_001801,7,GOLDEN_GLOVE,84,35,10,10,FALSE,2017
KT_2022_PLY_001801_EPIC,PLY_001801,2,LIVE_EPIC,66,18,10,0,TRUE,2022
KT_2019_PLY_001801_LN,PLY_001801,1,LIVE_NORMAL,66,12,10,0,TRUE,2019
KT_2015_PLY_001801_LN,PLY_001801,1,LIVE_NORMAL,64,12,10,0,TRUE,2015
KT_2006_PLY_001802_EPIC,PLY_001802,2,LIVE_EPIC,71,18,10,0,TRUE,2006
KT_2006_PLY_001802_LN,PLY_001802,1,LIVE_NORMAL,63,12,10,0,TRUE,2006
KT_2010_PLY_001802_LN,PLY_001802,1,LIVE_NORMAL,58,12,10,0,TRUE,2010
KT_2004_PLY_001802_LN,PLY_001802,1,LIVE_NORMAL,56,12,10,0,TRUE,2004
KT_2008_PLY_001802_EPIC,PLY_001802,2,LIVE_EPIC,73,18,10,0,TRUE,2008
KT_2003_PLY_001803_TH,PLY_001803,4,TITLE_HOLDER,83,30,10,10,FALSE,2003
KT_2009_PLY_001803_EPIC,PLY_001803,2,LIVE_EPIC,74,18,10,0,TRUE,2009
KT_2007_PLY_001803_EPIC,PLY_001803,2,LIVE_EPIC,68,18,10,0,TRUE,2007
KT_2021_PLY_001804_LN,PLY_001804,1,LIVE_NORMAL,66,12,10,0,TRUE,2021
KT_2019_PLY_001804_LN,PLY_001804,1,LIVE_NORMAL,65,12,10,0,TRUE,2019
KT_2018_PLY_001804_LN,PLY_001804,1,LIVE_NORMAL,60,12,10,0,TRUE,2018
KT_2021_PLY_001804_EPIC,PLY_001804,2,LIVE_EPIC,66,18,10,0,TRUE,2021
KT_2018_PLY_001804_EPIC,PLY_001804,2,LIVE_EPIC,71,18,10,0,TRUE,2018
KT_2020_PLY_001804_SIG,PLY_001804,6,SIGNATURE,89,40,10,10,FALSE,2020
KT_2018_PLY_001804_AS,PLY_001804,3,ALLSTAR,78,24,10,10,TRUE,2018
KT_2020_PLY_001804_EPIC,PLY_001804,2,LIVE_EPIC,72,18,10,0,TRUE,2020
KT_2009_PLY_001805_AS,PLY_001805,3,ALLSTAR,77,24,10,10,TRUE,2009
KT_2012_PLY_001805_LN,PLY_001805,1,LIVE_NORMAL,67,12,10,0,TRUE,2012
KT_2005_PLY_001805_TH,PLY_001805,4,TITLE_HOLDER,81,30,10,10,FALSE,2005
KT_2010_PLY_001805_GG,PLY_001805,7,GOLDEN_GLOVE,89,35,10,10,FALSE,2010
KT_2008_PLY_001805_TH,PLY_001805,4,TITLE_HOLDER,81,30,10,10,FALSE,2008
KT_2016_PLY_001806_LN,PLY_001806,1,LIVE_NORMAL,60,12,10,0,TRUE,2016
KT_2009_PLY_001806_LN,PLY_001806,1,LIVE_NORMAL,55,12,10,0,TRUE,2009
KT_2015_PLY_001806_GG,PLY_001806,7,GOLDEN_GLOVE,85,35,10,10,FALSE,2015
KT_2011_PLY_001806_LN,PLY_001806,1,LIVE_NORMAL,60,12,10,0,TRUE,2011
KT_2008_PLY_001806_LN,PLY_001806,1,LIVE_NORMAL,58,12,10,0,TRUE,2008
KT_2016_PLY_001806_EPIC,PLY_001806,2,LIVE_EPIC,65,18,10,0,TRUE,2016
KT_2010_PLY_001806_AS,PLY_001806,3,ALLSTAR,76,24,10,10,TRUE,2010
KT_2007_PLY_001807_LN,PLY_001807,1,LIVE_NORMAL,60,12,10,0,TRUE,2007
KT_1998_PLY_001807_SIG,PLY_001807,6,SIGNATURE,90,40,10,10,FALSE,1998
KT_2001_PLY_001807_TH,PLY_001807,4,TITLE_HOLDER,82,30,10,10,FALSE,2001
KT_2003_PLY_001807_EPIC,PLY_001807,2,LIVE_EPIC,72,18,10,0,TRUE,2003
KT_2008_PLY_001807_GG,PLY_001807,7,GOLDEN_GLOVE,89,35,10,10,FALSE,2008
KT_1991_PLY_001807_AS,PLY_001807,3,ALLSTAR,75,24,10,10,TRUE,1991
KT_2005_PLY_001807_EPIC,PLY_001807,2,LIVE_EPIC,70,18,10,0,TRUE,2005
KT_1991_PLY_001807_LN,PLY_001807,1,LIVE_NORMAL,65,12,10,0,TRUE,1991
KT_2025_PLY_001808_LN,PLY_001808,1,LIVE_NORMAL,57,12,10,0,TRUE,2025
KT_2022_PLY_001808_EPIC,PLY_001808,2,LIVE_EPIC,75,18,10,0,TRUE,2022
KT_2023_PLY_001808_AS,PLY_001808,3,ALLSTAR,79,24,10,10,TRUE,2023
KT_2024_PLY_001808_LN,PLY_001808,1,LIVE_NORMAL,58,12,10,0,TRUE,2024
KT_2005_PLY_001809_TH,PLY_001809,4,TITLE_HOLDER,80,30,10,10,FALSE,2005
KT_2006_PLY_001809_LN,PLY_001809,1,LIVE_NORMAL,65,12,10,0,TRUE,2006
KT_2003_PLY_001809_LN,PLY_001809,1,LIVE_NORMAL,60,12,10,0,TRUE,2003
KT_1996_PLY_001809_LN,PLY_001809,1,LIVE_NORMAL,58,12,10,0,TRUE,1996
KT_2004_PLY_001809_AS,PLY_001809,3,ALLSTAR,80,24,10,10,TRUE,2004
KT_2003_PLY_001809_TH,PLY_001809,4,TITLE_HOLDER,83,30,10,10,FALSE,2003
KT_1996_PLY_001809_TH,PLY_001809,4,TITLE_HOLDER,81,30,10,10,FALSE,1996
KT_2001_PLY_001809_AS,PLY_001809,3,ALLSTAR,76,24,10,10,TRUE,2001
KT_2001_PLY_001809_LN,PLY_001809,1,LIVE_NORMAL,56,12,10,0,TRUE,2001
KT_2026_PLY_001810_LN,PLY_001810,1,LIVE_NORMAL,62,12,10,0,TRUE,2026
KT_2023_PLY_001810_TH,PLY_001810,4,TITLE_HOLDER,85,30,10,10,FALSE,2023
KT_2023_PLY_001810_LN,PLY_001810,1,LIVE_NORMAL,56,12,10,0,TRUE,2023
KT_2024_PLY_001810_AS,PLY_001810,3,ALLSTAR,77,24,10,10,TRUE,2024
KT_1994_PLY_001811_TH,PLY_001811,4,TITLE_HOLDER,80,30,10,10,FALSE,1994
KT_1995_PLY_001811_LN,PLY_001811,1,LIVE_NORMAL,66,12,10,0,TRUE,1995
KT_1996_PLY_001811_AS,PLY_001811,3,ALLSTAR,78,24,10,10,TRUE,1996
KT_1993_PLY_001811_TH,PLY_001811,4,TITLE_HOLDER,81,30,10,10,FALSE,1993
KT_1995_PLY_001811_EPIC,PLY_001811,2,LIVE_EPIC,65,18,10,0,TRUE,1995
KT_2026_PLY_001812_EPIC,PLY_001812,2,LIVE_EPIC,70,18,10,0,TRUE,2026
KT_2023_PLY_001812_LN,PLY_001812,1,LIVE_NORMAL,62,12,10,0,TRUE,2023
KT_2022_PLY_001812_LN,PLY_001812,1,LIVE_NORMAL,62,12,10,0,TRUE,2022
KT_2021_PLY_001812_TH,PLY_001812,4,TITLE_HOLDER,83,30,10,10,FALSE,2021
KT_2026_PLY_001812_LN,PLY_001812,1,LIVE_NORMAL,63,12,10,0,TRUE,2026
KT_2024_PLY_001812_EPIC,PLY_001812,2,LIVE_EPIC,66,18,10,0,TRUE,2024
KT_2025_PLY_001812_LN,PLY_001812,1,LIVE_NORMAL,57,12,10,0,TRUE,2025
KT_2021_PLY_001812_GG,PLY_001812,7,GOLDEN_GLOVE,88,35,10,10,FALSE,2021
KT_2022_PLY_001812_EPIC,PLY_001812,2,LIVE_EPIC,65,18,10,0,TRUE,2022
KT_2023_PLY_001813_AS,PLY_001813,3,ALLSTAR,78,24,10,10,TRUE,2023
KT_2024_PLY_001813_EPIC,PLY_001813,2,LIVE_EPIC,68,18,10,0,TRUE,2024
KT_2021_PLY_001813_LN,PLY_001813,1,LIVE_NORMAL,62,12,10,0,TRUE,2021
KT_2019_PLY_001813_EPIC,PLY_001813,2,LIVE_EPIC,72,18,10,0,TRUE,2019
KT_2022_PLY_001813_LN,PLY_001813,1,LIVE_NORMAL,61,12,10,0,TRUE,2022
KT_2024_PLY_001813_LN,PLY_001813,1,LIVE_NORMAL,64,12,10,0,TRUE,2024
KT_2024_PLY_001814_EPIC,PLY_001814,2,LIVE_EPIC,75,18,10,0,TRUE,2024
KT_2007_PLY_001814_TH,PLY_001814,4,TITLE_HOLDER,81,30,10,10,FALSE,2007
KT_2015_PLY_001814_LN,PLY_001814,1,LIVE_NORMAL,61,12,10,0,TRUE,2015
KT_2004_PLY_001815_EPIC,PLY_001815,2,LIVE_EPIC,69,18,10,0,TRUE,2004
KT_1994_PLY_001815_LN,PLY_001815,1,LIVE_NORMAL,65,12,10,0,TRUE,1994
KT_2000_PLY_001815_TH,PLY_001815,4,TITLE_HOLDER,82,30,10,10,FALSE,2000
KT_2010_PLY_001816_EPIC,PLY_001816,2,LIVE_EPIC,75,18,10,0,TRUE,2010
KT_2010_PLY_001816_AS,PLY_001816,3,ALLSTAR,79,24,10,10,TRUE,2010
KT_2019_PLY_001817_TH,PLY_001817,4,TITLE_HOLDER,84,30,10,10,FALSE,2019
KT_2021_PLY_001817_GG,PLY_001817,7,GOLDEN_GLOVE,83,35,10,10,FALSE,2021
KT_2018_PLY_001817_EPIC,PLY_001817,2,LIVE_EPIC,73,18,10,0,TRUE,2018
KT_2013_PLY_001817_AS,PLY_001817,3,ALLSTAR,83,24,10,10,TRUE,2013
KT_2021_PLY_001817_LN,PLY_001817,1,LIVE_NORMAL,58,12,10,0,TRUE,2021
KT_2013_PLY_001817_LN,PLY_001817,1,LIVE_NORMAL,61,12,10,0,TRUE,2013
KT_2017_PLY_001817_LN,PLY_001817,1,LIVE_NORMAL,65,12,10,0,TRUE,2017
KT_2023_PLY_001818_EPIC,PLY_001818,2,LIVE_EPIC,65,18,10,0,TRUE,2023
KT_2018_PLY_001818_GG,PLY_001818,7,GOLDEN_GLOVE,90,35,10,10,FALSE,2018
KT_2023_PLY_001818_TH,PLY_001818,4,TITLE_HOLDER,82,30,10,10,FALSE,2023
KT_2025_PLY_001818_LN,PLY_001818,1,LIVE_NORMAL,57,12,10,0,TRUE,2025
KT_2024_PLY_001818_TH,PLY_001818,4,TITLE_HOLDER,85,30,10,10,FALSE,2024
KT_2023_PLY_001818_LN,PLY_001818,1,LIVE_NORMAL,62,12,10,0,TRUE,2023
KT_2018_PLY_001818_TH,PLY_001818,4,TITLE_HOLDER,82,30,10,10,FALSE,2018
KT_2024_PLY_001818_AS,PLY_001818,3,ALLSTAR,80,24,10,10,TRUE,2024
KT_2026_PLY_001818_LN,PLY_001818,1,LIVE_NORMAL,61,12,10,0,TRUE,2026
KT_2025_PLY_001818_EPIC,PLY_001818,2,LIVE_EPIC,69,18,10,0,TRUE,2025
KT_2022_PLY_001818_EPIC,PLY_001818,2,LIVE_EPIC,69,18,10,0,TRUE,2022
KT_2023_PLY_001818_AS,PLY_001818,3,ALLSTAR,74,24,10,10,TRUE,2023
KT_1988_PLY_001819_LN,PLY_001819,1,LIVE_NORMAL,62,12,10,0,TRUE,1988
KT_1989_PLY_001819_EPIC,PLY_001819,2,LIVE_EPIC,70,18,10,0,TRUE,1989
KT_1986_PLY_001819_EPIC,PLY_001819,2,LIVE_EPIC,70,18,10,0,TRUE,1986
KT_1987_PLY_001819_EPIC,PLY_001819,2,LIVE_EPIC,69,18,10,0,TRUE,1987
KT_2000_PLY_001820_GG,PLY_001820,7,GOLDEN_GLOVE,83,35,10,10,FALSE,2000
KT_2012_PLY_001820_AS,PLY_001820,3,ALLSTAR,80,24,10,10,TRUE,2012
KT_2001_PLY_001820_GG,PLY_001820,7,GOLDEN_GLOVE,86,35,10,10,FALSE,2001
KT_2014_PLY_001821_LN,PLY_001821,1,LIVE_NORMAL,61,12,10,0,TRUE,2014
KT_2017_PLY_001821_EPIC,PLY_001821,2,LIVE_EPIC,68,18,10,0,TRUE,2017
KT_2020_PLY_001821_LN,PLY_001821,1,LIVE_NORMAL,68,12,10,0,TRUE,2020
KT_2018_PLY_001821_AS,PLY_001821,3,ALLSTAR,76,24,10,10,TRUE,2018
KT_2013_PLY_001821_LN,PLY_001821,1,LIVE_NORMAL,55,12,10,0,TRUE,2013
KT_1996_PLY_001822_EPIC,PLY_001822,2,LIVE_EPIC,69,18,10,0,TRUE,1996
KT_1998_PLY_001822_LN,PLY_001822,1,LIVE_NORMAL,60,12,10,0,TRUE,1998
KT_1996_PLY_001822_LN,PLY_001822,1,LIVE_NORMAL,67,12,10,0,TRUE,1996
KT_1999_PLY_001822_LN,PLY_001822,1,LIVE_NORMAL,65,12,10,0,TRUE,1999
KT_1997_PLY_001822_TH,PLY_001822,4,TITLE_HOLDER,82,30,10,10,FALSE,1997
KT_1998_PLY_001822_EPIC,PLY_001822,2,LIVE_EPIC,69,18,10,0,TRUE,1998
KT_1997_PLY_001822_LN,PLY_001822,1,LIVE_NORMAL,55,12,10,0,TRUE,1997
KT_1998_PLY_001822_TH,PLY_001822,4,TITLE_HOLDER,84,30,10,10,FALSE,1998
KT_2022_PLY_001823_SIG,PLY_001823,6,SIGNATURE,87,40,10,10,FALSE,2022
KT_2025_PLY_001823_EPIC,PLY_001823,2,LIVE_EPIC,69,18,10,0,TRUE,2025
KT_2022_PLY_001823_EPIC,PLY_001823,2,LIVE_EPIC,67,18,10,0,TRUE,2022
KT_2001_PLY_001824_LN,PLY_001824,1,LIVE_NORMAL,60,12,10,0,TRUE,2001
KT_1997_PLY_001824_GG,PLY_001824,7,GOLDEN_GLOVE,88,35,10,10,FALSE,1997
KT_1998_PLY_001824_EPIC,PLY_001824,2,LIVE_EPIC,76,18,10,0,TRUE,1998
KT_2016_PLY_001825_LN,PLY_001825,1,LIVE_NORMAL,61,12,10,0,TRUE,2016
KT_2025_PLY_001825_LN,PLY_001825,1,LIVE_NORMAL,68,12,10,0,TRUE,2025
KT_2017_PLY_001825_LN,PLY_001825,1,LIVE_NORMAL,61,12,10,0,TRUE,2017
KT_2005_PLY_001826_LN,PLY_001826,1,LIVE_NORMAL,58,12,10,0,TRUE,2005
KT_2020_PLY_001826_TH,PLY_001826,4,TITLE_HOLDER,81,30,10,10,FALSE,2020
KT_2024_PLY_001826_TH,PLY_001826,4,TITLE_HOLDER,81,30,10,10,FALSE,2024
KT_2021_PLY_001826_LN,PLY_001826,1,LIVE_NORMAL,61,12,10,0,TRUE,2021
KT_2007_PLY_001826_AS,PLY_001826,3,ALLSTAR,78,24,10,10,TRUE,2007
KT_2008_PLY_001826_LN,PLY_001826,1,LIVE_NORMAL,59,12,10,0,TRUE,2008
KT_2018_PLY_001826_GG,PLY_001826,7,GOLDEN_GLOVE,88,35,10,10,FALSE,2018
KT_2021_PLY_001826_TH,PLY_001826,4,TITLE_HOLDER,80,30,10,10,FALSE,2021
KT_2010_PLY_001826_AS,PLY_001826,3,ALLSTAR,75,24,10,10,TRUE,2010
KT_2011_PLY_001826_LN,PLY_001826,1,LIVE_NORMAL,68,12,10,0,TRUE,2011
KT_2009_PLY_001827_LN,PLY_001827,1,LIVE_NORMAL,57,12,10,0,TRUE,2009
KT_2010_PLY_001827_AS,PLY_001827,3,ALLSTAR,75,24,10,10,TRUE,2010
KT_2009_PLY_001827_AS,PLY_001827,3,ALLSTAR,75,24,10,10,TRUE,2009
KT_2008_PLY_001827_EPIC,PLY_001827,2,LIVE_EPIC,72,18,10,0,TRUE,2008
KT_2008_PLY_001827_AS,PLY_001827,3,ALLSTAR,81,24,10,10,TRUE,2008
KT_2006_PLY_001827_EPIC,PLY_001827,2,LIVE_EPIC,68,18,10,0,TRUE,2006
KT_2010_PLY_001827_EPIC,PLY_001827,2,LIVE_EPIC,76,18,10,0,TRUE,2010
KT_2006_PLY_001828_GG,PLY_001828,7,GOLDEN_GLOVE,85,35,10,10,FALSE,2006
KT_2007_PLY_001828_AS,PLY_001828,3,ALLSTAR,75,24,10,10,TRUE,2007
KT_2007_PLY_001828_EPIC,PLY_001828,2,LIVE_EPIC,68,18,10,0,TRUE,2007
KT_2008_PLY_001828_AS,PLY_001828,3,ALLSTAR,82,24,10,10,TRUE,2008
KT_2006_PLY_001828_LN,PLY_001828,1,LIVE_NORMAL,55,12,10,0,TRUE,2006
KT_2005_PLY_001828_LN,PLY_001828,1,LIVE_NORMAL,65,12,10,0,TRUE,2005
KT_2021_PLY_001829_TH,PLY_001829,4,TITLE_HOLDER,85,30,10,10,FALSE,2021
KT_2019_PLY_001829_AS,PLY_001829,3,ALLSTAR,80,24,10,10,TRUE,2019
KT_2014_PLY_001829_GG,PLY_001829,7,GOLDEN_GLOVE,83,35,10,10,FALSE,2014
KT_2021_PLY_001829_LN,PLY_001829,1,LIVE_NORMAL,57,12,10,0,TRUE,2021
KT_2020_PLY_001829_EPIC,PLY_001829,2,LIVE_EPIC,72,18,10,0,TRUE,2020
KT_2026_PLY_001829_LN,PLY_001829,1,LIVE_NORMAL,61,12,10,0,TRUE,2026
KT_2013_PLY_001829_LN,PLY_001829,1,LIVE_NORMAL,64,12,10,0,TRUE,2013
KT_2014_PLY_001829_EPIC,PLY_001829,2,LIVE_EPIC,76,18,10,0,TRUE,2014
KT_2018_PLY_001829_EPIC,PLY_001829,2,LIVE_EPIC,71,18,10,0,TRUE,2018
KT_2023_PLY_001829_TH,PLY_001829,4,TITLE_HOLDER,84,30,10,10,FALSE,2023
KT_2022_PLY_001830_TH,PLY_001830,4,TITLE_HOLDER,83,30,10,10,FALSE,2022
KT_2024_PLY_001830_LN,PLY_001830,1,LIVE_NORMAL,61,12,10,0,TRUE,2024
KT_2021_PLY_001830_SIG,PLY_001830,6,SIGNATURE,90,40,10,10,FALSE,2021
KT_2024_PLY_001830_GG,PLY_001830,7,GOLDEN_GLOVE,84,35,10,10,FALSE,2024
KT_2023_PLY_001830_LN,PLY_001830,1,LIVE_NORMAL,56,12,10,0,TRUE,2023
KT_2025_PLY_001830_EPIC,PLY_001830,2,LIVE_EPIC,68,18,10,0,TRUE,2025
KT_2023_PLY_001830_GG,PLY_001830,7,GOLDEN_GLOVE,84,35,10,10,FALSE,2023
KT_2022_PLY_001830_LN,PLY_001830,1,LIVE_NORMAL,66,12,10,0,TRUE,2022
KT_2021_PLY_001830_EPIC,PLY_001830,2,LIVE_EPIC,67,18,10,0,TRUE,2021
KT_2024_PLY_001830_TH,PLY_001830,4,TITLE_HOLDER,82,30,10,10,FALSE,2024
KT_2026_PLY_001830_LN,PLY_001830,1,LIVE_NORMAL,55,12,10,0,TRUE,2026
KT_1996_PLY_001831_LN,PLY_001831,1,LIVE_NORMAL,67,12,10,0,TRUE,1996
KT_2005_PLY_001831_AS,PLY_001831,3,ALLSTAR,74,24,10,10,TRUE,2005
KT_2018_PLY_001832_AS,PLY_001832,3,ALLSTAR,77,24,10,10,TRUE,2018
KT_2014_PLY_001832_GG,PLY_001832,7,GOLDEN_GLOVE,83,35,10,10,FALSE,2014
KT_2017_PLY_001832_TH,PLY_001832,4,TITLE_HOLDER,84,30,10,10,FALSE,2017
KT_2018_PLY_001832_TH,PLY_001832,4,TITLE_HOLDER,83,30,10,10,FALSE,2018
KT_1999_PLY_001833_AS,PLY_001833,3,ALLSTAR,77,24,10,10,TRUE,1999
KT_1998_PLY_001833_AS,PLY_001833,3,ALLSTAR,79,24,10,10,TRUE,1998
KT_1999_PLY_001833_LN,PLY_001833,1,LIVE_NORMAL,59,12,10,0,TRUE,1999
KT_2000_PLY_001833_EPIC,PLY_001833,2,LIVE_EPIC,66,18,10,0,TRUE,2000
KT_2002_PLY_001833_LN,PLY_001833,1,LIVE_NORMAL,61,12,10,0,TRUE,2002
KT_2003_PLY_001833_GG,PLY_001833,7,GOLDEN_GLOVE,85,35,10,10,FALSE,2003
KT_2000_PLY_001833_AS,PLY_001833,3,ALLSTAR,80,24,10,10,TRUE,2000
KT_2002_PLY_001833_EPIC,PLY_001833,2,LIVE_EPIC,65,18,10,0,TRUE,2002
KT_2022_PLY_001834_LN,PLY_001834,1,LIVE_NORMAL,64,12,10,0,TRUE,2022
KT_2015_PLY_001834_LN,PLY_001834,1,LIVE_NORMAL,56,12,10,0,TRUE,2015
KT_2019_PLY_001834_SIG,PLY_001834,6,SIGNATURE,92,40,10,10,FALSE,2019
KT_2021_PLY_001834_EPIC,PLY_001834,2,LIVE_EPIC,71,18,10,0,TRUE,2021
KT_2026_PLY_001834_EPIC,PLY_001834,2,LIVE_EPIC,73,18,10,0,TRUE,2026
KT_2013_PLY_001834_GG,PLY_001834,7,GOLDEN_GLOVE,86,35,10,10,FALSE,2013
KT_2022_PLY_001834_TH,PLY_001834,4,TITLE_HOLDER,84,30,10,10,FALSE,2022
KT_2016_PLY_001834_AS,PLY_001834,3,ALLSTAR,79,24,10,10,TRUE,2016
KT_2015_PLY_001834_TH,PLY_001834,4,TITLE_HOLDER,82,30,10,10,FALSE,2015
KT_2021_PLY_001834_LN,PLY_001834,1,LIVE_NORMAL,57,12,10,0,TRUE,2021
KT_2014_PLY_001835_AS,PLY_001835,3,ALLSTAR,81,24,10,10,TRUE,2014
KT_2006_PLY_001835_TH,PLY_001835,4,TITLE_HOLDER,86,30,10,10,FALSE,2006
KT_2011_PLY_001835_GG,PLY_001835,7,GOLDEN_GLOVE,90,35,10,10,FALSE,2011
KT_2017_PLY_001835_SIG,PLY_001835,6,SIGNATURE,87,40,10,10,FALSE,2017
KT_2007_PLY_001835_LN,PLY_001835,1,LIVE_NORMAL,62,12,10,0,TRUE,2007
KT_2014_PLY_001835_LN,PLY_001835,1,LIVE_NORMAL,68,12,10,0,TRUE,2014
KT_2009_PLY_001835_LN,PLY_001835,1,LIVE_NORMAL,55,12,10,0,TRUE,2009
KT_2017_PLY_001835_AS,PLY_001835,3,ALLSTAR,78,24,10,10,TRUE,2017
KT_2019_PLY_001835_LN,PLY_001835,1,LIVE_NORMAL,60,12,10,0,TRUE,2019
KT_2012_PLY_001835_LN,PLY_001835,1,LIVE_NORMAL,56,12,10,0,TRUE,2012
KT_2007_PLY_001836_LN,PLY_001836,1,LIVE_NORMAL,65,12,10,0,TRUE,2007
KT_2003_PLY_001836_AS,PLY_001836,3,ALLSTAR,81,24,10,10,TRUE,2003
KT_2003_PLY_001836_EPIC,PLY_001836,2,LIVE_EPIC,67,18,10,0,TRUE,2003
KT_2013_PLY_001836_TH,PLY_001836,4,TITLE_HOLDER,84,30,10,10,FALSE,2013
KT_2016_PLY_001836_SIG,PLY_001836,6,SIGNATURE,93,40,10,10,FALSE,2016
KT_2002_PLY_001837_LN,PLY_001837,1,LIVE_NORMAL,62,12,10,0,TRUE,2002
KT_1990_PLY_001837_LN,PLY_001837,1,LIVE_NORMAL,64,12,10,0,TRUE,1990
KT_2000_PLY_001837_LN,PLY_001837,1,LIVE_NORMAL,59,12,10,0,TRUE,2000
KT_2006_PLY_001837_AS,PLY_001837,3,ALLSTAR,77,24,10,10,TRUE,2006
KT_1994_PLY_001837_AS,PLY_001837,3,ALLSTAR,81,24,10,10,TRUE,1994
KT_1995_PLY_001837_EPIC,PLY_001837,2,LIVE_EPIC,69,18,10,0,TRUE,1995
KT_1990_PLY_001837_EPIC,PLY_001837,2,LIVE_EPIC,68,18,10,0,TRUE,1990
KT_2012_PLY_001838_AS,PLY_001838,3,ALLSTAR,78,24,10,10,TRUE,2012
KT_2018_PLY_001838_EPIC,PLY_001838,2,LIVE_EPIC,65,18,10,0,TRUE,2018
KT_2018_PLY_001838_LN,PLY_001838,1,LIVE_NORMAL,58,12,10,0,TRUE,2018
KT_2023_PLY_001838_EPIC,PLY_001838,2,LIVE_EPIC,67,18,10,0,TRUE,2023
KT_2015_PLY_001838_LN,PLY_001838,1,LIVE_NORMAL,58,12,10,0,TRUE,2015
KT_2013_PLY_001838_SIG,PLY_001838,6,SIGNATURE,93,40,10,10,FALSE,2013
KT_2020_PLY_001838_LN,PLY_001838,1,LIVE_NORMAL,68,12,10,0,TRUE,2020
KT_2022_PLY_001838_AS,PLY_001838,3,ALLSTAR,82,24,10,10,TRUE,2022
KT_2015_PLY_001838_AS,PLY_001838,3,ALLSTAR,78,24,10,10,TRUE,2015
KT_2015_PLY_001839_EPIC,PLY_001839,2,LIVE_EPIC,66,18,10,0,TRUE,2015
KT_2024_PLY_001839_LN,PLY_001839,1,LIVE_NORMAL,58,12,10,0,TRUE,2024
KT_2020_PLY_001839_EPIC,PLY_001839,2,LIVE_EPIC,71,18,10,0,TRUE,2020
KT_2024_PLY_001839_EPIC,PLY_001839,2,LIVE_EPIC,69,18,10,0,TRUE,2024
KT_2016_PLY_001839_TH,PLY_001839,4,TITLE_HOLDER,85,30,10,10,FALSE,2016
KT_2018_PLY_001839_LN,PLY_001839,1,LIVE_NORMAL,56,12,10,0,TRUE,2018
KT_2026_PLY_001839_LN,PLY_001839,1,LIVE_NORMAL,62,12,10,0,TRUE,2026
KT_2022_PLY_001839_LN,PLY_001839,1,LIVE_NORMAL,65,12,10,0,TRUE,2022
KT_2016_PLY_001840_LN,PLY_001840,1,LIVE_NORMAL,62,12,10,0,TRUE,2016
KT_2017_PLY_001840_AS,PLY_001840,3,ALLSTAR,74,24,10,10,TRUE,2017
KT_2012_PLY_001840_LN,PLY_001840,1,LIVE_NORMAL,55,12,10,0,TRUE,2012
KT_2020_PLY_001840_EPIC,PLY_001840,2,LIVE_EPIC,65,18,10,0,TRUE,2020
KT_2020_PLY_001840_LN,PLY_001840,1,LIVE_NORMAL,67,12,10,0,TRUE,2020
KT_2008_PLY_001841_LN,PLY_001841,1,LIVE_NORMAL,61,12,10,0,TRUE,2008
KT_2000_PLY_001841_TH,PLY_001841,4,TITLE_HOLDER,87,30,10,10,FALSE,2000
KT_2004_PLY_001841_TH,PLY_001841,4,TITLE_HOLDER,84,30,10,10,FALSE,2004
KT_2006_PLY_001841_AS,PLY_001841,3,ALLSTAR,76,24,10,10,TRUE,2006
KT_1991_PLY_001841_EPIC,PLY_001841,2,LIVE_EPIC,69,18,10,0,TRUE,1991
KT_2005_PLY_001841_EPIC,PLY_001841,2,LIVE_EPIC,66,18,10,0,TRUE,2005
KT_2026_PLY_001842_AS,PLY_001842,3,ALLSTAR,76,24,10,10,TRUE,2026
KT_2025_PLY_001842_LN,PLY_001842,1,LIVE_NORMAL,57,12,10,0,TRUE,2025
KT_2000_PLY_001843_TH,PLY_001843,4,TITLE_HOLDER,83,30,10,10,FALSE,2000
KT_2003_PLY_001843_LN,PLY_001843,1,LIVE_NORMAL,68,12,10,0,TRUE,2003
KT_1998_PLY_001843_EPIC,PLY_001843,2,LIVE_EPIC,71,18,10,0,TRUE,1998
KT_2006_PLY_001843_AS,PLY_001843,3,ALLSTAR,79,24,10,10,TRUE,2006
KT_2004_PLY_001843_EPIC,PLY_001843,2,LIVE_EPIC,73,18,10,0,TRUE,2004
KT_2025_PLY_001844_LN,PLY_001844,1,LIVE_NORMAL,58,12,10,0,TRUE,2025
KT_2024_PLY_001844_EPIC,PLY_001844,2,LIVE_EPIC,68,18,10,0,TRUE,2024
KT_2023_PLY_001844_LN,PLY_001844,1,LIVE_NORMAL,65,12,10,0,TRUE,2023
KT_2024_PLY_001844_TH,PLY_001844,4,TITLE_HOLDER,87,30,10,10,FALSE,2024
KT_2011_PLY_001845_EPIC,PLY_001845,2,LIVE_EPIC,73,18,10,0,TRUE,2011
KT_2013_PLY_001845_LN,PLY_001845,1,LIVE_NORMAL,60,12,10,0,TRUE,2013
KT_2020_PLY_001845_TH,PLY_001845,4,TITLE_HOLDER,83,30,10,10,FALSE,2020
KT_2013_PLY_001845_EPIC,PLY_001845,2,LIVE_EPIC,71,18,10,0,TRUE,2013
KT_2011_PLY_001845_LN,PLY_001845,1,LIVE_NORMAL,63,12,10,0,TRUE,2011
KT_2021_PLY_001845_LN,PLY_001845,1,LIVE_NORMAL,57,12,10,0,TRUE,2021
KT_2019_PLY_001845_SIG,PLY_001845,6,SIGNATURE,92,40,10,10,FALSE,2019
KT_2005_PLY_001846_AS,PLY_001846,3,ALLSTAR,83,24,10,10,TRUE,2005
KT_2008_PLY_001846_LN,PLY_001846,1,LIVE_NORMAL,67,12,10,0,TRUE,2008
KT_2006_PLY_001846_LN,PLY_001846,1,LIVE_NORMAL,63,12,10,0,TRUE,2006
KT_1997_PLY_001846_GG,PLY_001846,7,GOLDEN_GLOVE,86,35,10,10,FALSE,1997
KT_2007_PLY_001846_LN,PLY_001846,1,LIVE_NORMAL,68,12,10,0,TRUE,2007
KT_1996_PLY_001846_SIG,PLY_001846,6,SIGNATURE,91,40,10,10,FALSE,1996
KT_2003_PLY_001846_LN,PLY_001846,1,LIVE_NORMAL,60,12,10,0,TRUE,2003
KT_2019_PLY_001847_LN,PLY_001847,1,LIVE_NORMAL,65,12,10,0,TRUE,2019
KT_2023_PLY_001847_EPIC,PLY_001847,2,LIVE_EPIC,67,18,10,0,TRUE,2023
KT_2021_PLY_001847_LN,PLY_001847,1,LIVE_NORMAL,64,12,10,0,TRUE,2021
KT_2023_PLY_001847_AS,PLY_001847,3,ALLSTAR,76,24,10,10,TRUE,2023
KT_2022_PLY_001847_AS,PLY_001847,3,ALLSTAR,81,24,10,10,TRUE,2022
KT_2024_PLY_001847_SIG,PLY_001847,6,SIGNATURE,94,40,10,10,FALSE,2024
KT_2021_PLY_001847_TH,PLY_001847,4,TITLE_HOLDER,81,30,10,10,FALSE,2021
KT_2021_PLY_001848_LN,PLY_001848,1,LIVE_NORMAL,59,12,10,0,TRUE,2021
KT_2019_PLY_001848_AS,PLY_001848,3,ALLSTAR,76,24,10,10,TRUE,2019
KT_2019_PLY_001848_LN,PLY_001848,1,LIVE_NORMAL,62,12,10,0,TRUE,2019
KT_2018_PLY_001848_LN,PLY_001848,1,LIVE_NORMAL,66,12,10,0,TRUE,2018
KT_2022_PLY_001848_LN,PLY_001848,1,LIVE_NORMAL,55,12,10,0,TRUE,2022
KT_2018_PLY_001848_TH,PLY_001848,4,TITLE_HOLDER,80,30,10,10,FALSE,2018
KT_2017_PLY_001848_LN,PLY_001848,1,LIVE_NORMAL,57,12,10,0,TRUE,2017
KT_2022_PLY_001848_EPIC,PLY_001848,2,LIVE_EPIC,68,18,10,0,TRUE,2022
KT_2018_PLY_001848_AS,PLY_001848,3,ALLSTAR,75,24,10,10,TRUE,2018
KT_2002_PLY_001849_LN,PLY_001849,1,LIVE_NORMAL,67,12,10,0,TRUE,2002
KT_2006_PLY_001849_TH,PLY_001849,4,TITLE_HOLDER,83,30,10,10,FALSE,2006
KT_2006_PLY_001849_SIG,PLY_001849,6,SIGNATURE,87,40,10,10,FALSE,2006
KT_2014_PLY_001850_LN,PLY_001850,1,LIVE_NORMAL,59,12,10,0,TRUE,2014
KT_2013_PLY_001850_LN,PLY_001850,1,LIVE_NORMAL,68,12,10,0,TRUE,2013
KT_1999_PLY_001851_EPIC,PLY_001851,2,LIVE_EPIC,75,18,10,0,TRUE,1999
KT_2003_PLY_001851_LN,PLY_001851,1,LIVE_NORMAL,60,12,10,0,TRUE,2003
KT_2009_PLY_001851_AS,PLY_001851,3,ALLSTAR,76,24,10,10,TRUE,2009
KT_1986_PLY_001852_EPIC,PLY_001852,2,LIVE_EPIC,70,18,10,0,TRUE,1986
KT_1987_PLY_001852_LN,PLY_001852,1,LIVE_NORMAL,58,12,10,0,TRUE,1987
KT_1988_PLY_001852_AS,PLY_001852,3,ALLSTAR,82,24,10,10,TRUE,1988
KT_1988_PLY_001852_SIG,PLY_001852,6,SIGNATURE,94,40,10,10,FALSE,1988
KT_2000_PLY_001852_GG,PLY_001852,7,GOLDEN_GLOVE,84,35,10,10,FALSE,2000
KT_1999_PLY_001852_LN,PLY_001852,1,LIVE_NORMAL,58,12,10,0,TRUE,1999
KT_2003_PLY_001852_SIG,PLY_001852,6,SIGNATURE,93,40,10,10,FALSE,2003
KT_1989_PLY_001852_AS,PLY_001852,3,ALLSTAR,78,24,10,10,TRUE,1989
KT_2002_PLY_001853_LN,PLY_001853,1,LIVE_NORMAL,55,12,10,0,TRUE,2002
KT_2001_PLY_001853_TH,PLY_001853,4,TITLE_HOLDER,80,30,10,10,FALSE,2001
KT_1996_PLY_001853_AS,PLY_001853,3,ALLSTAR,83,24,10,10,TRUE,1996
KT_1991_PLY_001853_LN,PLY_001853,1,LIVE_NORMAL,68,12,10,0,TRUE,1991
KT_1996_PLY_001853_TH,PLY_001853,4,TITLE_HOLDER,85,30,10,10,FALSE,1996
KT_1992_PLY_001853_EPIC,PLY_001853,2,LIVE_EPIC,66,18,10,0,TRUE,1992
KT_1997_PLY_001853_AS,PLY_001853,3,ALLSTAR,76,24,10,10,TRUE,1997
KT_2000_PLY_001853_SIG,PLY_001853,6,SIGNATURE,88,40,10,10,FALSE,2000
KT_1995_PLY_001853_LN,PLY_001853,1,LIVE_NORMAL,55,12,10,0,TRUE,1995
KT_2006_PLY_001853_EPIC,PLY_001853,2,LIVE_EPIC,76,18,10,0,TRUE,2006
KT_2006_PLY_001854_LN,PLY_001854,1,LIVE_NORMAL,56,12,10,0,TRUE,2006
KT_2007_PLY_001854_LN,PLY_001854,1,LIVE_NORMAL,66,12,10,0,TRUE,2007
KT_2007_PLY_001854_EPIC,PLY_001854,2,LIVE_EPIC,71,18,10,0,TRUE,2007
KT_2008_PLY_001854_EPIC,PLY_001854,2,LIVE_EPIC,65,18,10,0,TRUE,2008
KT_2008_PLY_001854_TH,PLY_001854,4,TITLE_HOLDER,86,30,10,10,FALSE,2008
KT_2004_PLY_001854_AS,PLY_001854,3,ALLSTAR,77,24,10,10,TRUE,2004
KT_2015_PLY_001855_AS,PLY_001855,3,ALLSTAR,79,24,10,10,TRUE,2015
KT_2024_PLY_001855_LN,PLY_001855,1,LIVE_NORMAL,55,12,10,0,TRUE,2024
KT_2021_PLY_001855_EPIC,PLY_001855,2,LIVE_EPIC,69,18,10,0,TRUE,2021
KT_2014_PLY_001855_LN,PLY_001855,1,LIVE_NORMAL,58,12,10,0,TRUE,2014
KT_2016_PLY_001855_LN,PLY_001855,1,LIVE_NORMAL,58,12,10,0,TRUE,2016
KT_2019_PLY_001855_LN,PLY_001855,1,LIVE_NORMAL,58,12,10,0,TRUE,2019
KT_2021_PLY_001855_LN,PLY_001855,1,LIVE_NORMAL,68,12,10,0,TRUE,2021
KT_2017_PLY_001855_TH,PLY_001855,4,TITLE_HOLDER,84,30,10,10,FALSE,2017
KT_2014_PLY_001855_AS,PLY_001855,3,ALLSTAR,74,24,10,10,TRUE,2014
KT_2017_PLY_001855_AS,PLY_001855,3,ALLSTAR,82,24,10,10,TRUE,2017
KT_1994_PLY_001856_LN,PLY_001856,1,LIVE_NORMAL,61,12,10,0,TRUE,1994
KT_1993_PLY_001856_LN,PLY_001856,1,LIVE_NORMAL,63,12,10,0,TRUE,1993
KT_1991_PLY_001856_LN,PLY_001856,1,LIVE_NORMAL,62,12,10,0,TRUE,1991
KT_1992_PLY_001856_LN,PLY_001856,1,LIVE_NORMAL,58,12,10,0,TRUE,1992
KT_1994_PLY_001857_AS,PLY_001857,3,ALLSTAR,82,24,10,10,TRUE,1994
KT_1995_PLY_001857_LN,PLY_001857,1,LIVE_NORMAL,58,12,10,0,TRUE,1995
KT_1997_PLY_001857_AS,PLY_001857,3,ALLSTAR,76,24,10,10,TRUE,1997
KT_1996_PLY_001857_LN,PLY_001857,1,LIVE_NORMAL,62,12,10,0,TRUE,1996
KT_1993_PLY_001857_AS,PLY_001857,3,ALLSTAR,83,24,10,10,TRUE,1993
KT_1999_PLY_001857_EPIC,PLY_001857,2,LIVE_EPIC,69,18,10,0,TRUE,1999
KT_1994_PLY_001857_LN,PLY_001857,1,LIVE_NORMAL,55,12,10,0,TRUE,1994
KT_2004_PLY_001858_EPIC,PLY_001858,2,LIVE_EPIC,69,18,10,0,TRUE,2004
KT_1996_PLY_001858_GG,PLY_001858,7,GOLDEN_GLOVE,88,35,10,10,FALSE,1996
KT_2006_PLY_001858_EPIC,PLY_001858,2,LIVE_EPIC,66,18,10,0,TRUE,2006
KT_1996_PLY_001858_TH,PLY_001858,4,TITLE_HOLDER,82,30,10,10,FALSE,1996
KT_2001_PLY_001858_GG,PLY_001858,7,GOLDEN_GLOVE,87,35,10,10,FALSE,2001
KT_2005_PLY_001858_EPIC,PLY_001858,2,LIVE_EPIC,73,18,10,0,TRUE,2005
KT_1990_PLY_001859_LN,PLY_001859,1,LIVE_NORMAL,58,12,10,0,TRUE,1990
KT_1993_PLY_001859_TH,PLY_001859,4,TITLE_HOLDER,83,30,10,10,FALSE,1993
KT_1995_PLY_001859_LN,PLY_001859,1,LIVE_NORMAL,60,12,10,0,TRUE,1995
KT_1994_PLY_001859_TH,PLY_001859,4,TITLE_HOLDER,86,30,10,10,FALSE,1994
KT_1994_PLY_001859_LN,PLY_001859,1,LIVE_NORMAL,56,12,10,0,TRUE,1994
KT_1991_PLY_001859_EPIC,PLY_001859,2,LIVE_EPIC,69,18,10,0,TRUE,1991
KT_1991_PLY_001859_AS,PLY_001859,3,ALLSTAR,75,24,10,10,TRUE,1991
KT_1999_PLY_001860_AS,PLY_001860,3,ALLSTAR,83,24,10,10,TRUE,1999
KT_1995_PLY_001860_EPIC,PLY_001860,2,LIVE_EPIC,66,18,10,0,TRUE,1995
KT_1996_PLY_001860_EPIC,PLY_001860,2,LIVE_EPIC,65,18,10,0,TRUE,1996
KT_1995_PLY_001860_LN,PLY_001860,1,LIVE_NORMAL,59,12,10,0,TRUE,1995
KT_1997_PLY_001860_EPIC,PLY_001860,2,LIVE_EPIC,76,18,10,0,TRUE,1997
KT_2003_PLY_001860_LN,PLY_001860,1,LIVE_NORMAL,57,12,10,0,TRUE,2003
KT_1997_PLY_001860_TH,PLY_001860,4,TITLE_HOLDER,81,30,10,10,FALSE,1997
KT_1996_PLY_001860_GG,PLY_001860,7,GOLDEN_GLOVE,88,35,10,10,FALSE,1996
KT_1996_PLY_001860_TH,PLY_001860,4,TITLE_HOLDER,81,30,10,10,FALSE,1996
KT_1995_PLY_001860_GG,PLY_001860,7,GOLDEN_GLOVE,88,35,10,10,FALSE,1995
KT_2006_PLY_001861_LN,PLY_001861,1,LIVE_NORMAL,58,12,10,0,TRUE,2006
KT_2009_PLY_001861_EPIC,PLY_001861,2,LIVE_EPIC,74,18,10,0,TRUE,2009
KT_2009_PLY_001861_TH,PLY_001861,4,TITLE_HOLDER,84,30,10,10,FALSE,2009
KT_2011_PLY_001861_LN,PLY_001861,1,LIVE_NORMAL,62,12,10,0,TRUE,2011
KT_2009_PLY_001861_LN,PLY_001861,1,LIVE_NORMAL,63,12,10,0,TRUE,2009
KT_2008_PLY_001861_LN,PLY_001861,1,LIVE_NORMAL,65,12,10,0,TRUE,2008
KT_2010_PLY_001861_LN,PLY_001861,1,LIVE_NORMAL,64,12,10,0,TRUE,2010
KT_2008_PLY_001861_EPIC,PLY_001861,2,LIVE_EPIC,66,18,10,0,TRUE,2008
KT_2012_PLY_001861_TH,PLY_001861,4,TITLE_HOLDER,84,30,10,10,FALSE,2012
KT_2007_PLY_001861_EPIC,PLY_001861,2,LIVE_EPIC,70,18,10,0,TRUE,2007
KT_2012_PLY_001861_EPIC,PLY_001861,2,LIVE_EPIC,71,18,10,0,TRUE,2012
KT_1996_PLY_001862_LN,PLY_001862,1,LIVE_NORMAL,57,12,10,0,TRUE,1996
KT_1995_PLY_001862_EPIC,PLY_001862,2,LIVE_EPIC,68,18,10,0,TRUE,1995
KT_2000_PLY_001862_EPIC,PLY_001862,2,LIVE_EPIC,73,18,10,0,TRUE,2000
KT_1990_PLY_001862_AS,PLY_001862,3,ALLSTAR,76,24,10,10,TRUE,1990
KT_2001_PLY_001862_EPIC,PLY_001862,2,LIVE_EPIC,66,18,10,0,TRUE,2001
KT_1992_PLY_001862_LN,PLY_001862,1,LIVE_NORMAL,61,12,10,0,TRUE,1992
KT_1997_PLY_001862_AS,PLY_001862,3,ALLSTAR,78,24,10,10,TRUE,1997
KT_1997_PLY_001862_LN,PLY_001862,1,LIVE_NORMAL,68,12,10,0,TRUE,1997
KT_1998_PLY_001863_LN,PLY_001863,1,LIVE_NORMAL,58,12,10,0,TRUE,1998
KT_2006_PLY_001863_LN,PLY_001863,1,LIVE_NORMAL,63,12,10,0,TRUE,2006
KT_1999_PLY_001863_LN,PLY_001863,1,LIVE_NORMAL,65,12,10,0,TRUE,1999
KT_2004_PLY_001863_LN,PLY_001863,1,LIVE_NORMAL,66,12,10,0,TRUE,2004
KT_2004_PLY_001863_EPIC,PLY_001863,2,LIVE_EPIC,71,18,10,0,TRUE,2004
KT_2005_PLY_001863_LN,PLY_001863,1,LIVE_NORMAL,58,12,10,0,TRUE,2005
KT_2001_PLY_001863_GG,PLY_001863,7,GOLDEN_GLOVE,85,35,10,10,FALSE,2001
KT_2005_PLY_001863_SIG,PLY_001863,6,SIGNATURE,91,40,10,10,FALSE,2005
KT_2000_PLY_001863_LN,PLY_001863,1,LIVE_NORMAL,68,12,10,0,TRUE,2000
KT_2001_PLY_001863_EPIC,PLY_001863,2,LIVE_EPIC,71,18,10,0,TRUE,2001
KT_2002_PLY_001863_EPIC,PLY_001863,2,LIVE_EPIC,68,18,10,0,TRUE,2002
KT_2013_PLY_001864_AS,PLY_001864,3,ALLSTAR,79,24,10,10,TRUE,2013
KT_2007_PLY_001864_LN,PLY_001864,1,LIVE_NORMAL,66,12,10,0,TRUE,2007
KT_2006_PLY_001864_SIG,PLY_001864,6,SIGNATURE,94,40,10,10,FALSE,2006
KT_2014_PLY_001864_GG,PLY_001864,7,GOLDEN_GLOVE,84,35,10,10,FALSE,2014
KT_1991_PLY_001865_LN,PLY_001865,1,LIVE_NORMAL,67,12,10,0,TRUE,1991
KT_1988_PLY_001865_LN,PLY_001865,1,LIVE_NORMAL,57,12,10,0,TRUE,1988
KT_1989_PLY_001865_TH,PLY_001865,4,TITLE_HOLDER,84,30,10,10,FALSE,1989
KT_1998_PLY_001866_AS,PLY_001866,3,ALLSTAR,81,24,10,10,TRUE,1998
KT_1992_PLY_001866_EPIC,PLY_001866,2,LIVE_EPIC,67,18,10,0,TRUE,1992
KT_1997_PLY_001866_EPIC,PLY_001866,2,LIVE_EPIC,71,18,10,0,TRUE,1997
KT_1998_PLY_001867_EPIC,PLY_001867,2,LIVE_EPIC,74,18,10,0,TRUE,1998
KT_1998_PLY_001867_SIG,PLY_001867,6,SIGNATURE,93,40,10,10,FALSE,1998
KT_1998_PLY_001867_LN,PLY_001867,1,LIVE_NORMAL,55,12,10,0,TRUE,1998
KT_1996_PLY_001867_TH,PLY_001867,4,TITLE_HOLDER,82,30,10,10,FALSE,1996
KT_1995_PLY_001867_LN,PLY_001867,1,LIVE_NORMAL,65,12,10,0,TRUE,1995
KT_1997_PLY_001867_GG,PLY_001867,7,GOLDEN_GLOVE,84,35,10,10,FALSE,1997
KT_1996_PLY_001867_LN,PLY_001867,1,LIVE_NORMAL,68,12,10,0,TRUE,1996
KT_1998_PLY_001867_AS,PLY_001867,3,ALLSTAR,75,24,10,10,TRUE,1998
KT_2022_PLY_001868_EPIC,PLY_001868,2,LIVE_EPIC,75,18,10,0,TRUE,2022
KT_2025_PLY_001868_EPIC,PLY_001868,2,LIVE_EPIC,68,18,10,0,TRUE,2025
KT_2026_PLY_001868_EPIC,PLY_001868,2,LIVE_EPIC,65,18,10,0,TRUE,2026
KT_2020_PLY_001869_LN,PLY_001869,1,LIVE_NORMAL,65,12,10,0,TRUE,2020
KT_2024_PLY_001869_TH,PLY_001869,4,TITLE_HOLDER,80,30,10,10,FALSE,2024
KT_2016_PLY_001869_TH,PLY_001869,4,TITLE_HOLDER,83,30,10,10,FALSE,2016
KT_2017_PLY_001869_TH,PLY_001869,4,TITLE_HOLDER,87,30,10,10,FALSE,2017
KT_2021_PLY_001869_LN,PLY_001869,1,LIVE_NORMAL,56,12,10,0,TRUE,2021
KT_2017_PLY_001869_EPIC,PLY_001869,2,LIVE_EPIC,65,18,10,0,TRUE,2017
KT_2011_PLY_001870_LN,PLY_001870,1,LIVE_NORMAL,55,12,10,0,TRUE,2011
KT_2008_PLY_001870_EPIC,PLY_001870,2,LIVE_EPIC,72,18,10,0,TRUE,2008
KT_2008_PLY_001871_LN,PLY_001871,1,LIVE_NORMAL,68,12,10,0,TRUE,2008
KT_2011_PLY_001871_LN,PLY_001871,1,LIVE_NORMAL,67,12,10,0,TRUE,2011
KT_2018_PLY_001871_LN,PLY_001871,1,LIVE_NORMAL,58,12,10,0,TRUE,2018
KT_2006_PLY_001871_LN,PLY_001871,1,LIVE_NORMAL,61,12,10,0,TRUE,2006
KT_2007_PLY_001871_LN,PLY_001871,1,LIVE_NORMAL,66,12,10,0,TRUE,2007
KT_2012_PLY_001871_EPIC,PLY_001871,2,LIVE_EPIC,72,18,10,0,TRUE,2012
KT_1995_PLY_001872_LN,PLY_001872,1,LIVE_NORMAL,55,12,10,0,TRUE,1995
KT_1997_PLY_001872_EPIC,PLY_001872,2,LIVE_EPIC,74,18,10,0,TRUE,1997
KT_1995_PLY_001872_EPIC,PLY_001872,2,LIVE_EPIC,73,18,10,0,TRUE,1995
KT_1996_PLY_001872_TH,PLY_001872,4,TITLE_HOLDER,80,30,10,10,FALSE,1996
KT_1994_PLY_001872_EPIC,PLY_001872,2,LIVE_EPIC,71,18,10,0,TRUE,1994
KT_1993_PLY_001872_LN,PLY_001872,1,LIVE_NORMAL,65,12,10,0,TRUE,1993
KT_1991_PLY_001872_AS,PLY_001872,3,ALLSTAR,83,24,10,10,TRUE,1991
KT_1994_PLY_001872_AS,PLY_001872,3,ALLSTAR,81,24,10,10,TRUE,1994
KT_1991_PLY_001872_LN,PLY_001872,1,LIVE_NORMAL,59,12,10,0,TRUE,1991
KT_2012_PLY_001873_GG,PLY_001873,7,GOLDEN_GLOVE,83,35,10,10,FALSE,2012
KT_2007_PLY_001873_EPIC,PLY_001873,2,LIVE_EPIC,72,18,10,0,TRUE,2007
KT_2012_PLY_001873_EPIC,PLY_001873,2,LIVE_EPIC,71,18,10,0,TRUE,2012
KT_2018_PLY_001873_LN,PLY_001873,1,LIVE_NORMAL,61,12,10,0,TRUE,2018
KT_2018_PLY_001873_AS,PLY_001873,3,ALLSTAR,78,24,10,10,TRUE,2018
KT_2004_PLY_001873_GG,PLY_001873,7,GOLDEN_GLOVE,90,35,10,10,FALSE,2004
KT_1996_PLY_001874_EPIC,PLY_001874,2,LIVE_EPIC,67,18,10,0,TRUE,1996
KT_1998_PLY_001874_LN,PLY_001874,1,LIVE_NORMAL,67,12,10,0,TRUE,1998
KT_2000_PLY_001874_LN,PLY_001874,1,LIVE_NORMAL,62,12,10,0,TRUE,2000
KT_1994_PLY_001874_LN,PLY_001874,1,LIVE_NORMAL,55,12,10,0,TRUE,1994
KT_2012_PLY_001875_LN,PLY_001875,1,LIVE_NORMAL,62,12,10,0,TRUE,2012
KT_2000_PLY_001875_LN,PLY_001875,1,LIVE_NORMAL,55,12,10,0,TRUE,2000
KT_2010_PLY_001875_EPIC,PLY_001875,2,LIVE_EPIC,67,18,10,0,TRUE,2010
KT_2004_PLY_001875_EPIC,PLY_001875,2,LIVE_EPIC,76,18,10,0,TRUE,2004
KT_2001_PLY_001875_LN,PLY_001875,1,LIVE_NORMAL,55,12,10,0,TRUE,2001
KT_1996_PLY_001875_EPIC,PLY_001875,2,LIVE_EPIC,74,18,10,0,TRUE,1996
KT_2005_PLY_001875_EPIC,PLY_001875,2,LIVE_EPIC,72,18,10,0,TRUE,2005
KT_2015_PLY_001876_LN,PLY_001876,1,LIVE_NORMAL,66,12,10,0,TRUE,2015
KT_2015_PLY_001876_AS,PLY_001876,3,ALLSTAR,83,24,10,10,TRUE,2015
KT_2017_PLY_001876_LN,PLY_001876,1,LIVE_NORMAL,58,12,10,0,TRUE,2017
KT_2018_PLY_001876_LN,PLY_001876,1,LIVE_NORMAL,57,12,10,0,TRUE,2018
KT_2019_PLY_001876_AS,PLY_001876,3,ALLSTAR,77,24,10,10,TRUE,2019
KT_2014_PLY_001876_AS,PLY_001876,3,ALLSTAR,77,24,10,10,TRUE,2014
KT_2019_PLY_001876_EPIC,PLY_001876,2,LIVE_EPIC,65,18,10,0,TRUE,2019
KT_2014_PLY_001876_LN,PLY_001876,1,LIVE_NORMAL,65,12,10,0,TRUE,2014
KT_2019_PLY_001876_LN,PLY_001876,1,LIVE_NORMAL,68,12,10,0,TRUE,2019
KT_1986_PLY_001877_GG,PLY_001877,7,GOLDEN_GLOVE,85,35,10,10,FALSE,1986
KT_1992_PLY_001877_TH,PLY_001877,4,TITLE_HOLDER,86,30,10,10,FALSE,1992
KT_1988_PLY_001877_TH,PLY_001877,4,TITLE_HOLDER,80,30,10,10,FALSE,1988
KT_1986_PLY_001877_LN,PLY_001877,1,LIVE_NORMAL,62,12,10,0,TRUE,1986
KT_1987_PLY_001877_EPIC,PLY_001877,2,LIVE_EPIC,70,18,10,0,TRUE,1987
KT_1994_PLY_001877_EPIC,PLY_001877,2,LIVE_EPIC,69,18,10,0,TRUE,1994
KT_1986_PLY_001877_AS,PLY_001877,3,ALLSTAR,75,24,10,10,TRUE,1986
KT_1992_PLY_001877_SIG,PLY_001877,6,SIGNATURE,94,40,10,10,FALSE,1992
KT_1999_PLY_001878_LN,PLY_001878,1,LIVE_NORMAL,68,12,10,0,TRUE,1999
KT_1998_PLY_001878_AS,PLY_001878,3,ALLSTAR,78,24,10,10,TRUE,1998
KT_2013_PLY_001878_EPIC,PLY_001878,2,LIVE_EPIC,74,18,10,0,TRUE,2013
KT_2009_PLY_001878_LN,PLY_001878,1,LIVE_NORMAL,66,12,10,0,TRUE,2009
KT_2000_PLY_001879_LN,PLY_001879,1,LIVE_NORMAL,61,12,10,0,TRUE,2000
KT_1999_PLY_001879_LN,PLY_001879,1,LIVE_NORMAL,56,12,10,0,TRUE,1999
KT_2002_PLY_001879_GG,PLY_001879,7,GOLDEN_GLOVE,88,35,10,10,FALSE,2002
KT_2018_PLY_001880_LN,PLY_001880,1,LIVE_NORMAL,62,12,10,0,TRUE,2018
KT_2023_PLY_001880_AS,PLY_001880,3,ALLSTAR,76,24,10,10,TRUE,2023
KT_2022_PLY_001880_LN,PLY_001880,1,LIVE_NORMAL,57,12,10,0,TRUE,2022
KT_2023_PLY_001880_EPIC,PLY_001880,2,LIVE_EPIC,72,18,10,0,TRUE,2023
KT_2023_PLY_001880_LN,PLY_001880,1,LIVE_NORMAL,59,12,10,0,TRUE,2023
KT_2026_PLY_001880_TH,PLY_001880,4,TITLE_HOLDER,86,30,10,10,FALSE,2026
KT_2000_PLY_001881_TH,PLY_001881,4,TITLE_HOLDER,85,30,10,10,FALSE,2000
KT_1999_PLY_001881_AS,PLY_001881,3,ALLSTAR,78,24,10,10,TRUE,1999
KT_2007_PLY_001881_AS,PLY_001881,3,ALLSTAR,80,24,10,10,TRUE,2007
KT_2011_PLY_001881_LN,PLY_001881,1,LIVE_NORMAL,65,12,10,0,TRUE,2011
KT_2001_PLY_001881_EPIC,PLY_001881,2,LIVE_EPIC,73,18,10,0,TRUE,2001
KT_2008_PLY_001881_EPIC,PLY_001881,2,LIVE_EPIC,72,18,10,0,TRUE,2008
KT_2005_PLY_001881_LN,PLY_001881,1,LIVE_NORMAL,57,12,10,0,TRUE,2005
KT_2009_PLY_001881_EPIC,PLY_001881,2,LIVE_EPIC,74,18,10,0,TRUE,2009
KT_1989_PLY_001882_AS,PLY_001882,3,ALLSTAR,75,24,10,10,TRUE,1989
KT_1992_PLY_001882_AS,PLY_001882,3,ALLSTAR,83,24,10,10,TRUE,1992
KT_2005_PLY_001882_GG,PLY_001882,7,GOLDEN_GLOVE,85,35,10,10,FALSE,2005
KT_1988_PLY_001882_EPIC,PLY_001882,2,LIVE_EPIC,66,18,10,0,TRUE,1988
KT_2001_PLY_001882_LN,PLY_001882,1,LIVE_NORMAL,61,12,10,0,TRUE,2001
KT_1989_PLY_001882_TH,PLY_001882,4,TITLE_HOLDER,86,30,10,10,FALSE,1989
KT_1998_PLY_001882_AS,PLY_001882,3,ALLSTAR,79,24,10,10,TRUE,1998
KT_1988_PLY_001883_EPIC,PLY_001883,2,LIVE_EPIC,73,18,10,0,TRUE,1988
KT_1994_PLY_001883_EPIC,PLY_001883,2,LIVE_EPIC,68,18,10,0,TRUE,1994
KT_1993_PLY_001883_LN,PLY_001883,1,LIVE_NORMAL,58,12,10,0,TRUE,1993
KT_1987_PLY_001883_LN,PLY_001883,1,LIVE_NORMAL,64,12,10,0,TRUE,1987
KT_1988_PLY_001883_AS,PLY_001883,3,ALLSTAR,80,24,10,10,TRUE,1988
KT_1986_PLY_001883_LN,PLY_001883,1,LIVE_NORMAL,68,12,10,0,TRUE,1986
KT_1989_PLY_001883_LN,PLY_001883,1,LIVE_NORMAL,66,12,10,0,TRUE,1989
KT_2014_PLY_001884_GG,PLY_001884,7,GOLDEN_GLOVE,87,35,10,10,FALSE,2014
KT_2016_PLY_001884_EPIC,PLY_001884,2,LIVE_EPIC,67,18,10,0,TRUE,2016
KT_2022_PLY_001884_LN,PLY_001884,1,LIVE_NORMAL,63,12,10,0,TRUE,2022
KT_2024_PLY_001884_EPIC,PLY_001884,2,LIVE_EPIC,67,18,10,0,TRUE,2024
KT_2015_PLY_001884_LN,PLY_001884,1,LIVE_NORMAL,56,12,10,0,TRUE,2015
KT_2019_PLY_001884_EPIC,PLY_001884,2,LIVE_EPIC,72,18,10,0,TRUE,2019
KT_2021_PLY_001884_EPIC,PLY_001884,2,LIVE_EPIC,68,18,10,0,TRUE,2021
KT_2023_PLY_001884_EPIC,PLY_001884,2,LIVE_EPIC,65,18,10,0,TRUE,2023
KT_2019_PLY_001884_LN,PLY_001884,1,LIVE_NORMAL,63,12,10,0,TRUE,2019
KT_2016_PLY_001884_LN,PLY_001884,1,LIVE_NORMAL,55,12,10,0,TRUE,2016
KT_2023_PLY_001884_LN,PLY_001884,1,LIVE_NORMAL,66,12,10,0,TRUE,2023
KT_2020_PLY_001884_EPIC,PLY_001884,2,LIVE_EPIC,76,18,10,0,TRUE,2020
KT_2025_PLY_001885_LN,PLY_001885,1,LIVE_NORMAL,55,12,10,0,TRUE,2025
KT_2024_PLY_001885_EPIC,PLY_001885,2,LIVE_EPIC,72,18,10,0,TRUE,2024
KT_2024_PLY_001885_LN,PLY_001885,1,LIVE_NORMAL,62,12,10,0,TRUE,2024
KT_2023_PLY_001885_AS,PLY_001885,3,ALLSTAR,82,24,10,10,TRUE,2023
KT_2023_PLY_001886_AS,PLY_001886,3,ALLSTAR,79,24,10,10,TRUE,2023
KT_2024_PLY_001886_LN,PLY_001886,1,LIVE_NORMAL,63,12,10,0,TRUE,2024
KT_2024_PLY_001886_TH,PLY_001886,4,TITLE_HOLDER,82,30,10,10,FALSE,2024
KT_2021_PLY_001886_TH,PLY_001886,4,TITLE_HOLDER,87,30,10,10,FALSE,2021
KT_2024_PLY_001887_TH,PLY_001887,4,TITLE_HOLDER,81,30,10,10,FALSE,2024
KT_2015_PLY_001887_AS,PLY_001887,3,ALLSTAR,77,24,10,10,TRUE,2015
KT_2015_PLY_001887_LN,PLY_001887,1,LIVE_NORMAL,55,12,10,0,TRUE,2015
KT_2009_PLY_001887_GG,PLY_001887,7,GOLDEN_GLOVE,90,35,10,10,FALSE,2009
KT_2009_PLY_001887_LN,PLY_001887,1,LIVE_NORMAL,63,12,10,0,TRUE,2009
KT_2022_PLY_001887_EPIC,PLY_001887,2,LIVE_EPIC,75,18,10,0,TRUE,2022
KT_2008_PLY_001887_AS,PLY_001887,3,ALLSTAR,77,24,10,10,TRUE,2008
KT_2011_PLY_001887_AS,PLY_001887,3,ALLSTAR,74,24,10,10,TRUE,2011
KT_2019_PLY_001887_LN,PLY_001887,1,LIVE_NORMAL,56,12,10,0,TRUE,2019
KT_2010_PLY_001887_SIG,PLY_001887,6,SIGNATURE,91,40,10,10,FALSE,2010
KT_2007_PLY_001887_AS,PLY_001887,3,ALLSTAR,80,24,10,10,TRUE,2007
KT_2021_PLY_001887_AS,PLY_001887,3,ALLSTAR,75,24,10,10,TRUE,2021
KT_1994_PLY_001888_LN,PLY_001888,1,LIVE_NORMAL,61,12,10,0,TRUE,1994
KT_2005_PLY_001888_LN,PLY_001888,1,LIVE_NORMAL,62,12,10,0,TRUE,2005
KT_2003_PLY_001888_LN,PLY_001888,1,LIVE_NORMAL,65,12,10,0,TRUE,2003
KT_1998_PLY_001888_LN,PLY_001888,1,LIVE_NORMAL,65,12,10,0,TRUE,1998
KT_1994_PLY_001888_AS,PLY_001888,3,ALLSTAR,79,24,10,10,TRUE,1994
KT_2008_PLY_001889_LN,PLY_001889,1,LIVE_NORMAL,55,12,10,0,TRUE,2008
KT_2011_PLY_001889_AS,PLY_001889,3,ALLSTAR,78,24,10,10,TRUE,2011
KT_2009_PLY_001889_EPIC,PLY_001889,2,LIVE_EPIC,73,18,10,0,TRUE,2009
KT_2006_PLY_001889_EPIC,PLY_001889,2,LIVE_EPIC,67,18,10,0,TRUE,2006
KT_2010_PLY_001889_EPIC,PLY_001889,2,LIVE_EPIC,69,18,10,0,TRUE,2010
KT_2021_PLY_001890_LN,PLY_001890,1,LIVE_NORMAL,68,12,10,0,TRUE,2021
KT_2026_PLY_001890_SIG,PLY_001890,6,SIGNATURE,90,40,10,10,FALSE,2026
KT_2022_PLY_001890_LN,PLY_001890,1,LIVE_NORMAL,67,12,10,0,TRUE,2022
KT_2024_PLY_001890_SIG,PLY_001890,6,SIGNATURE,88,40,10,10,FALSE,2024
KT_2020_PLY_001890_EPIC,PLY_001890,2,LIVE_EPIC,73,18,10,0,TRUE,2020
KT_2021_PLY_001890_EPIC,PLY_001890,2,LIVE_EPIC,76,18,10,0,TRUE,2021
KT_2013_PLY_001891_LN,PLY_001891,1,LIVE_NORMAL,60,12,10,0,TRUE,2013
KT_2014_PLY_001891_SIG,PLY_001891,6,SIGNATURE,94,40,10,10,FALSE,2014
KT_2012_PLY_001891_TH,PLY_001891,4,TITLE_HOLDER,85,30,10,10,FALSE,2012
KT_2016_PLY_001891_LN,PLY_001891,1,LIVE_NORMAL,64,12,10,0,TRUE,2016
KT_2011_PLY_001891_TH,PLY_001891,4,TITLE_HOLDER,81,30,10,10,FALSE,2011
KT_2015_PLY_001891_EPIC,PLY_001891,2,LIVE_EPIC,65,18,10,0,TRUE,2015
KT_2015_PLY_001891_AS,PLY_001891,3,ALLSTAR,74,24,10,10,TRUE,2015
KT_2026_PLY_001892_LN,PLY_001892,1,LIVE_NORMAL,58,12,10,0,TRUE,2026
KT_2026_PLY_001892_EPIC,PLY_001892,2,LIVE_EPIC,75,18,10,0,TRUE,2026
KT_2024_PLY_001892_EPIC,PLY_001892,2,LIVE_EPIC,68,18,10,0,TRUE,2024
KT_2025_PLY_001892_LN,PLY_001892,1,LIVE_NORMAL,67,12,10,0,TRUE,2025
KT_2005_PLY_001893_EPIC,PLY_001893,2,LIVE_EPIC,76,18,10,0,TRUE,2005
KT_2007_PLY_001893_AS,PLY_001893,3,ALLSTAR,80,24,10,10,TRUE,2007
KT_2010_PLY_001893_AS,PLY_001893,3,ALLSTAR,82,24,10,10,TRUE,2010
KT_2010_PLY_001893_LN,PLY_001893,1,LIVE_NORMAL,60,12,10,0,TRUE,2010
KT_2006_PLY_001893_AS,PLY_001893,3,ALLSTAR,79,24,10,10,TRUE,2006
KT_2007_PLY_001893_EPIC,PLY_001893,2,LIVE_EPIC,76,18,10,0,TRUE,2007
KT_2008_PLY_001893_EPIC,PLY_001893,2,LIVE_EPIC,70,18,10,0,TRUE,2008
KT_2022_PLY_001894_LN,PLY_001894,1,LIVE_NORMAL,63,12,10,0,TRUE,2022
KT_2023_PLY_001894_LN,PLY_001894,1,LIVE_NORMAL,66,12,10,0,TRUE,2023
KT_2021_PLY_001894_EPIC,PLY_001894,2,LIVE_EPIC,65,18,10,0,TRUE,2021
KT_2026_PLY_001894_LN,PLY_001894,1,LIVE_NORMAL,59,12,10,0,TRUE,2026
KT_2020_PLY_001894_AS,PLY_001894,3,ALLSTAR,78,24,10,10,TRUE,2020
KT_2021_PLY_001894_LN,PLY_001894,1,LIVE_NORMAL,55,12,10,0,TRUE,2021
KT_2022_PLY_001894_EPIC,PLY_001894,2,LIVE_EPIC,68,18,10,0,TRUE,2022
KT_2025_PLY_001894_LN,PLY_001894,1,LIVE_NORMAL,56,12,10,0,TRUE,2025
KT_1996_PLY_001895_AS,PLY_001895,3,ALLSTAR,79,24,10,10,TRUE,1996
KT_1998_PLY_001895_EPIC,PLY_001895,2,LIVE_EPIC,72,18,10,0,TRUE,1998
KT_1997_PLY_001895_SIG,PLY_001895,6,SIGNATURE,90,40,10,10,FALSE,1997
KT_1987_PLY_001896_EPIC,PLY_001896,2,LIVE_EPIC,73,18,10,0,TRUE,1987
KT_1988_PLY_001896_LN,PLY_001896,1,LIVE_NORMAL,66,12,10,0,TRUE,1988
KT_1988_PLY_001896_GG,PLY_001896,7,GOLDEN_GLOVE,84,35,10,10,FALSE,1988
KT_1992_PLY_001896_EPIC,PLY_001896,2,LIVE_EPIC,71,18,10,0,TRUE,1992
KT_1988_PLY_001896_EPIC,PLY_001896,2,LIVE_EPIC,66,18,10,0,TRUE,1988
KT_1991_PLY_001896_EPIC,PLY_001896,2,LIVE_EPIC,68,18,10,0,TRUE,1991
KT_2016_PLY_001897_EPIC,PLY_001897,2,LIVE_EPIC,75,18,10,0,TRUE,2016
KT_2006_PLY_001897_LN,PLY_001897,1,LIVE_NORMAL,64,12,10,0,TRUE,2006
KT_2008_PLY_001897_LN,PLY_001897,1,LIVE_NORMAL,57,12,10,0,TRUE,2008
KT_2011_PLY_001897_LN,PLY_001897,1,LIVE_NORMAL,59,12,10,0,TRUE,2011
KT_2003_PLY_001897_AS,PLY_001897,3,ALLSTAR,79,24,10,10,TRUE,2003
KT_2021_PLY_001898_GG,PLY_001898,7,GOLDEN_GLOVE,83,35,10,10,FALSE,2021
KT_2018_PLY_001898_LN,PLY_001898,1,LIVE_NORMAL,63,12,10,0,TRUE,2018
KT_2019_PLY_001898_LN,PLY_001898,1,LIVE_NORMAL,58,12,10,0,TRUE,2019
KT_2020_PLY_001898_AS,PLY_001898,3,ALLSTAR,81,24,10,10,TRUE,2020
KT_2020_PLY_001898_LN,PLY_001898,1,LIVE_NORMAL,59,12,10,0,TRUE,2020
KT_2018_PLY_001898_EPIC,PLY_001898,2,LIVE_EPIC,66,18,10,0,TRUE,2018
KT_2019_PLY_001898_EPIC,PLY_001898,2,LIVE_EPIC,75,18,10,0,TRUE,2019
KT_2020_PLY_001898_TH,PLY_001898,4,TITLE_HOLDER,85,30,10,10,FALSE,2020
KT_2020_PLY_001898_EPIC,PLY_001898,2,LIVE_EPIC,71,18,10,0,TRUE,2020
KT_2006_PLY_001899_LN,PLY_001899,1,LIVE_NORMAL,64,12,10,0,TRUE,2006
KT_1998_PLY_001899_LN,PLY_001899,1,LIVE_NORMAL,57,12,10,0,TRUE,1998
KT_2008_PLY_001899_TH,PLY_001899,4,TITLE_HOLDER,85,30,10,10,FALSE,2008
KT_2008_PLY_001899_AS,PLY_001899,3,ALLSTAR,82,24,10,10,TRUE,2008
KT_2008_PLY_001899_LN,PLY_001899,1,LIVE_NORMAL,65,12,10,0,TRUE,2008
KT_2007_PLY_001899_EPIC,PLY_001899,2,LIVE_EPIC,67,18,10,0,TRUE,2007
KT_1998_PLY_001899_GG,PLY_001899,7,GOLDEN_GLOVE,88,35,10,10,FALSE,1998
KT_1996_PLY_001900_LN,PLY_001900,1,LIVE_NORMAL,60,12,10,0,TRUE,1996
KT_1998_PLY_001900_AS,PLY_001900,3,ALLSTAR,75,24,10,10,TRUE,1998
KT_1999_PLY_001900_AS,PLY_001900,3,ALLSTAR,82,24,10,10,TRUE,1999
KT_1990_PLY_001900_LN,PLY_001900,1,LIVE_NORMAL,60,12,10,0,TRUE,1990
KT_2003_PLY_001901_LN,PLY_001901,1,LIVE_NORMAL,61,12,10,0,TRUE,2003
KT_1998_PLY_001901_LN,PLY_001901,1,LIVE_NORMAL,68,12,10,0,TRUE,1998
KT_1993_PLY_001901_LN,PLY_001901,1,LIVE_NORMAL,67,12,10,0,TRUE,1993
KT_1990_PLY_001901_LN,PLY_001901,1,LIVE_NORMAL,62,12,10,0,TRUE,1990
KT_1992_PLY_001901_EPIC,PLY_001901,2,LIVE_EPIC,72,18,10,0,TRUE,1992
KT_2002_PLY_001901_GG,PLY_001901,7,GOLDEN_GLOVE,88,35,10,10,FALSE,2002
KT_1995_PLY_001901_EPIC,PLY_001901,2,LIVE_EPIC,68,18,10,0,TRUE,1995
KT_1990_PLY_001901_AS,PLY_001901,3,ALLSTAR,79,24,10,10,TRUE,1990
KT_1999_PLY_001901_LN,PLY_001901,1,LIVE_NORMAL,67,12,10,0,TRUE,1999
KT_2020_PLY_001902_LN,PLY_001902,1,LIVE_NORMAL,62,12,10,0,TRUE,2020
KT_2023_PLY_001902_LN,PLY_001902,1,LIVE_NORMAL,62,12,10,0,TRUE,2023
KT_2020_PLY_001902_GG,PLY_001902,7,GOLDEN_GLOVE,85,35,10,10,FALSE,2020
KT_2021_PLY_001902_EPIC,PLY_001902,2,LIVE_EPIC,75,18,10,0,TRUE,2021
KT_2023_PLY_001902_GG,PLY_001902,7,GOLDEN_GLOVE,88,35,10,10,FALSE,2023
KT_2026_PLY_001902_AS,PLY_001902,3,ALLSTAR,74,24,10,10,TRUE,2026
KT_2022_PLY_001902_EPIC,PLY_001902,2,LIVE_EPIC,66,18,10,0,TRUE,2022
KT_1994_PLY_001903_AS,PLY_001903,3,ALLSTAR,83,24,10,10,TRUE,1994
KT_1992_PLY_001903_EPIC,PLY_001903,2,LIVE_EPIC,68,18,10,0,TRUE,1992
KT_1995_PLY_001903_TH,PLY_001903,4,TITLE_HOLDER,83,30,10,10,FALSE,1995
KT_2001_PLY_001903_LN,PLY_001903,1,LIVE_NORMAL,59,12,10,0,TRUE,2001
KT_1995_PLY_001903_LN,PLY_001903,1,LIVE_NORMAL,56,12,10,0,TRUE,1995
KT_1991_PLY_001903_EPIC,PLY_001903,2,LIVE_EPIC,75,18,10,0,TRUE,1991
KT_1998_PLY_001904_EPIC,PLY_001904,2,LIVE_EPIC,71,18,10,0,TRUE,1998
KT_1994_PLY_001904_LN,PLY_001904,1,LIVE_NORMAL,64,12,10,0,TRUE,1994
KT_2001_PLY_001904_GG,PLY_001904,7,GOLDEN_GLOVE,83,35,10,10,FALSE,2001
KT_2001_PLY_001904_AS,PLY_001904,3,ALLSTAR,74,24,10,10,TRUE,2001
KT_2002_PLY_001904_LN,PLY_001904,1,LIVE_NORMAL,59,12,10,0,TRUE,2002
KT_1992_PLY_001904_LN,PLY_001904,1,LIVE_NORMAL,64,12,10,0,TRUE,1992
KT_2004_PLY_001904_LN,PLY_001904,1,LIVE_NORMAL,59,12,10,0,TRUE,2004
KT_1995_PLY_001904_EPIC,PLY_001904,2,LIVE_EPIC,70,18,10,0,TRUE,1995
KT_2009_PLY_001904_EPIC,PLY_001904,2,LIVE_EPIC,76,18,10,0,TRUE,2009
KT_1999_PLY_001904_AS,PLY_001904,3,ALLSTAR,83,24,10,10,TRUE,1999
KT_2006_PLY_001904_LN,PLY_001904,1,LIVE_NORMAL,58,12,10,0,TRUE,2006
KT_1992_PLY_001904_TH,PLY_001904,4,TITLE_HOLDER,82,30,10,10,FALSE,1992
KT_1995_PLY_001905_EPIC,PLY_001905,2,LIVE_EPIC,67,18,10,0,TRUE,1995
KT_1997_PLY_001905_LN,PLY_001905,1,LIVE_NORMAL,55,12,10,0,TRUE,1997
KT_1995_PLY_001905_TH,PLY_001905,4,TITLE_HOLDER,81,30,10,10,FALSE,1995
KT_1998_PLY_001905_TH,PLY_001905,4,TITLE_HOLDER,83,30,10,10,FALSE,1998
KT_1994_PLY_001905_AS,PLY_001905,3,ALLSTAR,81,24,10,10,TRUE,1994
KT_1992_PLY_001905_AS,PLY_001905,3,ALLSTAR,77,24,10,10,TRUE,1992
KT_1998_PLY_001905_LN,PLY_001905,1,LIVE_NORMAL,66,12,10,0,TRUE,1998
KT_2011_PLY_001906_LN,PLY_001906,1,LIVE_NORMAL,58,12,10,0,TRUE,2011
KT_2015_PLY_001906_AS,PLY_001906,3,ALLSTAR,82,24,10,10,TRUE,2015
KT_2010_PLY_001906_LN,PLY_001906,1,LIVE_NORMAL,64,12,10,0,TRUE,2010
KT_2004_PLY_001906_TH,PLY_001906,4,TITLE_HOLDER,82,30,10,10,FALSE,2004
KT_2003_PLY_001906_LN,PLY_001906,1,LIVE_NORMAL,67,12,10,0,TRUE,2003
KT_2008_PLY_001906_LN,PLY_001906,1,LIVE_NORMAL,60,12,10,0,TRUE,2008
KT_2016_PLY_001907_LN,PLY_001907,1,LIVE_NORMAL,59,12,10,0,TRUE,2016
KT_2018_PLY_001907_LN,PLY_001907,1,LIVE_NORMAL,64,12,10,0,TRUE,2018
KT_2020_PLY_001907_LN,PLY_001907,1,LIVE_NORMAL,57,12,10,0,TRUE,2020
KT_2015_PLY_001907_LN,PLY_001907,1,LIVE_NORMAL,67,12,10,0,TRUE,2015
KT_2021_PLY_001907_LN,PLY_001907,1,LIVE_NORMAL,67,12,10,0,TRUE,2021
KT_2017_PLY_001907_AS,PLY_001907,3,ALLSTAR,74,24,10,10,TRUE,2017
KT_2013_PLY_001907_AS,PLY_001907,3,ALLSTAR,75,24,10,10,TRUE,2013
KT_2023_PLY_001907_EPIC,PLY_001907,2,LIVE_EPIC,76,18,10,0,TRUE,2023
KT_2020_PLY_001907_EPIC,PLY_001907,2,LIVE_EPIC,72,18,10,0,TRUE,2020
KT_1990_PLY_001908_EPIC,PLY_001908,2,LIVE_EPIC,76,18,10,0,TRUE,1990
KT_1992_PLY_001908_AS,PLY_001908,3,ALLSTAR,75,24,10,10,TRUE,1992
KT_1999_PLY_001908_LN,PLY_001908,1,LIVE_NORMAL,61,12,10,0,TRUE,1999
KT_1996_PLY_001908_LN,PLY_001908,1,LIVE_NORMAL,60,12,10,0,TRUE,1996
KT_1993_PLY_001908_EPIC,PLY_001908,2,LIVE_EPIC,74,18,10,0,TRUE,1993
KT_1992_PLY_001908_LN,PLY_001908,1,LIVE_NORMAL,61,12,10,0,TRUE,1992
KT_2019_PLY_001909_SIG,PLY_001909,6,SIGNATURE,93,40,10,10,FALSE,2019
KT_2009_PLY_001909_AS,PLY_001909,3,ALLSTAR,79,24,10,10,TRUE,2009
KT_2018_PLY_001909_AS,PLY_001909,3,ALLSTAR,81,24,10,10,TRUE,2018
KT_2011_PLY_001910_EPIC,PLY_001910,2,LIVE_EPIC,69,18,10,0,TRUE,2011
KT_2010_PLY_001910_TH,PLY_001910,4,TITLE_HOLDER,86,30,10,10,FALSE,2010
KT_2011_PLY_001910_GG,PLY_001910,7,GOLDEN_GLOVE,88,35,10,10,FALSE,2011
KT_2008_PLY_001910_LN,PLY_001910,1,LIVE_NORMAL,66,12,10,0,TRUE,2008
KT_2012_PLY_001910_EPIC,PLY_001910,2,LIVE_EPIC,66,18,10,0,TRUE,2012
KT_2010_PLY_001911_LN,PLY_001911,1,LIVE_NORMAL,57,12,10,0,TRUE,2010
KT_2012_PLY_001911_TH,PLY_001911,4,TITLE_HOLDER,86,30,10,10,FALSE,2012
KT_2003_PLY_001911_LN,PLY_001911,1,LIVE_NORMAL,57,12,10,0,TRUE,2003
KT_2015_PLY_001911_EPIC,PLY_001911,2,LIVE_EPIC,67,18,10,0,TRUE,2015
KT_1990_PLY_001912_AS,PLY_001912,3,ALLSTAR,75,24,10,10,TRUE,1990
KT_1990_PLY_001912_LN,PLY_001912,1,LIVE_NORMAL,55,12,10,0,TRUE,1990
KT_1998_PLY_001912_LN,PLY_001912,1,LIVE_NORMAL,58,12,10,0,TRUE,1998
KT_2017_PLY_001913_LN,PLY_001913,1,LIVE_NORMAL,58,12,10,0,TRUE,2017
KT_2026_PLY_001913_AS,PLY_001913,3,ALLSTAR,79,24,10,10,TRUE,2026
KT_2011_PLY_001914_LN,PLY_001914,1,LIVE_NORMAL,56,12,10,0,TRUE,2011
KT_2010_PLY_001914_LN,PLY_001914,1,LIVE_NORMAL,63,12,10,0,TRUE,2010
KT_2008_PLY_001914_EPIC,PLY_001914,2,LIVE_EPIC,73,18,10,0,TRUE,2008
KT_1997_PLY_001914_LN,PLY_001914,1,LIVE_NORMAL,55,12,10,0,TRUE,1997
KT_2003_PLY_001914_EPIC,PLY_001914,2,LIVE_EPIC,67,18,10,0,TRUE,2003
KT_2012_PLY_001914_LN,PLY_001914,1,LIVE_NORMAL,61,12,10,0,TRUE,2012
KT_2005_PLY_001914_LN,PLY_001914,1,LIVE_NORMAL,57,12,10,0,TRUE,2005
KT_2011_PLY_001914_EPIC,PLY_001914,2,LIVE_EPIC,67,18,10,0,TRUE,2011
KT_1998_PLY_001914_LN,PLY_001914,1,LIVE_NORMAL,60,12,10,0,TRUE,1998
KT_2023_PLY_001915_SIG,PLY_001915,6,SIGNATURE,89,40,10,10,FALSE,2023
KT_2020_PLY_001915_EPIC,PLY_001915,2,LIVE_EPIC,68,18,10,0,TRUE,2020
KT_2018_PLY_001915_AS,PLY_001915,3,ALLSTAR,75,24,10,10,TRUE,2018
KT_2023_PLY_001915_EPIC,PLY_001915,2,LIVE_EPIC,69,18,10,0,TRUE,2023
KT_2021_PLY_001916_EPIC,PLY_001916,2,LIVE_EPIC,67,18,10,0,TRUE,2021
KT_2018_PLY_001916_TH,PLY_001916,4,TITLE_HOLDER,85,30,10,10,FALSE,2018
KT_2021_PLY_001916_SIG,PLY_001916,6,SIGNATURE,91,40,10,10,FALSE,2021
KT_2018_PLY_001916_AS,PLY_001916,3,ALLSTAR,81,24,10,10,TRUE,2018
KT_2019_PLY_001916_LN,PLY_001916,1,LIVE_NORMAL,57,12,10,0,TRUE,2019
KT_2020_PLY_001916_LN,PLY_001916,1,LIVE_NORMAL,67,12,10,0,TRUE,2020
KT_2021_PLY_001916_TH,PLY_001916,4,TITLE_HOLDER,85,30,10,10,FALSE,2021
KT_2003_PLY_001917_EPIC,PLY_001917,2,LIVE_EPIC,65,18,10,0,TRUE,2003
KT_2005_PLY_001917_LN,PLY_001917,1,LIVE_NORMAL,66,12,10,0,TRUE,2005
KT_2002_PLY_001917_EPIC,PLY_001917,2,LIVE_EPIC,66,18,10,0,TRUE,2002
KT_2002_PLY_001917_LN,PLY_001917,1,LIVE_NORMAL,60,12,10,0,TRUE,2002
KT_2005_PLY_001917_TH,PLY_001917,4,TITLE_HOLDER,83,30,10,10,FALSE,2005
KT_2004_PLY_001917_AS,PLY_001917,3,ALLSTAR,79,24,10,10,TRUE,2004
KT_2000_PLY_001917_TH,PLY_001917,4,TITLE_HOLDER,85,30,10,10,FALSE,2000
KT_2024_PLY_001918_AS,PLY_001918,3,ALLSTAR,83,24,10,10,TRUE,2024
KT_2026_PLY_001918_AS,PLY_001918,3,ALLSTAR,82,24,10,10,TRUE,2026
KT_2024_PLY_001918_LN,PLY_001918,1,LIVE_NORMAL,57,12,10,0,TRUE,2024
KT_2025_PLY_001918_EPIC,PLY_001918,2,LIVE_EPIC,66,18,10,0,TRUE,2025
KT_2022_PLY_001919_LN,PLY_001919,1,LIVE_NORMAL,59,12,10,0,TRUE,2022
KT_2005_PLY_001919_EPIC,PLY_001919,2,LIVE_EPIC,65,18,10,0,TRUE,2005
KT_2023_PLY_001919_LN,PLY_001919,1,LIVE_NORMAL,60,12,10,0,TRUE,2023
KT_2007_PLY_001919_LN,PLY_001919,1,LIVE_NORMAL,65,12,10,0,TRUE,2007
KT_2011_PLY_001920_EPIC,PLY_001920,2,LIVE_EPIC,71,18,10,0,TRUE,2011
KT_2009_PLY_001920_LN,PLY_001920,1,LIVE_NORMAL,65,12,10,0,TRUE,2009
KT_2010_PLY_001920_EPIC,PLY_001920,2,LIVE_EPIC,71,18,10,0,TRUE,2010
KT_2013_PLY_001920_LN,PLY_001920,1,LIVE_NORMAL,63,12,10,0,TRUE,2013
KT_2012_PLY_001921_EPIC,PLY_001921,2,LIVE_EPIC,68,18,10,0,TRUE,2012
KT_2007_PLY_001921_EPIC,PLY_001921,2,LIVE_EPIC,76,18,10,0,TRUE,2007
KT_2011_PLY_001921_TH,PLY_001921,4,TITLE_HOLDER,84,30,10,10,FALSE,2011
KT_2019_PLY_001921_LN,PLY_001921,1,LIVE_NORMAL,58,12,10,0,TRUE,2019
KT_2010_PLY_001921_EPIC,PLY_001921,2,LIVE_EPIC,68,18,10,0,TRUE,2010
KT_2009_PLY_001921_SIG,PLY_001921,6,SIGNATURE,88,40,10,10,FALSE,2009
KT_2007_PLY_001921_LN,PLY_001921,1,LIVE_NORMAL,62,12,10,0,TRUE,2007
KT_2018_PLY_001921_AS,PLY_001921,3,ALLSTAR,80,24,10,10,TRUE,2018
KT_2013_PLY_001922_LN,PLY_001922,1,LIVE_NORMAL,59,12,10,0,TRUE,2013
KT_2017_PLY_001922_TH,PLY_001922,4,TITLE_HOLDER,81,30,10,10,FALSE,2017
KT_2012_PLY_001922_SIG,PLY_001922,6,SIGNATURE,90,40,10,10,FALSE,2012
KT_2010_PLY_001922_GG,PLY_001922,7,GOLDEN_GLOVE,83,35,10,10,FALSE,2010
KT_2016_PLY_001923_EPIC,PLY_001923,2,LIVE_EPIC,65,18,10,0,TRUE,2016
KT_2017_PLY_001923_TH,PLY_001923,4,TITLE_HOLDER,84,30,10,10,FALSE,2017
KT_2014_PLY_001923_AS,PLY_001923,3,ALLSTAR,83,24,10,10,TRUE,2014
KT_2014_PLY_001923_LN,PLY_001923,1,LIVE_NORMAL,67,12,10,0,TRUE,2014
KT_2017_PLY_001923_EPIC,PLY_001923,2,LIVE_EPIC,66,18,10,0,TRUE,2017
KT_2016_PLY_001923_TH,PLY_001923,4,TITLE_HOLDER,83,30,10,10,FALSE,2016
KT_2015_PLY_001923_EPIC,PLY_001923,2,LIVE_EPIC,70,18,10,0,TRUE,2015
KT_1994_PLY_001924_LN,PLY_001924,1,LIVE_NORMAL,68,12,10,0,TRUE,1994
KT_1996_PLY_001924_AS,PLY_001924,3,ALLSTAR,80,24,10,10,TRUE,1996
KT_1994_PLY_001924_AS,PLY_001924,3,ALLSTAR,74,24,10,10,TRUE,1994
KT_1996_PLY_001924_EPIC,PLY_001924,2,LIVE_EPIC,68,18,10,0,TRUE,1996
KT_2011_PLY_001925_LN,PLY_001925,1,LIVE_NORMAL,60,12,10,0,TRUE,2011
KT_2010_PLY_001925_LN,PLY_001925,1,LIVE_NORMAL,55,12,10,0,TRUE,2010
KT_2010_PLY_001925_AS,PLY_001925,3,ALLSTAR,80,24,10,10,TRUE,2010
KT_2009_PLY_001925_LN,PLY_001925,1,LIVE_NORMAL,58,12,10,0,TRUE,2009
KT_2011_PLY_001925_EPIC,PLY_001925,2,LIVE_EPIC,74,18,10,0,TRUE,2011
KT_2008_PLY_001925_TH,PLY_001925,4,TITLE_HOLDER,81,30,10,10,FALSE,2008
KT_1999_PLY_001926_EPIC,PLY_001926,2,LIVE_EPIC,76,18,10,0,TRUE,1999
KT_1993_PLY_001926_LN,PLY_001926,1,LIVE_NORMAL,59,12,10,0,TRUE,1993
KT_1989_PLY_001926_TH,PLY_001926,4,TITLE_HOLDER,81,30,10,10,FALSE,1989
KT_1995_PLY_001926_AS,PLY_001926,3,ALLSTAR,81,24,10,10,TRUE,1995
KT_1991_PLY_001926_LN,PLY_001926,1,LIVE_NORMAL,60,12,10,0,TRUE,1991
KT_2000_PLY_001926_LN,PLY_001926,1,LIVE_NORMAL,62,12,10,0,TRUE,2000
KT_1991_PLY_001926_EPIC,PLY_001926,2,LIVE_EPIC,76,18,10,0,TRUE,1991
KT_1992_PLY_001926_LN,PLY_001926,1,LIVE_NORMAL,58,12,10,0,TRUE,1992
KT_1999_PLY_001926_TH,PLY_001926,4,TITLE_HOLDER,87,30,10,10,FALSE,1999
KT_1998_PLY_001926_GG,PLY_001926,7,GOLDEN_GLOVE,87,35,10,10,FALSE,1998
KT_1992_PLY_001926_EPIC,PLY_001926,2,LIVE_EPIC,75,18,10,0,TRUE,1992
KT_1997_PLY_001926_TH,PLY_001926,4,TITLE_HOLDER,86,30,10,10,FALSE,1997
KT_2007_PLY_001927_EPIC,PLY_001927,2,LIVE_EPIC,76,18,10,0,TRUE,2007
KT_2003_PLY_001927_LN,PLY_001927,1,LIVE_NORMAL,68,12,10,0,TRUE,2003
KT_2012_PLY_001927_LN,PLY_001927,1,LIVE_NORMAL,64,12,10,0,TRUE,2012
KT_2001_PLY_001927_LN,PLY_001927,1,LIVE_NORMAL,63,12,10,0,TRUE,2001
KT_2004_PLY_001927_LN,PLY_001927,1,LIVE_NORMAL,63,12,10,0,TRUE,2004
KT_2000_PLY_001928_AS,PLY_001928,3,ALLSTAR,76,24,10,10,TRUE,2000
KT_1997_PLY_001928_LN,PLY_001928,1,LIVE_NORMAL,59,12,10,0,TRUE,1997
KT_2006_PLY_001928_EPIC,PLY_001928,2,LIVE_EPIC,71,18,10,0,TRUE,2006
KT_2006_PLY_001928_AS,PLY_001928,3,ALLSTAR,83,24,10,10,TRUE,2006
KT_2003_PLY_001928_LN,PLY_001928,1,LIVE_NORMAL,66,12,10,0,TRUE,2003
KT_1998_PLY_001928_EPIC,PLY_001928,2,LIVE_EPIC,70,18,10,0,TRUE,1998
KT_2025_PLY_001929_LN,PLY_001929,1,LIVE_NORMAL,61,12,10,0,TRUE,2025
KT_2020_PLY_001929_AS,PLY_001929,3,ALLSTAR,83,24,10,10,TRUE,2020
KT_2020_PLY_001929_EPIC,PLY_001929,2,LIVE_EPIC,73,18,10,0,TRUE,2020
KT_2019_PLY_001929_AS,PLY_001929,3,ALLSTAR,79,24,10,10,TRUE,2019
KT_2010_PLY_001930_LN,PLY_001930,1,LIVE_NORMAL,65,12,10,0,TRUE,2010
KT_1996_PLY_001930_LN,PLY_001930,1,LIVE_NORMAL,62,12,10,0,TRUE,1996
KT_2002_PLY_001930_TH,PLY_001930,4,TITLE_HOLDER,80,30,10,10,FALSE,2002
KT_1997_PLY_001930_SIG,PLY_001930,6,SIGNATURE,90,40,10,10,FALSE,1997
KT_2001_PLY_001930_LN,PLY_001930,1,LIVE_NORMAL,55,12,10,0,TRUE,2001
KT_2003_PLY_001930_LN,PLY_001930,1,LIVE_NORMAL,55,12,10,0,TRUE,2003
KT_2010_PLY_001930_EPIC,PLY_001930,2,LIVE_EPIC,67,18,10,0,TRUE,2010
KT_2000_PLY_001930_EPIC,PLY_001930,2,LIVE_EPIC,71,18,10,0,TRUE,2000
KT_1987_PLY_001931_LN,PLY_001931,1,LIVE_NORMAL,59,12,10,0,TRUE,1987
KT_1993_PLY_001931_TH,PLY_001931,4,TITLE_HOLDER,81,30,10,10,FALSE,1993
KT_1991_PLY_001931_AS,PLY_001931,3,ALLSTAR,78,24,10,10,TRUE,1991
KT_1994_PLY_001931_LN,PLY_001931,1,LIVE_NORMAL,57,12,10,0,TRUE,1994
KT_1990_PLY_001931_GG,PLY_001931,7,GOLDEN_GLOVE,90,35,10,10,FALSE,1990
KT_1995_PLY_001931_LN,PLY_001931,1,LIVE_NORMAL,59,12,10,0,TRUE,1995
KT_1990_PLY_001931_LN,PLY_001931,1,LIVE_NORMAL,64,12,10,0,TRUE,1990
KT_1989_PLY_001931_EPIC,PLY_001931,2,LIVE_EPIC,72,18,10,0,TRUE,1989
KT_1999_PLY_001932_TH,PLY_001932,4,TITLE_HOLDER,80,30,10,10,FALSE,1999
KT_1995_PLY_001932_EPIC,PLY_001932,2,LIVE_EPIC,75,18,10,0,TRUE,1995
KT_1993_PLY_001932_LN,PLY_001932,1,LIVE_NORMAL,62,12,10,0,TRUE,1993
KT_1998_PLY_001932_GG,PLY_001932,7,GOLDEN_GLOVE,86,35,10,10,FALSE,1998
KT_1996_PLY_001932_AS,PLY_001932,3,ALLSTAR,81,24,10,10,TRUE,1996
KT_1994_PLY_001932_EPIC,PLY_001932,2,LIVE_EPIC,71,18,10,0,TRUE,1994
KT_1996_PLY_001932_LN,PLY_001932,1,LIVE_NORMAL,61,12,10,0,TRUE,1996
KT_1999_PLY_001932_LN,PLY_001932,1,LIVE_NORMAL,66,12,10,0,TRUE,1999
KT_1997_PLY_001932_LN,PLY_001932,1,LIVE_NORMAL,61,12,10,0,TRUE,1997
KT_2000_PLY_001932_AS,PLY_001932,3,ALLSTAR,82,24,10,10,TRUE,2000
KT_1999_PLY_001932_AS,PLY_001932,3,ALLSTAR,74,24,10,10,TRUE,1999
KT_1998_PLY_001932_LN,PLY_001932,1,LIVE_NORMAL,59,12,10,0,TRUE,1998
KT_2000_PLY_001933_EPIC,PLY_001933,2,LIVE_EPIC,66,18,10,0,TRUE,2000
KT_2000_PLY_001933_TH,PLY_001933,4,TITLE_HOLDER,87,30,10,10,FALSE,2000
KT_2001_PLY_001933_AS,PLY_001933,3,ALLSTAR,80,24,10,10,TRUE,2001
KT_2001_PLY_001933_LN,PLY_001933,1,LIVE_NORMAL,60,12,10,0,TRUE,2001
KT_2015_PLY_001934_EPIC,PLY_001934,2,LIVE_EPIC,66,18,10,0,TRUE,2015
KT_2012_PLY_001934_LN,PLY_001934,1,LIVE_NORMAL,58,12,10,0,TRUE,2012
KT_2025_PLY_001935_LN,PLY_001935,1,LIVE_NORMAL,67,12,10,0,TRUE,2025
KT_2020_PLY_001935_EPIC,PLY_001935,2,LIVE_EPIC,76,18,10,0,TRUE,2020
KT_2023_PLY_001935_LN,PLY_001935,1,LIVE_NORMAL,67,12,10,0,TRUE,2023
KT_2008_PLY_001936_TH,PLY_001936,4,TITLE_HOLDER,84,30,10,10,FALSE,2008
KT_2008_PLY_001936_EPIC,PLY_001936,2,LIVE_EPIC,75,18,10,0,TRUE,2008
KT_2010_PLY_001936_EPIC,PLY_001936,2,LIVE_EPIC,73,18,10,0,TRUE,2010
KT_2008_PLY_001936_LN,PLY_001936,1,LIVE_NORMAL,68,12,10,0,TRUE,2008
KT_2008_PLY_001936_AS,PLY_001936,3,ALLSTAR,83,24,10,10,TRUE,2008
KT_2008_PLY_001936_GG,PLY_001936,7,GOLDEN_GLOVE,90,35,10,10,FALSE,2008
KT_2011_PLY_001936_AS,PLY_001936,3,ALLSTAR,82,24,10,10,TRUE,2011
KT_2011_PLY_001936_SIG,PLY_001936,6,SIGNATURE,88,40,10,10,FALSE,2011
KT_1988_PLY_001937_AS,PLY_001937,3,ALLSTAR,81,24,10,10,TRUE,1988
KT_1994_PLY_001937_SIG,PLY_001937,6,SIGNATURE,87,40,10,10,FALSE,1994
KT_1993_PLY_001937_AS,PLY_001937,3,ALLSTAR,76,24,10,10,TRUE,1993
KT_1997_PLY_001937_LN,PLY_001937,1,LIVE_NORMAL,61,12,10,0,TRUE,1997
KT_1995_PLY_001937_EPIC,PLY_001937,2,LIVE_EPIC,67,18,10,0,TRUE,1995
KT_1990_PLY_001937_LN,PLY_001937,1,LIVE_NORMAL,58,12,10,0,TRUE,1990
KT_1988_PLY_001937_EPIC,PLY_001937,2,LIVE_EPIC,65,18,10,0,TRUE,1988
KT_2023_PLY_001938_LN,PLY_001938,1,LIVE_NORMAL,66,12,10,0,TRUE,2023
KT_2026_PLY_001938_EPIC,PLY_001938,2,LIVE_EPIC,69,18,10,0,TRUE,2026
KT_2025_PLY_001938_LN,PLY_001938,1,LIVE_NORMAL,67,12,10,0,TRUE,2025
KT_2024_PLY_001938_AS,PLY_001938,3,ALLSTAR,78,24,10,10,TRUE,2024
KT_2012_PLY_001939_LN,PLY_001939,1,LIVE_NORMAL,58,12,10,0,TRUE,2012
KT_2023_PLY_001939_LN,PLY_001939,1,LIVE_NORMAL,67,12,10,0,TRUE,2023
KT_2024_PLY_001939_LN,PLY_001939,1,LIVE_NORMAL,63,12,10,0,TRUE,2024
KT_2025_PLY_001939_TH,PLY_001939,4,TITLE_HOLDER,85,30,10,10,FALSE,2025
KT_2017_PLY_001939_TH,PLY_001939,4,TITLE_HOLDER,80,30,10,10,FALSE,2017
KT_2017_PLY_001939_LN,PLY_001939,1,LIVE_NORMAL,62,12,10,0,TRUE,2017
KT_2019_PLY_001939_EPIC,PLY_001939,2,LIVE_EPIC,72,18,10,0,TRUE,2019
KT_2024_PLY_001939_AS,PLY_001939,3,ALLSTAR,78,24,10,10,TRUE,2024
KT_2026_PLY_001939_EPIC,PLY_001939,2,LIVE_EPIC,74,18,10,0,TRUE,2026
KT_2021_PLY_001939_EPIC,PLY_001939,2,LIVE_EPIC,65,18,10,0,TRUE,2021
KT_2013_PLY_001939_LN,PLY_001939,1,LIVE_NORMAL,65,12,10,0,TRUE,2013
KT_2003_PLY_001940_TH,PLY_001940,4,TITLE_HOLDER,86,30,10,10,FALSE,2003
KT_2009_PLY_001940_LN,PLY_001940,1,LIVE_NORMAL,64,12,10,0,TRUE,2009
KT_2007_PLY_001940_LN,PLY_001940,1,LIVE_NORMAL,63,12,10,0,TRUE,2007
KT_2002_PLY_001940_EPIC,PLY_001940,2,LIVE_EPIC,68,18,10,0,TRUE,2002
KT_2005_PLY_001940_EPIC,PLY_001940,2,LIVE_EPIC,70,18,10,0,TRUE,2005
KT_2006_PLY_001940_EPIC,PLY_001940,2,LIVE_EPIC,67,18,10,0,TRUE,2006
KT_2003_PLY_001940_SIG,PLY_001940,6,SIGNATURE,87,40,10,10,FALSE,2003
KT_2008_PLY_001940_GG,PLY_001940,7,GOLDEN_GLOVE,84,35,10,10,FALSE,2008
KT_2008_PLY_001940_LN,PLY_001940,1,LIVE_NORMAL,62,12,10,0,TRUE,2008
KT_2003_PLY_001940_LN,PLY_001940,1,LIVE_NORMAL,55,12,10,0,TRUE,2003
KT_2024_PLY_001941_LN,PLY_001941,1,LIVE_NORMAL,67,12,10,0,TRUE,2024
KT_2023_PLY_001941_AS,PLY_001941,3,ALLSTAR,77,24,10,10,TRUE,2023
KT_2026_PLY_001941_TH,PLY_001941,4,TITLE_HOLDER,87,30,10,10,FALSE,2026
KT_2025_PLY_001941_LN,PLY_001941,1,LIVE_NORMAL,57,12,10,0,TRUE,2025
KT_2022_PLY_001941_LN,PLY_001941,1,LIVE_NORMAL,68,12,10,0,TRUE,2022
KT_2011_PLY_001942_EPIC,PLY_001942,2,LIVE_EPIC,75,18,10,0,TRUE,2011
KT_2010_PLY_001942_LN,PLY_001942,1,LIVE_NORMAL,58,12,10,0,TRUE,2010
KT_2004_PLY_001943_LN,PLY_001943,1,LIVE_NORMAL,64,12,10,0,TRUE,2004
KT_2010_PLY_001943_SIG,PLY_001943,6,SIGNATURE,93,40,10,10,FALSE,2010
KT_2007_PLY_001943_EPIC,PLY_001943,2,LIVE_EPIC,67,18,10,0,TRUE,2007
KT_2010_PLY_001944_LN,PLY_001944,1,LIVE_NORMAL,61,12,10,0,TRUE,2010
KT_2005_PLY_001944_EPIC,PLY_001944,2,LIVE_EPIC,70,18,10,0,TRUE,2005
KT_2015_PLY_001944_LN,PLY_001944,1,LIVE_NORMAL,66,12,10,0,TRUE,2015
KT_2010_PLY_001944_TH,PLY_001944,4,TITLE_HOLDER,81,30,10,10,FALSE,2010
KT_2014_PLY_001944_SIG,PLY_001944,6,SIGNATURE,94,40,10,10,FALSE,2014
KT_2014_PLY_001944_LN,PLY_001944,1,LIVE_NORMAL,62,12,10,0,TRUE,2014
KT_2016_PLY_001944_AS,PLY_001944,3,ALLSTAR,82,24,10,10,TRUE,2016
KT_1998_PLY_001944_EPIC,PLY_001944,2,LIVE_EPIC,74,18,10,0,TRUE,1998
KT_2009_PLY_001944_SIG,PLY_001944,6,SIGNATURE,93,40,10,10,FALSE,2009
KT_2001_PLY_001944_LN,PLY_001944,1,LIVE_NORMAL,62,12,10,0,TRUE,2001
KT_2002_PLY_001945_AS,PLY_001945,3,ALLSTAR,78,24,10,10,TRUE,2002
KT_2001_PLY_001945_AS,PLY_001945,3,ALLSTAR,76,24,10,10,TRUE,2001
KT_1999_PLY_001945_LN,PLY_001945,1,LIVE_NORMAL,57,12,10,0,TRUE,1999
KT_2002_PLY_001945_LN,PLY_001945,1,LIVE_NORMAL,62,12,10,0,TRUE,2002
KT_2000_PLY_001945_TH,PLY_001945,4,TITLE_HOLDER,80,30,10,10,FALSE,2000
KT_2000_PLY_001945_EPIC,PLY_001945,2,LIVE_EPIC,65,18,10,0,TRUE,2000
KT_2012_PLY_001946_LN,PLY_001946,1,LIVE_NORMAL,55,12,10,0,TRUE,2012
KT_2003_PLY_001947_AS,PLY_001947,3,ALLSTAR,77,24,10,10,TRUE,2003
KT_1997_PLY_001947_TH,PLY_001947,4,TITLE_HOLDER,86,30,10,10,FALSE,1997
KT_1993_PLY_001947_EPIC,PLY_001947,2,LIVE_EPIC,74,18,10,0,TRUE,1993
KT_2003_PLY_001947_EPIC,PLY_001947,2,LIVE_EPIC,67,18,10,0,TRUE,2003
KT_2003_PLY_001947_SIG,PLY_001947,6,SIGNATURE,87,40,10,10,FALSE,2003
KT_1993_PLY_001947_AS,PLY_001947,3,ALLSTAR,76,24,10,10,TRUE,1993
KT_1998_PLY_001947_TH,PLY_001947,4,TITLE_HOLDER,81,30,10,10,FALSE,1998
KT_1994_PLY_001947_LN,PLY_001947,1,LIVE_NORMAL,63,12,10,0,TRUE,1994
KT_1991_PLY_001947_TH,PLY_001947,4,TITLE_HOLDER,84,30,10,10,FALSE,1991
KT_1988_PLY_001947_LN,PLY_001947,1,LIVE_NORMAL,63,12,10,0,TRUE,1988
KT_2001_PLY_001947_GG,PLY_001947,7,GOLDEN_GLOVE,83,35,10,10,FALSE,2001
KT_2004_PLY_001948_GG,PLY_001948,7,GOLDEN_GLOVE,83,35,10,10,FALSE,2004
KT_2003_PLY_001948_EPIC,PLY_001948,2,LIVE_EPIC,67,18,10,0,TRUE,2003
KT_1997_PLY_001948_GG,PLY_001948,7,GOLDEN_GLOVE,87,35,10,10,FALSE,1997
KT_1999_PLY_001948_EPIC,PLY_001948,2,LIVE_EPIC,75,18,10,0,TRUE,1999
KT_2001_PLY_001948_EPIC,PLY_001948,2,LIVE_EPIC,72,18,10,0,TRUE,2001
KT_1997_PLY_001948_EPIC,PLY_001948,2,LIVE_EPIC,67,18,10,0,TRUE,1997
KT_1998_PLY_001948_LN,PLY_001948,1,LIVE_NORMAL,61,12,10,0,TRUE,1998
KT_1999_PLY_001948_LN,PLY_001948,1,LIVE_NORMAL,65,12,10,0,TRUE,1999
KT_1998_PLY_001948_EPIC,PLY_001948,2,LIVE_EPIC,68,18,10,0,TRUE,1998
KT_2003_PLY_001948_LN,PLY_001948,1,LIVE_NORMAL,68,12,10,0,TRUE,2003
KT_2008_PLY_001949_LN,PLY_001949,1,LIVE_NORMAL,58,12,10,0,TRUE,2008
KT_2000_PLY_001949_TH,PLY_001949,4,TITLE_HOLDER,85,30,10,10,FALSE,2000
KT_2007_PLY_001949_TH,PLY_001949,4,TITLE_HOLDER,83,30,10,10,FALSE,2007
KT_2005_PLY_001949_EPIC,PLY_001949,2,LIVE_EPIC,66,18,10,0,TRUE,2005
KT_1988_PLY_001950_LN,PLY_001950,1,LIVE_NORMAL,64,12,10,0,TRUE,1988
KT_1991_PLY_001950_LN,PLY_001950,1,LIVE_NORMAL,60,12,10,0,TRUE,1991
KT_1989_PLY_001950_EPIC,PLY_001950,2,LIVE_EPIC,68,18,10,0,TRUE,1989
KT_1997_PLY_001950_EPIC,PLY_001950,2,LIVE_EPIC,65,18,10,0,TRUE,1997
KT_1994_PLY_001950_LN,PLY_001950,1,LIVE_NORMAL,66,12,10,0,TRUE,1994
KT_2023_PLY_001951_AS,PLY_001951,3,ALLSTAR,80,24,10,10,TRUE,2023
KT_2026_PLY_001951_TH,PLY_001951,4,TITLE_HOLDER,83,30,10,10,FALSE,2026
KT_2024_PLY_001951_LN,PLY_001951,1,LIVE_NORMAL,66,12,10,0,TRUE,2024
KT_2023_PLY_001951_GG,PLY_001951,7,GOLDEN_GLOVE,90,35,10,10,FALSE,2023
KT_2026_PLY_001951_AS,PLY_001951,3,ALLSTAR,81,24,10,10,TRUE,2026
KT_2025_PLY_001951_EPIC,PLY_001951,2,LIVE_EPIC,73,18,10,0,TRUE,2025
KT_2023_PLY_001951_TH,PLY_001951,4,TITLE_HOLDER,87,30,10,10,FALSE,2023
KT_2019_PLY_001952_LN,PLY_001952,1,LIVE_NORMAL,63,12,10,0,TRUE,2019
KT_2019_PLY_001952_EPIC,PLY_001952,2,LIVE_EPIC,66,18,10,0,TRUE,2019
KT_2020_PLY_001952_AS,PLY_001952,3,ALLSTAR,74,24,10,10,TRUE,2020
KT_2021_PLY_001952_AS,PLY_001952,3,ALLSTAR,83,24,10,10,TRUE,2021
KT_2018_PLY_001952_AS,PLY_001952,3,ALLSTAR,76,24,10,10,TRUE,2018
KT_2018_PLY_001952_LN,PLY_001952,1,LIVE_NORMAL,57,12,10,0,TRUE,2018
KT_2018_PLY_001952_EPIC,PLY_001952,2,LIVE_EPIC,76,18,10,0,TRUE,2018
KT_2025_PLY_001952_EPIC,PLY_001952,2,LIVE_EPIC,69,18,10,0,TRUE,2025
KT_2022_PLY_001952_LN,PLY_001952,1,LIVE_NORMAL,63,12,10,0,TRUE,2022
KT_2014_PLY_001953_LN,PLY_001953,1,LIVE_NORMAL,65,12,10,0,TRUE,2014
KT_2016_PLY_001953_LN,PLY_001953,1,LIVE_NORMAL,59,12,10,0,TRUE,2016
KT_2007_PLY_001954_LN,PLY_001954,1,LIVE_NORMAL,56,12,10,0,TRUE,2007
KT_1993_PLY_001954_LN,PLY_001954,1,LIVE_NORMAL,66,12,10,0,TRUE,1993
KT_2000_PLY_001954_GG,PLY_001954,7,GOLDEN_GLOVE,90,35,10,10,FALSE,2000
KT_2000_PLY_001954_LN,PLY_001954,1,LIVE_NORMAL,63,12,10,0,TRUE,2000
KT_1993_PLY_001954_EPIC,PLY_001954,2,LIVE_EPIC,67,18,10,0,TRUE,1993
KT_1998_PLY_001954_EPIC,PLY_001954,2,LIVE_EPIC,75,18,10,0,TRUE,1998
KT_1995_PLY_001954_EPIC,PLY_001954,2,LIVE_EPIC,75,18,10,0,TRUE,1995
KT_2005_PLY_001954_LN,PLY_001954,1,LIVE_NORMAL,68,12,10,0,TRUE,2005
KT_2002_PLY_001954_TH,PLY_001954,4,TITLE_HOLDER,87,30,10,10,FALSE,2002
KT_2001_PLY_001955_SIG,PLY_001955,6,SIGNATURE,87,40,10,10,FALSE,2001
KT_1999_PLY_001955_EPIC,PLY_001955,2,LIVE_EPIC,70,18,10,0,TRUE,1999
KT_1999_PLY_001955_LN,PLY_001955,1,LIVE_NORMAL,67,12,10,0,TRUE,1999
KT_1998_PLY_001955_TH,PLY_001955,4,TITLE_HOLDER,86,30,10,10,FALSE,1998
KT_2000_PLY_001955_EPIC,PLY_001955,2,LIVE_EPIC,65,18,10,0,TRUE,2000
KT_2002_PLY_001955_TH,PLY_001955,4,TITLE_HOLDER,83,30,10,10,FALSE,2002
KT_2022_PLY_001956_LN,PLY_001956,1,LIVE_NORMAL,65,12,10,0,TRUE,2022
KT_2020_PLY_001956_TH,PLY_001956,4,TITLE_HOLDER,86,30,10,10,FALSE,2020
KT_2016_PLY_001956_TH,PLY_001956,4,TITLE_HOLDER,87,30,10,10,FALSE,2016
KT_2019_PLY_001956_TH,PLY_001956,4,TITLE_HOLDER,82,30,10,10,FALSE,2019
KT_2023_PLY_001956_EPIC,PLY_001956,2,LIVE_EPIC,69,18,10,0,TRUE,2023
KT_2018_PLY_001956_LN,PLY_001956,1,LIVE_NORMAL,56,12,10,0,TRUE,2018
KT_2018_PLY_001956_EPIC,PLY_001956,2,LIVE_EPIC,71,18,10,0,TRUE,2018
KT_2013_PLY_001956_LN,PLY_001956,1,LIVE_NORMAL,61,12,10,0,TRUE,2013
KT_2020_PLY_001956_LN,PLY_001956,1,LIVE_NORMAL,61,12,10,0,TRUE,2020
KT_2015_PLY_001956_LN,PLY_001956,1,LIVE_NORMAL,66,12,10,0,TRUE,2015
KT_2014_PLY_001957_AS,PLY_001957,3,ALLSTAR,82,24,10,10,TRUE,2014
KT_2007_PLY_001957_LN,PLY_001957,1,LIVE_NORMAL,61,12,10,0,TRUE,2007
KT_2016_PLY_001957_LN,PLY_001957,1,LIVE_NORMAL,66,12,10,0,TRUE,2016
KT_2017_PLY_001957_EPIC,PLY_001957,2,LIVE_EPIC,69,18,10,0,TRUE,2017
KT_2009_PLY_001957_TH,PLY_001957,4,TITLE_HOLDER,83,30,10,10,FALSE,2009
KT_2013_PLY_001957_LN,PLY_001957,1,LIVE_NORMAL,56,12,10,0,TRUE,2013
KT_2011_PLY_001958_LN,PLY_001958,1,LIVE_NORMAL,65,12,10,0,TRUE,2011
KT_2011_PLY_001958_AS,PLY_001958,3,ALLSTAR,78,24,10,10,TRUE,2011
KT_2012_PLY_001958_AS,PLY_001958,3,ALLSTAR,76,24,10,10,TRUE,2012
KT_2011_PLY_001958_EPIC,PLY_001958,2,LIVE_EPIC,71,18,10,0,TRUE,2011
KT_2010_PLY_001958_SIG,PLY_001958,6,SIGNATURE,90,40,10,10,FALSE,2010
KT_2010_PLY_001958_LN,PLY_001958,1,LIVE_NORMAL,56,12,10,0,TRUE,2010
KT_2012_PLY_001958_LN,PLY_001958,1,LIVE_NORMAL,62,12,10,0,TRUE,2012
KT_2000_PLY_001959_AS,PLY_001959,3,ALLSTAR,83,24,10,10,TRUE,2000
KT_2003_PLY_001959_EPIC,PLY_001959,2,LIVE_EPIC,69,18,10,0,TRUE,2003
KT_2005_PLY_001959_EPIC,PLY_001959,2,LIVE_EPIC,67,18,10,0,TRUE,2005
KT_1993_PLY_001959_AS,PLY_001959,3,ALLSTAR,75,24,10,10,TRUE,1993
KT_1999_PLY_001959_AS,PLY_001959,3,ALLSTAR,79,24,10,10,TRUE,1999
KT_2009_PLY_001959_TH,PLY_001959,4,TITLE_HOLDER,86,30,10,10,FALSE,2009
KT_2019_PLY_001960_LN,PLY_001960,1,LIVE_NORMAL,61,12,10,0,TRUE,2019
KT_2022_PLY_001960_LN,PLY_001960,1,LIVE_NORMAL,59,12,10,0,TRUE,2022
KT_2020_PLY_001960_TH,PLY_001960,4,TITLE_HOLDER,81,30,10,10,FALSE,2020
KT_2019_PLY_001960_EPIC,PLY_001960,2,LIVE_EPIC,68,18,10,0,TRUE,2019
KT_2024_PLY_001960_SIG,PLY_001960,6,SIGNATURE,93,40,10,10,FALSE,2024
KT_2022_PLY_001960_SIG,PLY_001960,6,SIGNATURE,87,40,10,10,FALSE,2022
KT_2025_PLY_001960_LN,PLY_001960,1,LIVE_NORMAL,64,12,10,0,TRUE,2025
KT_2001_PLY_001961_AS,PLY_001961,3,ALLSTAR,74,24,10,10,TRUE,2001
KT_1995_PLY_001961_EPIC,PLY_001961,2,LIVE_EPIC,76,18,10,0,TRUE,1995
KT_2011_PLY_001962_AS,PLY_001962,3,ALLSTAR,83,24,10,10,TRUE,2011
KT_2016_PLY_001962_LN,PLY_001962,1,LIVE_NORMAL,62,12,10,0,TRUE,2016
KT_2015_PLY_001962_LN,PLY_001962,1,LIVE_NORMAL,56,12,10,0,TRUE,2015
KT_2013_PLY_001962_LN,PLY_001962,1,LIVE_NORMAL,57,12,10,0,TRUE,2013
KT_2018_PLY_001962_LN,PLY_001962,1,LIVE_NORMAL,62,12,10,0,TRUE,2018
KT_2019_PLY_001962_LN,PLY_001962,1,LIVE_NORMAL,64,12,10,0,TRUE,2019
KT_2006_PLY_001963_EPIC,PLY_001963,2,LIVE_EPIC,67,18,10,0,TRUE,2006
KT_2006_PLY_001963_LN,PLY_001963,1,LIVE_NORMAL,65,12,10,0,TRUE,2006
KT_2004_PLY_001963_LN,PLY_001963,1,LIVE_NORMAL,66,12,10,0,TRUE,2004
KT_2007_PLY_001963_AS,PLY_001963,3,ALLSTAR,76,24,10,10,TRUE,2007
KT_2006_PLY_001964_LN,PLY_001964,1,LIVE_NORMAL,64,12,10,0,TRUE,2006
KT_2005_PLY_001964_TH,PLY_001964,4,TITLE_HOLDER,80,30,10,10,FALSE,2005
KT_2004_PLY_001964_EPIC,PLY_001964,2,LIVE_EPIC,73,18,10,0,TRUE,2004
KT_2004_PLY_001964_TH,PLY_001964,4,TITLE_HOLDER,81,30,10,10,FALSE,2004
KT_2006_PLY_001964_TH,PLY_001964,4,TITLE_HOLDER,82,30,10,10,FALSE,2006
KT_2005_PLY_001964_LN,PLY_001964,1,LIVE_NORMAL,58,12,10,0,TRUE,2005
KT_2024_PLY_001965_GG,PLY_001965,7,GOLDEN_GLOVE,83,35,10,10,FALSE,2024
KT_2019_PLY_001965_SIG,PLY_001965,6,SIGNATURE,89,40,10,10,FALSE,2019
KT_2021_PLY_001965_LN,PLY_001965,1,LIVE_NORMAL,63,12,10,0,TRUE,2021
KT_2019_PLY_001965_LN,PLY_001965,1,LIVE_NORMAL,55,12,10,0,TRUE,2019
KT_2020_PLY_001965_TH,PLY_001965,4,TITLE_HOLDER,85,30,10,10,FALSE,2020
KT_2022_PLY_001965_LN,PLY_001965,1,LIVE_NORMAL,57,12,10,0,TRUE,2022
KT_2020_PLY_001965_LN,PLY_001965,1,LIVE_NORMAL,61,12,10,0,TRUE,2020
KT_2019_PLY_001965_TH,PLY_001965,4,TITLE_HOLDER,83,30,10,10,FALSE,2019
KT_2006_PLY_001966_GG,PLY_001966,7,GOLDEN_GLOVE,85,35,10,10,FALSE,2006
KT_2008_PLY_001966_EPIC,PLY_001966,2,LIVE_EPIC,73,18,10,0,TRUE,2008
KT_2010_PLY_001966_AS,PLY_001966,3,ALLSTAR,81,24,10,10,TRUE,2010
KT_2013_PLY_001966_LN,PLY_001966,1,LIVE_NORMAL,68,12,10,0,TRUE,2013
KT_2014_PLY_001966_AS,PLY_001966,3,ALLSTAR,75,24,10,10,TRUE,2014
KT_1997_PLY_001967_LN,PLY_001967,1,LIVE_NORMAL,55,12,10,0,TRUE,1997
KT_2006_PLY_001967_AS,PLY_001967,3,ALLSTAR,81,24,10,10,TRUE,2006
KT_1995_PLY_001967_LN,PLY_001967,1,LIVE_NORMAL,62,12,10,0,TRUE,1995
KT_1990_PLY_001968_LN,PLY_001968,1,LIVE_NORMAL,55,12,10,0,TRUE,1990
KT_2000_PLY_001968_EPIC,PLY_001968,2,LIVE_EPIC,68,18,10,0,TRUE,2000
KT_1996_PLY_001968_SIG,PLY_001968,6,SIGNATURE,88,40,10,10,FALSE,1996
KT_1989_PLY_001968_TH,PLY_001968,4,TITLE_HOLDER,87,30,10,10,FALSE,1989
KT_2000_PLY_001968_LN,PLY_001968,1,LIVE_NORMAL,66,12,10,0,TRUE,2000
KT_1996_PLY_001968_EPIC,PLY_001968,2,LIVE_EPIC,68,18,10,0,TRUE,1996
KT_1996_PLY_001968_AS,PLY_001968,3,ALLSTAR,83,24,10,10,TRUE,1996
KT_1993_PLY_001968_AS,PLY_001968,3,ALLSTAR,74,24,10,10,TRUE,1993
KT_1997_PLY_001968_EPIC,PLY_001968,2,LIVE_EPIC,69,18,10,0,TRUE,1997
KT_1999_PLY_001968_LN,PLY_001968,1,LIVE_NORMAL,66,12,10,0,TRUE,1999
KT_2003_PLY_001969_LN,PLY_001969,1,LIVE_NORMAL,65,12,10,0,TRUE,2003
KT_2006_PLY_001969_AS,PLY_001969,3,ALLSTAR,82,24,10,10,TRUE,2006
KT_2001_PLY_001969_LN,PLY_001969,1,LIVE_NORMAL,61,12,10,0,TRUE,2001
KT_1992_PLY_001969_AS,PLY_001969,3,ALLSTAR,81,24,10,10,TRUE,1992
KT_2001_PLY_001969_SIG,PLY_001969,6,SIGNATURE,88,40,10,10,FALSE,2001
KT_1997_PLY_001969_LN,PLY_001969,1,LIVE_NORMAL,58,12,10,0,TRUE,1997
KT_2012_PLY_001970_AS,PLY_001970,3,ALLSTAR,76,24,10,10,TRUE,2012
KT_2013_PLY_001970_LN,PLY_001970,1,LIVE_NORMAL,56,12,10,0,TRUE,2013
KT_2025_PLY_001971_SIG,PLY_001971,6,SIGNATURE,88,40,10,10,FALSE,2025
KT_2015_PLY_001971_LN,PLY_001971,1,LIVE_NORMAL,56,12,10,0,TRUE,2015
KT_2022_PLY_001971_LN,PLY_001971,1,LIVE_NORMAL,57,12,10,0,TRUE,2022
KT_2019_PLY_001971_LN,PLY_001971,1,LIVE_NORMAL,57,12,10,0,TRUE,2019
KT_2019_PLY_001971_EPIC,PLY_001971,2,LIVE_EPIC,70,18,10,0,TRUE,2019
KT_2023_PLY_001971_LN,PLY_001971,1,LIVE_NORMAL,59,12,10,0,TRUE,2023
KT_2025_PLY_001971_AS,PLY_001971,3,ALLSTAR,76,24,10,10,TRUE,2025
KT_2018_PLY_001971_LN,PLY_001971,1,LIVE_NORMAL,65,12,10,0,TRUE,2018
KT_2018_PLY_001971_EPIC,PLY_001971,2,LIVE_EPIC,66,18,10,0,TRUE,2018
KT_1999_PLY_001972_EPIC,PLY_001972,2,LIVE_EPIC,65,18,10,0,TRUE,1999
KT_1996_PLY_001972_LN,PLY_001972,1,LIVE_NORMAL,61,12,10,0,TRUE,1996
KT_2012_PLY_001973_EPIC,PLY_001973,2,LIVE_EPIC,72,18,10,0,TRUE,2012
KT_2021_PLY_001973_EPIC,PLY_001973,2,LIVE_EPIC,73,18,10,0,TRUE,2021
KT_2021_PLY_001973_LN,PLY_001973,1,LIVE_NORMAL,58,12,10,0,TRUE,2021
KT_2015_PLY_001973_EPIC,PLY_001973,2,LIVE_EPIC,74,18,10,0,TRUE,2015
KT_2011_PLY_001973_LN,PLY_001973,1,LIVE_NORMAL,60,12,10,0,TRUE,2011
KT_2008_PLY_001973_LN,PLY_001973,1,LIVE_NORMAL,58,12,10,0,TRUE,2008
KT_2007_PLY_001973_EPIC,PLY_001973,2,LIVE_EPIC,66,18,10,0,TRUE,2007
KT_2017_PLY_001973_SIG,PLY_001973,6,SIGNATURE,90,40,10,10,FALSE,2017
KT_2005_PLY_001974_EPIC,PLY_001974,2,LIVE_EPIC,76,18,10,0,TRUE,2005
KT_2002_PLY_001974_AS,PLY_001974,3,ALLSTAR,79,24,10,10,TRUE,2002
KT_2003_PLY_001974_EPIC,PLY_001974,2,LIVE_EPIC,70,18,10,0,TRUE,2003
KT_1995_PLY_001974_AS,PLY_001974,3,ALLSTAR,81,24,10,10,TRUE,1995
KT_1995_PLY_001974_EPIC,PLY_001974,2,LIVE_EPIC,72,18,10,0,TRUE,1995
KT_2001_PLY_001974_LN,PLY_001974,1,LIVE_NORMAL,60,12,10,0,TRUE,2001
KT_1994_PLY_001974_SIG,PLY_001974,6,SIGNATURE,91,40,10,10,FALSE,1994
KT_2004_PLY_001974_AS,PLY_001974,3,ALLSTAR,78,24,10,10,TRUE,2004
KT_2003_PLY_001974_LN,PLY_001974,1,LIVE_NORMAL,63,12,10,0,TRUE,2003
KT_1996_PLY_001974_LN,PLY_001974,1,LIVE_NORMAL,59,12,10,0,TRUE,1996
KT_1997_PLY_001974_TH,PLY_001974,4,TITLE_HOLDER,82,30,10,10,FALSE,1997
KT_1998_PLY_001975_EPIC,PLY_001975,2,LIVE_EPIC,70,18,10,0,TRUE,1998
KT_2005_PLY_001975_LN,PLY_001975,1,LIVE_NORMAL,56,12,10,0,TRUE,2005
KT_2002_PLY_001975_EPIC,PLY_001975,2,LIVE_EPIC,75,18,10,0,TRUE,2002
KT_1995_PLY_001975_AS,PLY_001975,3,ALLSTAR,74,24,10,10,TRUE,1995
KT_2000_PLY_001975_AS,PLY_001975,3,ALLSTAR,81,24,10,10,TRUE,2000
KT_2008_PLY_001975_AS,PLY_001975,3,ALLSTAR,78,24,10,10,TRUE,2008
KT_2000_PLY_001975_LN,PLY_001975,1,LIVE_NORMAL,56,12,10,0,TRUE,2000
KT_2006_PLY_001975_LN,PLY_001975,1,LIVE_NORMAL,65,12,10,0,TRUE,2006
KT_1995_PLY_001975_EPIC,PLY_001975,2,LIVE_EPIC,66,18,10,0,TRUE,1995
KT_2019_PLY_001976_LN,PLY_001976,1,LIVE_NORMAL,66,12,10,0,TRUE,2019
KT_2026_PLY_001976_GG,PLY_001976,7,GOLDEN_GLOVE,88,35,10,10,FALSE,2026
KT_2023_PLY_001976_EPIC,PLY_001976,2,LIVE_EPIC,65,18,10,0,TRUE,2023
KT_2023_PLY_001976_LN,PLY_001976,1,LIVE_NORMAL,55,12,10,0,TRUE,2023
KT_2026_PLY_001976_TH,PLY_001976,4,TITLE_HOLDER,84,30,10,10,FALSE,2026
KT_2025_PLY_001976_LN,PLY_001976,1,LIVE_NORMAL,56,12,10,0,TRUE,2025
KT_2025_PLY_001976_GG,PLY_001976,7,GOLDEN_GLOVE,87,35,10,10,FALSE,2025
KT_2026_PLY_001976_LN,PLY_001976,1,LIVE_NORMAL,64,12,10,0,TRUE,2026
KT_2022_PLY_001976_AS,PLY_001976,3,ALLSTAR,78,24,10,10,TRUE,2022
KT_2020_PLY_001976_LN,PLY_001976,1,LIVE_NORMAL,60,12,10,0,TRUE,2020
KT_2026_PLY_001977_EPIC,PLY_001977,2,LIVE_EPIC,68,18,10,0,TRUE,2026
KT_2023_PLY_001977_EPIC,PLY_001977,2,LIVE_EPIC,74,18,10,0,TRUE,2023
KT_2025_PLY_001977_EPIC,PLY_001977,2,LIVE_EPIC,65,18,10,0,TRUE,2025
KT_2026_PLY_001977_TH,PLY_001977,4,TITLE_HOLDER,80,30,10,10,FALSE,2026
KT_2003_PLY_001978_TH,PLY_001978,4,TITLE_HOLDER,81,30,10,10,FALSE,2003
KT_1999_PLY_001978_LN,PLY_001978,1,LIVE_NORMAL,60,12,10,0,TRUE,1999
KT_2010_PLY_001978_LN,PLY_001978,1,LIVE_NORMAL,58,12,10,0,TRUE,2010
KT_1998_PLY_001978_EPIC,PLY_001978,2,LIVE_EPIC,69,18,10,0,TRUE,1998
KT_2003_PLY_001979_TH,PLY_001979,4,TITLE_HOLDER,82,30,10,10,FALSE,2003
KT_2004_PLY_001979_TH,PLY_001979,4,TITLE_HOLDER,87,30,10,10,FALSE,2004
KT_2007_PLY_001979_TH,PLY_001979,4,TITLE_HOLDER,82,30,10,10,FALSE,2007
KT_2004_PLY_001979_LN,PLY_001979,1,LIVE_NORMAL,68,12,10,0,TRUE,2004
KT_2007_PLY_001979_LN,PLY_001979,1,LIVE_NORMAL,57,12,10,0,TRUE,2007
KT_2005_PLY_001979_TH,PLY_001979,4,TITLE_HOLDER,81,30,10,10,FALSE,2005
KT_2006_PLY_001979_TH,PLY_001979,4,TITLE_HOLDER,86,30,10,10,FALSE,2006
KT_1994_PLY_001980_EPIC,PLY_001980,2,LIVE_EPIC,68,18,10,0,TRUE,1994
KT_1995_PLY_001980_GG,PLY_001980,7,GOLDEN_GLOVE,85,35,10,10,FALSE,1995
KT_1996_PLY_001980_SIG,PLY_001980,6,SIGNATURE,90,40,10,10,FALSE,1996
KT_2023_PLY_001981_LN,PLY_001981,1,LIVE_NORMAL,58,12,10,0,TRUE,2023
KT_2024_PLY_001981_LN,PLY_001981,1,LIVE_NORMAL,57,12,10,0,TRUE,2024
KT_2023_PLY_001981_EPIC,PLY_001981,2,LIVE_EPIC,69,18,10,0,TRUE,2023
KT_2022_PLY_001981_LN,PLY_001981,1,LIVE_NORMAL,57,12,10,0,TRUE,2022
KT_2024_PLY_001981_TH,PLY_001981,4,TITLE_HOLDER,82,30,10,10,FALSE,2024
KT_2023_PLY_001981_AS,PLY_001981,3,ALLSTAR,75,24,10,10,TRUE,2023
KT_2012_PLY_001982_GG,PLY_001982,7,GOLDEN_GLOVE,86,35,10,10,FALSE,2012
KT_2018_PLY_001982_AS,PLY_001982,3,ALLSTAR,75,24,10,10,TRUE,2018
KT_2009_PLY_001982_LN,PLY_001982,1,LIVE_NORMAL,65,12,10,0,TRUE,2009
KT_2018_PLY_001982_LN,PLY_001982,1,LIVE_NORMAL,57,12,10,0,TRUE,2018
KT_2019_PLY_001982_EPIC,PLY_001982,2,LIVE_EPIC,73,18,10,0,TRUE,2019
KT_2020_PLY_001982_GG,PLY_001982,7,GOLDEN_GLOVE,83,35,10,10,FALSE,2020
KT_2021_PLY_001982_AS,PLY_001982,3,ALLSTAR,75,24,10,10,TRUE,2021
KT_2010_PLY_001982_LN,PLY_001982,1,LIVE_NORMAL,58,12,10,0,TRUE,2010
KT_2015_PLY_001982_EPIC,PLY_001982,2,LIVE_EPIC,70,18,10,0,TRUE,2015
KT_2017_PLY_001982_TH,PLY_001982,4,TITLE_HOLDER,87,30,10,10,FALSE,2017
KT_2007_PLY_001983_LN,PLY_001983,1,LIVE_NORMAL,64,12,10,0,TRUE,2007
KT_2023_PLY_001983_LN,PLY_001983,1,LIVE_NORMAL,68,12,10,0,TRUE,2023
KT_2021_PLY_001983_LN,PLY_001983,1,LIVE_NORMAL,61,12,10,0,TRUE,2021
KT_2020_PLY_001983_AS,PLY_001983,3,ALLSTAR,76,24,10,10,TRUE,2020
KT_2022_PLY_001983_EPIC,PLY_001983,2,LIVE_EPIC,69,18,10,0,TRUE,2022
KT_2022_PLY_001983_GG,PLY_001983,7,GOLDEN_GLOVE,85,35,10,10,FALSE,2022
KT_2008_PLY_001983_LN,PLY_001983,1,LIVE_NORMAL,55,12,10,0,TRUE,2008
KT_2023_PLY_001984_LN,PLY_001984,1,LIVE_NORMAL,60,12,10,0,TRUE,2023
KT_2022_PLY_001984_EPIC,PLY_001984,2,LIVE_EPIC,65,18,10,0,TRUE,2022
KT_2020_PLY_001984_GG,PLY_001984,7,GOLDEN_GLOVE,84,35,10,10,FALSE,2020
KT_2022_PLY_001984_LN,PLY_001984,1,LIVE_NORMAL,64,12,10,0,TRUE,2022
KT_2021_PLY_001984_AS,PLY_001984,3,ALLSTAR,77,24,10,10,TRUE,2021
KT_2023_PLY_001984_EPIC,PLY_001984,2,LIVE_EPIC,75,18,10,0,TRUE,2023
KT_2020_PLY_001984_LN,PLY_001984,1,LIVE_NORMAL,65,12,10,0,TRUE,2020
KT_2020_PLY_001984_TH,PLY_001984,4,TITLE_HOLDER,84,30,10,10,FALSE,2020
KT_2006_PLY_001985_TH,PLY_001985,4,TITLE_HOLDER,84,30,10,10,FALSE,2006
KT_2015_PLY_001985_EPIC,PLY_001985,2,LIVE_EPIC,76,18,10,0,TRUE,2015
KT_2014_PLY_001985_LN,PLY_001985,1,LIVE_NORMAL,62,12,10,0,TRUE,2014
KT_2003_PLY_001985_GG,PLY_001985,7,GOLDEN_GLOVE,84,35,10,10,FALSE,2003
KT_2007_PLY_001985_LN,PLY_001985,1,LIVE_NORMAL,66,12,10,0,TRUE,2007
KT_2014_PLY_001985_TH,PLY_001985,4,TITLE_HOLDER,84,30,10,10,FALSE,2014
KT_2007_PLY_001986_EPIC,PLY_001986,2,LIVE_EPIC,67,18,10,0,TRUE,2007
KT_2005_PLY_001986_LN,PLY_001986,1,LIVE_NORMAL,67,12,10,0,TRUE,2005
KT_2007_PLY_001986_LN,PLY_001986,1,LIVE_NORMAL,68,12,10,0,TRUE,2007
KT_2003_PLY_001986_AS,PLY_001986,3,ALLSTAR,74,24,10,10,TRUE,2003
KT_2007_PLY_001987_TH,PLY_001987,4,TITLE_HOLDER,85,30,10,10,FALSE,2007
KT_2019_PLY_001987_EPIC,PLY_001987,2,LIVE_EPIC,65,18,10,0,TRUE,2019
KT_2010_PLY_001987_SIG,PLY_001987,6,SIGNATURE,90,40,10,10,FALSE,2010
KT_2013_PLY_001987_EPIC,PLY_001987,2,LIVE_EPIC,74,18,10,0,TRUE,2013
KT_2016_PLY_001987_LN,PLY_001987,1,LIVE_NORMAL,64,12,10,0,TRUE,2016
KT_2014_PLY_001987_EPIC,PLY_001987,2,LIVE_EPIC,71,18,10,0,TRUE,2014
KT_2008_PLY_001987_LN,PLY_001987,1,LIVE_NORMAL,64,12,10,0,TRUE,2008
KT_2016_PLY_001988_EPIC,PLY_001988,2,LIVE_EPIC,73,18,10,0,TRUE,2016
KT_2005_PLY_001988_EPIC,PLY_001988,2,LIVE_EPIC,73,18,10,0,TRUE,2005
KT_2008_PLY_001988_LN,PLY_001988,1,LIVE_NORMAL,60,12,10,0,TRUE,2008
KT_2014_PLY_001988_AS,PLY_001988,3,ALLSTAR,75,24,10,10,TRUE,2014
KT_1998_PLY_001988_LN,PLY_001988,1,LIVE_NORMAL,62,12,10,0,TRUE,1998
KT_2004_PLY_001988_LN,PLY_001988,1,LIVE_NORMAL,66,12,10,0,TRUE,2004
KT_2007_PLY_001988_LN,PLY_001988,1,LIVE_NORMAL,60,12,10,0,TRUE,2007
KT_2001_PLY_001988_GG,PLY_001988,7,GOLDEN_GLOVE,90,35,10,10,FALSE,2001
KT_2006_PLY_001989_SIG,PLY_001989,6,SIGNATURE,92,40,10,10,FALSE,2006
KT_2005_PLY_001989_EPIC,PLY_001989,2,LIVE_EPIC,66,18,10,0,TRUE,2005
KT_2014_PLY_001989_AS,PLY_001989,3,ALLSTAR,83,24,10,10,TRUE,2014
KT_2013_PLY_001989_EPIC,PLY_001989,2,LIVE_EPIC,69,18,10,0,TRUE,2013
KT_2022_PLY_001989_LN,PLY_001989,1,LIVE_NORMAL,57,12,10,0,TRUE,2022
KT_2011_PLY_001989_EPIC,PLY_001989,2,LIVE_EPIC,68,18,10,0,TRUE,2011
KT_2020_PLY_001989_EPIC,PLY_001989,2,LIVE_EPIC,73,18,10,0,TRUE,2020
KT_2020_PLY_001989_TH,PLY_001989,4,TITLE_HOLDER,81,30,10,10,FALSE,2020
KT_2015_PLY_001989_LN,PLY_001989,1,LIVE_NORMAL,63,12,10,0,TRUE,2015
KT_2017_PLY_001989_EPIC,PLY_001989,2,LIVE_EPIC,73,18,10,0,TRUE,2017
KT_2008_PLY_001990_EPIC,PLY_001990,2,LIVE_EPIC,73,18,10,0,TRUE,2008
KT_2005_PLY_001990_LN,PLY_001990,1,LIVE_NORMAL,62,12,10,0,TRUE,2005
KT_2005_PLY_001990_SIG,PLY_001990,6,SIGNATURE,94,40,10,10,FALSE,2005
KT_2005_PLY_001990_EPIC,PLY_001990,2,LIVE_EPIC,71,18,10,0,TRUE,2005
KT_2019_PLY_001991_AS,PLY_001991,3,ALLSTAR,74,24,10,10,TRUE,2019
KT_2019_PLY_001991_LN,PLY_001991,1,LIVE_NORMAL,63,12,10,0,TRUE,2019
KT_2014_PLY_001991_SIG,PLY_001991,6,SIGNATURE,91,40,10,10,FALSE,2014
KT_2025_PLY_001992_LN,PLY_001992,1,LIVE_NORMAL,55,12,10,0,TRUE,2025
KT_2024_PLY_001992_LN,PLY_001992,1,LIVE_NORMAL,56,12,10,0,TRUE,2024
KT_2026_PLY_001992_EPIC,PLY_001992,2,LIVE_EPIC,74,18,10,0,TRUE,2026
KT_2018_PLY_001992_LN,PLY_001992,1,LIVE_NORMAL,58,12,10,0,TRUE,2018
KT_2020_PLY_001992_LN,PLY_001992,1,LIVE_NORMAL,65,12,10,0,TRUE,2020
KT_2016_PLY_001992_LN,PLY_001992,1,LIVE_NORMAL,57,12,10,0,TRUE,2016
KT_2015_PLY_001993_EPIC,PLY_001993,2,LIVE_EPIC,65,18,10,0,TRUE,2015
KT_2016_PLY_001993_LN,PLY_001993,1,LIVE_NORMAL,65,12,10,0,TRUE,2016
KT_2013_PLY_001993_SIG,PLY_001993,6,SIGNATURE,90,40,10,10,FALSE,2013
KT_2012_PLY_001993_LN,PLY_001993,1,LIVE_NORMAL,62,12,10,0,TRUE,2012
KT_2012_PLY_001993_EPIC,PLY_001993,2,LIVE_EPIC,75,18,10,0,TRUE,2012
KT_2011_PLY_001993_LN,PLY_001993,1,LIVE_NORMAL,56,12,10,0,TRUE,2011
KT_2016_PLY_001993_AS,PLY_001993,3,ALLSTAR,74,24,10,10,TRUE,2016
KT_2014_PLY_001993_EPIC,PLY_001993,2,LIVE_EPIC,65,18,10,0,TRUE,2014
KT_1989_PLY_001994_EPIC,PLY_001994,2,LIVE_EPIC,71,18,10,0,TRUE,1989
KT_1992_PLY_001994_AS,PLY_001994,3,ALLSTAR,79,24,10,10,TRUE,1992
KT_1993_PLY_001994_SIG,PLY_001994,6,SIGNATURE,90,40,10,10,FALSE,1993
KT_1988_PLY_001994_EPIC,PLY_001994,2,LIVE_EPIC,66,18,10,0,TRUE,1988
KT_1991_PLY_001994_LN,PLY_001994,1,LIVE_NORMAL,65,12,10,0,TRUE,1991
KT_2025_PLY_001995_TH,PLY_001995,4,TITLE_HOLDER,81,30,10,10,FALSE,2025
KT_2021_PLY_001995_LN,PLY_001995,1,LIVE_NORMAL,67,12,10,0,TRUE,2021
KT_2022_PLY_001995_AS,PLY_001995,3,ALLSTAR,74,24,10,10,TRUE,2022
KT_2023_PLY_001995_EPIC,PLY_001995,2,LIVE_EPIC,71,18,10,0,TRUE,2023
KT_2019_PLY_001995_EPIC,PLY_001995,2,LIVE_EPIC,67,18,10,0,TRUE,2019
KT_2023_PLY_001995_LN,PLY_001995,1,LIVE_NORMAL,68,12,10,0,TRUE,2023
KT_2022_PLY_001995_LN,PLY_001995,1,LIVE_NORMAL,63,12,10,0,TRUE,2022
KT_2021_PLY_001995_AS,PLY_001995,3,ALLSTAR,81,24,10,10,TRUE,2021
KT_2024_PLY_001996_LN,PLY_001996,1,LIVE_NORMAL,57,12,10,0,TRUE,2024
KT_2026_PLY_001996_EPIC,PLY_001996,2,LIVE_EPIC,72,18,10,0,TRUE,2026
KT_2025_PLY_001996_LN,PLY_001996,1,LIVE_NORMAL,58,12,10,0,TRUE,2025
KT_2024_PLY_001996_TH,PLY_001996,4,TITLE_HOLDER,81,30,10,10,FALSE,2024
KT_2025_PLY_001996_EPIC,PLY_001996,2,LIVE_EPIC,68,18,10,0,TRUE,2025
KT_2026_PLY_001996_LN,PLY_001996,1,LIVE_NORMAL,59,12,10,0,TRUE,2026
KT_2022_PLY_001996_GG,PLY_001996,7,GOLDEN_GLOVE,83,35,10,10,FALSE,2022
KT_2025_PLY_001996_AS,PLY_001996,3,ALLSTAR,79,24,10,10,TRUE,2025
KT_2012_PLY_001997_GG,PLY_001997,7,GOLDEN_GLOVE,90,35,10,10,FALSE,2012
KT_2013_PLY_001997_AS,PLY_001997,3,ALLSTAR,83,24,10,10,TRUE,2013
KT_2005_PLY_001997_SIG,PLY_001997,6,SIGNATURE,92,40,10,10,FALSE,2005
KT_2001_PLY_001997_SIG,PLY_001997,6,SIGNATURE,87,40,10,10,FALSE,2001
KT_2015_PLY_001997_LN,PLY_001997,1,LIVE_NORMAL,63,12,10,0,TRUE,2015
KT_2002_PLY_001998_GG,PLY_001998,7,GOLDEN_GLOVE,89,35,10,10,FALSE,2002
KT_1998_PLY_001998_EPIC,PLY_001998,2,LIVE_EPIC,73,18,10,0,TRUE,1998
KT_2014_PLY_001999_EPIC,PLY_001999,2,LIVE_EPIC,75,18,10,0,TRUE,2014
KT_2014_PLY_001999_SIG,PLY_001999,6,SIGNATURE,91,40,10,10,FALSE,2014
KT_2010_PLY_001999_EPIC,PLY_001999,2,LIVE_EPIC,73,18,10,0,TRUE,2010
KT_2013_PLY_001999_LN,PLY_001999,1,LIVE_NORMAL,64,12,10,0,TRUE,2013
KT_2013_PLY_001999_AS,PLY_001999,3,ALLSTAR,79,24,10,10,TRUE,2013
KT_2009_PLY_001999_AS,PLY_001999,3,ALLSTAR,79,24,10,10,TRUE,2009
KT_2026_PLY_002000_GG,PLY_002000,7,GOLDEN_GLOVE,83,35,10,10,FALSE,2026
KT_2023_PLY_002000_AS,PLY_002000,3,ALLSTAR,77,24,10,10,TRUE,2023
KT_2024_PLY_002000_LN,PLY_002000,1,LIVE_NORMAL,63,12,10,0,TRUE,2024
KT_2024_PLY_002000_AS,PLY_002000,3,ALLSTAR,75,24,10,10,TRUE,2024
KT_2023_PLY_002000_EPIC,PLY_002000,2,LIVE_EPIC,72,18,10,0,TRUE,2023
KT_2023_PLY_002000_TH,PLY_002000,4,TITLE_HOLDER,81,30,10,10,FALSE,2023
KT_2023_PLY_002000_LN,PLY_002000,1,LIVE_NORMAL,67,12,10,0,TRUE,2023
KT_2003_PLY_002001_EPIC,PLY_002001,2,LIVE_EPIC,71,18,10,0,TRUE,2003
KT_2003_PLY_002001_LN,PLY_002001,1,LIVE_NORMAL,61,12,10,0,TRUE,2003
KT_2004_PLY_002001_LN,PLY_002001,1,LIVE_NORMAL,58,12,10,0,TRUE,2004
KT_2002_PLY_002001_AS,PLY_002001,3,ALLSTAR,80,24,10,10,TRUE,2002
KT_2003_PLY_002001_AS,PLY_002001,3,ALLSTAR,78,24,10,10,TRUE,2003
KT_2002_PLY_002001_SIG,PLY_002001,6,SIGNATURE,92,40,10,10,FALSE,2002
KT_2000_PLY_002002_LN,PLY_002002,1,LIVE_NORMAL,55,12,10,0,TRUE,2000
KT_2005_PLY_002002_GG,PLY_002002,7,GOLDEN_GLOVE,90,35,10,10,FALSE,2005
KT_2005_PLY_002002_EPIC,PLY_002002,2,LIVE_EPIC,68,18,10,0,TRUE,2005
KT_2017_PLY_002002_EPIC,PLY_002002,2,LIVE_EPIC,74,18,10,0,TRUE,2017
KT_2011_PLY_002002_TH,PLY_002002,4,TITLE_HOLDER,86,30,10,10,FALSE,2011
KT_2007_PLY_002002_EPIC,PLY_002002,2,LIVE_EPIC,72,18,10,0,TRUE,2007
KT_2011_PLY_002002_EPIC,PLY_002002,2,LIVE_EPIC,67,18,10,0,TRUE,2011
KT_2008_PLY_002002_EPIC,PLY_002002,2,LIVE_EPIC,66,18,10,0,TRUE,2008
KT_2013_PLY_002002_TH,PLY_002002,4,TITLE_HOLDER,82,30,10,10,FALSE,2013
KT_2002_PLY_002003_EPIC,PLY_002003,2,LIVE_EPIC,72,18,10,0,TRUE,2002
KT_2010_PLY_002003_EPIC,PLY_002003,2,LIVE_EPIC,67,18,10,0,TRUE,2010
KT_2010_PLY_002003_TH,PLY_002003,4,TITLE_HOLDER,80,30,10,10,FALSE,2010
KT_2007_PLY_002003_LN,PLY_002003,1,LIVE_NORMAL,55,12,10,0,TRUE,2007
KT_2009_PLY_002003_EPIC,PLY_002003,2,LIVE_EPIC,71,18,10,0,TRUE,2009
KT_2013_PLY_002003_EPIC,PLY_002003,2,LIVE_EPIC,66,18,10,0,TRUE,2013
KT_2015_PLY_002003_EPIC,PLY_002003,2,LIVE_EPIC,74,18,10,0,TRUE,2015
KT_2013_PLY_002003_LN,PLY_002003,1,LIVE_NORMAL,59,12,10,0,TRUE,2013
KT_2006_PLY_002003_SIG,PLY_002003,6,SIGNATURE,87,40,10,10,FALSE,2006
KT_2012_PLY_002003_EPIC,PLY_002003,2,LIVE_EPIC,66,18,10,0,TRUE,2012
KT_1990_PLY_002004_EPIC,PLY_002004,2,LIVE_EPIC,68,18,10,0,TRUE,1990
KT_1991_PLY_002004_EPIC,PLY_002004,2,LIVE_EPIC,74,18,10,0,TRUE,1991
KT_1995_PLY_002004_LN,PLY_002004,1,LIVE_NORMAL,57,12,10,0,TRUE,1995
KT_2000_PLY_002004_LN,PLY_002004,1,LIVE_NORMAL,67,12,10,0,TRUE,2000
KT_2000_PLY_002004_TH,PLY_002004,4,TITLE_HOLDER,83,30,10,10,FALSE,2000
KT_1989_PLY_002004_LN,PLY_002004,1,LIVE_NORMAL,67,12,10,0,TRUE,1989
KT_2009_PLY_002005_LN,PLY_002005,1,LIVE_NORMAL,62,12,10,0,TRUE,2009
KT_2010_PLY_002005_AS,PLY_002005,3,ALLSTAR,78,24,10,10,TRUE,2010
KT_2011_PLY_002005_LN,PLY_002005,1,LIVE_NORMAL,57,12,10,0,TRUE,2011
KT_2010_PLY_002006_EPIC,PLY_002006,2,LIVE_EPIC,70,18,10,0,TRUE,2010
KT_2006_PLY_002006_LN,PLY_002006,1,LIVE_NORMAL,68,12,10,0,TRUE,2006
KT_2002_PLY_002006_EPIC,PLY_002006,2,LIVE_EPIC,76,18,10,0,TRUE,2002
KT_2005_PLY_002006_TH,PLY_002006,4,TITLE_HOLDER,84,30,10,10,FALSE,2005
KT_2014_PLY_002006_LN,PLY_002006,1,LIVE_NORMAL,61,12,10,0,TRUE,2014
KT_2007_PLY_002006_EPIC,PLY_002006,2,LIVE_EPIC,72,18,10,0,TRUE,2007
KT_2007_PLY_002006_GG,PLY_002006,7,GOLDEN_GLOVE,83,35,10,10,FALSE,2007
KT_1999_PLY_002007_AS,PLY_002007,3,ALLSTAR,75,24,10,10,TRUE,1999
KT_1989_PLY_002007_LN,PLY_002007,1,LIVE_NORMAL,61,12,10,0,TRUE,1989
KT_1997_PLY_002007_TH,PLY_002007,4,TITLE_HOLDER,82,30,10,10,FALSE,1997
KT_1992_PLY_002007_LN,PLY_002007,1,LIVE_NORMAL,64,12,10,0,TRUE,1992
KT_1994_PLY_002007_GG,PLY_002007,7,GOLDEN_GLOVE,90,35,10,10,FALSE,1994
KT_1990_PLY_002007_EPIC,PLY_002007,2,LIVE_EPIC,72,18,10,0,TRUE,1990
KT_1996_PLY_002007_LN,PLY_002007,1,LIVE_NORMAL,61,12,10,0,TRUE,1996
KT_1988_PLY_002007_EPIC,PLY_002007,2,LIVE_EPIC,65,18,10,0,TRUE,1988
KT_1997_PLY_002007_EPIC,PLY_002007,2,LIVE_EPIC,67,18,10,0,TRUE,1997
KT_2001_PLY_002008_AS,PLY_002008,3,ALLSTAR,79,24,10,10,TRUE,2001
KT_2004_PLY_002008_AS,PLY_002008,3,ALLSTAR,82,24,10,10,TRUE,2004
KT_2003_PLY_002008_LN,PLY_002008,1,LIVE_NORMAL,58,12,10,0,TRUE,2003
KT_2008_PLY_002008_GG,PLY_002008,7,GOLDEN_GLOVE,87,35,10,10,FALSE,2008
KT_2010_PLY_002008_EPIC,PLY_002008,2,LIVE_EPIC,68,18,10,0,TRUE,2010
KT_2022_PLY_002009_AS,PLY_002009,3,ALLSTAR,74,24,10,10,TRUE,2022
KT_2025_PLY_002009_EPIC,PLY_002009,2,LIVE_EPIC,76,18,10,0,TRUE,2025
KT_2024_PLY_002009_EPIC,PLY_002009,2,LIVE_EPIC,74,18,10,0,TRUE,2024
KT_2023_PLY_002009_SIG,PLY_002009,6,SIGNATURE,93,40,10,10,FALSE,2023
KT_2026_PLY_002009_EPIC,PLY_002009,2,LIVE_EPIC,74,18,10,0,TRUE,2026
KT_2024_PLY_002009_AS,PLY_002009,3,ALLSTAR,82,24,10,10,TRUE,2024
KT_2023_PLY_002009_AS,PLY_002009,3,ALLSTAR,81,24,10,10,TRUE,2023
KT_2025_PLY_002009_AS,PLY_002009,3,ALLSTAR,81,24,10,10,TRUE,2025
KT_2026_PLY_002010_EPIC,PLY_002010,2,LIVE_EPIC,75,18,10,0,TRUE,2026
KT_2020_PLY_002010_LN,PLY_002010,1,LIVE_NORMAL,56,12,10,0,TRUE,2020
KT_2024_PLY_002010_AS,PLY_002010,3,ALLSTAR,81,24,10,10,TRUE,2024
KT_2021_PLY_002010_GG,PLY_002010,7,GOLDEN_GLOVE,89,35,10,10,FALSE,2021
KT_2025_PLY_002010_AS,PLY_002010,3,ALLSTAR,77,24,10,10,TRUE,2025
KT_2025_PLY_002010_LN,PLY_002010,1,LIVE_NORMAL,64,12,10,0,TRUE,2025
KT_2021_PLY_002010_TH,PLY_002010,4,TITLE_HOLDER,83,30,10,10,FALSE,2021
KT_2023_PLY_002010_LN,PLY_002010,1,LIVE_NORMAL,61,12,10,0,TRUE,2023
KT_2022_PLY_002011_LN,PLY_002011,1,LIVE_NORMAL,63,12,10,0,TRUE,2022
KT_2018_PLY_002011_LN,PLY_002011,1,LIVE_NORMAL,66,12,10,0,TRUE,2018
KT_2013_PLY_002012_EPIC,PLY_002012,2,LIVE_EPIC,75,18,10,0,TRUE,2013
KT_2015_PLY_002012_LN,PLY_002012,1,LIVE_NORMAL,67,12,10,0,TRUE,2015
KT_2015_PLY_002012_AS,PLY_002012,3,ALLSTAR,79,24,10,10,TRUE,2015
KT_2016_PLY_002012_EPIC,PLY_002012,2,LIVE_EPIC,67,18,10,0,TRUE,2016
KT_2015_PLY_002012_GG,PLY_002012,7,GOLDEN_GLOVE,84,35,10,10,FALSE,2015
KT_2003_PLY_002013_EPIC,PLY_002013,2,LIVE_EPIC,70,18,10,0,TRUE,2003
KT_1999_PLY_002013_EPIC,PLY_002013,2,LIVE_EPIC,74,18,10,0,TRUE,1999
KT_1997_PLY_002013_LN,PLY_002013,1,LIVE_NORMAL,61,12,10,0,TRUE,1997
KT_1999_PLY_002013_LN,PLY_002013,1,LIVE_NORMAL,58,12,10,0,TRUE,1999
KT_2000_PLY_002013_EPIC,PLY_002013,2,LIVE_EPIC,75,18,10,0,TRUE,2000
KT_1998_PLY_002013_EPIC,PLY_002013,2,LIVE_EPIC,70,18,10,0,TRUE,1998
KT_2003_PLY_002013_AS,PLY_002013,3,ALLSTAR,76,24,10,10,TRUE,2003
KT_2009_PLY_002013_EPIC,PLY_002013,2,LIVE_EPIC,74,18,10,0,TRUE,2009
KT_2017_PLY_002014_SIG,PLY_002014,6,SIGNATURE,92,40,10,10,FALSE,2017
KT_2021_PLY_002014_EPIC,PLY_002014,2,LIVE_EPIC,73,18,10,0,TRUE,2021
KT_2025_PLY_002014_EPIC,PLY_002014,2,LIVE_EPIC,66,18,10,0,TRUE,2025
KT_2023_PLY_002014_LN,PLY_002014,1,LIVE_NORMAL,66,12,10,0,TRUE,2023
KT_2017_PLY_002014_GG,PLY_002014,7,GOLDEN_GLOVE,90,35,10,10,FALSE,2017
KT_2019_PLY_002014_TH,PLY_002014,4,TITLE_HOLDER,81,30,10,10,FALSE,2019
KT_2020_PLY_002014_LN,PLY_002014,1,LIVE_NORMAL,67,12,10,0,TRUE,2020
KT_2015_PLY_002015_LN,PLY_002015,1,LIVE_NORMAL,58,12,10,0,TRUE,2015
KT_2016_PLY_002015_AS,PLY_002015,3,ALLSTAR,74,24,10,10,TRUE,2016
KT_2023_PLY_002015_TH,PLY_002015,4,TITLE_HOLDER,82,30,10,10,FALSE,2023
KT_2016_PLY_002015_LN,PLY_002015,1,LIVE_NORMAL,56,12,10,0,TRUE,2016
KT_2019_PLY_002015_AS,PLY_002015,3,ALLSTAR,83,24,10,10,TRUE,2019
KT_2016_PLY_002015_EPIC,PLY_002015,2,LIVE_EPIC,67,18,10,0,TRUE,2016
KT_2021_PLY_002015_LN,PLY_002015,1,LIVE_NORMAL,57,12,10,0,TRUE,2021
KT_1986_PLY_002016_LN,PLY_002016,1,LIVE_NORMAL,57,12,10,0,TRUE,1986
KT_1988_PLY_002016_LN,PLY_002016,1,LIVE_NORMAL,62,12,10,0,TRUE,1988
KT_1988_PLY_002016_EPIC,PLY_002016,2,LIVE_EPIC,69,18,10,0,TRUE,1988
KT_1988_PLY_002016_TH,PLY_002016,4,TITLE_HOLDER,84,30,10,10,FALSE,1988
KT_2012_PLY_002017_TH,PLY_002017,4,TITLE_HOLDER,80,30,10,10,FALSE,2012
KT_2009_PLY_002017_LN,PLY_002017,1,LIVE_NORMAL,62,12,10,0,TRUE,2009
KT_2012_PLY_002017_LN,PLY_002017,1,LIVE_NORMAL,60,12,10,0,TRUE,2012
KT_2010_PLY_002017_LN,PLY_002017,1,LIVE_NORMAL,65,12,10,0,TRUE,2010
KT_2011_PLY_002017_LN,PLY_002017,1,LIVE_NORMAL,65,12,10,0,TRUE,2011
KT_2014_PLY_002017_GG,PLY_002017,7,GOLDEN_GLOVE,86,35,10,10,FALSE,2014
KT_2015_PLY_002017_LN,PLY_002017,1,LIVE_NORMAL,66,12,10,0,TRUE,2015
KT_2017_PLY_002017_AS,PLY_002017,3,ALLSTAR,77,24,10,10,TRUE,2017
KT_2014_PLY_002017_EPIC,PLY_002017,2,LIVE_EPIC,74,18,10,0,TRUE,2014
KT_2007_PLY_002017_LN,PLY_002017,1,LIVE_NORMAL,62,12,10,0,TRUE,2007
KT_2023_PLY_002018_EPIC,PLY_002018,2,LIVE_EPIC,76,18,10,0,TRUE,2023
KT_2026_PLY_002018_AS,PLY_002018,3,ALLSTAR,79,24,10,10,TRUE,2026
KT_2021_PLY_002018_GG,PLY_002018,7,GOLDEN_GLOVE,83,35,10,10,FALSE,2021
KT_2023_PLY_002019_AS,PLY_002019,3,ALLSTAR,79,24,10,10,TRUE,2023
KT_2024_PLY_002019_LN,PLY_002019,1,LIVE_NORMAL,62,12,10,0,TRUE,2024
KT_2021_PLY_002019_LN,PLY_002019,1,LIVE_NORMAL,64,12,10,0,TRUE,2021
KT_2019_PLY_002019_LN,PLY_002019,1,LIVE_NORMAL,55,12,10,0,TRUE,2019
KT_2019_PLY_002019_EPIC,PLY_002019,2,LIVE_EPIC,72,18,10,0,TRUE,2019
KT_2014_PLY_002019_EPIC,PLY_002019,2,LIVE_EPIC,75,18,10,0,TRUE,2014
KT_2013_PLY_002019_LN,PLY_002019,1,LIVE_NORMAL,64,12,10,0,TRUE,2013
KT_2018_PLY_002020_TH,PLY_002020,4,TITLE_HOLDER,82,30,10,10,FALSE,2018
KT_2020_PLY_002020_LN,PLY_002020,1,LIVE_NORMAL,62,12,10,0,TRUE,2020
KT_2025_PLY_002020_SIG,PLY_002020,6,SIGNATURE,87,40,10,10,FALSE,2025
KT_2016_PLY_002021_GG,PLY_002021,7,GOLDEN_GLOVE,90,35,10,10,FALSE,2016
KT_2017_PLY_002021_LN,PLY_002021,1,LIVE_NORMAL,67,12,10,0,TRUE,2017
KT_2018_PLY_002021_EPIC,PLY_002021,2,LIVE_EPIC,67,18,10,0,TRUE,2018
KT_2021_PLY_002021_LN,PLY_002021,1,LIVE_NORMAL,65,12,10,0,TRUE,2021
KT_2021_PLY_002021_AS,PLY_002021,3,ALLSTAR,83,24,10,10,TRUE,2021
KT_2018_PLY_002021_AS,PLY_002021,3,ALLSTAR,78,24,10,10,TRUE,2018
KT_2025_PLY_002021_LN,PLY_002021,1,LIVE_NORMAL,62,12,10,0,TRUE,2025
KT_2026_PLY_002021_EPIC,PLY_002021,2,LIVE_EPIC,72,18,10,0,TRUE,2026
KT_2025_PLY_002021_EPIC,PLY_002021,2,LIVE_EPIC,71,18,10,0,TRUE,2025
KT_2011_PLY_002022_LN,PLY_002022,1,LIVE_NORMAL,63,12,10,0,TRUE,2011
KT_2012_PLY_002022_EPIC,PLY_002022,2,LIVE_EPIC,69,18,10,0,TRUE,2012
KT_2015_PLY_002022_GG,PLY_002022,7,GOLDEN_GLOVE,90,35,10,10,FALSE,2015
KT_2012_PLY_002022_LN,PLY_002022,1,LIVE_NORMAL,63,12,10,0,TRUE,2012
KT_2005_PLY_002023_LN,PLY_002023,1,LIVE_NORMAL,59,12,10,0,TRUE,2005
KT_2003_PLY_002023_EPIC,PLY_002023,2,LIVE_EPIC,65,18,10,0,TRUE,2003
KT_2003_PLY_002023_LN,PLY_002023,1,LIVE_NORMAL,58,12,10,0,TRUE,2003
KT_2015_PLY_002024_LN,PLY_002024,1,LIVE_NORMAL,64,12,10,0,TRUE,2015
KT_2017_PLY_002024_LN,PLY_002024,1,LIVE_NORMAL,58,12,10,0,TRUE,2017
KT_2017_PLY_002024_AS,PLY_002024,3,ALLSTAR,74,24,10,10,TRUE,2017
KT_2012_PLY_002024_LN,PLY_002024,1,LIVE_NORMAL,58,12,10,0,TRUE,2012
KT_2012_PLY_002024_EPIC,PLY_002024,2,LIVE_EPIC,75,18,10,0,TRUE,2012
KT_2014_PLY_002024_AS,PLY_002024,3,ALLSTAR,75,24,10,10,TRUE,2014
KT_2015_PLY_002024_TH,PLY_002024,4,TITLE_HOLDER,85,30,10,10,FALSE,2015
KT_2019_PLY_002024_EPIC,PLY_002024,2,LIVE_EPIC,72,18,10,0,TRUE,2019
KT_2011_PLY_002025_TH,PLY_002025,4,TITLE_HOLDER,83,30,10,10,FALSE,2011
KT_2019_PLY_002025_AS,PLY_002025,3,ALLSTAR,79,24,10,10,TRUE,2019
KT_2021_PLY_002025_LN,PLY_002025,1,LIVE_NORMAL,65,12,10,0,TRUE,2021
KT_2026_PLY_002025_GG,PLY_002025,7,GOLDEN_GLOVE,87,35,10,10,FALSE,2026
KT_2020_PLY_002025_EPIC,PLY_002025,2,LIVE_EPIC,75,18,10,0,TRUE,2020
KT_2022_PLY_002025_LN,PLY_002025,1,LIVE_NORMAL,59,12,10,0,TRUE,2022
KT_2014_PLY_002025_EPIC,PLY_002025,2,LIVE_EPIC,74,18,10,0,TRUE,2014
KT_2026_PLY_002025_LN,PLY_002025,1,LIVE_NORMAL,65,12,10,0,TRUE,2026
KT_2025_PLY_002025_EPIC,PLY_002025,2,LIVE_EPIC,69,18,10,0,TRUE,2025
KT_2013_PLY_002025_TH,PLY_002025,4,TITLE_HOLDER,83,30,10,10,FALSE,2013
KT_2026_PLY_002026_LN,PLY_002026,1,LIVE_NORMAL,66,12,10,0,TRUE,2026
KT_2016_PLY_002026_LN,PLY_002026,1,LIVE_NORMAL,55,12,10,0,TRUE,2016
KT_2024_PLY_002026_TH,PLY_002026,4,TITLE_HOLDER,85,30,10,10,FALSE,2024
KT_2021_PLY_002027_AS,PLY_002027,3,ALLSTAR,77,24,10,10,TRUE,2021
KT_2023_PLY_002027_EPIC,PLY_002027,2,LIVE_EPIC,75,18,10,0,TRUE,2023
KT_2026_PLY_002027_LN,PLY_002027,1,LIVE_NORMAL,57,12,10,0,TRUE,2026
KT_2022_PLY_002027_LN,PLY_002027,1,LIVE_NORMAL,59,12,10,0,TRUE,2022
KT_2019_PLY_002028_LN,PLY_002028,1,LIVE_NORMAL,65,12,10,0,TRUE,2019
KT_2025_PLY_002028_LN,PLY_002028,1,LIVE_NORMAL,68,12,10,0,TRUE,2025
KT_2011_PLY_002028_LN,PLY_002028,1,LIVE_NORMAL,64,12,10,0,TRUE,2011
KT_2013_PLY_002028_AS,PLY_002028,3,ALLSTAR,75,24,10,10,TRUE,2013
KT_2026_PLY_002028_EPIC,PLY_002028,2,LIVE_EPIC,75,18,10,0,TRUE,2026
KT_2020_PLY_002028_LN,PLY_002028,1,LIVE_NORMAL,57,12,10,0,TRUE,2020
KT_2020_PLY_002028_AS,PLY_002028,3,ALLSTAR,75,24,10,10,TRUE,2020
KT_2015_PLY_002028_LN,PLY_002028,1,LIVE_NORMAL,65,12,10,0,TRUE,2015
KT_2018_PLY_002028_EPIC,PLY_002028,2,LIVE_EPIC,69,18,10,0,TRUE,2018
KT_2017_PLY_002028_LN,PLY_002028,1,LIVE_NORMAL,62,12,10,0,TRUE,2017
KT_2022_PLY_002028_LN,PLY_002028,1,LIVE_NORMAL,60,12,10,0,TRUE,2022
KT_2004_PLY_002029_AS,PLY_002029,3,ALLSTAR,80,24,10,10,TRUE,2004
KT_2005_PLY_002029_LN,PLY_002029,1,LIVE_NORMAL,64,12,10,0,TRUE,2005
KT_1997_PLY_002029_LN,PLY_002029,1,LIVE_NORMAL,57,12,10,0,TRUE,1997
KT_2004_PLY_002029_EPIC,PLY_002029,2,LIVE_EPIC,75,18,10,0,TRUE,2004
KT_2007_PLY_002029_TH,PLY_002029,4,TITLE_HOLDER,83,30,10,10,FALSE,2007
KT_2003_PLY_002029_LN,PLY_002029,1,LIVE_NORMAL,65,12,10,0,TRUE,2003
KT_2002_PLY_002029_EPIC,PLY_002029,2,LIVE_EPIC,73,18,10,0,TRUE,2002
KT_2002_PLY_002029_LN,PLY_002029,1,LIVE_NORMAL,57,12,10,0,TRUE,2002
KT_2006_PLY_002029_LN,PLY_002029,1,LIVE_NORMAL,64,12,10,0,TRUE,2006
KT_2011_PLY_002029_LN,PLY_002029,1,LIVE_NORMAL,59,12,10,0,TRUE,2011
KT_2006_PLY_002029_EPIC,PLY_002029,2,LIVE_EPIC,69,18,10,0,TRUE,2006
KT_2025_PLY_004037_TH,PLY_004037,4,TITLE_HOLDER,83,30,10,10,FALSE,2025
KT_2025_PLY_004037_GG,PLY_004037,7,GOLDEN_GLOVE,87,35,10,10,FALSE,2025
KT_2025_PLY_004040_TH,PLY_004040,4,TITLE_HOLDER,83,30,10,10,FALSE,2025
KT_2026_PLY_004042_LN,PLY_004042,1,LIVE_NORMAL,56,12,10,0,TRUE,2026
KT_2026_PLY_004043_LN,PLY_004043,1,LIVE_NORMAL,67,12,10,0,TRUE,2026
KT_2026_PLY_004044_LN,PLY_004044,1,LIVE_NORMAL,67,12,10,0,TRUE,2026
KT_2026_PLY_004045_LN,PLY_004045,1,LIVE_NORMAL,60,12,10,0,TRUE,2026
KT_2026_PLY_004046_LN,PLY_004046,1,LIVE_NORMAL,57,12,10,0,TRUE,2026
KT_2026_PLY_004047_LN,PLY_004047,1,LIVE_NORMAL,62,12,10,0,TRUE,2026
KT_2026_PLY_004048_LN,PLY_004048,1,LIVE_NORMAL,55,12,10,0,TRUE,2026
KT_2026_PLY_004049_LN,PLY_004049,1,LIVE_NORMAL,63,12,10,0,TRUE,2026
KT_2026_PLY_004050_LN,PLY_004050,1,LIVE_NORMAL,59,12,10,0,TRUE,2026
KT_2026_PLY_004051_LN,PLY_004051,1,LIVE_NORMAL,62,12,10,0,TRUE,2026
KT_2026_PLY_004052_LN,PLY_004052,1,LIVE_NORMAL,56,12,10,0,TRUE,2026
KT_2026_PLY_004053_LN,PLY_004053,1,LIVE_NORMAL,56,12,10,0,TRUE,2026
KT_2026_PLY_004054_LN,PLY_004054,1,LIVE_NORMAL,67,12,10,0,TRUE,2026
KT_2026_PLY_004037_LN,PLY_004037,1,LIVE_NORMAL,66,12,10,0,TRUE,2026
KT_2026_PLY_004055_LN,PLY_004055,1,LIVE_NORMAL,62,12,10,0,TRUE,2026
KT_2026_PLY_004056_LN,PLY_004056,1,LIVE_NORMAL,55,12,10,0,TRUE,2026
KT_2026_PLY_004057_LN,PLY_004057,1,LIVE_NORMAL,59,12,10,0,TRUE,2026
KT_2026_PLY_004058_LN,PLY_004058,1,LIVE_NORMAL,57,12,10,0,TRUE,2026
KT_2026_PLY_004059_LN,PLY_004059,1,LIVE_NORMAL,55,12,10,0,TRUE,2026
KT_2026_PLY_004060_LN,PLY_004060,1,LIVE_NORMAL,60,12,10,0,TRUE,2026
KT_2026_PLY_004061_LN,PLY_004061,1,LIVE_NORMAL,64,12,10,0,TRUE,2026
KT_2026_PLY_004062_LN,PLY_004062,1,LIVE_NORMAL,55,12,10,0,TRUE,2026
KT_2026_PLY_004063_LN,PLY_004063,1,LIVE_NORMAL,65,12,10,0,TRUE,2026
KT_2026_PLY_004064_LN,PLY_004064,1,LIVE_NORMAL,63,12,10,0,TRUE,2026
KT_2026_PLY_004065_LN,PLY_004065,1,LIVE_NORMAL,61,12,10,0,TRUE,2026
KT_2026_PLY_004066_LN,PLY_004066,1,LIVE_NORMAL,62,12,10,0,TRUE,2026
KT_2026_PLY_004067_LN,PLY_004067,1,LIVE_NORMAL,64,12,10,0,TRUE,2026
KT_2026_PLY_004068_LN,PLY_004068,1,LIVE_NORMAL,56,12,10,0,TRUE,2026
KT_2026_PLY_004069_LN,PLY_004069,1,LIVE_NORMAL,61,12,10,0,TRUE,2026
KT_2026_PLY_004070_LN,PLY_004070,1,LIVE_NORMAL,59,12,10,0,TRUE,2026
KT_2026_PLY_004071_LN,PLY_004071,1,LIVE_NORMAL,63,12,10,0,TRUE,2026
KT_2026_PLY_004072_LN,PLY_004072,1,LIVE_NORMAL,56,12,10,0,TRUE,2026
KT_2026_PLY_004073_LN,PLY_004073,1,LIVE_NORMAL,68,12,10,0,TRUE,2026
KT_2026_PLY_004074_LN,PLY_004074,1,LIVE_NORMAL,59,12,10,0,TRUE,2026
KT_2026_PLY_004040_LN,PLY_004040,1,LIVE_NORMAL,68,12,10,0,TRUE,2026
KT_2024_PLY_004369_GG,PLY_004369,7,GOLDEN_GLOVE,86,35,10,10,FALSE,2024
KT_2022_PLY_004373_GG,PLY_004373,7,GOLDEN_GLOVE,90,35,10,10,FALSE,2022
KT_2021_PLY_004307_GG,PLY_004307,7,GOLDEN_GLOVE,88,35,10,10,FALSE,2021
KT_2020_PLY_004307_GG,PLY_004307,7,GOLDEN_GLOVE,86,35,10,10,FALSE,2020
KT_2020_PLY_004380_GG,PLY_004380,7,GOLDEN_GLOVE,86,35,10,10,FALSE,2020
KT_2020_PLY_004369_GG,PLY_004369,7,GOLDEN_GLOVE,86,35,10,10,FALSE,2020
KT_2019_PLY_004369_GG,PLY_004369,7,GOLDEN_GLOVE,83,35,10,10,FALSE,2019
KT_2015_PLY_004394_GG,PLY_004394,7,GOLDEN_GLOVE,86,35,10,10,FALSE,2015
KT_2024_PLY_004040_TH,PLY_004040,4,TITLE_HOLDER,84,30,10,10,FALSE,2024
KT_2023_PLY_004040_TH,PLY_004040,4,TITLE_HOLDER,85,30,10,10,FALSE,2023
KT_2023_PLY_004402_TH,PLY_004402,4,TITLE_HOLDER,86,30,10,10,FALSE,2023
KT_2022_PLY_004373_TH,PLY_004373,4,TITLE_HOLDER,87,30,10,10,FALSE,2022
KT_2022_PLY_004405_TH,PLY_004405,4,TITLE_HOLDER,85,30,10,10,FALSE,2022
KT_2020_PLY_004369_TH,PLY_004369,4,TITLE_HOLDER,84,30,10,10,FALSE,2020
KT_2020_PLY_004309_TH,PLY_004309,4,TITLE_HOLDER,86,30,10,10,FALSE,2020
KT_2020_PLY_004070_TH,PLY_004070,4,TITLE_HOLDER,80,30,10,10,FALSE,2020
KT_2017_PLY_004419_TH,PLY_004419,4,TITLE_HOLDER,86,30,10,10,FALSE,2017
