card_id,player_id,grade_id,grade_name,base_ovr,salary_cost,max_enhance,max_awaken,is_droppable,year
SSG_2020_PLY_002030_LN,PLY_002030,1,LIVE_NORMAL,61,12,10,0,TRUE,2020
SSG_2023_PLY_002030_AS,PLY_002030,3,ALLSTAR,75,24,10,10,TRUE,2023
SSG_2017_PLY_002030_EPIC,PLY_002030,2,LIVE_EPIC,73,18,10,0,TRUE,2017
SSG_2018_PLY_002030_LN,PLY_002030,1,LIVE_NORMAL,61,12,10,0,TRUE,2018
SSG_2021_PLY_002030_LN,PLY_002030,1,LIVE_NORMAL,55,12,10,0,TRUE,2021
SSG_2023_PLY_002030_EPIC,PLY_002030,2,LIVE_EPIC,70,18,10,0,TRUE,2023
SSG_2017_PLY_002031_TH,PLY_002031,4,TITLE_HOLDER,84,30,10,10,FALSE,2017
SSG_2008_PLY_002031_TH,PLY_002031,4,TITLE_HOLDER,83,30,10,10,FALSE,2008
SSG_2019_PLY_002031_LN,PLY_002031,1,LIVE_NORMAL,68,12,10,0,TRUE,2019
SSG_2007_PLY_002031_EPIC,PLY_002031,2,LIVE_EPIC,66,18,10,0,TRUE,2007
SSG_2019_PLY_002031_AS,PLY_002031,3,ALLSTAR,82,24,10,10,TRUE,2019
SSG_2020_PLY_002031_AS,PLY_002031,3,ALLSTAR,78,24,10,10,TRUE,2020
SSG_2012_PLY_002031_AS,PLY_002031,3,ALLSTAR,76,24,10,10,TRUE,2012
SSG_2010_PLY_002031_EPIC,PLY_002031,2,LIVE_EPIC,71,18,10,0,TRUE,2010
SSG_2017_PLY_002031_AS,PLY_002031,3,ALLSTAR,77,24,10,10,TRUE,2017
SSG_2008_PLY_002031_LN,PLY_002031,1,LIVE_NORMAL,56,12,10,0,TRUE,2008
SSG_2002_PLY_002032_EPIC,PLY_002032,2,LIVE_EPIC,73,18,10,0,TRUE,2002
SSG_2000_PLY_002032_LN,PLY_002032,1,LIVE_NORMAL,62,12,10,0,TRUE,2000
SSG_2001_PLY_002032_EPIC,PLY_002032,2,LIVE_EPIC,69,18,10,0,TRUE,2001
SSG_2001_PLY_002032_AS,PLY_002032,3,ALLSTAR,83,24,10,10,TRUE,2001
SSG_2003_PLY_002032_EPIC,PLY_002032,2,LIVE_EPIC,69,18,10,0,TRUE,2003
SSG_2004_PLY_002032_EPIC,PLY_002032,2,LIVE_EPIC,67,18,10,0,TRUE,2004
SSG_2008_PLY_002032_LN,PLY_002032,1,LIVE_NORMAL,65,12,10,0,TRUE,2008
SSG_2012_PLY_002032_LN,PLY_002032,1,LIVE_NORMAL,66,12,10,0,TRUE,2012
SSG_2006_PLY_002032_TH,PLY_002032,4,TITLE_HOLDER,86,30,10,10,FALSE,2006
SSG_2003_PLY_002032_LN,PLY_002032,1,LIVE_NORMAL,61,12,10,0,TRUE,2003
SSG_2018_PLY_002033_LN,PLY_002033,1,LIVE_NORMAL,59,12,10,0,TRUE,2018
SSG_2016_PLY_002033_TH,PLY_002033,4,TITLE_HOLDER,81,30,10,10,FALSE,2016
SSG_2025_PLY_002033_LN,PLY_002033,1,LIVE_NORMAL,67,12,10,0,TRUE,2025
SSG_2018_PLY_002033_AS,PLY_002033,3,ALLSTAR,79,24,10,10,TRUE,2018
SSG_2025_PLY_002033_TH,PLY_002033,4,TITLE_HOLDER,86,30,10,10,FALSE,2025
SSG_2018_PLY_002033_SIG,PLY_002033,5,SIGNATURE,87,40,10,10,FALSE,2018
SSG_2026_PLY_002033_EPIC,PLY_002033,2,LIVE_EPIC,74,18,10,0,TRUE,2026
SSG_2015_PLY_002033_GG,PLY_002033,6,GOLDEN_GLOVE,89,35,10,10,FALSE,2015
SSG_1990_PLY_002034_LN,PLY_002034,1,LIVE_NORMAL,66,12,10,0,TRUE,1990
SSG_1998_PLY_002034_TH,PLY_002034,4,TITLE_HOLDER,81,30,10,10,FALSE,1998
SSG_2001_PLY_002034_LN,PLY_002034,1,LIVE_NORMAL,62,12,10,0,TRUE,2001
SSG_2000_PLY_002034_LN,PLY_002034,1,LIVE_NORMAL,56,12,10,0,TRUE,2000
SSG_1996_PLY_002034_LN,PLY_002034,1,LIVE_NORMAL,57,12,10,0,TRUE,1996
SSG_1994_PLY_002034_AS,PLY_002034,3,ALLSTAR,81,24,10,10,TRUE,1994
SSG_1991_PLY_002034_TH,PLY_002034,4,TITLE_HOLDER,82,30,10,10,FALSE,1991
SSG_2000_PLY_002034_EPIC,PLY_002034,2,LIVE_EPIC,67,18,10,0,TRUE,2000
SSG_1999_PLY_002034_LN,PLY_002034,1,LIVE_NORMAL,65,12,10,0,TRUE,1999
SSG_2016_PLY_002035_EPIC,PLY_002035,2,LIVE_EPIC,71,18,10,0,TRUE,2016
SSG_2016_PLY_002035_AS,PLY_002035,3,ALLSTAR,76,24,10,10,TRUE,2016
SSG_2021_PLY_002035_EPIC,PLY_002035,2,LIVE_EPIC,70,18,10,0,TRUE,2021
SSG_2019_PLY_002035_LN,PLY_002035,1,LIVE_NORMAL,58,12,10,0,TRUE,2019
SSG_2016_PLY_002035_LN,PLY_002035,1,LIVE_NORMAL,63,12,10,0,TRUE,2016
SSG_2011_PLY_002036_TH,PLY_002036,4,TITLE_HOLDER,81,30,10,10,FALSE,2011
SSG_2019_PLY_002036_TH,PLY_002036,4,TITLE_HOLDER,81,30,10,10,FALSE,2019
SSG_2015_PLY_002036_TH,PLY_002036,4,TITLE_HOLDER,82,30,10,10,FALSE,2015
SSG_2014_PLY_002036_LN,PLY_002036,1,LIVE_NORMAL,58,12,10,0,TRUE,2014
SSG_2017_PLY_002036_SIG,PLY_002036,5,SIGNATURE,90,40,10,10,FALSE,2017
SSG_2011_PLY_002036_LN,PLY_002036,1,LIVE_NORMAL,61,12,10,0,TRUE,2011
SSG_2013_PLY_002036_AS,PLY_002036,3,ALLSTAR,74,24,10,10,TRUE,2013
SSG_2012_PLY_002036_EPIC,PLY_002036,2,LIVE_EPIC,66,18,10,0,TRUE,2012
SSG_2013_PLY_002036_LN,PLY_002036,1,LIVE_NORMAL,68,12,10,0,TRUE,2013
SSG_2012_PLY_002036_LN,PLY_002036,1,LIVE_NORMAL,63,12,10,0,TRUE,2012
SSG_2006_PLY_002037_TH,PLY_002037,4,TITLE_HOLDER,82,30,10,10,FALSE,2006
SSG_2010_PLY_002037_LN,PLY_002037,1,LIVE_NORMAL,60,12,10,0,TRUE,2010
SSG_2013_PLY_002037_TH,PLY_002037,4,TITLE_HOLDER,83,30,10,10,FALSE,2013
SSG_2009_PLY_002037_GG,PLY_002037,6,GOLDEN_GLOVE,85,35,10,10,FALSE,2009
SSG_2011_PLY_002037_EPIC,PLY_002037,2,LIVE_EPIC,73,18,10,0,TRUE,2011
SSG_2026_PLY_002038_AS,PLY_002038,3,ALLSTAR,77,24,10,10,TRUE,2026
SSG_2020_PLY_002038_LN,PLY_002038,1,LIVE_NORMAL,57,12,10,0,TRUE,2020
SSG_2026_PLY_002038_LN,PLY_002038,1,LIVE_NORMAL,66,12,10,0,TRUE,2026
SSG_2024_PLY_002038_EPIC,PLY_002038,2,LIVE_EPIC,70,18,10,0,TRUE,2024
SSG_2020_PLY_002038_EPIC,PLY_002038,2,LIVE_EPIC,67,18,10,0,TRUE,2020
SSG_2023_PLY_002038_LN,PLY_002038,1,LIVE_NORMAL,67,12,10,0,TRUE,2023
SSG_2025_PLY_002038_EPIC,PLY_002038,2,LIVE_EPIC,73,18,10,0,TRUE,2025
SSG_2020_PLY_002038_SIG,PLY_002038,5,SIGNATURE,91,40,10,10,FALSE,2020
SSG_2025_PLY_002038_LN,PLY_002038,1,LIVE_NORMAL,56,12,10,0,TRUE,2025
SSG_2023_PLY_002038_EPIC,PLY_002038,2,LIVE_EPIC,75,18,10,0,TRUE,2023
SSG_1992_PLY_002039_AS,PLY_002039,3,ALLSTAR,74,24,10,10,TRUE,1992
SSG_1994_PLY_002039_EPIC,PLY_002039,2,LIVE_EPIC,69,18,10,0,TRUE,1994
SSG_1995_PLY_002039_LN,PLY_002039,1,LIVE_NORMAL,66,12,10,0,TRUE,1995
SSG_1990_PLY_002039_LN,PLY_002039,1,LIVE_NORMAL,67,12,10,0,TRUE,1990
SSG_1993_PLY_002039_AS,PLY_002039,3,ALLSTAR,82,24,10,10,TRUE,1993
SSG_1992_PLY_002039_LN,PLY_002039,1,LIVE_NORMAL,61,12,10,0,TRUE,1992
SSG_1990_PLY_002039_AS,PLY_002039,3,ALLSTAR,81,24,10,10,TRUE,1990
SSG_1992_PLY_002039_SIG,PLY_002039,5,SIGNATURE,88,40,10,10,FALSE,1992
SSG_1991_PLY_002039_LN,PLY_002039,1,LIVE_NORMAL,58,12,10,0,TRUE,1991
SSG_2001_PLY_002040_EPIC,PLY_002040,2,LIVE_EPIC,69,18,10,0,TRUE,2001
SSG_1999_PLY_002040_LN,PLY_002040,1,LIVE_NORMAL,56,12,10,0,TRUE,1999
SSG_2016_PLY_002040_GG,PLY_002040,6,GOLDEN_GLOVE,84,35,10,10,FALSE,2016
SSG_1997_PLY_002040_LN,PLY_002040,1,LIVE_NORMAL,56,12,10,0,TRUE,1997
SSG_2011_PLY_002040_LN,PLY_002040,1,LIVE_NORMAL,57,12,10,0,TRUE,2011
SSG_2005_PLY_002040_LN,PLY_002040,1,LIVE_NORMAL,57,12,10,0,TRUE,2005
SSG_2005_PLY_002040_EPIC,PLY_002040,2,LIVE_EPIC,70,18,10,0,TRUE,2005
SSG_2012_PLY_002040_LN,PLY_002040,1,LIVE_NORMAL,59,12,10,0,TRUE,2012
SSG_2002_PLY_002040_LN,PLY_002040,1,LIVE_NORMAL,55,12,10,0,TRUE,2002
SSG_2000_PLY_002040_LN,PLY_002040,1,LIVE_NORMAL,65,12,10,0,TRUE,2000
SSG_2013_PLY_002040_LN,PLY_002040,1,LIVE_NORMAL,58,12,10,0,TRUE,2013
SSG_1989_PLY_002041_LN,PLY_002041,1,LIVE_NORMAL,62,12,10,0,TRUE,1989
SSG_1988_PLY_002041_TH,PLY_002041,4,TITLE_HOLDER,80,30,10,10,FALSE,1988
SSG_1997_PLY_002041_LN,PLY_002041,1,LIVE_NORMAL,61,12,10,0,TRUE,1997
SSG_2000_PLY_002041_AS,PLY_002041,3,ALLSTAR,77,24,10,10,TRUE,2000
SSG_1996_PLY_002041_EPIC,PLY_002041,2,LIVE_EPIC,73,18,10,0,TRUE,1996
SSG_2003_PLY_002041_LN,PLY_002041,1,LIVE_NORMAL,58,12,10,0,TRUE,2003
SSG_1997_PLY_002041_EPIC,PLY_002041,2,LIVE_EPIC,74,18,10,0,TRUE,1997
SSG_1993_PLY_002041_LN,PLY_002041,1,LIVE_NORMAL,60,12,10,0,TRUE,1993
SSG_1990_PLY_002041_LN,PLY_002041,1,LIVE_NORMAL,58,12,10,0,TRUE,1990
SSG_1989_PLY_002041_EPIC,PLY_002041,2,LIVE_EPIC,66,18,10,0,TRUE,1989
SSG_1999_PLY_002041_SIG,PLY_002041,5,SIGNATURE,90,40,10,10,FALSE,1999
SSG_2004_PLY_002042_LN,PLY_002042,1,LIVE_NORMAL,64,12,10,0,TRUE,2004
SSG_1997_PLY_002042_LN,PLY_002042,1,LIVE_NORMAL,65,12,10,0,TRUE,1997
SSG_1989_PLY_002042_TH,PLY_002042,4,TITLE_HOLDER,82,30,10,10,FALSE,1989
SSG_2003_PLY_002042_TH,PLY_002042,4,TITLE_HOLDER,85,30,10,10,FALSE,2003
SSG_1995_PLY_002042_GG,PLY_002042,6,GOLDEN_GLOVE,89,35,10,10,FALSE,1995
SSG_1996_PLY_002042_GG,PLY_002042,6,GOLDEN_GLOVE,85,35,10,10,FALSE,1996
SSG_1993_PLY_002042_EPIC,PLY_002042,2,LIVE_EPIC,68,18,10,0,TRUE,1993
SSG_1995_PLY_002042_AS,PLY_002042,3,ALLSTAR,74,24,10,10,TRUE,1995
SSG_1995_PLY_002042_TH,PLY_002042,4,TITLE_HOLDER,82,30,10,10,FALSE,1995
SSG_2012_PLY_002043_AS,PLY_002043,3,ALLSTAR,75,24,10,10,TRUE,2012
SSG_2005_PLY_002043_TH,PLY_002043,4,TITLE_HOLDER,81,30,10,10,FALSE,2005
SSG_2001_PLY_002043_EPIC,PLY_002043,2,LIVE_EPIC,73,18,10,0,TRUE,2001
SSG_2016_PLY_002043_GG,PLY_002043,6,GOLDEN_GLOVE,89,35,10,10,FALSE,2016
SSG_2010_PLY_002043_EPIC,PLY_002043,2,LIVE_EPIC,65,18,10,0,TRUE,2010
SSG_2004_PLY_002043_AS,PLY_002043,3,ALLSTAR,74,24,10,10,TRUE,2004
SSG_2003_PLY_002043_EPIC,PLY_002043,2,LIVE_EPIC,66,18,10,0,TRUE,2003
SSG_2016_PLY_002044_LN,PLY_002044,1,LIVE_NORMAL,59,12,10,0,TRUE,2016
SSG_2017_PLY_002044_TH,PLY_002044,4,TITLE_HOLDER,87,30,10,10,FALSE,2017
SSG_2013_PLY_002044_LN,PLY_002044,1,LIVE_NORMAL,59,12,10,0,TRUE,2013
SSG_2022_PLY_002045_TH,PLY_002045,4,TITLE_HOLDER,80,30,10,10,FALSE,2022
SSG_2021_PLY_002045_LN,PLY_002045,1,LIVE_NORMAL,55,12,10,0,TRUE,2021
SSG_2021_PLY_002045_AS,PLY_002045,3,ALLSTAR,74,24,10,10,TRUE,2021
SSG_2022_PLY_002045_LN,PLY_002045,1,LIVE_NORMAL,68,12,10,0,TRUE,2022
SSG_2021_PLY_002045_TH,PLY_002045,4,TITLE_HOLDER,82,30,10,10,FALSE,2021
SSG_2019_PLY_002045_GG,PLY_002045,6,GOLDEN_GLOVE,89,35,10,10,FALSE,2019
SSG_2019_PLY_002045_AS,PLY_002045,3,ALLSTAR,78,24,10,10,TRUE,2019
SSG_2019_PLY_002045_LN,PLY_002045,1,LIVE_NORMAL,60,12,10,0,TRUE,2019
SSG_2020_PLY_002045_TH,PLY_002045,4,TITLE_HOLDER,86,30,10,10,FALSE,2020
SSG_2020_PLY_002045_GG,PLY_002045,6,GOLDEN_GLOVE,87,35,10,10,FALSE,2020
SSG_2021_PLY_002046_EPIC,PLY_002046,2,LIVE_EPIC,74,18,10,0,TRUE,2021
SSG_2021_PLY_002046_LN,PLY_002046,1,LIVE_NORMAL,65,12,10,0,TRUE,2021
SSG_2017_PLY_002046_LN,PLY_002046,1,LIVE_NORMAL,59,12,10,0,TRUE,2017
SSG_2021_PLY_002046_AS,PLY_002046,3,ALLSTAR,75,24,10,10,TRUE,2021
SSG_2019_PLY_002046_AS,PLY_002046,3,ALLSTAR,82,24,10,10,TRUE,2019
SSG_1995_PLY_002047_EPIC,PLY_002047,2,LIVE_EPIC,69,18,10,0,TRUE,1995
SSG_2005_PLY_002047_GG,PLY_002047,6,GOLDEN_GLOVE,85,35,10,10,FALSE,2005
SSG_2000_PLY_002047_EPIC,PLY_002047,2,LIVE_EPIC,65,18,10,0,TRUE,2000
SSG_2010_PLY_002047_EPIC,PLY_002047,2,LIVE_EPIC,73,18,10,0,TRUE,2010
SSG_2004_PLY_002048_LN,PLY_002048,1,LIVE_NORMAL,57,12,10,0,TRUE,2004
SSG_2001_PLY_002048_TH,PLY_002048,4,TITLE_HOLDER,81,30,10,10,FALSE,2001
SSG_2003_PLY_002048_TH,PLY_002048,4,TITLE_HOLDER,86,30,10,10,FALSE,2003
SSG_1994_PLY_002048_GG,PLY_002048,6,GOLDEN_GLOVE,89,35,10,10,FALSE,1994
SSG_2022_PLY_002049_LN,PLY_002049,1,LIVE_NORMAL,63,12,10,0,TRUE,2022
SSG_2022_PLY_002049_EPIC,PLY_002049,2,LIVE_EPIC,67,18,10,0,TRUE,2022
SSG_2026_PLY_002049_LN,PLY_002049,1,LIVE_NORMAL,55,12,10,0,TRUE,2026
SSG_2023_PLY_002049_LN,PLY_002049,1,LIVE_NORMAL,57,12,10,0,TRUE,2023
SSG_1994_PLY_002050_LN,PLY_002050,1,LIVE_NORMAL,57,12,10,0,TRUE,1994
SSG_1995_PLY_002050_EPIC,PLY_002050,2,LIVE_EPIC,70,18,10,0,TRUE,1995
SSG_1999_PLY_002050_LN,PLY_002050,1,LIVE_NORMAL,67,12,10,0,TRUE,1999
SSG_1994_PLY_002050_SIG,PLY_002050,5,SIGNATURE,88,40,10,10,FALSE,1994
SSG_1998_PLY_002050_LN,PLY_002050,1,LIVE_NORMAL,68,12,10,0,TRUE,1998
SSG_1998_PLY_002051_AS,PLY_002051,3,ALLSTAR,75,24,10,10,TRUE,1998
SSG_1994_PLY_002051_LN,PLY_002051,1,LIVE_NORMAL,65,12,10,0,TRUE,1994
SSG_1998_PLY_002051_LN,PLY_002051,1,LIVE_NORMAL,57,12,10,0,TRUE,1998
SSG_1997_PLY_002051_TH,PLY_002051,4,TITLE_HOLDER,80,30,10,10,FALSE,1997
SSG_1996_PLY_002051_LN,PLY_002051,1,LIVE_NORMAL,58,12,10,0,TRUE,1996
SSG_1994_PLY_002052_AS,PLY_002052,3,ALLSTAR,80,24,10,10,TRUE,1994
SSG_1991_PLY_002052_LN,PLY_002052,1,LIVE_NORMAL,68,12,10,0,TRUE,1991
SSG_1998_PLY_002052_LN,PLY_002052,1,LIVE_NORMAL,60,12,10,0,TRUE,1998
SSG_1999_PLY_002052_LN,PLY_002052,1,LIVE_NORMAL,68,12,10,0,TRUE,1999
SSG_1997_PLY_002052_AS,PLY_002052,3,ALLSTAR,74,24,10,10,TRUE,1997
SSG_1993_PLY_002052_EPIC,PLY_002052,2,LIVE_EPIC,72,18,10,0,TRUE,1993
SSG_1998_PLY_002052_AS,PLY_002052,3,ALLSTAR,81,24,10,10,TRUE,1998
SSG_1992_PLY_002052_GG,PLY_002052,6,GOLDEN_GLOVE,85,35,10,10,FALSE,1992
SSG_1991_PLY_002052_EPIC,PLY_002052,2,LIVE_EPIC,67,18,10,0,TRUE,1991
SSG_1996_PLY_002052_TH,PLY_002052,4,TITLE_HOLDER,85,30,10,10,FALSE,1996
SSG_2024_PLY_002053_LN,PLY_002053,1,LIVE_NORMAL,56,12,10,0,TRUE,2024
SSG_2026_PLY_002053_LN,PLY_002053,1,LIVE_NORMAL,63,12,10,0,TRUE,2026
SSG_2026_PLY_002053_AS,PLY_002053,3,ALLSTAR,77,24,10,10,TRUE,2026
SSG_2025_PLY_002053_LN,PLY_002053,1,LIVE_NORMAL,57,12,10,0,TRUE,2025
SSG_2025_PLY_002053_EPIC,PLY_002053,2,LIVE_EPIC,75,18,10,0,TRUE,2025
SSG_2026_PLY_002053_SIG,PLY_002053,5,SIGNATURE,87,40,10,10,FALSE,2026
SSG_2022_PLY_002053_LN,PLY_002053,1,LIVE_NORMAL,65,12,10,0,TRUE,2022
SSG_2023_PLY_002054_LN,PLY_002054,1,LIVE_NORMAL,59,12,10,0,TRUE,2023
SSG_2024_PLY_002054_EPIC,PLY_002054,2,LIVE_EPIC,71,18,10,0,TRUE,2024
SSG_2016_PLY_002055_AS,PLY_002055,3,ALLSTAR,81,24,10,10,TRUE,2016
SSG_2006_PLY_002055_GG,PLY_002055,6,GOLDEN_GLOVE,84,35,10,10,FALSE,2006
SSG_2010_PLY_002055_LN,PLY_002055,1,LIVE_NORMAL,66,12,10,0,TRUE,2010
SSG_2017_PLY_002055_TH,PLY_002055,4,TITLE_HOLDER,84,30,10,10,FALSE,2017
SSG_2017_PLY_002055_LN,PLY_002055,1,LIVE_NORMAL,61,12,10,0,TRUE,2017
SSG_2013_PLY_002055_LN,PLY_002055,1,LIVE_NORMAL,57,12,10,0,TRUE,2013
SSG_2010_PLY_002055_AS,PLY_002055,3,ALLSTAR,75,24,10,10,TRUE,2010
SSG_2015_PLY_002055_TH,PLY_002055,4,TITLE_HOLDER,86,30,10,10,FALSE,2015
SSG_2005_PLY_002055_EPIC,PLY_002055,2,LIVE_EPIC,70,18,10,0,TRUE,2005
SSG_2018_PLY_002055_EPIC,PLY_002055,2,LIVE_EPIC,65,18,10,0,TRUE,2018
SSG_2011_PLY_002056_LN,PLY_002056,1,LIVE_NORMAL,65,12,10,0,TRUE,2011
SSG_2014_PLY_002056_EPIC,PLY_002056,2,LIVE_EPIC,68,18,10,0,TRUE,2014
SSG_2011_PLY_002056_EPIC,PLY_002056,2,LIVE_EPIC,73,18,10,0,TRUE,2011
SSG_2008_PLY_002056_EPIC,PLY_002056,2,LIVE_EPIC,70,18,10,0,TRUE,2008
SSG_2004_PLY_002056_LN,PLY_002056,1,LIVE_NORMAL,64,12,10,0,TRUE,2004
SSG_2008_PLY_002056_AS,PLY_002056,3,ALLSTAR,80,24,10,10,TRUE,2008
SSG_2012_PLY_002057_LN,PLY_002057,1,LIVE_NORMAL,60,12,10,0,TRUE,2012
SSG_2012_PLY_002057_AS,PLY_002057,3,ALLSTAR,79,24,10,10,TRUE,2012
SSG_1998_PLY_002057_LN,PLY_002057,1,LIVE_NORMAL,67,12,10,0,TRUE,1998
SSG_2011_PLY_002057_LN,PLY_002057,1,LIVE_NORMAL,58,12,10,0,TRUE,2011
SSG_2009_PLY_002057_LN,PLY_002057,1,LIVE_NORMAL,62,12,10,0,TRUE,2009
SSG_2021_PLY_002058_LN,PLY_002058,1,LIVE_NORMAL,60,12,10,0,TRUE,2021
SSG_2021_PLY_002058_GG,PLY_002058,6,GOLDEN_GLOVE,90,35,10,10,FALSE,2021
SSG_2025_PLY_002058_LN,PLY_002058,1,LIVE_NORMAL,59,12,10,0,TRUE,2025
SSG_2023_PLY_002058_AS,PLY_002058,3,ALLSTAR,82,24,10,10,TRUE,2023
SSG_2025_PLY_002058_GG,PLY_002058,6,GOLDEN_GLOVE,87,35,10,10,FALSE,2025
SSG_2000_PLY_002059_GG,PLY_002059,6,GOLDEN_GLOVE,87,35,10,10,FALSE,2000
SSG_2003_PLY_002059_LN,PLY_002059,1,LIVE_NORMAL,58,12,10,0,TRUE,2003
SSG_2004_PLY_002059_LN,PLY_002059,1,LIVE_NORMAL,58,12,10,0,TRUE,2004
SSG_2005_PLY_002059_EPIC,PLY_002059,2,LIVE_EPIC,73,18,10,0,TRUE,2005
SSG_2005_PLY_002059_TH,PLY_002059,4,TITLE_HOLDER,81,30,10,10,FALSE,2005
SSG_2004_PLY_002059_EPIC,PLY_002059,2,LIVE_EPIC,73,18,10,0,TRUE,2004
SSG_2000_PLY_002059_EPIC,PLY_002059,2,LIVE_EPIC,71,18,10,0,TRUE,2000
SSG_2024_PLY_002060_LN,PLY_002060,1,LIVE_NORMAL,62,12,10,0,TRUE,2024
SSG_2024_PLY_002060_SIG,PLY_002060,5,SIGNATURE,94,40,10,10,FALSE,2024
SSG_2026_PLY_002060_AS,PLY_002060,3,ALLSTAR,80,24,10,10,TRUE,2026
SSG_2026_PLY_002060_EPIC,PLY_002060,2,LIVE_EPIC,66,18,10,0,TRUE,2026
SSG_2023_PLY_002060_AS,PLY_002060,3,ALLSTAR,74,24,10,10,TRUE,2023
SSG_2023_PLY_002060_LN,PLY_002060,1,LIVE_NORMAL,63,12,10,0,TRUE,2023
SSG_2018_PLY_002060_SIG,PLY_002060,5,SIGNATURE,91,40,10,10,FALSE,2018
SSG_2022_PLY_002060_GG,PLY_002060,6,GOLDEN_GLOVE,88,35,10,10,FALSE,2022
SSG_2018_PLY_002060_EPIC,PLY_002060,2,LIVE_EPIC,75,18,10,0,TRUE,2018
SSG_1994_PLY_002061_LN,PLY_002061,1,LIVE_NORMAL,58,12,10,0,TRUE,1994
SSG_1996_PLY_002061_LN,PLY_002061,1,LIVE_NORMAL,65,12,10,0,TRUE,1996
SSG_1992_PLY_002061_LN,PLY_002061,1,LIVE_NORMAL,57,12,10,0,TRUE,1992
SSG_1999_PLY_002061_TH,PLY_002061,4,TITLE_HOLDER,82,30,10,10,FALSE,1999
SSG_1992_PLY_002061_AS,PLY_002061,3,ALLSTAR,78,24,10,10,TRUE,1992
SSG_1997_PLY_002061_AS,PLY_002061,3,ALLSTAR,76,24,10,10,TRUE,1997
SSG_1994_PLY_002061_EPIC,PLY_002061,2,LIVE_EPIC,75,18,10,0,TRUE,1994
SSG_2023_PLY_002062_EPIC,PLY_002062,2,LIVE_EPIC,66,18,10,0,TRUE,2023
SSG_2025_PLY_002062_AS,PLY_002062,3,ALLSTAR,74,24,10,10,TRUE,2025
SSG_2026_PLY_002062_TH,PLY_002062,4,TITLE_HOLDER,87,30,10,10,FALSE,2026
SSG_2016_PLY_002063_LN,PLY_002063,1,LIVE_NORMAL,67,12,10,0,TRUE,2016
SSG_2019_PLY_002063_LN,PLY_002063,1,LIVE_NORMAL,67,12,10,0,TRUE,2019
SSG_2021_PLY_002063_EPIC,PLY_002063,2,LIVE_EPIC,70,18,10,0,TRUE,2021
SSG_2016_PLY_002063_EPIC,PLY_002063,2,LIVE_EPIC,66,18,10,0,TRUE,2016
SSG_2022_PLY_002063_LN,PLY_002063,1,LIVE_NORMAL,65,12,10,0,TRUE,2022
SSG_2017_PLY_002063_EPIC,PLY_002063,2,LIVE_EPIC,74,18,10,0,TRUE,2017
SSG_2022_PLY_002063_TH,PLY_002063,4,TITLE_HOLDER,81,30,10,10,FALSE,2022
SSG_2018_PLY_002063_LN,PLY_002063,1,LIVE_NORMAL,67,12,10,0,TRUE,2018
SSG_2019_PLY_002063_AS,PLY_002063,3,ALLSTAR,74,24,10,10,TRUE,2019
SSG_2019_PLY_002064_EPIC,PLY_002064,2,LIVE_EPIC,66,18,10,0,TRUE,2019
SSG_2022_PLY_002064_EPIC,PLY_002064,2,LIVE_EPIC,70,18,10,0,TRUE,2022
SSG_2017_PLY_002064_LN,PLY_002064,1,LIVE_NORMAL,68,12,10,0,TRUE,2017
SSG_2014_PLY_002064_LN,PLY_002064,1,LIVE_NORMAL,63,12,10,0,TRUE,2014
SSG_2016_PLY_002064_LN,PLY_002064,1,LIVE_NORMAL,58,12,10,0,TRUE,2016
SSG_2020_PLY_002064_LN,PLY_002064,1,LIVE_NORMAL,56,12,10,0,TRUE,2020
SSG_2009_PLY_002064_EPIC,PLY_002064,2,LIVE_EPIC,74,18,10,0,TRUE,2009
SSG_2011_PLY_002065_TH,PLY_002065,4,TITLE_HOLDER,82,30,10,10,FALSE,2011
SSG_2018_PLY_002065_GG,PLY_002065,6,GOLDEN_GLOVE,90,35,10,10,FALSE,2018
SSG_2015_PLY_002065_TH,PLY_002065,4,TITLE_HOLDER,87,30,10,10,FALSE,2015
SSG_2010_PLY_002065_EPIC,PLY_002065,2,LIVE_EPIC,71,18,10,0,TRUE,2010
SSG_2010_PLY_002065_AS,PLY_002065,3,ALLSTAR,78,24,10,10,TRUE,2010
SSG_2009_PLY_002065_TH,PLY_002065,4,TITLE_HOLDER,87,30,10,10,FALSE,2009
SSG_2013_PLY_002065_LN,PLY_002065,1,LIVE_NORMAL,56,12,10,0,TRUE,2013
SSG_2020_PLY_002066_EPIC,PLY_002066,2,LIVE_EPIC,73,18,10,0,TRUE,2020
SSG_2018_PLY_002066_GG,PLY_002066,6,GOLDEN_GLOVE,83,35,10,10,FALSE,2018
SSG_2021_PLY_002066_AS,PLY_002066,3,ALLSTAR,79,24,10,10,TRUE,2021
SSG_1991_PLY_002067_LN,PLY_002067,1,LIVE_NORMAL,68,12,10,0,TRUE,1991
SSG_1992_PLY_002067_GG,PLY_002067,6,GOLDEN_GLOVE,90,35,10,10,FALSE,1992
SSG_1996_PLY_002067_EPIC,PLY_002067,2,LIVE_EPIC,71,18,10,0,TRUE,1996
SSG_1991_PLY_002067_EPIC,PLY_002067,2,LIVE_EPIC,67,18,10,0,TRUE,1991
SSG_1990_PLY_002067_LN,PLY_002067,1,LIVE_NORMAL,62,12,10,0,TRUE,1990
SSG_1996_PLY_002067_LN,PLY_002067,1,LIVE_NORMAL,59,12,10,0,TRUE,1996
SSG_1994_PLY_002067_TH,PLY_002067,4,TITLE_HOLDER,87,30,10,10,FALSE,1994
SSG_1987_PLY_002068_AS,PLY_002068,3,ALLSTAR,83,24,10,10,TRUE,1987
SSG_2000_PLY_002068_LN,PLY_002068,1,LIVE_NORMAL,61,12,10,0,TRUE,2000
SSG_2003_PLY_002068_LN,PLY_002068,1,LIVE_NORMAL,60,12,10,0,TRUE,2003
SSG_2003_PLY_002068_EPIC,PLY_002068,2,LIVE_EPIC,70,18,10,0,TRUE,2003
SSG_2008_PLY_002069_LN,PLY_002069,1,LIVE_NORMAL,58,12,10,0,TRUE,2008
SSG_2016_PLY_002069_TH,PLY_002069,4,TITLE_HOLDER,84,30,10,10,FALSE,2016
SSG_2009_PLY_002069_EPIC,PLY_002069,2,LIVE_EPIC,69,18,10,0,TRUE,2009
SSG_2015_PLY_002069_LN,PLY_002069,1,LIVE_NORMAL,55,12,10,0,TRUE,2015
SSG_2015_PLY_002069_TH,PLY_002069,4,TITLE_HOLDER,86,30,10,10,FALSE,2015
SSG_2016_PLY_002069_GG,PLY_002069,6,GOLDEN_GLOVE,83,35,10,10,FALSE,2016
SSG_2011_PLY_002069_AS,PLY_002069,3,ALLSTAR,77,24,10,10,TRUE,2011
SSG_2013_PLY_002069_LN,PLY_002069,1,LIVE_NORMAL,63,12,10,0,TRUE,2013
SSG_2003_PLY_002070_LN,PLY_002070,1,LIVE_NORMAL,59,12,10,0,TRUE,2003
SSG_2007_PLY_002070_EPIC,PLY_002070,2,LIVE_EPIC,72,18,10,0,TRUE,2007
SSG_2007_PLY_002070_TH,PLY_002070,4,TITLE_HOLDER,81,30,10,10,FALSE,2007
SSG_2007_PLY_002070_LN,PLY_002070,1,LIVE_NORMAL,67,12,10,0,TRUE,2007
SSG_2006_PLY_002070_LN,PLY_002070,1,LIVE_NORMAL,59,12,10,0,TRUE,2006
SSG_2006_PLY_002070_TH,PLY_002070,4,TITLE_HOLDER,84,30,10,10,FALSE,2006
SSG_2002_PLY_002070_AS,PLY_002070,3,ALLSTAR,74,24,10,10,TRUE,2002
SSG_2012_PLY_002070_LN,PLY_002070,1,LIVE_NORMAL,63,12,10,0,TRUE,2012
SSG_2009_PLY_002070_LN,PLY_002070,1,LIVE_NORMAL,57,12,10,0,TRUE,2009
SSG_2025_PLY_002071_LN,PLY_002071,1,LIVE_NORMAL,57,12,10,0,TRUE,2025
SSG_2023_PLY_002071_EPIC,PLY_002071,2,LIVE_EPIC,70,18,10,0,TRUE,2023
SSG_2022_PLY_002071_LN,PLY_002071,1,LIVE_NORMAL,61,12,10,0,TRUE,2022
SSG_2013_PLY_002071_GG,PLY_002071,6,GOLDEN_GLOVE,86,35,10,10,FALSE,2013
SSG_2020_PLY_002071_EPIC,PLY_002071,2,LIVE_EPIC,75,18,10,0,TRUE,2020
SSG_2016_PLY_002071_EPIC,PLY_002071,2,LIVE_EPIC,68,18,10,0,TRUE,2016
SSG_2024_PLY_002072_SIG,PLY_002072,5,SIGNATURE,93,40,10,10,FALSE,2024
SSG_2026_PLY_002072_EPIC,PLY_002072,2,LIVE_EPIC,71,18,10,0,TRUE,2026
SSG_2018_PLY_002072_EPIC,PLY_002072,2,LIVE_EPIC,72,18,10,0,TRUE,2018
SSG_2020_PLY_002072_EPIC,PLY_002072,2,LIVE_EPIC,67,18,10,0,TRUE,2020
SSG_2014_PLY_002072_LN,PLY_002072,1,LIVE_NORMAL,67,12,10,0,TRUE,2014
SSG_2015_PLY_002072_EPIC,PLY_002072,2,LIVE_EPIC,76,18,10,0,TRUE,2015
SSG_2016_PLY_002072_TH,PLY_002072,4,TITLE_HOLDER,81,30,10,10,FALSE,2016
SSG_2023_PLY_002072_LN,PLY_002072,1,LIVE_NORMAL,60,12,10,0,TRUE,2023
SSG_1989_PLY_002073_LN,PLY_002073,1,LIVE_NORMAL,57,12,10,0,TRUE,1989
SSG_1987_PLY_002073_EPIC,PLY_002073,2,LIVE_EPIC,72,18,10,0,TRUE,1987
SSG_1988_PLY_002073_TH,PLY_002073,4,TITLE_HOLDER,87,30,10,10,FALSE,1988
SSG_1993_PLY_002073_EPIC,PLY_002073,2,LIVE_EPIC,73,18,10,0,TRUE,1993
SSG_1997_PLY_002073_LN,PLY_002073,1,LIVE_NORMAL,64,12,10,0,TRUE,1997
SSG_1995_PLY_002073_EPIC,PLY_002073,2,LIVE_EPIC,74,18,10,0,TRUE,1995
SSG_1994_PLY_002073_LN,PLY_002073,1,LIVE_NORMAL,59,12,10,0,TRUE,1994
SSG_2001_PLY_002074_GG,PLY_002074,6,GOLDEN_GLOVE,88,35,10,10,FALSE,2001
SSG_2000_PLY_002074_AS,PLY_002074,3,ALLSTAR,81,24,10,10,TRUE,2000
SSG_2001_PLY_002074_LN,PLY_002074,1,LIVE_NORMAL,56,12,10,0,TRUE,2001
SSG_2001_PLY_002074_TH,PLY_002074,4,TITLE_HOLDER,83,30,10,10,FALSE,2001
SSG_2004_PLY_002074_LN,PLY_002074,1,LIVE_NORMAL,68,12,10,0,TRUE,2004
SSG_2016_PLY_002075_LN,PLY_002075,1,LIVE_NORMAL,57,12,10,0,TRUE,2016
SSG_2018_PLY_002075_LN,PLY_002075,1,LIVE_NORMAL,67,12,10,0,TRUE,2018
SSG_2014_PLY_002075_EPIC,PLY_002075,2,LIVE_EPIC,76,18,10,0,TRUE,2014
SSG_2017_PLY_002075_LN,PLY_002075,1,LIVE_NORMAL,59,12,10,0,TRUE,2017
SSG_2014_PLY_002075_AS,PLY_002075,3,ALLSTAR,75,24,10,10,TRUE,2014
SSG_2013_PLY_002075_LN,PLY_002075,1,LIVE_NORMAL,62,12,10,0,TRUE,2013
SSG_2015_PLY_002075_LN,PLY_002075,1,LIVE_NORMAL,59,12,10,0,TRUE,2015
SSG_2014_PLY_002075_LN,PLY_002075,1,LIVE_NORMAL,61,12,10,0,TRUE,2014
SSG_2015_PLY_002075_SIG,PLY_002075,5,SIGNATURE,90,40,10,10,FALSE,2015
SSG_1999_PLY_002076_EPIC,PLY_002076,2,LIVE_EPIC,76,18,10,0,TRUE,1999
SSG_2001_PLY_002076_TH,PLY_002076,4,TITLE_HOLDER,84,30,10,10,FALSE,2001
SSG_2005_PLY_002076_LN,PLY_002076,1,LIVE_NORMAL,61,12,10,0,TRUE,2005
SSG_2002_PLY_002076_EPIC,PLY_002076,2,LIVE_EPIC,72,18,10,0,TRUE,2002
SSG_2002_PLY_002076_GG,PLY_002076,6,GOLDEN_GLOVE,83,35,10,10,FALSE,2002
SSG_1998_PLY_002076_TH,PLY_002076,4,TITLE_HOLDER,83,30,10,10,FALSE,1998
SSG_1994_PLY_002077_EPIC,PLY_002077,2,LIVE_EPIC,73,18,10,0,TRUE,1994
SSG_1992_PLY_002077_EPIC,PLY_002077,2,LIVE_EPIC,66,18,10,0,TRUE,1992
SSG_1995_PLY_002077_EPIC,PLY_002077,2,LIVE_EPIC,66,18,10,0,TRUE,1995
SSG_2011_PLY_002078_EPIC,PLY_002078,2,LIVE_EPIC,72,18,10,0,TRUE,2011
SSG_2012_PLY_002078_EPIC,PLY_002078,2,LIVE_EPIC,76,18,10,0,TRUE,2012
SSG_2014_PLY_002078_LN,PLY_002078,1,LIVE_NORMAL,61,12,10,0,TRUE,2014
SSG_2007_PLY_002078_AS,PLY_002078,3,ALLSTAR,79,24,10,10,TRUE,2007
SSG_2009_PLY_002078_GG,PLY_002078,6,GOLDEN_GLOVE,86,35,10,10,FALSE,2009
SSG_2010_PLY_002078_AS,PLY_002078,3,ALLSTAR,79,24,10,10,TRUE,2010
SSG_2013_PLY_002078_AS,PLY_002078,3,ALLSTAR,82,24,10,10,TRUE,2013
SSG_2012_PLY_002078_LN,PLY_002078,1,LIVE_NORMAL,58,12,10,0,TRUE,2012
SSG_2016_PLY_002078_LN,PLY_002078,1,LIVE_NORMAL,61,12,10,0,TRUE,2016
SSG_2000_PLY_002079_LN,PLY_002079,1,LIVE_NORMAL,58,12,10,0,TRUE,2000
SSG_2006_PLY_002079_SIG,PLY_002079,5,SIGNATURE,93,40,10,10,FALSE,2006
SSG_2005_PLY_002079_AS,PLY_002079,3,ALLSTAR,80,24,10,10,TRUE,2005
SSG_2002_PLY_002079_SIG,PLY_002079,5,SIGNATURE,93,40,10,10,FALSE,2002
SSG_1998_PLY_002079_EPIC,PLY_002079,2,LIVE_EPIC,75,18,10,0,TRUE,1998
SSG_2005_PLY_002080_AS,PLY_002080,3,ALLSTAR,80,24,10,10,TRUE,2005
SSG_2002_PLY_002080_EPIC,PLY_002080,2,LIVE_EPIC,76,18,10,0,TRUE,2002
SSG_2007_PLY_002080_TH,PLY_002080,4,TITLE_HOLDER,87,30,10,10,FALSE,2007
SSG_2009_PLY_002080_AS,PLY_002080,3,ALLSTAR,74,24,10,10,TRUE,2009
SSG_2003_PLY_002080_EPIC,PLY_002080,2,LIVE_EPIC,73,18,10,0,TRUE,2003
SSG_2004_PLY_002080_AS,PLY_002080,3,ALLSTAR,77,24,10,10,TRUE,2004
SSG_2008_PLY_002080_AS,PLY_002080,3,ALLSTAR,77,24,10,10,TRUE,2008
SSG_2005_PLY_002080_LN,PLY_002080,1,LIVE_NORMAL,57,12,10,0,TRUE,2005
SSG_2005_PLY_002080_EPIC,PLY_002080,2,LIVE_EPIC,70,18,10,0,TRUE,2005
SSG_2002_PLY_002080_LN,PLY_002080,1,LIVE_NORMAL,59,12,10,0,TRUE,2002
SSG_2023_PLY_002081_LN,PLY_002081,1,LIVE_NORMAL,66,12,10,0,TRUE,2023
SSG_2025_PLY_002081_LN,PLY_002081,1,LIVE_NORMAL,59,12,10,0,TRUE,2025
SSG_2023_PLY_002081_EPIC,PLY_002081,2,LIVE_EPIC,76,18,10,0,TRUE,2023
SSG_2025_PLY_002081_AS,PLY_002081,3,ALLSTAR,79,24,10,10,TRUE,2025
SSG_2004_PLY_002082_LN,PLY_002082,1,LIVE_NORMAL,57,12,10,0,TRUE,2004
SSG_2002_PLY_002082_EPIC,PLY_002082,2,LIVE_EPIC,72,18,10,0,TRUE,2002
SSG_2010_PLY_002082_LN,PLY_002082,1,LIVE_NORMAL,63,12,10,0,TRUE,2010
SSG_1999_PLY_002082_LN,PLY_002082,1,LIVE_NORMAL,61,12,10,0,TRUE,1999
SSG_2006_PLY_002082_LN,PLY_002082,1,LIVE_NORMAL,58,12,10,0,TRUE,2006
SSG_2009_PLY_002082_LN,PLY_002082,1,LIVE_NORMAL,65,12,10,0,TRUE,2009
SSG_2004_PLY_002082_AS,PLY_002082,3,ALLSTAR,83,24,10,10,TRUE,2004
SSG_2001_PLY_002083_SIG,PLY_002083,5,SIGNATURE,92,40,10,10,FALSE,2001
SSG_2003_PLY_002083_EPIC,PLY_002083,2,LIVE_EPIC,73,18,10,0,TRUE,2003
SSG_2005_PLY_002083_EPIC,PLY_002083,2,LIVE_EPIC,66,18,10,0,TRUE,2005
SSG_2006_PLY_002083_TH,PLY_002083,4,TITLE_HOLDER,86,30,10,10,FALSE,2006
SSG_2000_PLY_002083_AS,PLY_002083,3,ALLSTAR,79,24,10,10,TRUE,2000
SSG_2004_PLY_002083_EPIC,PLY_002083,2,LIVE_EPIC,72,18,10,0,TRUE,2004
SSG_2000_PLY_002083_LN,PLY_002083,1,LIVE_NORMAL,63,12,10,0,TRUE,2000
SSG_1996_PLY_002084_LN,PLY_002084,1,LIVE_NORMAL,58,12,10,0,TRUE,1996
SSG_1996_PLY_002084_AS,PLY_002084,3,ALLSTAR,74,24,10,10,TRUE,1996
SSG_2002_PLY_002084_EPIC,PLY_002084,2,LIVE_EPIC,75,18,10,0,TRUE,2002
SSG_2000_PLY_002084_LN,PLY_002084,1,LIVE_NORMAL,59,12,10,0,TRUE,2000
SSG_1996_PLY_002084_TH,PLY_002084,4,TITLE_HOLDER,86,30,10,10,FALSE,1996
SSG_1999_PLY_002085_LN,PLY_002085,1,LIVE_NORMAL,59,12,10,0,TRUE,1999
SSG_1999_PLY_002085_EPIC,PLY_002085,2,LIVE_EPIC,67,18,10,0,TRUE,1999
SSG_2004_PLY_002085_LN,PLY_002085,1,LIVE_NORMAL,57,12,10,0,TRUE,2004
SSG_2001_PLY_002085_LN,PLY_002085,1,LIVE_NORMAL,61,12,10,0,TRUE,2001
SSG_2001_PLY_002085_AS,PLY_002085,3,ALLSTAR,79,24,10,10,TRUE,2001
SSG_1997_PLY_002085_LN,PLY_002085,1,LIVE_NORMAL,55,12,10,0,TRUE,1997
SSG_2021_PLY_002086_LN,PLY_002086,1,LIVE_NORMAL,61,12,10,0,TRUE,2021
SSG_2019_PLY_002086_GG,PLY_002086,6,GOLDEN_GLOVE,88,35,10,10,FALSE,2019
SSG_2014_PLY_002086_EPIC,PLY_002086,2,LIVE_EPIC,65,18,10,0,TRUE,2014
SSG_2022_PLY_002086_TH,PLY_002086,4,TITLE_HOLDER,87,30,10,10,FALSE,2022
SSG_2020_PLY_002086_TH,PLY_002086,4,TITLE_HOLDER,84,30,10,10,FALSE,2020
SSG_2002_PLY_002087_LN,PLY_002087,1,LIVE_NORMAL,61,12,10,0,TRUE,2002
SSG_1998_PLY_002087_LN,PLY_002087,1,LIVE_NORMAL,55,12,10,0,TRUE,1998
SSG_2001_PLY_002087_GG,PLY_002087,6,GOLDEN_GLOVE,86,35,10,10,FALSE,2001
SSG_2001_PLY_002087_LN,PLY_002087,1,LIVE_NORMAL,56,12,10,0,TRUE,2001
SSG_2000_PLY_002087_EPIC,PLY_002087,2,LIVE_EPIC,76,18,10,0,TRUE,2000
SSG_2003_PLY_002087_AS,PLY_002087,3,ALLSTAR,79,24,10,10,TRUE,2003
SSG_1998_PLY_002087_GG,PLY_002087,6,GOLDEN_GLOVE,83,35,10,10,FALSE,1998
SSG_2001_PLY_002087_AS,PLY_002087,3,ALLSTAR,78,24,10,10,TRUE,2001
SSG_1997_PLY_002087_TH,PLY_002087,4,TITLE_HOLDER,87,30,10,10,FALSE,1997
SSG_2017_PLY_002088_LN,PLY_002088,1,LIVE_NORMAL,64,12,10,0,TRUE,2017
SSG_2020_PLY_002088_LN,PLY_002088,1,LIVE_NORMAL,55,12,10,0,TRUE,2020
SSG_2020_PLY_002088_EPIC,PLY_002088,2,LIVE_EPIC,72,18,10,0,TRUE,2020
SSG_2015_PLY_002088_EPIC,PLY_002088,2,LIVE_EPIC,75,18,10,0,TRUE,2015
SSG_2014_PLY_002088_LN,PLY_002088,1,LIVE_NORMAL,64,12,10,0,TRUE,2014
SSG_2015_PLY_002088_TH,PLY_002088,4,TITLE_HOLDER,82,30,10,10,FALSE,2015
SSG_2019_PLY_002088_LN,PLY_002088,1,LIVE_NORMAL,62,12,10,0,TRUE,2019
SSG_2024_PLY_002088_SIG,PLY_002088,5,SIGNATURE,87,40,10,10,FALSE,2024
SSG_2020_PLY_002088_TH,PLY_002088,4,TITLE_HOLDER,80,30,10,10,FALSE,2020
SSG_2013_PLY_002088_TH,PLY_002088,4,TITLE_HOLDER,81,30,10,10,FALSE,2013
SSG_2018_PLY_002089_AS,PLY_002089,3,ALLSTAR,81,24,10,10,TRUE,2018
SSG_2015_PLY_002089_LN,PLY_002089,1,LIVE_NORMAL,60,12,10,0,TRUE,2015
SSG_2025_PLY_002090_AS,PLY_002090,3,ALLSTAR,83,24,10,10,TRUE,2025
SSG_2021_PLY_002090_LN,PLY_002090,1,LIVE_NORMAL,55,12,10,0,TRUE,2021
SSG_2022_PLY_002090_LN,PLY_002090,1,LIVE_NORMAL,67,12,10,0,TRUE,2022
SSG_2019_PLY_002090_AS,PLY_002090,3,ALLSTAR,80,24,10,10,TRUE,2019
SSG_2018_PLY_002090_AS,PLY_002090,3,ALLSTAR,76,24,10,10,TRUE,2018
SSG_2006_PLY_002091_EPIC,PLY_002091,2,LIVE_EPIC,76,18,10,0,TRUE,2006
SSG_2009_PLY_002091_EPIC,PLY_002091,2,LIVE_EPIC,69,18,10,0,TRUE,2009
SSG_2019_PLY_002092_AS,PLY_002092,3,ALLSTAR,82,24,10,10,TRUE,2019
SSG_2023_PLY_002092_LN,PLY_002092,1,LIVE_NORMAL,62,12,10,0,TRUE,2023
SSG_2024_PLY_002092_SIG,PLY_002092,5,SIGNATURE,89,40,10,10,FALSE,2024
SSG_2018_PLY_002092_AS,PLY_002092,3,ALLSTAR,83,24,10,10,TRUE,2018
SSG_2016_PLY_002092_EPIC,PLY_002092,2,LIVE_EPIC,65,18,10,0,TRUE,2016
SSG_2016_PLY_002092_LN,PLY_002092,1,LIVE_NORMAL,58,12,10,0,TRUE,2016
SSG_2022_PLY_002092_EPIC,PLY_002092,2,LIVE_EPIC,70,18,10,0,TRUE,2022
SSG_2017_PLY_002092_SIG,PLY_002092,5,SIGNATURE,92,40,10,10,FALSE,2017
SSG_2017_PLY_002092_AS,PLY_002092,3,ALLSTAR,74,24,10,10,TRUE,2017
SSG_2005_PLY_002093_LN,PLY_002093,1,LIVE_NORMAL,55,12,10,0,TRUE,2005
SSG_2012_PLY_002093_AS,PLY_002093,3,ALLSTAR,76,24,10,10,TRUE,2012
SSG_2006_PLY_002093_LN,PLY_002093,1,LIVE_NORMAL,65,12,10,0,TRUE,2006
SSG_2021_PLY_002094_LN,PLY_002094,1,LIVE_NORMAL,63,12,10,0,TRUE,2021
SSG_2020_PLY_002094_EPIC,PLY_002094,2,LIVE_EPIC,74,18,10,0,TRUE,2020
SSG_2016_PLY_002094_AS,PLY_002094,3,ALLSTAR,82,24,10,10,TRUE,2016
SSG_2018_PLY_002094_LN,PLY_002094,1,LIVE_NORMAL,55,12,10,0,TRUE,2018
SSG_2023_PLY_002094_AS,PLY_002094,3,ALLSTAR,76,24,10,10,TRUE,2023
SSG_2019_PLY_002095_EPIC,PLY_002095,2,LIVE_EPIC,75,18,10,0,TRUE,2019
SSG_2021_PLY_002095_LN,PLY_002095,1,LIVE_NORMAL,59,12,10,0,TRUE,2021
SSG_2013_PLY_002095_EPIC,PLY_002095,2,LIVE_EPIC,74,18,10,0,TRUE,2013
SSG_2025_PLY_002095_LN,PLY_002095,1,LIVE_NORMAL,65,12,10,0,TRUE,2025
SSG_2024_PLY_002095_EPIC,PLY_002095,2,LIVE_EPIC,69,18,10,0,TRUE,2024
SSG_2012_PLY_002095_TH,PLY_002095,4,TITLE_HOLDER,83,30,10,10,FALSE,2012
SSG_2012_PLY_002096_SIG,PLY_002096,5,SIGNATURE,89,40,10,10,FALSE,2012
SSG_2013_PLY_002096_GG,PLY_002096,6,GOLDEN_GLOVE,83,35,10,10,FALSE,2013
SSG_2014_PLY_002096_LN,PLY_002096,1,LIVE_NORMAL,56,12,10,0,TRUE,2014
SSG_2020_PLY_002097_TH,PLY_002097,4,TITLE_HOLDER,83,30,10,10,FALSE,2020
SSG_2022_PLY_002097_LN,PLY_002097,1,LIVE_NORMAL,57,12,10,0,TRUE,2022
SSG_2021_PLY_002097_EPIC,PLY_002097,2,LIVE_EPIC,75,18,10,0,TRUE,2021
SSG_2021_PLY_002097_LN,PLY_002097,1,LIVE_NORMAL,65,12,10,0,TRUE,2021
SSG_2024_PLY_002097_LN,PLY_002097,1,LIVE_NORMAL,68,12,10,0,TRUE,2024
SSG_2017_PLY_002097_LN,PLY_002097,1,LIVE_NORMAL,64,12,10,0,TRUE,2017
SSG_2026_PLY_002097_TH,PLY_002097,4,TITLE_HOLDER,81,30,10,10,FALSE,2026
SSG_2000_PLY_002098_AS,PLY_002098,3,ALLSTAR,79,24,10,10,TRUE,2000
SSG_1995_PLY_002098_LN,PLY_002098,1,LIVE_NORMAL,59,12,10,0,TRUE,1995
SSG_1995_PLY_002098_EPIC,PLY_002098,2,LIVE_EPIC,76,18,10,0,TRUE,1995
SSG_1996_PLY_002098_AS,PLY_002098,3,ALLSTAR,75,24,10,10,TRUE,1996
SSG_1993_PLY_002098_LN,PLY_002098,1,LIVE_NORMAL,65,12,10,0,TRUE,1993
SSG_1994_PLY_002098_GG,PLY_002098,6,GOLDEN_GLOVE,90,35,10,10,FALSE,1994
SSG_1997_PLY_002098_LN,PLY_002098,1,LIVE_NORMAL,60,12,10,0,TRUE,1997
SSG_1998_PLY_002098_AS,PLY_002098,3,ALLSTAR,80,24,10,10,TRUE,1998
SSG_2000_PLY_002099_EPIC,PLY_002099,2,LIVE_EPIC,65,18,10,0,TRUE,2000
SSG_2005_PLY_002099_EPIC,PLY_002099,2,LIVE_EPIC,72,18,10,0,TRUE,2005
SSG_2007_PLY_002099_LN,PLY_002099,1,LIVE_NORMAL,65,12,10,0,TRUE,2007
SSG_2001_PLY_002099_LN,PLY_002099,1,LIVE_NORMAL,59,12,10,0,TRUE,2001
SSG_2001_PLY_002099_EPIC,PLY_002099,2,LIVE_EPIC,75,18,10,0,TRUE,2001
SSG_2005_PLY_002099_SIG,PLY_002099,5,SIGNATURE,92,40,10,10,FALSE,2005
SSG_2001_PLY_002099_GG,PLY_002099,6,GOLDEN_GLOVE,87,35,10,10,FALSE,2001
SSG_2006_PLY_002099_EPIC,PLY_002099,2,LIVE_EPIC,69,18,10,0,TRUE,2006
SSG_2004_PLY_002099_EPIC,PLY_002099,2,LIVE_EPIC,76,18,10,0,TRUE,2004
SSG_2004_PLY_002099_TH,PLY_002099,4,TITLE_HOLDER,84,30,10,10,FALSE,2004
SSG_2019_PLY_002100_LN,PLY_002100,1,LIVE_NORMAL,59,12,10,0,TRUE,2019
SSG_2016_PLY_002100_LN,PLY_002100,1,LIVE_NORMAL,60,12,10,0,TRUE,2016
SSG_2020_PLY_002100_LN,PLY_002100,1,LIVE_NORMAL,63,12,10,0,TRUE,2020
SSG_2013_PLY_002100_LN,PLY_002100,1,LIVE_NORMAL,68,12,10,0,TRUE,2013
SSG_2015_PLY_002100_AS,PLY_002100,3,ALLSTAR,77,24,10,10,TRUE,2015
SSG_2017_PLY_002100_EPIC,PLY_002100,2,LIVE_EPIC,69,18,10,0,TRUE,2017
SSG_2012_PLY_002100_SIG,PLY_002100,5,SIGNATURE,91,40,10,10,FALSE,2012
SSG_1992_PLY_002101_EPIC,PLY_002101,2,LIVE_EPIC,65,18,10,0,TRUE,1992
SSG_1995_PLY_002101_LN,PLY_002101,1,LIVE_NORMAL,60,12,10,0,TRUE,1995
SSG_1989_PLY_002101_EPIC,PLY_002101,2,LIVE_EPIC,68,18,10,0,TRUE,1989
SSG_1991_PLY_002101_LN,PLY_002101,1,LIVE_NORMAL,57,12,10,0,TRUE,1991
SSG_1996_PLY_002101_EPIC,PLY_002101,2,LIVE_EPIC,73,18,10,0,TRUE,1996
SSG_1989_PLY_002101_LN,PLY_002101,1,LIVE_NORMAL,64,12,10,0,TRUE,1989
SSG_1996_PLY_002101_AS,PLY_002101,3,ALLSTAR,77,24,10,10,TRUE,1996
SSG_2006_PLY_002102_EPIC,PLY_002102,2,LIVE_EPIC,65,18,10,0,TRUE,2006
SSG_2006_PLY_002102_LN,PLY_002102,1,LIVE_NORMAL,66,12,10,0,TRUE,2006
SSG_2009_PLY_002102_AS,PLY_002102,3,ALLSTAR,77,24,10,10,TRUE,2009
SSG_2008_PLY_002102_LN,PLY_002102,1,LIVE_NORMAL,67,12,10,0,TRUE,2008
SSG_2007_PLY_002102_LN,PLY_002102,1,LIVE_NORMAL,61,12,10,0,TRUE,2007
SSG_2009_PLY_002102_LN,PLY_002102,1,LIVE_NORMAL,57,12,10,0,TRUE,2009
SSG_1990_PLY_002103_LN,PLY_002103,1,LIVE_NORMAL,58,12,10,0,TRUE,1990
SSG_1995_PLY_002103_TH,PLY_002103,4,TITLE_HOLDER,81,30,10,10,FALSE,1995
SSG_1989_PLY_002103_EPIC,PLY_002103,2,LIVE_EPIC,65,18,10,0,TRUE,1989
SSG_1988_PLY_002103_LN,PLY_002103,1,LIVE_NORMAL,55,12,10,0,TRUE,1988
SSG_1991_PLY_002103_TH,PLY_002103,4,TITLE_HOLDER,83,30,10,10,FALSE,1991
SSG_1996_PLY_002103_TH,PLY_002103,4,TITLE_HOLDER,80,30,10,10,FALSE,1996
SSG_1997_PLY_002103_EPIC,PLY_002103,2,LIVE_EPIC,76,18,10,0,TRUE,1997
SSG_1996_PLY_002103_EPIC,PLY_002103,2,LIVE_EPIC,69,18,10,0,TRUE,1996
SSG_2023_PLY_002104_EPIC,PLY_002104,2,LIVE_EPIC,71,18,10,0,TRUE,2023
SSG_2025_PLY_002104_LN,PLY_002104,1,LIVE_NORMAL,67,12,10,0,TRUE,2025
SSG_2024_PLY_002104_TH,PLY_002104,4,TITLE_HOLDER,83,30,10,10,FALSE,2024
SSG_2024_PLY_002104_EPIC,PLY_002104,2,LIVE_EPIC,71,18,10,0,TRUE,2024
SSG_2025_PLY_002104_AS,PLY_002104,3,ALLSTAR,80,24,10,10,TRUE,2025
SSG_2023_PLY_002104_AS,PLY_002104,3,ALLSTAR,79,24,10,10,TRUE,2023
SSG_2022_PLY_002104_GG,PLY_002104,6,GOLDEN_GLOVE,86,35,10,10,FALSE,2022
SSG_2023_PLY_002104_LN,PLY_002104,1,LIVE_NORMAL,61,12,10,0,TRUE,2023
SSG_1998_PLY_002105_AS,PLY_002105,3,ALLSTAR,80,24,10,10,TRUE,1998
SSG_1997_PLY_002105_LN,PLY_002105,1,LIVE_NORMAL,55,12,10,0,TRUE,1997
SSG_1989_PLY_002105_LN,PLY_002105,1,LIVE_NORMAL,66,12,10,0,TRUE,1989
SSG_1993_PLY_002105_EPIC,PLY_002105,2,LIVE_EPIC,73,18,10,0,TRUE,1993
SSG_1990_PLY_002105_AS,PLY_002105,3,ALLSTAR,82,24,10,10,TRUE,1990
SSG_1990_PLY_002105_LN,PLY_002105,1,LIVE_NORMAL,65,12,10,0,TRUE,1990
SSG_1987_PLY_002105_LN,PLY_002105,1,LIVE_NORMAL,60,12,10,0,TRUE,1987
SSG_1997_PLY_002105_AS,PLY_002105,3,ALLSTAR,76,24,10,10,TRUE,1997
SSG_1999_PLY_002105_AS,PLY_002105,3,ALLSTAR,78,24,10,10,TRUE,1999
SSG_1991_PLY_002105_GG,PLY_002105,6,GOLDEN_GLOVE,88,35,10,10,FALSE,1991
SSG_1994_PLY_002105_LN,PLY_002105,1,LIVE_NORMAL,60,12,10,0,TRUE,1994
SSG_1994_PLY_002105_TH,PLY_002105,4,TITLE_HOLDER,84,30,10,10,FALSE,1994
SSG_2020_PLY_002106_AS,PLY_002106,3,ALLSTAR,78,24,10,10,TRUE,2020
SSG_2017_PLY_002106_LN,PLY_002106,1,LIVE_NORMAL,67,12,10,0,TRUE,2017
SSG_2018_PLY_002106_EPIC,PLY_002106,2,LIVE_EPIC,69,18,10,0,TRUE,2018
SSG_2017_PLY_002106_AS,PLY_002106,3,ALLSTAR,77,24,10,10,TRUE,2017
SSG_2018_PLY_002106_LN,PLY_002106,1,LIVE_NORMAL,60,12,10,0,TRUE,2018
SSG_2016_PLY_002106_LN,PLY_002106,1,LIVE_NORMAL,60,12,10,0,TRUE,2016
SSG_2018_PLY_002106_AS,PLY_002106,3,ALLSTAR,81,24,10,10,TRUE,2018
SSG_2019_PLY_002106_LN,PLY_002106,1,LIVE_NORMAL,64,12,10,0,TRUE,2019
SSG_2013_PLY_002107_LN,PLY_002107,1,LIVE_NORMAL,58,12,10,0,TRUE,2013
SSG_2020_PLY_002107_GG,PLY_002107,6,GOLDEN_GLOVE,83,35,10,10,FALSE,2020
SSG_2014_PLY_002107_LN,PLY_002107,1,LIVE_NORMAL,65,12,10,0,TRUE,2014
SSG_2021_PLY_002107_EPIC,PLY_002107,2,LIVE_EPIC,76,18,10,0,TRUE,2021
SSG_2011_PLY_002107_LN,PLY_002107,1,LIVE_NORMAL,63,12,10,0,TRUE,2011
SSG_2020_PLY_002107_LN,PLY_002107,1,LIVE_NORMAL,58,12,10,0,TRUE,2020
SSG_2026_PLY_002108_AS,PLY_002108,3,ALLSTAR,77,24,10,10,TRUE,2026
SSG_2023_PLY_002108_EPIC,PLY_002108,2,LIVE_EPIC,65,18,10,0,TRUE,2023
SSG_2022_PLY_002108_AS,PLY_002108,3,ALLSTAR,79,24,10,10,TRUE,2022
SSG_2025_PLY_002108_EPIC,PLY_002108,2,LIVE_EPIC,65,18,10,0,TRUE,2025
SSG_2022_PLY_002108_EPIC,PLY_002108,2,LIVE_EPIC,71,18,10,0,TRUE,2022
SSG_2024_PLY_002108_EPIC,PLY_002108,2,LIVE_EPIC,66,18,10,0,TRUE,2024
SSG_2026_PLY_002108_LN,PLY_002108,1,LIVE_NORMAL,61,12,10,0,TRUE,2026
SSG_1993_PLY_002109_LN,PLY_002109,1,LIVE_NORMAL,67,12,10,0,TRUE,1993
SSG_1994_PLY_002109_LN,PLY_002109,1,LIVE_NORMAL,56,12,10,0,TRUE,1994
SSG_1994_PLY_002109_AS,PLY_002109,3,ALLSTAR,76,24,10,10,TRUE,1994
SSG_1989_PLY_002109_AS,PLY_002109,3,ALLSTAR,83,24,10,10,TRUE,1989
SSG_1990_PLY_002109_LN,PLY_002109,1,LIVE_NORMAL,66,12,10,0,TRUE,1990
SSG_1992_PLY_002109_TH,PLY_002109,4,TITLE_HOLDER,85,30,10,10,FALSE,1992
SSG_1989_PLY_002109_LN,PLY_002109,1,LIVE_NORMAL,58,12,10,0,TRUE,1989
SSG_1990_PLY_002109_EPIC,PLY_002109,2,LIVE_EPIC,70,18,10,0,TRUE,1990
SSG_1991_PLY_002109_EPIC,PLY_002109,2,LIVE_EPIC,69,18,10,0,TRUE,1991
SSG_1993_PLY_002109_EPIC,PLY_002109,2,LIVE_EPIC,75,18,10,0,TRUE,1993
SSG_2009_PLY_002110_EPIC,PLY_002110,2,LIVE_EPIC,70,18,10,0,TRUE,2009
SSG_2005_PLY_002110_LN,PLY_002110,1,LIVE_NORMAL,65,12,10,0,TRUE,2005
SSG_2004_PLY_002111_LN,PLY_002111,1,LIVE_NORMAL,66,12,10,0,TRUE,2004
SSG_2011_PLY_002111_LN,PLY_002111,1,LIVE_NORMAL,63,12,10,0,TRUE,2011
SSG_2010_PLY_002111_EPIC,PLY_002111,2,LIVE_EPIC,69,18,10,0,TRUE,2010
SSG_2009_PLY_002111_LN,PLY_002111,1,LIVE_NORMAL,62,12,10,0,TRUE,2009
SSG_2003_PLY_002111_LN,PLY_002111,1,LIVE_NORMAL,61,12,10,0,TRUE,2003
SSG_2009_PLY_002111_EPIC,PLY_002111,2,LIVE_EPIC,66,18,10,0,TRUE,2009
SSG_2005_PLY_002111_LN,PLY_002111,1,LIVE_NORMAL,59,12,10,0,TRUE,2005
SSG_2007_PLY_002112_SIG,PLY_002112,5,SIGNATURE,92,40,10,10,FALSE,2007
SSG_1991_PLY_002112_EPIC,PLY_002112,2,LIVE_EPIC,76,18,10,0,TRUE,1991
SSG_2007_PLY_002112_LN,PLY_002112,1,LIVE_NORMAL,59,12,10,0,TRUE,2007
SSG_2002_PLY_002112_LN,PLY_002112,1,LIVE_NORMAL,63,12,10,0,TRUE,2002
SSG_2012_PLY_002113_EPIC,PLY_002113,2,LIVE_EPIC,66,18,10,0,TRUE,2012
SSG_2007_PLY_002113_LN,PLY_002113,1,LIVE_NORMAL,56,12,10,0,TRUE,2007
SSG_2010_PLY_002113_AS,PLY_002113,3,ALLSTAR,77,24,10,10,TRUE,2010
SSG_2008_PLY_002113_EPIC,PLY_002113,2,LIVE_EPIC,67,18,10,0,TRUE,2008
SSG_2001_PLY_002113_EPIC,PLY_002113,2,LIVE_EPIC,71,18,10,0,TRUE,2001
SSG_2006_PLY_002113_LN,PLY_002113,1,LIVE_NORMAL,62,12,10,0,TRUE,2006
SSG_2022_PLY_002114_EPIC,PLY_002114,2,LIVE_EPIC,75,18,10,0,TRUE,2022
SSG_2024_PLY_002114_AS,PLY_002114,3,ALLSTAR,76,24,10,10,TRUE,2024
SSG_2020_PLY_002114_GG,PLY_002114,6,GOLDEN_GLOVE,89,35,10,10,FALSE,2020
SSG_2026_PLY_002114_EPIC,PLY_002114,2,LIVE_EPIC,72,18,10,0,TRUE,2026
SSG_2023_PLY_002114_AS,PLY_002114,3,ALLSTAR,78,24,10,10,TRUE,2023
SSG_2014_PLY_002114_EPIC,PLY_002114,2,LIVE_EPIC,65,18,10,0,TRUE,2014
SSG_2017_PLY_002114_LN,PLY_002114,1,LIVE_NORMAL,60,12,10,0,TRUE,2017
SSG_2020_PLY_002114_LN,PLY_002114,1,LIVE_NORMAL,59,12,10,0,TRUE,2020
SSG_2019_PLY_002115_AS,PLY_002115,3,ALLSTAR,78,24,10,10,TRUE,2019
SSG_2016_PLY_002115_EPIC,PLY_002115,2,LIVE_EPIC,75,18,10,0,TRUE,2016
SSG_2020_PLY_002115_EPIC,PLY_002115,2,LIVE_EPIC,74,18,10,0,TRUE,2020
SSG_2013_PLY_002115_EPIC,PLY_002115,2,LIVE_EPIC,70,18,10,0,TRUE,2013
SSG_2000_PLY_002116_LN,PLY_002116,1,LIVE_NORMAL,56,12,10,0,TRUE,2000
SSG_2001_PLY_002116_LN,PLY_002116,1,LIVE_NORMAL,60,12,10,0,TRUE,2001
SSG_1998_PLY_002116_TH,PLY_002116,4,TITLE_HOLDER,85,30,10,10,FALSE,1998
SSG_2002_PLY_002116_LN,PLY_002116,1,LIVE_NORMAL,67,12,10,0,TRUE,2002
SSG_2007_PLY_002116_SIG,PLY_002116,5,SIGNATURE,94,40,10,10,FALSE,2007
SSG_2007_PLY_002116_GG,PLY_002116,6,GOLDEN_GLOVE,88,35,10,10,FALSE,2007
SSG_2006_PLY_002116_EPIC,PLY_002116,2,LIVE_EPIC,72,18,10,0,TRUE,2006
SSG_2003_PLY_002116_SIG,PLY_002116,5,SIGNATURE,88,40,10,10,FALSE,2003
SSG_1999_PLY_002116_EPIC,PLY_002116,2,LIVE_EPIC,74,18,10,0,TRUE,1999
SSG_2001_PLY_002116_GG,PLY_002116,6,GOLDEN_GLOVE,83,35,10,10,FALSE,2001
SSG_2005_PLY_002116_LN,PLY_002116,1,LIVE_NORMAL,67,12,10,0,TRUE,2005
SSG_2003_PLY_002116_AS,PLY_002116,3,ALLSTAR,79,24,10,10,TRUE,2003
SSG_2022_PLY_002117_EPIC,PLY_002117,2,LIVE_EPIC,67,18,10,0,TRUE,2022
SSG_2023_PLY_002117_LN,PLY_002117,1,LIVE_NORMAL,55,12,10,0,TRUE,2023
SSG_2024_PLY_002117_LN,PLY_002117,1,LIVE_NORMAL,66,12,10,0,TRUE,2024
SSG_2021_PLY_002117_EPIC,PLY_002117,2,LIVE_EPIC,73,18,10,0,TRUE,2021
SSG_2023_PLY_002117_EPIC,PLY_002117,2,LIVE_EPIC,67,18,10,0,TRUE,2023
SSG_2025_PLY_002117_GG,PLY_002117,6,GOLDEN_GLOVE,85,35,10,10,FALSE,2025
SSG_2022_PLY_002117_AS,PLY_002117,3,ALLSTAR,82,24,10,10,TRUE,2022
SSG_2026_PLY_002117_TH,PLY_002117,4,TITLE_HOLDER,81,30,10,10,FALSE,2026
SSG_2003_PLY_002118_LN,PLY_002118,1,LIVE_NORMAL,63,12,10,0,TRUE,2003
SSG_2000_PLY_002118_EPIC,PLY_002118,2,LIVE_EPIC,65,18,10,0,TRUE,2000
SSG_2006_PLY_002118_AS,PLY_002118,3,ALLSTAR,79,24,10,10,TRUE,2006
SSG_2008_PLY_002119_EPIC,PLY_002119,2,LIVE_EPIC,66,18,10,0,TRUE,2008
SSG_2006_PLY_002119_GG,PLY_002119,6,GOLDEN_GLOVE,89,35,10,10,FALSE,2006
SSG_2007_PLY_002119_TH,PLY_002119,4,TITLE_HOLDER,80,30,10,10,FALSE,2007
SSG_2012_PLY_002119_GG,PLY_002119,6,GOLDEN_GLOVE,85,35,10,10,FALSE,2012
SSG_2012_PLY_002119_LN,PLY_002119,1,LIVE_NORMAL,55,12,10,0,TRUE,2012
SSG_2009_PLY_002119_AS,PLY_002119,3,ALLSTAR,75,24,10,10,TRUE,2009
SSG_2008_PLY_002119_LN,PLY_002119,1,LIVE_NORMAL,59,12,10,0,TRUE,2008
SSG_2003_PLY_002119_LN,PLY_002119,1,LIVE_NORMAL,67,12,10,0,TRUE,2003
SSG_2005_PLY_002119_EPIC,PLY_002119,2,LIVE_EPIC,71,18,10,0,TRUE,2005
SSG_2016_PLY_002120_EPIC,PLY_002120,2,LIVE_EPIC,74,18,10,0,TRUE,2016
SSG_2023_PLY_002120_LN,PLY_002120,1,LIVE_NORMAL,64,12,10,0,TRUE,2023
SSG_2014_PLY_002120_AS,PLY_002120,3,ALLSTAR,83,24,10,10,TRUE,2014
SSG_2021_PLY_002120_LN,PLY_002120,1,LIVE_NORMAL,66,12,10,0,TRUE,2021
SSG_2019_PLY_002120_LN,PLY_002120,1,LIVE_NORMAL,63,12,10,0,TRUE,2019
SSG_2017_PLY_002120_LN,PLY_002120,1,LIVE_NORMAL,56,12,10,0,TRUE,2017
SSG_2020_PLY_002120_LN,PLY_002120,1,LIVE_NORMAL,68,12,10,0,TRUE,2020
SSG_2017_PLY_002120_TH,PLY_002120,4,TITLE_HOLDER,84,30,10,10,FALSE,2017
SSG_2003_PLY_002121_AS,PLY_002121,3,ALLSTAR,78,24,10,10,TRUE,2003
SSG_1994_PLY_002121_AS,PLY_002121,3,ALLSTAR,83,24,10,10,TRUE,1994
SSG_2002_PLY_002121_EPIC,PLY_002121,2,LIVE_EPIC,72,18,10,0,TRUE,2002
SSG_2000_PLY_002121_EPIC,PLY_002121,2,LIVE_EPIC,76,18,10,0,TRUE,2000
SSG_2002_PLY_002121_SIG,PLY_002121,5,SIGNATURE,91,40,10,10,FALSE,2002
SSG_2001_PLY_002121_LN,PLY_002121,1,LIVE_NORMAL,67,12,10,0,TRUE,2001
SSG_2018_PLY_002122_AS,PLY_002122,3,ALLSTAR,81,24,10,10,TRUE,2018
SSG_2022_PLY_002122_SIG,PLY_002122,5,SIGNATURE,87,40,10,10,FALSE,2022
SSG_2013_PLY_002122_LN,PLY_002122,1,LIVE_NORMAL,63,12,10,0,TRUE,2013
SSG_2020_PLY_002122_AS,PLY_002122,3,ALLSTAR,81,24,10,10,TRUE,2020
SSG_2019_PLY_002122_LN,PLY_002122,1,LIVE_NORMAL,65,12,10,0,TRUE,2019
SSG_2023_PLY_002123_TH,PLY_002123,4,TITLE_HOLDER,87,30,10,10,FALSE,2023
SSG_2022_PLY_002123_AS,PLY_002123,3,ALLSTAR,83,24,10,10,TRUE,2022
SSG_2026_PLY_002123_EPIC,PLY_002123,2,LIVE_EPIC,74,18,10,0,TRUE,2026
SSG_1994_PLY_002124_GG,PLY_002124,6,GOLDEN_GLOVE,84,35,10,10,FALSE,1994
SSG_1993_PLY_002124_EPIC,PLY_002124,2,LIVE_EPIC,70,18,10,0,TRUE,1993
SSG_1997_PLY_002124_EPIC,PLY_002124,2,LIVE_EPIC,71,18,10,0,TRUE,1997
SSG_2026_PLY_002125_AS,PLY_002125,3,ALLSTAR,75,24,10,10,TRUE,2026
SSG_2023_PLY_002125_SIG,PLY_002125,5,SIGNATURE,90,40,10,10,FALSE,2023
SSG_2014_PLY_002125_EPIC,PLY_002125,2,LIVE_EPIC,67,18,10,0,TRUE,2014
SSG_2015_PLY_002125_LN,PLY_002125,1,LIVE_NORMAL,63,12,10,0,TRUE,2015
SSG_2013_PLY_002125_LN,PLY_002125,1,LIVE_NORMAL,59,12,10,0,TRUE,2013
SSG_2012_PLY_002126_TH,PLY_002126,4,TITLE_HOLDER,86,30,10,10,FALSE,2012
SSG_1999_PLY_002126_LN,PLY_002126,1,LIVE_NORMAL,65,12,10,0,TRUE,1999
SSG_2005_PLY_002126_AS,PLY_002126,3,ALLSTAR,76,24,10,10,TRUE,2005
SSG_2000_PLY_002126_SIG,PLY_002126,5,SIGNATURE,94,40,10,10,FALSE,2000
SSG_1997_PLY_002126_AS,PLY_002126,3,ALLSTAR,76,24,10,10,TRUE,1997
SSG_2008_PLY_002126_EPIC,PLY_002126,2,LIVE_EPIC,68,18,10,0,TRUE,2008
SSG_2000_PLY_002126_LN,PLY_002126,1,LIVE_NORMAL,61,12,10,0,TRUE,2000
SSG_2010_PLY_002126_EPIC,PLY_002126,2,LIVE_EPIC,75,18,10,0,TRUE,2010
SSG_1997_PLY_002126_LN,PLY_002126,1,LIVE_NORMAL,57,12,10,0,TRUE,1997
SSG_2002_PLY_002127_LN,PLY_002127,1,LIVE_NORMAL,55,12,10,0,TRUE,2002
SSG_2017_PLY_002127_LN,PLY_002127,1,LIVE_NORMAL,66,12,10,0,TRUE,2017
SSG_2015_PLY_002127_AS,PLY_002127,3,ALLSTAR,79,24,10,10,TRUE,2015
SSG_2010_PLY_002127_EPIC,PLY_002127,2,LIVE_EPIC,73,18,10,0,TRUE,2010
SSG_2008_PLY_002127_LN,PLY_002127,1,LIVE_NORMAL,63,12,10,0,TRUE,2008
SSG_1989_PLY_002128_EPIC,PLY_002128,2,LIVE_EPIC,76,18,10,0,TRUE,1989
SSG_1992_PLY_002128_TH,PLY_002128,4,TITLE_HOLDER,83,30,10,10,FALSE,1992
SSG_2001_PLY_002128_LN,PLY_002128,1,LIVE_NORMAL,65,12,10,0,TRUE,2001
SSG_1998_PLY_002128_LN,PLY_002128,1,LIVE_NORMAL,59,12,10,0,TRUE,1998
SSG_1988_PLY_002128_LN,PLY_002128,1,LIVE_NORMAL,61,12,10,0,TRUE,1988
SSG_1995_PLY_002128_TH,PLY_002128,4,TITLE_HOLDER,82,30,10,10,FALSE,1995
SSG_1993_PLY_002128_EPIC,PLY_002128,2,LIVE_EPIC,71,18,10,0,TRUE,1993
SSG_1994_PLY_002128_AS,PLY_002128,3,ALLSTAR,76,24,10,10,TRUE,1994
SSG_1987_PLY_002128_SIG,PLY_002128,5,SIGNATURE,93,40,10,10,FALSE,1987
SSG_1994_PLY_002128_LN,PLY_002128,1,LIVE_NORMAL,57,12,10,0,TRUE,1994
SSG_2007_PLY_002129_AS,PLY_002129,3,ALLSTAR,76,24,10,10,TRUE,2007
SSG_2010_PLY_002129_AS,PLY_002129,3,ALLSTAR,77,24,10,10,TRUE,2010
SSG_2008_PLY_002129_LN,PLY_002129,1,LIVE_NORMAL,68,12,10,0,TRUE,2008
SSG_2008_PLY_002129_AS,PLY_002129,3,ALLSTAR,82,24,10,10,TRUE,2008
SSG_2007_PLY_002129_TH,PLY_002129,4,TITLE_HOLDER,80,30,10,10,FALSE,2007
SSG_2010_PLY_002129_LN,PLY_002129,1,LIVE_NORMAL,64,12,10,0,TRUE,2010
SSG_2009_PLY_002129_LN,PLY_002129,1,LIVE_NORMAL,62,12,10,0,TRUE,2009
SSG_2004_PLY_002130_EPIC,PLY_002130,2,LIVE_EPIC,71,18,10,0,TRUE,2004
SSG_2007_PLY_002130_TH,PLY_002130,4,TITLE_HOLDER,87,30,10,10,FALSE,2007
SSG_2004_PLY_002130_SIG,PLY_002130,5,SIGNATURE,94,40,10,10,FALSE,2004
SSG_2005_PLY_002130_LN,PLY_002130,1,LIVE_NORMAL,58,12,10,0,TRUE,2005
SSG_2007_PLY_002130_LN,PLY_002130,1,LIVE_NORMAL,64,12,10,0,TRUE,2007
SSG_2006_PLY_002130_LN,PLY_002130,1,LIVE_NORMAL,59,12,10,0,TRUE,2006
SSG_2004_PLY_002130_TH,PLY_002130,4,TITLE_HOLDER,85,30,10,10,FALSE,2004
SSG_1999_PLY_002131_LN,PLY_002131,1,LIVE_NORMAL,66,12,10,0,TRUE,1999
SSG_2001_PLY_002131_LN,PLY_002131,1,LIVE_NORMAL,60,12,10,0,TRUE,2001
SSG_2004_PLY_002131_AS,PLY_002131,3,ALLSTAR,80,24,10,10,TRUE,2004
SSG_1999_PLY_002131_AS,PLY_002131,3,ALLSTAR,81,24,10,10,TRUE,1999
SSG_2000_PLY_002131_TH,PLY_002131,4,TITLE_HOLDER,87,30,10,10,FALSE,2000
SSG_2002_PLY_002131_LN,PLY_002131,1,LIVE_NORMAL,56,12,10,0,TRUE,2002
SSG_2004_PLY_002131_EPIC,PLY_002131,2,LIVE_EPIC,65,18,10,0,TRUE,2004
SSG_2004_PLY_002131_SIG,PLY_002131,5,SIGNATURE,94,40,10,10,FALSE,2004
SSG_2001_PLY_002132_EPIC,PLY_002132,2,LIVE_EPIC,76,18,10,0,TRUE,2001
SSG_2011_PLY_002132_LN,PLY_002132,1,LIVE_NORMAL,55,12,10,0,TRUE,2011
SSG_2002_PLY_002132_SIG,PLY_002132,5,SIGNATURE,93,40,10,10,FALSE,2002
SSG_2005_PLY_002132_AS,PLY_002132,3,ALLSTAR,75,24,10,10,TRUE,2005
SSG_1999_PLY_002132_LN,PLY_002132,1,LIVE_NORMAL,68,12,10,0,TRUE,1999
SSG_2003_PLY_002133_EPIC,PLY_002133,2,LIVE_EPIC,73,18,10,0,TRUE,2003
SSG_2003_PLY_002133_LN,PLY_002133,1,LIVE_NORMAL,62,12,10,0,TRUE,2003
SSG_2006_PLY_002133_LN,PLY_002133,1,LIVE_NORMAL,58,12,10,0,TRUE,2006
SSG_2004_PLY_002133_EPIC,PLY_002133,2,LIVE_EPIC,67,18,10,0,TRUE,2004
SSG_2004_PLY_002133_TH,PLY_002133,4,TITLE_HOLDER,83,30,10,10,FALSE,2004
SSG_2005_PLY_002133_LN,PLY_002133,1,LIVE_NORMAL,68,12,10,0,TRUE,2005
SSG_2005_PLY_002133_EPIC,PLY_002133,2,LIVE_EPIC,65,18,10,0,TRUE,2005
SSG_1993_PLY_002134_AS,PLY_002134,3,ALLSTAR,77,24,10,10,TRUE,1993
SSG_1997_PLY_002134_AS,PLY_002134,3,ALLSTAR,79,24,10,10,TRUE,1997
SSG_1990_PLY_002134_LN,PLY_002134,1,LIVE_NORMAL,63,12,10,0,TRUE,1990
SSG_1992_PLY_002134_EPIC,PLY_002134,2,LIVE_EPIC,72,18,10,0,TRUE,1992
SSG_1991_PLY_002134_EPIC,PLY_002134,2,LIVE_EPIC,76,18,10,0,TRUE,1991
SSG_1989_PLY_002134_LN,PLY_002134,1,LIVE_NORMAL,67,12,10,0,TRUE,1989
SSG_1988_PLY_002134_LN,PLY_002134,1,LIVE_NORMAL,63,12,10,0,TRUE,1988
SSG_1996_PLY_002134_AS,PLY_002134,3,ALLSTAR,77,24,10,10,TRUE,1996
SSG_1988_PLY_002134_EPIC,PLY_002134,2,LIVE_EPIC,68,18,10,0,TRUE,1988
SSG_1994_PLY_002134_AS,PLY_002134,3,ALLSTAR,81,24,10,10,TRUE,1994
SSG_2009_PLY_002135_AS,PLY_002135,3,ALLSTAR,80,24,10,10,TRUE,2009
SSG_2017_PLY_002135_AS,PLY_002135,3,ALLSTAR,83,24,10,10,TRUE,2017
SSG_2003_PLY_002135_EPIC,PLY_002135,2,LIVE_EPIC,72,18,10,0,TRUE,2003
SSG_2008_PLY_002136_EPIC,PLY_002136,2,LIVE_EPIC,65,18,10,0,TRUE,2008
SSG_2015_PLY_002136_LN,PLY_002136,1,LIVE_NORMAL,61,12,10,0,TRUE,2015
SSG_2011_PLY_002136_EPIC,PLY_002136,2,LIVE_EPIC,66,18,10,0,TRUE,2011
SSG_2010_PLY_002136_TH,PLY_002136,4,TITLE_HOLDER,81,30,10,10,FALSE,2010
SSG_2003_PLY_002136_LN,PLY_002136,1,LIVE_NORMAL,62,12,10,0,TRUE,2003
SSG_2014_PLY_002137_LN,PLY_002137,1,LIVE_NORMAL,58,12,10,0,TRUE,2014
SSG_2020_PLY_002137_EPIC,PLY_002137,2,LIVE_EPIC,65,18,10,0,TRUE,2020
SSG_2020_PLY_002137_SIG,PLY_002137,5,SIGNATURE,89,40,10,10,FALSE,2020
SSG_2018_PLY_002137_EPIC,PLY_002137,2,LIVE_EPIC,75,18,10,0,TRUE,2018
SSG_2021_PLY_002137_AS,PLY_002137,3,ALLSTAR,79,24,10,10,TRUE,2021
SSG_2019_PLY_002137_GG,PLY_002137,6,GOLDEN_GLOVE,89,35,10,10,FALSE,2019
SSG_2021_PLY_002138_AS,PLY_002138,3,ALLSTAR,79,24,10,10,TRUE,2021
SSG_2019_PLY_002138_LN,PLY_002138,1,LIVE_NORMAL,67,12,10,0,TRUE,2019
SSG_2001_PLY_002139_LN,PLY_002139,1,LIVE_NORMAL,55,12,10,0,TRUE,2001
SSG_1994_PLY_002139_LN,PLY_002139,1,LIVE_NORMAL,61,12,10,0,TRUE,1994
SSG_1996_PLY_002139_LN,PLY_002139,1,LIVE_NORMAL,64,12,10,0,TRUE,1996
SSG_1999_PLY_002139_LN,PLY_002139,1,LIVE_NORMAL,66,12,10,0,TRUE,1999
SSG_1997_PLY_002139_LN,PLY_002139,1,LIVE_NORMAL,58,12,10,0,TRUE,1997
SSG_1995_PLY_002139_SIG,PLY_002139,5,SIGNATURE,94,40,10,10,FALSE,1995
SSG_1995_PLY_002139_EPIC,PLY_002139,2,LIVE_EPIC,71,18,10,0,TRUE,1995
SSG_2002_PLY_002139_AS,PLY_002139,3,ALLSTAR,75,24,10,10,TRUE,2002
SSG_1996_PLY_002139_TH,PLY_002139,4,TITLE_HOLDER,85,30,10,10,FALSE,1996
SSG_2018_PLY_002140_EPIC,PLY_002140,2,LIVE_EPIC,67,18,10,0,TRUE,2018
SSG_2007_PLY_002140_LN,PLY_002140,1,LIVE_NORMAL,61,12,10,0,TRUE,2007
SSG_2019_PLY_002140_EPIC,PLY_002140,2,LIVE_EPIC,69,18,10,0,TRUE,2019
SSG_2003_PLY_002141_LN,PLY_002141,1,LIVE_NORMAL,56,12,10,0,TRUE,2003
SSG_2002_PLY_002141_EPIC,PLY_002141,2,LIVE_EPIC,75,18,10,0,TRUE,2002
SSG_2002_PLY_002141_LN,PLY_002141,1,LIVE_NORMAL,68,12,10,0,TRUE,2002
SSG_2003_PLY_002141_EPIC,PLY_002141,2,LIVE_EPIC,68,18,10,0,TRUE,2003
SSG_1998_PLY_002141_EPIC,PLY_002141,2,LIVE_EPIC,69,18,10,0,TRUE,1998
SSG_2004_PLY_002141_LN,PLY_002141,1,LIVE_NORMAL,68,12,10,0,TRUE,2004
SSG_1998_PLY_002141_AS,PLY_002141,3,ALLSTAR,75,24,10,10,TRUE,1998
SSG_2007_PLY_002141_AS,PLY_002141,3,ALLSTAR,83,24,10,10,TRUE,2007
SSG_2011_PLY_002142_LN,PLY_002142,1,LIVE_NORMAL,65,12,10,0,TRUE,2011
SSG_2006_PLY_002142_EPIC,PLY_002142,2,LIVE_EPIC,76,18,10,0,TRUE,2006
SSG_2012_PLY_002142_EPIC,PLY_002142,2,LIVE_EPIC,71,18,10,0,TRUE,2012
SSG_2021_PLY_002143_LN,PLY_002143,1,LIVE_NORMAL,66,12,10,0,TRUE,2021
SSG_2018_PLY_002143_EPIC,PLY_002143,2,LIVE_EPIC,74,18,10,0,TRUE,2018
SSG_2018_PLY_002143_AS,PLY_002143,3,ALLSTAR,82,24,10,10,TRUE,2018
SSG_2022_PLY_002143_LN,PLY_002143,1,LIVE_NORMAL,55,12,10,0,TRUE,2022
SSG_2020_PLY_002143_EPIC,PLY_002143,2,LIVE_EPIC,66,18,10,0,TRUE,2020
SSG_2018_PLY_002144_LN,PLY_002144,1,LIVE_NORMAL,57,12,10,0,TRUE,2018
SSG_2023_PLY_002144_EPIC,PLY_002144,2,LIVE_EPIC,76,18,10,0,TRUE,2023
SSG_2021_PLY_002144_EPIC,PLY_002144,2,LIVE_EPIC,66,18,10,0,TRUE,2021
SSG_2017_PLY_002145_LN,PLY_002145,1,LIVE_NORMAL,60,12,10,0,TRUE,2017
SSG_2017_PLY_002145_SIG,PLY_002145,5,SIGNATURE,94,40,10,10,FALSE,2017
SSG_2019_PLY_002145_EPIC,PLY_002145,2,LIVE_EPIC,71,18,10,0,TRUE,2019
SSG_2022_PLY_002145_EPIC,PLY_002145,2,LIVE_EPIC,75,18,10,0,TRUE,2022
SSG_2008_PLY_002145_AS,PLY_002145,3,ALLSTAR,75,24,10,10,TRUE,2008
SSG_2010_PLY_002145_EPIC,PLY_002145,2,LIVE_EPIC,74,18,10,0,TRUE,2010
SSG_2017_PLY_002145_EPIC,PLY_002145,2,LIVE_EPIC,73,18,10,0,TRUE,2017
SSG_2014_PLY_002145_EPIC,PLY_002145,2,LIVE_EPIC,74,18,10,0,TRUE,2014
SSG_2021_PLY_002145_LN,PLY_002145,1,LIVE_NORMAL,65,12,10,0,TRUE,2021
SSG_2007_PLY_002145_LN,PLY_002145,1,LIVE_NORMAL,55,12,10,0,TRUE,2007
SSG_2004_PLY_002146_LN,PLY_002146,1,LIVE_NORMAL,62,12,10,0,TRUE,2004
SSG_2002_PLY_002146_EPIC,PLY_002146,2,LIVE_EPIC,68,18,10,0,TRUE,2002
SSG_2011_PLY_002146_LN,PLY_002146,1,LIVE_NORMAL,55,12,10,0,TRUE,2011
SSG_2000_PLY_002146_LN,PLY_002146,1,LIVE_NORMAL,56,12,10,0,TRUE,2000
SSG_2000_PLY_002146_AS,PLY_002146,3,ALLSTAR,83,24,10,10,TRUE,2000
SSG_2013_PLY_002146_LN,PLY_002146,1,LIVE_NORMAL,60,12,10,0,TRUE,2013
SSG_2006_PLY_002146_LN,PLY_002146,1,LIVE_NORMAL,65,12,10,0,TRUE,2006
SSG_2004_PLY_002146_GG,PLY_002146,6,GOLDEN_GLOVE,84,35,10,10,FALSE,2004
SSG_1993_PLY_002147_AS,PLY_002147,3,ALLSTAR,82,24,10,10,TRUE,1993
SSG_1997_PLY_002147_AS,PLY_002147,3,ALLSTAR,75,24,10,10,TRUE,1997
SSG_1994_PLY_002147_EPIC,PLY_002147,2,LIVE_EPIC,67,18,10,0,TRUE,1994
SSG_1994_PLY_002147_AS,PLY_002147,3,ALLSTAR,76,24,10,10,TRUE,1994
SSG_1997_PLY_002148_LN,PLY_002148,1,LIVE_NORMAL,57,12,10,0,TRUE,1997
SSG_2005_PLY_002148_LN,PLY_002148,1,LIVE_NORMAL,61,12,10,0,TRUE,2005
SSG_2009_PLY_002148_AS,PLY_002148,3,ALLSTAR,78,24,10,10,TRUE,2009
SSG_2007_PLY_002148_GG,PLY_002148,6,GOLDEN_GLOVE,88,35,10,10,FALSE,2007
SSG_2009_PLY_002148_GG,PLY_002148,6,GOLDEN_GLOVE,90,35,10,10,FALSE,2009
SSG_2006_PLY_002148_LN,PLY_002148,1,LIVE_NORMAL,68,12,10,0,TRUE,2006
SSG_2010_PLY_002148_AS,PLY_002148,3,ALLSTAR,80,24,10,10,TRUE,2010
SSG_2005_PLY_002148_EPIC,PLY_002148,2,LIVE_EPIC,74,18,10,0,TRUE,2005
SSG_2010_PLY_002148_GG,PLY_002148,6,GOLDEN_GLOVE,86,35,10,10,FALSE,2010
SSG_2004_PLY_002148_AS,PLY_002148,3,ALLSTAR,82,24,10,10,TRUE,2004
SSG_2021_PLY_002149_EPIC,PLY_002149,2,LIVE_EPIC,75,18,10,0,TRUE,2021
SSG_2023_PLY_002149_GG,PLY_002149,6,GOLDEN_GLOVE,84,35,10,10,FALSE,2023
SSG_2000_PLY_002150_TH,PLY_002150,4,TITLE_HOLDER,80,30,10,10,FALSE,2000
SSG_2003_PLY_002150_GG,PLY_002150,6,GOLDEN_GLOVE,83,35,10,10,FALSE,2003
SSG_1999_PLY_002150_AS,PLY_002150,3,ALLSTAR,74,24,10,10,TRUE,1999
SSG_1999_PLY_002150_LN,PLY_002150,1,LIVE_NORMAL,57,12,10,0,TRUE,1999
SSG_1989_PLY_002150_LN,PLY_002150,1,LIVE_NORMAL,65,12,10,0,TRUE,1989
SSG_2001_PLY_002150_LN,PLY_002150,1,LIVE_NORMAL,62,12,10,0,TRUE,2001
SSG_1990_PLY_002151_LN,PLY_002151,1,LIVE_NORMAL,60,12,10,0,TRUE,1990
SSG_1986_PLY_002151_TH,PLY_002151,4,TITLE_HOLDER,80,30,10,10,FALSE,1986
SSG_1986_PLY_002151_LN,PLY_002151,1,LIVE_NORMAL,68,12,10,0,TRUE,1986
SSG_1991_PLY_002151_EPIC,PLY_002151,2,LIVE_EPIC,69,18,10,0,TRUE,1991
SSG_1989_PLY_002151_LN,PLY_002151,1,LIVE_NORMAL,59,12,10,0,TRUE,1989
SSG_1992_PLY_002151_EPIC,PLY_002151,2,LIVE_EPIC,74,18,10,0,TRUE,1992
SSG_1989_PLY_002151_EPIC,PLY_002151,2,LIVE_EPIC,72,18,10,0,TRUE,1989
SSG_1990_PLY_002151_EPIC,PLY_002151,2,LIVE_EPIC,75,18,10,0,TRUE,1990
SSG_2018_PLY_002152_LN,PLY_002152,1,LIVE_NORMAL,59,12,10,0,TRUE,2018
SSG_2012_PLY_002152_EPIC,PLY_002152,2,LIVE_EPIC,70,18,10,0,TRUE,2012
SSG_2012_PLY_002152_LN,PLY_002152,1,LIVE_NORMAL,64,12,10,0,TRUE,2012
SSG_2000_PLY_002153_SIG,PLY_002153,5,SIGNATURE,88,40,10,10,FALSE,2000
SSG_1998_PLY_002153_LN,PLY_002153,1,LIVE_NORMAL,58,12,10,0,TRUE,1998
SSG_2000_PLY_002153_LN,PLY_002153,1,LIVE_NORMAL,65,12,10,0,TRUE,2000
SSG_2006_PLY_002153_EPIC,PLY_002153,2,LIVE_EPIC,72,18,10,0,TRUE,2006
SSG_1994_PLY_002153_LN,PLY_002153,1,LIVE_NORMAL,59,12,10,0,TRUE,1994
SSG_2006_PLY_002153_LN,PLY_002153,1,LIVE_NORMAL,59,12,10,0,TRUE,2006
SSG_2008_PLY_002153_EPIC,PLY_002153,2,LIVE_EPIC,67,18,10,0,TRUE,2008
SSG_1998_PLY_002153_EPIC,PLY_002153,2,LIVE_EPIC,65,18,10,0,TRUE,1998
SSG_1996_PLY_002153_TH,PLY_002153,4,TITLE_HOLDER,82,30,10,10,FALSE,1996
SSG_2025_PLY_002154_LN,PLY_002154,1,LIVE_NORMAL,67,12,10,0,TRUE,2025
SSG_2025_PLY_002154_AS,PLY_002154,3,ALLSTAR,79,24,10,10,TRUE,2025
SSG_2024_PLY_002154_LN,PLY_002154,1,LIVE_NORMAL,64,12,10,0,TRUE,2024
SSG_2024_PLY_002154_GG,PLY_002154,6,GOLDEN_GLOVE,87,35,10,10,FALSE,2024
SSG_2026_PLY_002154_LN,PLY_002154,1,LIVE_NORMAL,68,12,10,0,TRUE,2026
SSG_2026_PLY_002154_EPIC,PLY_002154,2,LIVE_EPIC,75,18,10,0,TRUE,2026
SSG_1990_PLY_002155_EPIC,PLY_002155,2,LIVE_EPIC,67,18,10,0,TRUE,1990
SSG_1994_PLY_002155_LN,PLY_002155,1,LIVE_NORMAL,56,12,10,0,TRUE,1994
SSG_1996_PLY_002155_EPIC,PLY_002155,2,LIVE_EPIC,76,18,10,0,TRUE,1996
SSG_1992_PLY_002155_EPIC,PLY_002155,2,LIVE_EPIC,69,18,10,0,TRUE,1992
SSG_1988_PLY_002155_LN,PLY_002155,1,LIVE_NORMAL,66,12,10,0,TRUE,1988
SSG_1991_PLY_002155_LN,PLY_002155,1,LIVE_NORMAL,62,12,10,0,TRUE,1991
SSG_2001_PLY_002155_AS,PLY_002155,3,ALLSTAR,78,24,10,10,TRUE,2001
SSG_2023_PLY_002156_EPIC,PLY_002156,2,LIVE_EPIC,72,18,10,0,TRUE,2023
SSG_2026_PLY_002156_AS,PLY_002156,3,ALLSTAR,77,24,10,10,TRUE,2026
SSG_2026_PLY_002156_EPIC,PLY_002156,2,LIVE_EPIC,73,18,10,0,TRUE,2026
SSG_2024_PLY_002156_LN,PLY_002156,1,LIVE_NORMAL,58,12,10,0,TRUE,2024
SSG_2025_PLY_002156_EPIC,PLY_002156,2,LIVE_EPIC,67,18,10,0,TRUE,2025
SSG_2026_PLY_002156_LN,PLY_002156,1,LIVE_NORMAL,57,12,10,0,TRUE,2026
SSG_2000_PLY_002157_EPIC,PLY_002157,2,LIVE_EPIC,70,18,10,0,TRUE,2000
SSG_1994_PLY_002157_AS,PLY_002157,3,ALLSTAR,82,24,10,10,TRUE,1994
SSG_1998_PLY_002157_AS,PLY_002157,3,ALLSTAR,76,24,10,10,TRUE,1998
SSG_2005_PLY_002157_EPIC,PLY_002157,2,LIVE_EPIC,76,18,10,0,TRUE,2005
SSG_1999_PLY_002158_LN,PLY_002158,1,LIVE_NORMAL,60,12,10,0,TRUE,1999
SSG_1996_PLY_002158_LN,PLY_002158,1,LIVE_NORMAL,62,12,10,0,TRUE,1996
SSG_1998_PLY_002159_LN,PLY_002159,1,LIVE_NORMAL,66,12,10,0,TRUE,1998
SSG_2003_PLY_002159_LN,PLY_002159,1,LIVE_NORMAL,58,12,10,0,TRUE,2003
SSG_2002_PLY_002159_GG,PLY_002159,6,GOLDEN_GLOVE,89,35,10,10,FALSE,2002
SSG_2005_PLY_002159_LN,PLY_002159,1,LIVE_NORMAL,66,12,10,0,TRUE,2005
SSG_2006_PLY_002159_EPIC,PLY_002159,2,LIVE_EPIC,75,18,10,0,TRUE,2006
SSG_2000_PLY_002159_TH,PLY_002159,4,TITLE_HOLDER,87,30,10,10,FALSE,2000
SSG_2002_PLY_002159_LN,PLY_002159,1,LIVE_NORMAL,55,12,10,0,TRUE,2002
SSG_1996_PLY_002159_SIG,PLY_002159,5,SIGNATURE,87,40,10,10,FALSE,1996
SSG_2006_PLY_002159_SIG,PLY_002159,5,SIGNATURE,92,40,10,10,FALSE,2006
SSG_2021_PLY_002160_EPIC,PLY_002160,2,LIVE_EPIC,71,18,10,0,TRUE,2021
SSG_2019_PLY_002160_EPIC,PLY_002160,2,LIVE_EPIC,70,18,10,0,TRUE,2019
SSG_2013_PLY_002160_TH,PLY_002160,4,TITLE_HOLDER,86,30,10,10,FALSE,2013
SSG_2016_PLY_002160_LN,PLY_002160,1,LIVE_NORMAL,67,12,10,0,TRUE,2016
SSG_2025_PLY_002161_TH,PLY_002161,4,TITLE_HOLDER,82,30,10,10,FALSE,2025
SSG_2026_PLY_002161_EPIC,PLY_002161,2,LIVE_EPIC,72,18,10,0,TRUE,2026
SSG_2022_PLY_002161_LN,PLY_002161,1,LIVE_NORMAL,65,12,10,0,TRUE,2022
SSG_2015_PLY_002161_LN,PLY_002161,1,LIVE_NORMAL,63,12,10,0,TRUE,2015
SSG_2020_PLY_002161_EPIC,PLY_002161,2,LIVE_EPIC,72,18,10,0,TRUE,2020
SSG_2024_PLY_002161_LN,PLY_002161,1,LIVE_NORMAL,65,12,10,0,TRUE,2024
SSG_2026_PLY_002161_LN,PLY_002161,1,LIVE_NORMAL,59,12,10,0,TRUE,2026
SSG_2023_PLY_002161_SIG,PLY_002161,5,SIGNATURE,89,40,10,10,FALSE,2023
SSG_2025_PLY_002162_LN,PLY_002162,1,LIVE_NORMAL,59,12,10,0,TRUE,2025
SSG_2023_PLY_002162_SIG,PLY_002162,5,SIGNATURE,87,40,10,10,FALSE,2023
SSG_2022_PLY_002162_GG,PLY_002162,6,GOLDEN_GLOVE,87,35,10,10,FALSE,2022
SSG_2024_PLY_002162_EPIC,PLY_002162,2,LIVE_EPIC,69,18,10,0,TRUE,2024
SSG_2025_PLY_002162_EPIC,PLY_002162,2,LIVE_EPIC,65,18,10,0,TRUE,2025
SSG_2025_PLY_002162_AS,PLY_002162,3,ALLSTAR,76,24,10,10,TRUE,2025
SSG_2024_PLY_002162_GG,PLY_002162,6,GOLDEN_GLOVE,88,35,10,10,FALSE,2024
SSG_2023_PLY_002162_EPIC,PLY_002162,2,LIVE_EPIC,65,18,10,0,TRUE,2023
SSG_2022_PLY_002162_LN,PLY_002162,1,LIVE_NORMAL,68,12,10,0,TRUE,2022
SSG_2021_PLY_002163_TH,PLY_002163,4,TITLE_HOLDER,86,30,10,10,FALSE,2021
SSG_2020_PLY_002163_LN,PLY_002163,1,LIVE_NORMAL,68,12,10,0,TRUE,2020
SSG_2024_PLY_002163_EPIC,PLY_002163,2,LIVE_EPIC,72,18,10,0,TRUE,2024
SSG_2021_PLY_002163_AS,PLY_002163,3,ALLSTAR,75,24,10,10,TRUE,2021
SSG_2026_PLY_002163_AS,PLY_002163,3,ALLSTAR,77,24,10,10,TRUE,2026
SSG_2022_PLY_002163_EPIC,PLY_002163,2,LIVE_EPIC,72,18,10,0,TRUE,2022
SSG_2022_PLY_002163_LN,PLY_002163,1,LIVE_NORMAL,57,12,10,0,TRUE,2022
SSG_2019_PLY_002163_LN,PLY_002163,1,LIVE_NORMAL,64,12,10,0,TRUE,2019
SSG_2026_PLY_002163_LN,PLY_002163,1,LIVE_NORMAL,55,12,10,0,TRUE,2026
SSG_2022_PLY_002163_TH,PLY_002163,4,TITLE_HOLDER,84,30,10,10,FALSE,2022
SSG_2008_PLY_002164_TH,PLY_002164,4,TITLE_HOLDER,82,30,10,10,FALSE,2008
SSG_2010_PLY_002164_LN,PLY_002164,1,LIVE_NORMAL,67,12,10,0,TRUE,2010
SSG_2025_PLY_002164_EPIC,PLY_002164,2,LIVE_EPIC,73,18,10,0,TRUE,2025
SSG_2017_PLY_002164_LN,PLY_002164,1,LIVE_NORMAL,63,12,10,0,TRUE,2017
SSG_2012_PLY_002164_AS,PLY_002164,3,ALLSTAR,80,24,10,10,TRUE,2012
SSG_2008_PLY_002164_SIG,PLY_002164,5,SIGNATURE,94,40,10,10,FALSE,2008
SSG_2019_PLY_002164_LN,PLY_002164,1,LIVE_NORMAL,64,12,10,0,TRUE,2019
SSG_2026_PLY_002164_EPIC,PLY_002164,2,LIVE_EPIC,69,18,10,0,TRUE,2026
SSG_2018_PLY_002164_TH,PLY_002164,4,TITLE_HOLDER,86,30,10,10,FALSE,2018
SSG_2018_PLY_002164_LN,PLY_002164,1,LIVE_NORMAL,58,12,10,0,TRUE,2018
SSG_2018_PLY_002165_LN,PLY_002165,1,LIVE_NORMAL,66,12,10,0,TRUE,2018
SSG_2023_PLY_002165_EPIC,PLY_002165,2,LIVE_EPIC,75,18,10,0,TRUE,2023
SSG_2025_PLY_002165_LN,PLY_002165,1,LIVE_NORMAL,67,12,10,0,TRUE,2025
SSG_2002_PLY_002166_TH,PLY_002166,4,TITLE_HOLDER,87,30,10,10,FALSE,2002
SSG_2004_PLY_002166_EPIC,PLY_002166,2,LIVE_EPIC,68,18,10,0,TRUE,2004
SSG_2007_PLY_002166_LN,PLY_002166,1,LIVE_NORMAL,67,12,10,0,TRUE,2007
SSG_2013_PLY_002167_LN,PLY_002167,1,LIVE_NORMAL,59,12,10,0,TRUE,2013
SSG_2007_PLY_002167_AS,PLY_002167,3,ALLSTAR,77,24,10,10,TRUE,2007
SSG_2009_PLY_002167_LN,PLY_002167,1,LIVE_NORMAL,60,12,10,0,TRUE,2009
SSG_1995_PLY_002168_LN,PLY_002168,1,LIVE_NORMAL,61,12,10,0,TRUE,1995
SSG_1989_PLY_002168_LN,PLY_002168,1,LIVE_NORMAL,64,12,10,0,TRUE,1989
SSG_1987_PLY_002168_EPIC,PLY_002168,2,LIVE_EPIC,65,18,10,0,TRUE,1987
SSG_2004_PLY_002169_EPIC,PLY_002169,2,LIVE_EPIC,75,18,10,0,TRUE,2004
SSG_2009_PLY_002169_LN,PLY_002169,1,LIVE_NORMAL,61,12,10,0,TRUE,2009
SSG_2002_PLY_002169_LN,PLY_002169,1,LIVE_NORMAL,60,12,10,0,TRUE,2002
SSG_2002_PLY_002169_EPIC,PLY_002169,2,LIVE_EPIC,69,18,10,0,TRUE,2002
SSG_2003_PLY_002169_LN,PLY_002169,1,LIVE_NORMAL,58,12,10,0,TRUE,2003
SSG_2000_PLY_002169_LN,PLY_002169,1,LIVE_NORMAL,57,12,10,0,TRUE,2000
SSG_2009_PLY_002169_AS,PLY_002169,3,ALLSTAR,79,24,10,10,TRUE,2009
SSG_2005_PLY_002170_LN,PLY_002170,1,LIVE_NORMAL,58,12,10,0,TRUE,2005
SSG_2008_PLY_002170_EPIC,PLY_002170,2,LIVE_EPIC,76,18,10,0,TRUE,2008
SSG_2011_PLY_002170_EPIC,PLY_002170,2,LIVE_EPIC,69,18,10,0,TRUE,2011
SSG_2025_PLY_002171_AS,PLY_002171,3,ALLSTAR,82,24,10,10,TRUE,2025
SSG_2020_PLY_002171_TH,PLY_002171,4,TITLE_HOLDER,82,30,10,10,FALSE,2020
SSG_2017_PLY_002171_EPIC,PLY_002171,2,LIVE_EPIC,73,18,10,0,TRUE,2017
SSG_2021_PLY_002171_EPIC,PLY_002171,2,LIVE_EPIC,74,18,10,0,TRUE,2021
SSG_2017_PLY_002171_LN,PLY_002171,1,LIVE_NORMAL,62,12,10,0,TRUE,2017
SSG_2015_PLY_002171_EPIC,PLY_002171,2,LIVE_EPIC,67,18,10,0,TRUE,2015
SSG_2017_PLY_002171_AS,PLY_002171,3,ALLSTAR,82,24,10,10,TRUE,2017
SSG_2016_PLY_002171_EPIC,PLY_002171,2,LIVE_EPIC,70,18,10,0,TRUE,2016
SSG_2013_PLY_002171_TH,PLY_002171,4,TITLE_HOLDER,84,30,10,10,FALSE,2013
SSG_2000_PLY_002172_GG,PLY_002172,6,GOLDEN_GLOVE,83,35,10,10,FALSE,2000
SSG_2004_PLY_002172_LN,PLY_002172,1,LIVE_NORMAL,67,12,10,0,TRUE,2004
SSG_2004_PLY_002172_TH,PLY_002172,4,TITLE_HOLDER,87,30,10,10,FALSE,2004
SSG_2007_PLY_002172_TH,PLY_002172,4,TITLE_HOLDER,87,30,10,10,FALSE,2007
SSG_2004_PLY_002172_EPIC,PLY_002172,2,LIVE_EPIC,68,18,10,0,TRUE,2004
SSG_2007_PLY_002172_LN,PLY_002172,1,LIVE_NORMAL,66,12,10,0,TRUE,2007
SSG_2001_PLY_002172_EPIC,PLY_002172,2,LIVE_EPIC,67,18,10,0,TRUE,2001
SSG_2018_PLY_002173_AS,PLY_002173,3,ALLSTAR,77,24,10,10,TRUE,2018
SSG_2023_PLY_002173_AS,PLY_002173,3,ALLSTAR,83,24,10,10,TRUE,2023
SSG_2023_PLY_002173_EPIC,PLY_002173,2,LIVE_EPIC,67,18,10,0,TRUE,2023
SSG_2014_PLY_002173_SIG,PLY_002173,5,SIGNATURE,91,40,10,10,FALSE,2014
SSG_2021_PLY_002173_AS,PLY_002173,3,ALLSTAR,78,24,10,10,TRUE,2021
SSG_2025_PLY_002173_EPIC,PLY_002173,2,LIVE_EPIC,72,18,10,0,TRUE,2025
SSG_2024_PLY_002173_EPIC,PLY_002173,2,LIVE_EPIC,72,18,10,0,TRUE,2024
SSG_2019_PLY_002173_TH,PLY_002173,4,TITLE_HOLDER,86,30,10,10,FALSE,2019
SSG_2022_PLY_002173_AS,PLY_002173,3,ALLSTAR,82,24,10,10,TRUE,2022
SSG_2016_PLY_002173_LN,PLY_002173,1,LIVE_NORMAL,59,12,10,0,TRUE,2016
SSG_2020_PLY_002173_EPIC,PLY_002173,2,LIVE_EPIC,65,18,10,0,TRUE,2020
SSG_2017_PLY_002174_LN,PLY_002174,1,LIVE_NORMAL,59,12,10,0,TRUE,2017
SSG_2013_PLY_002174_TH,PLY_002174,4,TITLE_HOLDER,82,30,10,10,FALSE,2013
SSG_2019_PLY_002174_GG,PLY_002174,6,GOLDEN_GLOVE,89,35,10,10,FALSE,2019
SSG_2022_PLY_002174_EPIC,PLY_002174,2,LIVE_EPIC,67,18,10,0,TRUE,2022
SSG_2018_PLY_002174_LN,PLY_002174,1,LIVE_NORMAL,59,12,10,0,TRUE,2018
SSG_2014_PLY_002174_TH,PLY_002174,4,TITLE_HOLDER,87,30,10,10,FALSE,2014
SSG_2016_PLY_002174_LN,PLY_002174,1,LIVE_NORMAL,68,12,10,0,TRUE,2016
SSG_2016_PLY_002174_EPIC,PLY_002174,2,LIVE_EPIC,73,18,10,0,TRUE,2016
SSG_2022_PLY_002174_LN,PLY_002174,1,LIVE_NORMAL,64,12,10,0,TRUE,2022
SSG_2021_PLY_002174_LN,PLY_002174,1,LIVE_NORMAL,63,12,10,0,TRUE,2021
SSG_2023_PLY_002175_TH,PLY_002175,4,TITLE_HOLDER,80,30,10,10,FALSE,2023
SSG_2022_PLY_002175_EPIC,PLY_002175,2,LIVE_EPIC,65,18,10,0,TRUE,2022
SSG_2025_PLY_002176_LN,PLY_002176,1,LIVE_NORMAL,58,12,10,0,TRUE,2025
SSG_2016_PLY_002176_EPIC,PLY_002176,2,LIVE_EPIC,72,18,10,0,TRUE,2016
SSG_2018_PLY_002176_EPIC,PLY_002176,2,LIVE_EPIC,65,18,10,0,TRUE,2018
SSG_2025_PLY_002176_GG,PLY_002176,6,GOLDEN_GLOVE,89,35,10,10,FALSE,2025
SSG_2017_PLY_002176_EPIC,PLY_002176,2,LIVE_EPIC,70,18,10,0,TRUE,2017
SSG_2018_PLY_002176_LN,PLY_002176,1,LIVE_NORMAL,55,12,10,0,TRUE,2018
SSG_2002_PLY_002177_LN,PLY_002177,1,LIVE_NORMAL,68,12,10,0,TRUE,2002
SSG_2008_PLY_002177_EPIC,PLY_002177,2,LIVE_EPIC,73,18,10,0,TRUE,2008
SSG_2003_PLY_002177_AS,PLY_002177,3,ALLSTAR,81,24,10,10,TRUE,2003
SSG_1988_PLY_002177_EPIC,PLY_002177,2,LIVE_EPIC,68,18,10,0,TRUE,1988
SSG_2004_PLY_002177_TH,PLY_002177,4,TITLE_HOLDER,87,30,10,10,FALSE,2004
SSG_2007_PLY_002177_AS,PLY_002177,3,ALLSTAR,78,24,10,10,TRUE,2007
SSG_2008_PLY_002177_LN,PLY_002177,1,LIVE_NORMAL,67,12,10,0,TRUE,2008
SSG_1991_PLY_002178_TH,PLY_002178,4,TITLE_HOLDER,83,30,10,10,FALSE,1991
SSG_1992_PLY_002178_EPIC,PLY_002178,2,LIVE_EPIC,75,18,10,0,TRUE,1992
SSG_1987_PLY_002178_AS,PLY_002178,3,ALLSTAR,80,24,10,10,TRUE,1987
SSG_1990_PLY_002178_TH,PLY_002178,4,TITLE_HOLDER,81,30,10,10,FALSE,1990
SSG_1988_PLY_002178_AS,PLY_002178,3,ALLSTAR,77,24,10,10,TRUE,1988
SSG_1990_PLY_002178_LN,PLY_002178,1,LIVE_NORMAL,55,12,10,0,TRUE,1990
SSG_1987_PLY_002178_SIG,PLY_002178,5,SIGNATURE,90,40,10,10,FALSE,1987
SSG_1992_PLY_002178_AS,PLY_002178,3,ALLSTAR,79,24,10,10,TRUE,1992
SSG_2014_PLY_002179_AS,PLY_002179,3,ALLSTAR,79,24,10,10,TRUE,2014
SSG_2022_PLY_002179_EPIC,PLY_002179,2,LIVE_EPIC,74,18,10,0,TRUE,2022
SSG_2023_PLY_002179_LN,PLY_002179,1,LIVE_NORMAL,57,12,10,0,TRUE,2023
SSG_2019_PLY_002179_EPIC,PLY_002179,2,LIVE_EPIC,66,18,10,0,TRUE,2019
SSG_2019_PLY_002179_LN,PLY_002179,1,LIVE_NORMAL,60,12,10,0,TRUE,2019
SSG_2021_PLY_002179_SIG,PLY_002179,5,SIGNATURE,93,40,10,10,FALSE,2021
SSG_2023_PLY_002179_TH,PLY_002179,4,TITLE_HOLDER,81,30,10,10,FALSE,2023
SSG_2024_PLY_002179_SIG,PLY_002179,5,SIGNATURE,92,40,10,10,FALSE,2024
SSG_2016_PLY_002179_LN,PLY_002179,1,LIVE_NORMAL,59,12,10,0,TRUE,2016
SSG_2025_PLY_002179_AS,PLY_002179,3,ALLSTAR,75,24,10,10,TRUE,2025
SSG_2010_PLY_002180_TH,PLY_002180,4,TITLE_HOLDER,85,30,10,10,FALSE,2010
SSG_2009_PLY_002180_LN,PLY_002180,1,LIVE_NORMAL,57,12,10,0,TRUE,2009
SSG_2010_PLY_002180_SIG,PLY_002180,5,SIGNATURE,89,40,10,10,FALSE,2010
SSG_2012_PLY_002180_TH,PLY_002180,4,TITLE_HOLDER,82,30,10,10,FALSE,2012
SSG_2010_PLY_002180_AS,PLY_002180,3,ALLSTAR,75,24,10,10,TRUE,2010
SSG_2011_PLY_002180_LN,PLY_002180,1,LIVE_NORMAL,59,12,10,0,TRUE,2011
SSG_2009_PLY_002181_LN,PLY_002181,1,LIVE_NORMAL,68,12,10,0,TRUE,2009
SSG_2008_PLY_002181_EPIC,PLY_002181,2,LIVE_EPIC,68,18,10,0,TRUE,2008
SSG_2004_PLY_002182_LN,PLY_002182,1,LIVE_NORMAL,58,12,10,0,TRUE,2004
SSG_2003_PLY_002182_LN,PLY_002182,1,LIVE_NORMAL,65,12,10,0,TRUE,2003
SSG_2007_PLY_002182_SIG,PLY_002182,5,SIGNATURE,91,40,10,10,FALSE,2007
SSG_2006_PLY_002182_TH,PLY_002182,4,TITLE_HOLDER,81,30,10,10,FALSE,2006
SSG_2022_PLY_002183_LN,PLY_002183,1,LIVE_NORMAL,60,12,10,0,TRUE,2022
SSG_2021_PLY_002183_LN,PLY_002183,1,LIVE_NORMAL,59,12,10,0,TRUE,2021
SSG_2023_PLY_002183_LN,PLY_002183,1,LIVE_NORMAL,55,12,10,0,TRUE,2023
SSG_2009_PLY_002184_LN,PLY_002184,1,LIVE_NORMAL,63,12,10,0,TRUE,2009
SSG_2005_PLY_002184_LN,PLY_002184,1,LIVE_NORMAL,58,12,10,0,TRUE,2005
SSG_2013_PLY_002184_EPIC,PLY_002184,2,LIVE_EPIC,75,18,10,0,TRUE,2013
SSG_2010_PLY_002184_LN,PLY_002184,1,LIVE_NORMAL,68,12,10,0,TRUE,2010
SSG_2008_PLY_002184_LN,PLY_002184,1,LIVE_NORMAL,56,12,10,0,TRUE,2008
SSG_2006_PLY_002184_AS,PLY_002184,3,ALLSTAR,75,24,10,10,TRUE,2006
SSG_2012_PLY_002184_TH,PLY_002184,4,TITLE_HOLDER,80,30,10,10,FALSE,2012
SSG_2014_PLY_002184_LN,PLY_002184,1,LIVE_NORMAL,57,12,10,0,TRUE,2014
SSG_2007_PLY_002184_EPIC,PLY_002184,2,LIVE_EPIC,69,18,10,0,TRUE,2007
SSG_2010_PLY_002184_TH,PLY_002184,4,TITLE_HOLDER,81,30,10,10,FALSE,2010
SSG_2013_PLY_002185_EPIC,PLY_002185,2,LIVE_EPIC,73,18,10,0,TRUE,2013
SSG_2000_PLY_002185_TH,PLY_002185,4,TITLE_HOLDER,82,30,10,10,FALSE,2000
SSG_2007_PLY_002185_GG,PLY_002185,6,GOLDEN_GLOVE,89,35,10,10,FALSE,2007
SSG_2002_PLY_002185_AS,PLY_002185,3,ALLSTAR,81,24,10,10,TRUE,2002
SSG_2012_PLY_002185_LN,PLY_002185,1,LIVE_NORMAL,66,12,10,0,TRUE,2012
SSG_2009_PLY_002185_EPIC,PLY_002185,2,LIVE_EPIC,70,18,10,0,TRUE,2009
SSG_2003_PLY_002185_EPIC,PLY_002185,2,LIVE_EPIC,66,18,10,0,TRUE,2003
SSG_2004_PLY_002185_LN,PLY_002185,1,LIVE_NORMAL,61,12,10,0,TRUE,2004
SSG_2008_PLY_002185_LN,PLY_002185,1,LIVE_NORMAL,60,12,10,0,TRUE,2008
SSG_2010_PLY_002185_AS,PLY_002185,3,ALLSTAR,78,24,10,10,TRUE,2010
SSG_2004_PLY_002185_TH,PLY_002185,4,TITLE_HOLDER,85,30,10,10,FALSE,2004
SSG_2026_PLY_002186_EPIC,PLY_002186,2,LIVE_EPIC,71,18,10,0,TRUE,2026
SSG_2024_PLY_002186_LN,PLY_002186,1,LIVE_NORMAL,64,12,10,0,TRUE,2024
SSG_2022_PLY_002186_EPIC,PLY_002186,2,LIVE_EPIC,65,18,10,0,TRUE,2022
SSG_2026_PLY_002186_LN,PLY_002186,1,LIVE_NORMAL,67,12,10,0,TRUE,2026
SSG_2024_PLY_002186_EPIC,PLY_002186,2,LIVE_EPIC,67,18,10,0,TRUE,2024
SSG_2022_PLY_002186_GG,PLY_002186,6,GOLDEN_GLOVE,83,35,10,10,FALSE,2022
SSG_2020_PLY_002187_LN,PLY_002187,1,LIVE_NORMAL,57,12,10,0,TRUE,2020
SSG_2022_PLY_002187_AS,PLY_002187,3,ALLSTAR,83,24,10,10,TRUE,2022
SSG_2023_PLY_002187_EPIC,PLY_002187,2,LIVE_EPIC,73,18,10,0,TRUE,2023
SSG_2021_PLY_002187_SIG,PLY_002187,5,SIGNATURE,93,40,10,10,FALSE,2021
SSG_2020_PLY_002187_TH,PLY_002187,4,TITLE_HOLDER,82,30,10,10,FALSE,2020
SSG_2018_PLY_002187_AS,PLY_002187,3,ALLSTAR,82,24,10,10,TRUE,2018
SSG_2019_PLY_002187_EPIC,PLY_002187,2,LIVE_EPIC,66,18,10,0,TRUE,2019
SSG_2020_PLY_002187_EPIC,PLY_002187,2,LIVE_EPIC,68,18,10,0,TRUE,2020
SSG_2023_PLY_002187_LN,PLY_002187,1,LIVE_NORMAL,66,12,10,0,TRUE,2023
SSG_2025_PLY_002187_GG,PLY_002187,6,GOLDEN_GLOVE,87,35,10,10,FALSE,2025
SSG_2024_PLY_002187_TH,PLY_002187,4,TITLE_HOLDER,81,30,10,10,FALSE,2024
SSG_2025_PLY_002188_EPIC,PLY_002188,2,LIVE_EPIC,70,18,10,0,TRUE,2025
SSG_2022_PLY_002188_EPIC,PLY_002188,2,LIVE_EPIC,69,18,10,0,TRUE,2022
SSG_2015_PLY_002189_SIG,PLY_002189,5,SIGNATURE,94,40,10,10,FALSE,2015
SSG_2022_PLY_002189_TH,PLY_002189,4,TITLE_HOLDER,84,30,10,10,FALSE,2022
SSG_2021_PLY_002189_LN,PLY_002189,1,LIVE_NORMAL,63,12,10,0,TRUE,2021
SSG_2024_PLY_002190_AS,PLY_002190,3,ALLSTAR,80,24,10,10,TRUE,2024
SSG_2010_PLY_002190_LN,PLY_002190,1,LIVE_NORMAL,56,12,10,0,TRUE,2010
SSG_2009_PLY_002190_EPIC,PLY_002190,2,LIVE_EPIC,69,18,10,0,TRUE,2009
SSG_2018_PLY_002190_EPIC,PLY_002190,2,LIVE_EPIC,71,18,10,0,TRUE,2018
SSG_2025_PLY_002190_AS,PLY_002190,3,ALLSTAR,75,24,10,10,TRUE,2025
SSG_2008_PLY_002190_SIG,PLY_002190,5,SIGNATURE,94,40,10,10,FALSE,2008
SSG_2007_PLY_002190_LN,PLY_002190,1,LIVE_NORMAL,66,12,10,0,TRUE,2007
SSG_2016_PLY_002190_AS,PLY_002190,3,ALLSTAR,79,24,10,10,TRUE,2016
SSG_2017_PLY_002191_LN,PLY_002191,1,LIVE_NORMAL,64,12,10,0,TRUE,2017
SSG_2017_PLY_002191_TH,PLY_002191,4,TITLE_HOLDER,83,30,10,10,FALSE,2017
SSG_2010_PLY_002191_EPIC,PLY_002191,2,LIVE_EPIC,69,18,10,0,TRUE,2010
SSG_2007_PLY_002191_LN,PLY_002191,1,LIVE_NORMAL,68,12,10,0,TRUE,2007
SSG_2019_PLY_002191_LN,PLY_002191,1,LIVE_NORMAL,61,12,10,0,TRUE,2019
SSG_2019_PLY_002191_EPIC,PLY_002191,2,LIVE_EPIC,72,18,10,0,TRUE,2019
SSG_1996_PLY_002192_EPIC,PLY_002192,2,LIVE_EPIC,72,18,10,0,TRUE,1996
SSG_1989_PLY_002192_EPIC,PLY_002192,2,LIVE_EPIC,75,18,10,0,TRUE,1989
SSG_1992_PLY_002192_LN,PLY_002192,1,LIVE_NORMAL,66,12,10,0,TRUE,1992
SSG_1994_PLY_002192_LN,PLY_002192,1,LIVE_NORMAL,61,12,10,0,TRUE,1994
SSG_1988_PLY_002192_AS,PLY_002192,3,ALLSTAR,75,24,10,10,TRUE,1988
SSG_1990_PLY_002192_AS,PLY_002192,3,ALLSTAR,75,24,10,10,TRUE,1990
SSG_1991_PLY_002192_LN,PLY_002192,1,LIVE_NORMAL,62,12,10,0,TRUE,1991
SSG_1989_PLY_002192_LN,PLY_002192,1,LIVE_NORMAL,55,12,10,0,TRUE,1989
SSG_1989_PLY_002192_TH,PLY_002192,4,TITLE_HOLDER,84,30,10,10,FALSE,1989
SSG_1986_PLY_002192_LN,PLY_002192,1,LIVE_NORMAL,65,12,10,0,TRUE,1986
SSG_1988_PLY_002192_EPIC,PLY_002192,2,LIVE_EPIC,76,18,10,0,TRUE,1988
SSG_2003_PLY_002193_LN,PLY_002193,1,LIVE_NORMAL,60,12,10,0,TRUE,2003
SSG_2001_PLY_002193_AS,PLY_002193,3,ALLSTAR,83,24,10,10,TRUE,2001
SSG_2008_PLY_002193_EPIC,PLY_002193,2,LIVE_EPIC,72,18,10,0,TRUE,2008
SSG_1989_PLY_002194_TH,PLY_002194,4,TITLE_HOLDER,86,30,10,10,FALSE,1989
SSG_1993_PLY_002194_LN,PLY_002194,1,LIVE_NORMAL,68,12,10,0,TRUE,1993
SSG_2000_PLY_002194_LN,PLY_002194,1,LIVE_NORMAL,55,12,10,0,TRUE,2000
SSG_1991_PLY_002194_AS,PLY_002194,3,ALLSTAR,78,24,10,10,TRUE,1991
SSG_1988_PLY_002194_LN,PLY_002194,1,LIVE_NORMAL,67,12,10,0,TRUE,1988
SSG_1994_PLY_002194_AS,PLY_002194,3,ALLSTAR,82,24,10,10,TRUE,1994
SSG_1996_PLY_002194_AS,PLY_002194,3,ALLSTAR,74,24,10,10,TRUE,1996
SSG_2000_PLY_002194_EPIC,PLY_002194,2,LIVE_EPIC,69,18,10,0,TRUE,2000
SSG_1997_PLY_002194_LN,PLY_002194,1,LIVE_NORMAL,60,12,10,0,TRUE,1997
SSG_2000_PLY_002194_TH,PLY_002194,4,TITLE_HOLDER,85,30,10,10,FALSE,2000
SSG_1994_PLY_002194_TH,PLY_002194,4,TITLE_HOLDER,86,30,10,10,FALSE,1994
SSG_1999_PLY_002195_AS,PLY_002195,3,ALLSTAR,79,24,10,10,TRUE,1999
SSG_1999_PLY_002195_LN,PLY_002195,1,LIVE_NORMAL,56,12,10,0,TRUE,1999
SSG_1997_PLY_002195_AS,PLY_002195,3,ALLSTAR,78,24,10,10,TRUE,1997
SSG_2000_PLY_002195_EPIC,PLY_002195,2,LIVE_EPIC,75,18,10,0,TRUE,2000
SSG_2003_PLY_002195_LN,PLY_002195,1,LIVE_NORMAL,56,12,10,0,TRUE,2003
SSG_2017_PLY_002196_LN,PLY_002196,1,LIVE_NORMAL,62,12,10,0,TRUE,2017
SSG_2011_PLY_002196_LN,PLY_002196,1,LIVE_NORMAL,66,12,10,0,TRUE,2011
SSG_2015_PLY_002196_TH,PLY_002196,4,TITLE_HOLDER,87,30,10,10,FALSE,2015
SSG_2012_PLY_002196_EPIC,PLY_002196,2,LIVE_EPIC,76,18,10,0,TRUE,2012
SSG_2010_PLY_002197_EPIC,PLY_002197,2,LIVE_EPIC,66,18,10,0,TRUE,2010
SSG_2003_PLY_002197_AS,PLY_002197,3,ALLSTAR,81,24,10,10,TRUE,2003
SSG_2008_PLY_002197_LN,PLY_002197,1,LIVE_NORMAL,68,12,10,0,TRUE,2008
SSG_2009_PLY_002197_EPIC,PLY_002197,2,LIVE_EPIC,66,18,10,0,TRUE,2009
SSG_2007_PLY_002197_EPIC,PLY_002197,2,LIVE_EPIC,71,18,10,0,TRUE,2007
SSG_2006_PLY_002197_LN,PLY_002197,1,LIVE_NORMAL,55,12,10,0,TRUE,2006
SSG_2002_PLY_002197_AS,PLY_002197,3,ALLSTAR,83,24,10,10,TRUE,2002
SSG_2008_PLY_002197_EPIC,PLY_002197,2,LIVE_EPIC,73,18,10,0,TRUE,2008
SSG_2011_PLY_002197_AS,PLY_002197,3,ALLSTAR,75,24,10,10,TRUE,2011
SSG_2012_PLY_002198_AS,PLY_002198,3,ALLSTAR,82,24,10,10,TRUE,2012
SSG_2009_PLY_002198_EPIC,PLY_002198,2,LIVE_EPIC,68,18,10,0,TRUE,2009
SSG_2010_PLY_002198_LN,PLY_002198,1,LIVE_NORMAL,65,12,10,0,TRUE,2010
SSG_2010_PLY_002198_TH,PLY_002198,4,TITLE_HOLDER,86,30,10,10,FALSE,2010
SSG_2008_PLY_002198_LN,PLY_002198,1,LIVE_NORMAL,58,12,10,0,TRUE,2008
SSG_2011_PLY_002198_EPIC,PLY_002198,2,LIVE_EPIC,74,18,10,0,TRUE,2011
SSG_2003_PLY_002199_TH,PLY_002199,4,TITLE_HOLDER,82,30,10,10,FALSE,2003
SSG_2006_PLY_002199_AS,PLY_002199,3,ALLSTAR,77,24,10,10,TRUE,2006
SSG_2005_PLY_002199_LN,PLY_002199,1,LIVE_NORMAL,65,12,10,0,TRUE,2005
SSG_2004_PLY_002199_LN,PLY_002199,1,LIVE_NORMAL,68,12,10,0,TRUE,2004
SSG_2010_PLY_002199_EPIC,PLY_002199,2,LIVE_EPIC,70,18,10,0,TRUE,2010
SSG_2008_PLY_002199_EPIC,PLY_002199,2,LIVE_EPIC,73,18,10,0,TRUE,2008
SSG_2009_PLY_002199_LN,PLY_002199,1,LIVE_NORMAL,67,12,10,0,TRUE,2009
SSG_2008_PLY_002199_LN,PLY_002199,1,LIVE_NORMAL,63,12,10,0,TRUE,2008
SSG_2007_PLY_002200_EPIC,PLY_002200,2,LIVE_EPIC,74,18,10,0,TRUE,2007
SSG_2010_PLY_002200_EPIC,PLY_002200,2,LIVE_EPIC,67,18,10,0,TRUE,2010
SSG_2006_PLY_002200_LN,PLY_002200,1,LIVE_NORMAL,55,12,10,0,TRUE,2006
SSG_2020_PLY_002201_TH,PLY_002201,4,TITLE_HOLDER,82,30,10,10,FALSE,2020
SSG_2022_PLY_002201_LN,PLY_002201,1,LIVE_NORMAL,56,12,10,0,TRUE,2022
SSG_2024_PLY_002201_AS,PLY_002201,3,ALLSTAR,77,24,10,10,TRUE,2024
SSG_2024_PLY_002201_EPIC,PLY_002201,2,LIVE_EPIC,71,18,10,0,TRUE,2024
SSG_2019_PLY_002201_LN,PLY_002201,1,LIVE_NORMAL,68,12,10,0,TRUE,2019
SSG_2025_PLY_002201_EPIC,PLY_002201,2,LIVE_EPIC,75,18,10,0,TRUE,2025
SSG_2022_PLY_002202_LN,PLY_002202,1,LIVE_NORMAL,56,12,10,0,TRUE,2022
SSG_2021_PLY_002202_EPIC,PLY_002202,2,LIVE_EPIC,73,18,10,0,TRUE,2021
SSG_2020_PLY_002202_LN,PLY_002202,1,LIVE_NORMAL,66,12,10,0,TRUE,2020
SSG_2018_PLY_002202_AS,PLY_002202,3,ALLSTAR,77,24,10,10,TRUE,2018
SSG_2015_PLY_002202_LN,PLY_002202,1,LIVE_NORMAL,67,12,10,0,TRUE,2015
SSG_2015_PLY_002202_EPIC,PLY_002202,2,LIVE_EPIC,70,18,10,0,TRUE,2015
SSG_2011_PLY_002202_EPIC,PLY_002202,2,LIVE_EPIC,69,18,10,0,TRUE,2011
SSG_2022_PLY_002202_EPIC,PLY_002202,2,LIVE_EPIC,66,18,10,0,TRUE,2022
SSG_2012_PLY_002202_AS,PLY_002202,3,ALLSTAR,81,24,10,10,TRUE,2012
SSG_2001_PLY_002203_LN,PLY_002203,1,LIVE_NORMAL,57,12,10,0,TRUE,2001
SSG_1989_PLY_002203_TH,PLY_002203,4,TITLE_HOLDER,85,30,10,10,FALSE,1989
SSG_1998_PLY_002203_TH,PLY_002203,4,TITLE_HOLDER,86,30,10,10,FALSE,1998
SSG_1997_PLY_002203_AS,PLY_002203,3,ALLSTAR,80,24,10,10,TRUE,1997
SSG_1996_PLY_002203_EPIC,PLY_002203,2,LIVE_EPIC,74,18,10,0,TRUE,1996
SSG_1995_PLY_002204_LN,PLY_002204,1,LIVE_NORMAL,68,12,10,0,TRUE,1995
SSG_2006_PLY_002204_LN,PLY_002204,1,LIVE_NORMAL,61,12,10,0,TRUE,2006
SSG_1996_PLY_002204_TH,PLY_002204,4,TITLE_HOLDER,84,30,10,10,FALSE,1996
SSG_1992_PLY_002204_SIG,PLY_002204,5,SIGNATURE,90,40,10,10,FALSE,1992
SSG_2008_PLY_002204_EPIC,PLY_002204,2,LIVE_EPIC,71,18,10,0,TRUE,2008
SSG_1998_PLY_002204_AS,PLY_002204,3,ALLSTAR,81,24,10,10,TRUE,1998
SSG_2000_PLY_002204_SIG,PLY_002204,5,SIGNATURE,92,40,10,10,FALSE,2000
SSG_1996_PLY_002204_LN,PLY_002204,1,LIVE_NORMAL,57,12,10,0,TRUE,1996
SSG_1992_PLY_002205_LN,PLY_002205,1,LIVE_NORMAL,58,12,10,0,TRUE,1992
SSG_2001_PLY_002205_LN,PLY_002205,1,LIVE_NORMAL,65,12,10,0,TRUE,2001
SSG_1994_PLY_002205_EPIC,PLY_002205,2,LIVE_EPIC,68,18,10,0,TRUE,1994
SSG_1996_PLY_002205_EPIC,PLY_002205,2,LIVE_EPIC,68,18,10,0,TRUE,1996
SSG_1998_PLY_002205_LN,PLY_002205,1,LIVE_NORMAL,68,12,10,0,TRUE,1998
SSG_1999_PLY_002205_EPIC,PLY_002205,2,LIVE_EPIC,73,18,10,0,TRUE,1999
SSG_1998_PLY_002205_AS,PLY_002205,3,ALLSTAR,80,24,10,10,TRUE,1998
SSG_1996_PLY_002205_TH,PLY_002205,4,TITLE_HOLDER,86,30,10,10,FALSE,1996
SSG_2000_PLY_002205_LN,PLY_002205,1,LIVE_NORMAL,57,12,10,0,TRUE,2000
SSG_2001_PLY_002206_EPIC,PLY_002206,2,LIVE_EPIC,69,18,10,0,TRUE,2001
SSG_2007_PLY_002206_LN,PLY_002206,1,LIVE_NORMAL,67,12,10,0,TRUE,2007
SSG_2012_PLY_002206_TH,PLY_002206,4,TITLE_HOLDER,85,30,10,10,FALSE,2012
SSG_2010_PLY_002206_LN,PLY_002206,1,LIVE_NORMAL,66,12,10,0,TRUE,2010
SSG_2003_PLY_002206_EPIC,PLY_002206,2,LIVE_EPIC,71,18,10,0,TRUE,2003
SSG_2013_PLY_002206_LN,PLY_002206,1,LIVE_NORMAL,66,12,10,0,TRUE,2013
SSG_2026_PLY_002207_LN,PLY_002207,1,LIVE_NORMAL,68,12,10,0,TRUE,2026
SSG_2023_PLY_002207_AS,PLY_002207,3,ALLSTAR,77,24,10,10,TRUE,2023
SSG_2023_PLY_002208_LN,PLY_002208,1,LIVE_NORMAL,64,12,10,0,TRUE,2023
SSG_2021_PLY_002208_AS,PLY_002208,3,ALLSTAR,77,24,10,10,TRUE,2021
SSG_2021_PLY_002208_EPIC,PLY_002208,2,LIVE_EPIC,72,18,10,0,TRUE,2021
SSG_2020_PLY_002208_LN,PLY_002208,1,LIVE_NORMAL,55,12,10,0,TRUE,2020
SSG_2021_PLY_002208_LN,PLY_002208,1,LIVE_NORMAL,65,12,10,0,TRUE,2021
SSG_2018_PLY_002208_AS,PLY_002208,3,ALLSTAR,76,24,10,10,TRUE,2018
SSG_2024_PLY_002208_LN,PLY_002208,1,LIVE_NORMAL,67,12,10,0,TRUE,2024
SSG_2026_PLY_002208_AS,PLY_002208,3,ALLSTAR,76,24,10,10,TRUE,2026
SSG_2020_PLY_002208_TH,PLY_002208,4,TITLE_HOLDER,86,30,10,10,FALSE,2020
SSG_2020_PLY_002209_EPIC,PLY_002209,2,LIVE_EPIC,67,18,10,0,TRUE,2020
SSG_2017_PLY_002209_TH,PLY_002209,4,TITLE_HOLDER,84,30,10,10,FALSE,2017
SSG_2017_PLY_002209_GG,PLY_002209,6,GOLDEN_GLOVE,86,35,10,10,FALSE,2017
SSG_2018_PLY_002210_LN,PLY_002210,1,LIVE_NORMAL,55,12,10,0,TRUE,2018
SSG_2020_PLY_002210_LN,PLY_002210,1,LIVE_NORMAL,64,12,10,0,TRUE,2020
SSG_2023_PLY_002210_EPIC,PLY_002210,2,LIVE_EPIC,69,18,10,0,TRUE,2023
SSG_2017_PLY_002210_EPIC,PLY_002210,2,LIVE_EPIC,74,18,10,0,TRUE,2017
SSG_2023_PLY_002210_AS,PLY_002210,3,ALLSTAR,81,24,10,10,TRUE,2023
SSG_2022_PLY_002210_EPIC,PLY_002210,2,LIVE_EPIC,65,18,10,0,TRUE,2022
SSG_2017_PLY_002210_AS,PLY_002210,3,ALLSTAR,75,24,10,10,TRUE,2017
SSG_2023_PLY_002210_LN,PLY_002210,1,LIVE_NORMAL,58,12,10,0,TRUE,2023
SSG_1996_PLY_002211_EPIC,PLY_002211,2,LIVE_EPIC,71,18,10,0,TRUE,1996
SSG_1994_PLY_002211_EPIC,PLY_002211,2,LIVE_EPIC,66,18,10,0,TRUE,1994
SSG_1996_PLY_002211_GG,PLY_002211,6,GOLDEN_GLOVE,84,35,10,10,FALSE,1996
SSG_1994_PLY_002211_TH,PLY_002211,4,TITLE_HOLDER,83,30,10,10,FALSE,1994
SSG_1989_PLY_002211_GG,PLY_002211,6,GOLDEN_GLOVE,90,35,10,10,FALSE,1989
SSG_1986_PLY_002211_EPIC,PLY_002211,2,LIVE_EPIC,65,18,10,0,TRUE,1986
SSG_2025_PLY_002212_EPIC,PLY_002212,2,LIVE_EPIC,75,18,10,0,TRUE,2025
SSG_2020_PLY_002212_AS,PLY_002212,3,ALLSTAR,76,24,10,10,TRUE,2020
SSG_2023_PLY_002212_LN,PLY_002212,1,LIVE_NORMAL,57,12,10,0,TRUE,2023
SSG_2024_PLY_002212_LN,PLY_002212,1,LIVE_NORMAL,60,12,10,0,TRUE,2024
SSG_2024_PLY_002212_GG,PLY_002212,6,GOLDEN_GLOVE,84,35,10,10,FALSE,2024
SSG_2022_PLY_002212_AS,PLY_002212,3,ALLSTAR,82,24,10,10,TRUE,2022
SSG_2020_PLY_002212_LN,PLY_002212,1,LIVE_NORMAL,59,12,10,0,TRUE,2020
SSG_2022_PLY_002212_EPIC,PLY_002212,2,LIVE_EPIC,71,18,10,0,TRUE,2022
SSG_2011_PLY_002213_LN,PLY_002213,1,LIVE_NORMAL,64,12,10,0,TRUE,2011
SSG_2022_PLY_002213_LN,PLY_002213,1,LIVE_NORMAL,60,12,10,0,TRUE,2022
SSG_2008_PLY_002213_AS,PLY_002213,3,ALLSTAR,77,24,10,10,TRUE,2008
SSG_2010_PLY_002213_AS,PLY_002213,3,ALLSTAR,75,24,10,10,TRUE,2010
SSG_2022_PLY_002213_AS,PLY_002213,3,ALLSTAR,78,24,10,10,TRUE,2022
SSG_2014_PLY_002213_LN,PLY_002213,1,LIVE_NORMAL,57,12,10,0,TRUE,2014
SSG_2021_PLY_002213_EPIC,PLY_002213,2,LIVE_EPIC,76,18,10,0,TRUE,2021
SSG_2008_PLY_002213_EPIC,PLY_002213,2,LIVE_EPIC,71,18,10,0,TRUE,2008
SSG_2012_PLY_002213_TH,PLY_002213,4,TITLE_HOLDER,81,30,10,10,FALSE,2012
SSG_2016_PLY_002213_LN,PLY_002213,1,LIVE_NORMAL,59,12,10,0,TRUE,2016
SSG_2019_PLY_002213_AS,PLY_002213,3,ALLSTAR,80,24,10,10,TRUE,2019
SSG_2002_PLY_002214_EPIC,PLY_002214,2,LIVE_EPIC,74,18,10,0,TRUE,2002
SSG_2004_PLY_002214_AS,PLY_002214,3,ALLSTAR,83,24,10,10,TRUE,2004
SSG_2001_PLY_002214_LN,PLY_002214,1,LIVE_NORMAL,68,12,10,0,TRUE,2001
SSG_2005_PLY_002214_EPIC,PLY_002214,2,LIVE_EPIC,65,18,10,0,TRUE,2005
SSG_2002_PLY_002214_TH,PLY_002214,4,TITLE_HOLDER,80,30,10,10,FALSE,2002
SSG_2004_PLY_002214_EPIC,PLY_002214,2,LIVE_EPIC,72,18,10,0,TRUE,2004
SSG_2008_PLY_002214_EPIC,PLY_002214,2,LIVE_EPIC,66,18,10,0,TRUE,2008
SSG_2003_PLY_002215_LN,PLY_002215,1,LIVE_NORMAL,59,12,10,0,TRUE,2003
SSG_2007_PLY_002215_TH,PLY_002215,4,TITLE_HOLDER,83,30,10,10,FALSE,2007
SSG_2006_PLY_002215_EPIC,PLY_002215,2,LIVE_EPIC,71,18,10,0,TRUE,2006
SSG_2005_PLY_002215_LN,PLY_002215,1,LIVE_NORMAL,63,12,10,0,TRUE,2005
SSG_2006_PLY_002215_LN,PLY_002215,1,LIVE_NORMAL,63,12,10,0,TRUE,2006
SSG_2007_PLY_002215_AS,PLY_002215,3,ALLSTAR,79,24,10,10,TRUE,2007
SSG_2005_PLY_002216_LN,PLY_002216,1,LIVE_NORMAL,59,12,10,0,TRUE,2005
SSG_2010_PLY_002216_LN,PLY_002216,1,LIVE_NORMAL,63,12,10,0,TRUE,2010
SSG_2023_PLY_002217_LN,PLY_002217,1,LIVE_NORMAL,66,12,10,0,TRUE,2023
SSG_2025_PLY_002217_LN,PLY_002217,1,LIVE_NORMAL,58,12,10,0,TRUE,2025
SSG_2010_PLY_002218_SIG,PLY_002218,5,SIGNATURE,92,40,10,10,FALSE,2010
SSG_2005_PLY_002218_AS,PLY_002218,3,ALLSTAR,74,24,10,10,TRUE,2005
SSG_2002_PLY_002218_TH,PLY_002218,4,TITLE_HOLDER,85,30,10,10,FALSE,2002
SSG_2015_PLY_002218_LN,PLY_002218,1,LIVE_NORMAL,63,12,10,0,TRUE,2015
SSG_2016_PLY_002218_LN,PLY_002218,1,LIVE_NORMAL,65,12,10,0,TRUE,2016
SSG_2002_PLY_002218_LN,PLY_002218,1,LIVE_NORMAL,59,12,10,0,TRUE,2002
SSG_2005_PLY_002218_EPIC,PLY_002218,2,LIVE_EPIC,68,18,10,0,TRUE,2005
SSG_2007_PLY_002218_AS,PLY_002218,3,ALLSTAR,79,24,10,10,TRUE,2007
SSG_1995_PLY_002219_EPIC,PLY_002219,2,LIVE_EPIC,65,18,10,0,TRUE,1995
SSG_1994_PLY_002219_EPIC,PLY_002219,2,LIVE_EPIC,73,18,10,0,TRUE,1994
SSG_1990_PLY_002219_EPIC,PLY_002219,2,LIVE_EPIC,76,18,10,0,TRUE,1990
SSG_1994_PLY_002219_SIG,PLY_002219,5,SIGNATURE,87,40,10,10,FALSE,1994
SSG_1993_PLY_002219_AS,PLY_002219,3,ALLSTAR,75,24,10,10,TRUE,1993
SSG_2023_PLY_002220_EPIC,PLY_002220,2,LIVE_EPIC,65,18,10,0,TRUE,2023
SSG_2026_PLY_002220_GG,PLY_002220,6,GOLDEN_GLOVE,87,35,10,10,FALSE,2026
SSG_2022_PLY_002220_AS,PLY_002220,3,ALLSTAR,75,24,10,10,TRUE,2022
SSG_2022_PLY_002220_LN,PLY_002220,1,LIVE_NORMAL,55,12,10,0,TRUE,2022
SSG_2018_PLY_002220_LN,PLY_002220,1,LIVE_NORMAL,61,12,10,0,TRUE,2018
SSG_2025_PLY_002220_AS,PLY_002220,3,ALLSTAR,78,24,10,10,TRUE,2025
SSG_2020_PLY_002220_LN,PLY_002220,1,LIVE_NORMAL,60,12,10,0,TRUE,2020
SSG_2001_PLY_002221_TH,PLY_002221,4,TITLE_HOLDER,82,30,10,10,FALSE,2001
SSG_2003_PLY_002221_TH,PLY_002221,4,TITLE_HOLDER,87,30,10,10,FALSE,2003
SSG_2007_PLY_002221_LN,PLY_002221,1,LIVE_NORMAL,59,12,10,0,TRUE,2007
SSG_2008_PLY_002221_EPIC,PLY_002221,2,LIVE_EPIC,70,18,10,0,TRUE,2008
SSG_2011_PLY_002221_EPIC,PLY_002221,2,LIVE_EPIC,66,18,10,0,TRUE,2011
SSG_2008_PLY_002221_GG,PLY_002221,6,GOLDEN_GLOVE,86,35,10,10,FALSE,2008
SSG_2024_PLY_002222_EPIC,PLY_002222,2,LIVE_EPIC,71,18,10,0,TRUE,2024
SSG_2014_PLY_002222_EPIC,PLY_002222,2,LIVE_EPIC,72,18,10,0,TRUE,2014
SSG_2020_PLY_002222_AS,PLY_002222,3,ALLSTAR,83,24,10,10,TRUE,2020
SSG_2015_PLY_002222_AS,PLY_002222,3,ALLSTAR,80,24,10,10,TRUE,2015
SSG_2002_PLY_002223_LN,PLY_002223,1,LIVE_NORMAL,65,12,10,0,TRUE,2002
SSG_2002_PLY_002223_TH,PLY_002223,4,TITLE_HOLDER,83,30,10,10,FALSE,2002
SSG_2001_PLY_002223_AS,PLY_002223,3,ALLSTAR,82,24,10,10,TRUE,2001
SSG_2026_PLY_002224_GG,PLY_002224,6,GOLDEN_GLOVE,87,35,10,10,FALSE,2026
SSG_2014_PLY_002224_TH,PLY_002224,4,TITLE_HOLDER,80,30,10,10,FALSE,2014
SSG_2019_PLY_002225_AS,PLY_002225,3,ALLSTAR,74,24,10,10,TRUE,2019
SSG_2019_PLY_002225_EPIC,PLY_002225,2,LIVE_EPIC,72,18,10,0,TRUE,2019
SSG_2013_PLY_002225_AS,PLY_002225,3,ALLSTAR,83,24,10,10,TRUE,2013
SSG_2016_PLY_002225_AS,PLY_002225,3,ALLSTAR,76,24,10,10,TRUE,2016
SSG_2013_PLY_002225_TH,PLY_002225,4,TITLE_HOLDER,81,30,10,10,FALSE,2013
SSG_2014_PLY_002226_AS,PLY_002226,3,ALLSTAR,78,24,10,10,TRUE,2014
SSG_2016_PLY_002226_EPIC,PLY_002226,2,LIVE_EPIC,70,18,10,0,TRUE,2016
SSG_2017_PLY_002226_GG,PLY_002226,6,GOLDEN_GLOVE,85,35,10,10,FALSE,2017
SSG_2014_PLY_002226_LN,PLY_002226,1,LIVE_NORMAL,68,12,10,0,TRUE,2014
SSG_2013_PLY_002226_AS,PLY_002226,3,ALLSTAR,78,24,10,10,TRUE,2013
SSG_2017_PLY_002226_AS,PLY_002226,3,ALLSTAR,74,24,10,10,TRUE,2017
SSG_2007_PLY_002227_TH,PLY_002227,4,TITLE_HOLDER,84,30,10,10,FALSE,2007
SSG_2006_PLY_002227_EPIC,PLY_002227,2,LIVE_EPIC,69,18,10,0,TRUE,2006
SSG_2001_PLY_002227_GG,PLY_002227,6,GOLDEN_GLOVE,87,35,10,10,FALSE,2001
SSG_2014_PLY_002227_EPIC,PLY_002227,2,LIVE_EPIC,74,18,10,0,TRUE,2014
SSG_1997_PLY_002227_LN,PLY_002227,1,LIVE_NORMAL,63,12,10,0,TRUE,1997
SSG_2016_PLY_002228_EPIC,PLY_002228,2,LIVE_EPIC,69,18,10,0,TRUE,2016
SSG_2007_PLY_002228_EPIC,PLY_002228,2,LIVE_EPIC,70,18,10,0,TRUE,2007
SSG_2018_PLY_002228_LN,PLY_002228,1,LIVE_NORMAL,56,12,10,0,TRUE,2018
SSG_2012_PLY_002228_GG,PLY_002228,6,GOLDEN_GLOVE,90,35,10,10,FALSE,2012
SSG_2016_PLY_002228_SIG,PLY_002228,5,SIGNATURE,94,40,10,10,FALSE,2016
SSG_2016_PLY_002228_LN,PLY_002228,1,LIVE_NORMAL,68,12,10,0,TRUE,2016
SSG_2006_PLY_002228_TH,PLY_002228,4,TITLE_HOLDER,80,30,10,10,FALSE,2006
SSG_2010_PLY_002228_SIG,PLY_002228,5,SIGNATURE,92,40,10,10,FALSE,2010
SSG_2002_PLY_002229_LN,PLY_002229,1,LIVE_NORMAL,64,12,10,0,TRUE,2002
SSG_2008_PLY_002229_GG,PLY_002229,6,GOLDEN_GLOVE,83,35,10,10,FALSE,2008
SSG_1997_PLY_002229_LN,PLY_002229,1,LIVE_NORMAL,59,12,10,0,TRUE,1997
SSG_1997_PLY_002229_EPIC,PLY_002229,2,LIVE_EPIC,71,18,10,0,TRUE,1997
SSG_2005_PLY_002229_LN,PLY_002229,1,LIVE_NORMAL,62,12,10,0,TRUE,2005
SSG_1998_PLY_002229_LN,PLY_002229,1,LIVE_NORMAL,63,12,10,0,TRUE,1998
SSG_2004_PLY_002229_GG,PLY_002229,6,GOLDEN_GLOVE,86,35,10,10,FALSE,2004
SSG_2001_PLY_002229_EPIC,PLY_002229,2,LIVE_EPIC,66,18,10,0,TRUE,2001
SSG_2002_PLY_002229_EPIC,PLY_002229,2,LIVE_EPIC,65,18,10,0,TRUE,2002
SSG_1996_PLY_002229_TH,PLY_002229,4,TITLE_HOLDER,82,30,10,10,FALSE,1996
SSG_2007_PLY_002229_EPIC,PLY_002229,2,LIVE_EPIC,66,18,10,0,TRUE,2007
SSG_2003_PLY_002229_EPIC,PLY_002229,2,LIVE_EPIC,75,18,10,0,TRUE,2003
SSG_2018_PLY_002230_EPIC,PLY_002230,2,LIVE_EPIC,74,18,10,0,TRUE,2018
SSG_2019_PLY_002230_LN,PLY_002230,1,LIVE_NORMAL,66,12,10,0,TRUE,2019
SSG_2018_PLY_002230_SIG,PLY_002230,5,SIGNATURE,91,40,10,10,FALSE,2018
SSG_2025_PLY_002230_EPIC,PLY_002230,2,LIVE_EPIC,76,18,10,0,TRUE,2025
SSG_2024_PLY_002230_EPIC,PLY_002230,2,LIVE_EPIC,75,18,10,0,TRUE,2024
SSG_2020_PLY_002230_LN,PLY_002230,1,LIVE_NORMAL,55,12,10,0,TRUE,2020
SSG_2022_PLY_002230_LN,PLY_002230,1,LIVE_NORMAL,63,12,10,0,TRUE,2022
SSG_2024_PLY_002230_TH,PLY_002230,4,TITLE_HOLDER,82,30,10,10,FALSE,2024
SSG_1997_PLY_002231_LN,PLY_002231,1,LIVE_NORMAL,59,12,10,0,TRUE,1997
SSG_1991_PLY_002231_EPIC,PLY_002231,2,LIVE_EPIC,76,18,10,0,TRUE,1991
SSG_2004_PLY_002231_GG,PLY_002231,6,GOLDEN_GLOVE,85,35,10,10,FALSE,2004
SSG_1990_PLY_002231_LN,PLY_002231,1,LIVE_NORMAL,60,12,10,0,TRUE,1990
SSG_1996_PLY_002231_LN,PLY_002231,1,LIVE_NORMAL,59,12,10,0,TRUE,1996
SSG_1996_PLY_002231_EPIC,PLY_002231,2,LIVE_EPIC,73,18,10,0,TRUE,1996
SSG_2003_PLY_002232_LN,PLY_002232,1,LIVE_NORMAL,59,12,10,0,TRUE,2003
SSG_2002_PLY_002232_LN,PLY_002232,1,LIVE_NORMAL,56,12,10,0,TRUE,2002
SSG_2003_PLY_002232_AS,PLY_002232,3,ALLSTAR,77,24,10,10,TRUE,2003
SSG_2005_PLY_002232_TH,PLY_002232,4,TITLE_HOLDER,85,30,10,10,FALSE,2005
SSG_2005_PLY_002232_EPIC,PLY_002232,2,LIVE_EPIC,75,18,10,0,TRUE,2005
SSG_1995_PLY_002233_EPIC,PLY_002233,2,LIVE_EPIC,66,18,10,0,TRUE,1995
SSG_1994_PLY_002233_LN,PLY_002233,1,LIVE_NORMAL,55,12,10,0,TRUE,1994
SSG_1994_PLY_002233_EPIC,PLY_002233,2,LIVE_EPIC,73,18,10,0,TRUE,1994
SSG_2000_PLY_002233_LN,PLY_002233,1,LIVE_NORMAL,56,12,10,0,TRUE,2000
SSG_2008_PLY_002234_EPIC,PLY_002234,2,LIVE_EPIC,75,18,10,0,TRUE,2008
SSG_2017_PLY_002234_LN,PLY_002234,1,LIVE_NORMAL,56,12,10,0,TRUE,2017
SSG_2016_PLY_002234_LN,PLY_002234,1,LIVE_NORMAL,64,12,10,0,TRUE,2016
SSG_2016_PLY_002234_EPIC,PLY_002234,2,LIVE_EPIC,68,18,10,0,TRUE,2016
SSG_2004_PLY_002234_SIG,PLY_002234,5,SIGNATURE,90,40,10,10,FALSE,2004
SSG_2010_PLY_002234_LN,PLY_002234,1,LIVE_NORMAL,68,12,10,0,TRUE,2010
SSG_2025_PLY_002235_SIG,PLY_002235,5,SIGNATURE,87,40,10,10,FALSE,2025
SSG_2026_PLY_002235_LN,PLY_002235,1,LIVE_NORMAL,63,12,10,0,TRUE,2026
SSG_2020_PLY_002235_LN,PLY_002235,1,LIVE_NORMAL,65,12,10,0,TRUE,2020
SSG_2026_PLY_002235_EPIC,PLY_002235,2,LIVE_EPIC,73,18,10,0,TRUE,2026
SSG_2022_PLY_002235_AS,PLY_002235,3,ALLSTAR,80,24,10,10,TRUE,2022
SSG_2024_PLY_002235_LN,PLY_002235,1,LIVE_NORMAL,61,12,10,0,TRUE,2024
SSG_2015_PLY_002235_LN,PLY_002235,1,LIVE_NORMAL,56,12,10,0,TRUE,2015
SSG_2014_PLY_002235_AS,PLY_002235,3,ALLSTAR,78,24,10,10,TRUE,2014
SSG_2009_PLY_002236_LN,PLY_002236,1,LIVE_NORMAL,65,12,10,0,TRUE,2009
SSG_2002_PLY_002236_EPIC,PLY_002236,2,LIVE_EPIC,70,18,10,0,TRUE,2002
SSG_2012_PLY_002236_SIG,PLY_002236,5,SIGNATURE,91,40,10,10,FALSE,2012
SSG_2009_PLY_002236_EPIC,PLY_002236,2,LIVE_EPIC,65,18,10,0,TRUE,2009
SSG_2011_PLY_002236_TH,PLY_002236,4,TITLE_HOLDER,87,30,10,10,FALSE,2011
SSG_2007_PLY_002236_SIG,PLY_002236,5,SIGNATURE,87,40,10,10,FALSE,2007
SSG_2004_PLY_002236_TH,PLY_002236,4,TITLE_HOLDER,86,30,10,10,FALSE,2004
SSG_2025_PLY_002237_GG,PLY_002237,6,GOLDEN_GLOVE,83,35,10,10,FALSE,2025
SSG_2014_PLY_002237_EPIC,PLY_002237,2,LIVE_EPIC,68,18,10,0,TRUE,2014
SSG_2011_PLY_002237_SIG,PLY_002237,5,SIGNATURE,87,40,10,10,FALSE,2011
SSG_2016_PLY_002237_EPIC,PLY_002237,2,LIVE_EPIC,74,18,10,0,TRUE,2016
SSG_2012_PLY_002237_LN,PLY_002237,1,LIVE_NORMAL,63,12,10,0,TRUE,2012
SSG_2015_PLY_002237_SIG,PLY_002237,5,SIGNATURE,89,40,10,10,FALSE,2015
SSG_2014_PLY_002237_AS,PLY_002237,3,ALLSTAR,80,24,10,10,TRUE,2014
SSG_2011_PLY_002237_LN,PLY_002237,1,LIVE_NORMAL,61,12,10,0,TRUE,2011
SSG_2016_PLY_002237_LN,PLY_002237,1,LIVE_NORMAL,65,12,10,0,TRUE,2016
SSG_2017_PLY_002237_TH,PLY_002237,4,TITLE_HOLDER,81,30,10,10,FALSE,2017
SSG_2009_PLY_002237_LN,PLY_002237,1,LIVE_NORMAL,67,12,10,0,TRUE,2009
SSG_2015_PLY_002238_LN,PLY_002238,1,LIVE_NORMAL,56,12,10,0,TRUE,2015
SSG_2017_PLY_002238_AS,PLY_002238,3,ALLSTAR,74,24,10,10,TRUE,2017
SSG_2019_PLY_002238_LN,PLY_002238,1,LIVE_NORMAL,65,12,10,0,TRUE,2019
SSG_2018_PLY_002238_AS,PLY_002238,3,ALLSTAR,76,24,10,10,TRUE,2018
SSG_2016_PLY_002239_SIG,PLY_002239,5,SIGNATURE,92,40,10,10,FALSE,2016
SSG_2021_PLY_002239_LN,PLY_002239,1,LIVE_NORMAL,59,12,10,0,TRUE,2021
SSG_2017_PLY_002239_AS,PLY_002239,3,ALLSTAR,76,24,10,10,TRUE,2017
SSG_2020_PLY_002239_EPIC,PLY_002239,2,LIVE_EPIC,75,18,10,0,TRUE,2020
SSG_2021_PLY_002239_AS,PLY_002239,3,ALLSTAR,80,24,10,10,TRUE,2021
SSG_2020_PLY_002239_LN,PLY_002239,1,LIVE_NORMAL,56,12,10,0,TRUE,2020
SSG_2015_PLY_002239_LN,PLY_002239,1,LIVE_NORMAL,65,12,10,0,TRUE,2015
SSG_2025_PLY_002239_LN,PLY_002239,1,LIVE_NORMAL,61,12,10,0,TRUE,2025
SSG_2023_PLY_002239_AS,PLY_002239,3,ALLSTAR,78,24,10,10,TRUE,2023
SSG_2025_PLY_002239_AS,PLY_002239,3,ALLSTAR,81,24,10,10,TRUE,2025
SSG_2001_PLY_002240_LN,PLY_002240,1,LIVE_NORMAL,59,12,10,0,TRUE,2001
SSG_1998_PLY_002240_EPIC,PLY_002240,2,LIVE_EPIC,71,18,10,0,TRUE,1998
SSG_1999_PLY_002240_LN,PLY_002240,1,LIVE_NORMAL,62,12,10,0,TRUE,1999
SSG_1989_PLY_002240_LN,PLY_002240,1,LIVE_NORMAL,65,12,10,0,TRUE,1989
SSG_1991_PLY_002240_LN,PLY_002240,1,LIVE_NORMAL,57,12,10,0,TRUE,1991
SSG_1993_PLY_002240_EPIC,PLY_002240,2,LIVE_EPIC,71,18,10,0,TRUE,1993
SSG_1998_PLY_002241_EPIC,PLY_002241,2,LIVE_EPIC,75,18,10,0,TRUE,1998
SSG_1992_PLY_002241_LN,PLY_002241,1,LIVE_NORMAL,66,12,10,0,TRUE,1992
SSG_2000_PLY_002241_LN,PLY_002241,1,LIVE_NORMAL,68,12,10,0,TRUE,2000
SSG_2000_PLY_002241_EPIC,PLY_002241,2,LIVE_EPIC,68,18,10,0,TRUE,2000
SSG_1994_PLY_002241_LN,PLY_002241,1,LIVE_NORMAL,66,12,10,0,TRUE,1994
SSG_1997_PLY_002241_LN,PLY_002241,1,LIVE_NORMAL,62,12,10,0,TRUE,1997
SSG_1995_PLY_002241_LN,PLY_002241,1,LIVE_NORMAL,60,12,10,0,TRUE,1995
SSG_1998_PLY_002241_LN,PLY_002241,1,LIVE_NORMAL,59,12,10,0,TRUE,1998
SSG_1997_PLY_002241_AS,PLY_002241,3,ALLSTAR,74,24,10,10,TRUE,1997
SSG_2019_PLY_002242_LN,PLY_002242,1,LIVE_NORMAL,56,12,10,0,TRUE,2019
SSG_2026_PLY_002242_GG,PLY_002242,6,GOLDEN_GLOVE,87,35,10,10,FALSE,2026
SSG_2024_PLY_002242_TH,PLY_002242,4,TITLE_HOLDER,82,30,10,10,FALSE,2024
SSG_2026_PLY_002242_EPIC,PLY_002242,2,LIVE_EPIC,71,18,10,0,TRUE,2026
SSG_2022_PLY_002242_EPIC,PLY_002242,2,LIVE_EPIC,71,18,10,0,TRUE,2022
SSG_2024_PLY_002242_EPIC,PLY_002242,2,LIVE_EPIC,76,18,10,0,TRUE,2024
SSG_2006_PLY_002243_LN,PLY_002243,1,LIVE_NORMAL,55,12,10,0,TRUE,2006
SSG_2008_PLY_002243_SIG,PLY_002243,5,SIGNATURE,94,40,10,10,FALSE,2008
SSG_2010_PLY_002243_EPIC,PLY_002243,2,LIVE_EPIC,70,18,10,0,TRUE,2010
SSG_2006_PLY_002243_EPIC,PLY_002243,2,LIVE_EPIC,68,18,10,0,TRUE,2006
SSG_2008_PLY_002243_LN,PLY_002243,1,LIVE_NORMAL,55,12,10,0,TRUE,2008
SSG_1993_PLY_002244_AS,PLY_002244,3,ALLSTAR,77,24,10,10,TRUE,1993
SSG_1990_PLY_002244_SIG,PLY_002244,5,SIGNATURE,91,40,10,10,FALSE,1990
SSG_1994_PLY_002244_LN,PLY_002244,1,LIVE_NORMAL,55,12,10,0,TRUE,1994
SSG_1991_PLY_002244_EPIC,PLY_002244,2,LIVE_EPIC,73,18,10,0,TRUE,1991
SSG_1995_PLY_002244_TH,PLY_002244,4,TITLE_HOLDER,80,30,10,10,FALSE,1995
SSG_1993_PLY_002244_LN,PLY_002244,1,LIVE_NORMAL,66,12,10,0,TRUE,1993
SSG_1987_PLY_002244_EPIC,PLY_002244,2,LIVE_EPIC,74,18,10,0,TRUE,1987
SSG_2023_PLY_002245_LN,PLY_002245,1,LIVE_NORMAL,66,12,10,0,TRUE,2023
SSG_2024_PLY_002245_LN,PLY_002245,1,LIVE_NORMAL,62,12,10,0,TRUE,2024
SSG_2007_PLY_002246_LN,PLY_002246,1,LIVE_NORMAL,56,12,10,0,TRUE,2007
SSG_2014_PLY_002246_LN,PLY_002246,1,LIVE_NORMAL,63,12,10,0,TRUE,2014
SSG_2015_PLY_002246_AS,PLY_002246,3,ALLSTAR,76,24,10,10,TRUE,2015
SSG_2004_PLY_002246_AS,PLY_002246,3,ALLSTAR,81,24,10,10,TRUE,2004
SSG_2008_PLY_002246_AS,PLY_002246,3,ALLSTAR,78,24,10,10,TRUE,2008
SSG_2016_PLY_002246_EPIC,PLY_002246,2,LIVE_EPIC,68,18,10,0,TRUE,2016
SSG_2012_PLY_002247_LN,PLY_002247,1,LIVE_NORMAL,68,12,10,0,TRUE,2012
SSG_2007_PLY_002247_LN,PLY_002247,1,LIVE_NORMAL,58,12,10,0,TRUE,2007
SSG_2009_PLY_002247_GG,PLY_002247,6,GOLDEN_GLOVE,83,35,10,10,FALSE,2009
SSG_2014_PLY_002247_LN,PLY_002247,1,LIVE_NORMAL,64,12,10,0,TRUE,2014
SSG_2010_PLY_002247_AS,PLY_002247,3,ALLSTAR,75,24,10,10,TRUE,2010
SSG_2010_PLY_002247_LN,PLY_002247,1,LIVE_NORMAL,61,12,10,0,TRUE,2010
SSG_2007_PLY_002247_AS,PLY_002247,3,ALLSTAR,79,24,10,10,TRUE,2007
SSG_2014_PLY_002248_AS,PLY_002248,3,ALLSTAR,83,24,10,10,TRUE,2014
SSG_2024_PLY_002248_AS,PLY_002248,3,ALLSTAR,77,24,10,10,TRUE,2024
SSG_2005_PLY_002249_TH,PLY_002249,4,TITLE_HOLDER,80,30,10,10,FALSE,2005
SSG_2006_PLY_002249_TH,PLY_002249,4,TITLE_HOLDER,86,30,10,10,FALSE,2006
SSG_1998_PLY_002249_LN,PLY_002249,1,LIVE_NORMAL,65,12,10,0,TRUE,1998
SSG_1999_PLY_002249_EPIC,PLY_002249,2,LIVE_EPIC,69,18,10,0,TRUE,1999
SSG_2005_PLY_002249_LN,PLY_002249,1,LIVE_NORMAL,64,12,10,0,TRUE,2005
SSG_2012_PLY_002250_EPIC,PLY_002250,2,LIVE_EPIC,75,18,10,0,TRUE,2012
SSG_2018_PLY_002250_EPIC,PLY_002250,2,LIVE_EPIC,73,18,10,0,TRUE,2018
SSG_2013_PLY_002250_AS,PLY_002250,3,ALLSTAR,83,24,10,10,TRUE,2013
SSG_2014_PLY_002250_GG,PLY_002250,6,GOLDEN_GLOVE,85,35,10,10,FALSE,2014
SSG_2013_PLY_002250_LN,PLY_002250,1,LIVE_NORMAL,59,12,10,0,TRUE,2013
SSG_2016_PLY_002250_TH,PLY_002250,4,TITLE_HOLDER,82,30,10,10,FALSE,2016
SSG_2002_PLY_002251_LN,PLY_002251,1,LIVE_NORMAL,67,12,10,0,TRUE,2002
SSG_1994_PLY_002251_AS,PLY_002251,3,ALLSTAR,82,24,10,10,TRUE,1994
SSG_1997_PLY_002251_LN,PLY_002251,1,LIVE_NORMAL,62,12,10,0,TRUE,1997
SSG_1996_PLY_002251_EPIC,PLY_002251,2,LIVE_EPIC,73,18,10,0,TRUE,1996
SSG_1997_PLY_002251_TH,PLY_002251,4,TITLE_HOLDER,87,30,10,10,FALSE,1997
SSG_1993_PLY_002251_AS,PLY_002251,3,ALLSTAR,78,24,10,10,TRUE,1993
SSG_1998_PLY_002251_TH,PLY_002251,4,TITLE_HOLDER,86,30,10,10,FALSE,1998
SSG_2004_PLY_002251_AS,PLY_002251,3,ALLSTAR,74,24,10,10,TRUE,2004
SSG_2003_PLY_002252_LN,PLY_002252,1,LIVE_NORMAL,57,12,10,0,TRUE,2003
SSG_2011_PLY_002252_EPIC,PLY_002252,2,LIVE_EPIC,75,18,10,0,TRUE,2011
SSG_2004_PLY_002252_LN,PLY_002252,1,LIVE_NORMAL,59,12,10,0,TRUE,2004
SSG_2011_PLY_002252_AS,PLY_002252,3,ALLSTAR,77,24,10,10,TRUE,2011
SSG_2008_PLY_002253_SIG,PLY_002253,5,SIGNATURE,88,40,10,10,FALSE,2008
SSG_2008_PLY_002253_LN,PLY_002253,1,LIVE_NORMAL,60,12,10,0,TRUE,2008
SSG_2014_PLY_002254_GG,PLY_002254,6,GOLDEN_GLOVE,84,35,10,10,FALSE,2014
SSG_2025_PLY_002254_EPIC,PLY_002254,2,LIVE_EPIC,67,18,10,0,TRUE,2025
SSG_2021_PLY_002254_AS,PLY_002254,3,ALLSTAR,78,24,10,10,TRUE,2021
SSG_2019_PLY_002254_LN,PLY_002254,1,LIVE_NORMAL,64,12,10,0,TRUE,2019
SSG_2016_PLY_002254_AS,PLY_002254,3,ALLSTAR,74,24,10,10,TRUE,2016
SSG_2018_PLY_002254_LN,PLY_002254,1,LIVE_NORMAL,68,12,10,0,TRUE,2018
SSG_2015_PLY_002254_AS,PLY_002254,3,ALLSTAR,80,24,10,10,TRUE,2015
SSG_2021_PLY_002254_SIG,PLY_002254,5,SIGNATURE,92,40,10,10,FALSE,2021
SSG_2016_PLY_002254_EPIC,PLY_002254,2,LIVE_EPIC,75,18,10,0,TRUE,2016
SSG_2011_PLY_002255_GG,PLY_002255,6,GOLDEN_GLOVE,84,35,10,10,FALSE,2011
SSG_1998_PLY_002255_SIG,PLY_002255,5,SIGNATURE,92,40,10,10,FALSE,1998
SSG_2000_PLY_002255_LN,PLY_002255,1,LIVE_NORMAL,55,12,10,0,TRUE,2000
SSG_2008_PLY_002255_LN,PLY_002255,1,LIVE_NORMAL,66,12,10,0,TRUE,2008
SSG_2005_PLY_002255_EPIC,PLY_002255,2,LIVE_EPIC,68,18,10,0,TRUE,2005
SSG_2001_PLY_002255_LN,PLY_002255,1,LIVE_NORMAL,66,12,10,0,TRUE,2001
SSG_2000_PLY_002255_EPIC,PLY_002255,2,LIVE_EPIC,71,18,10,0,TRUE,2000
SSG_2001_PLY_002256_EPIC,PLY_002256,2,LIVE_EPIC,67,18,10,0,TRUE,2001
SSG_2000_PLY_002256_EPIC,PLY_002256,2,LIVE_EPIC,71,18,10,0,TRUE,2000
SSG_2025_PLY_002257_LN,PLY_002257,1,LIVE_NORMAL,56,12,10,0,TRUE,2025
SSG_2020_PLY_002257_LN,PLY_002257,1,LIVE_NORMAL,67,12,10,0,TRUE,2020
SSG_2025_PLY_002257_AS,PLY_002257,3,ALLSTAR,80,24,10,10,TRUE,2025
SSG_2018_PLY_002257_EPIC,PLY_002257,2,LIVE_EPIC,70,18,10,0,TRUE,2018
SSG_1997_PLY_002258_GG,PLY_002258,6,GOLDEN_GLOVE,88,35,10,10,FALSE,1997
SSG_1992_PLY_002258_EPIC,PLY_002258,2,LIVE_EPIC,73,18,10,0,TRUE,1992
SSG_1992_PLY_002258_LN,PLY_002258,1,LIVE_NORMAL,60,12,10,0,TRUE,1992
SSG_1991_PLY_002258_TH,PLY_002258,4,TITLE_HOLDER,81,30,10,10,FALSE,1991
SSG_1998_PLY_002258_LN,PLY_002258,1,LIVE_NORMAL,68,12,10,0,TRUE,1998
SSG_2002_PLY_002258_EPIC,PLY_002258,2,LIVE_EPIC,73,18,10,0,TRUE,2002
SSG_2001_PLY_002258_EPIC,PLY_002258,2,LIVE_EPIC,67,18,10,0,TRUE,2001
SSG_2001_PLY_002258_TH,PLY_002258,4,TITLE_HOLDER,83,30,10,10,FALSE,2001
SSG_2019_PLY_002259_TH,PLY_002259,4,TITLE_HOLDER,83,30,10,10,FALSE,2019
SSG_2023_PLY_002259_AS,PLY_002259,3,ALLSTAR,82,24,10,10,TRUE,2023
SSG_2010_PLY_002260_EPIC,PLY_002260,2,LIVE_EPIC,66,18,10,0,TRUE,2010
SSG_2001_PLY_002260_AS,PLY_002260,3,ALLSTAR,75,24,10,10,TRUE,2001
SSG_2004_PLY_002260_EPIC,PLY_002260,2,LIVE_EPIC,67,18,10,0,TRUE,2004
SSG_2006_PLY_002260_EPIC,PLY_002260,2,LIVE_EPIC,72,18,10,0,TRUE,2006
SSG_2001_PLY_002260_TH,PLY_002260,4,TITLE_HOLDER,87,30,10,10,FALSE,2001
SSG_2010_PLY_002260_LN,PLY_002260,1,LIVE_NORMAL,56,12,10,0,TRUE,2010
SSG_2001_PLY_002260_LN,PLY_002260,1,LIVE_NORMAL,56,12,10,0,TRUE,2001
SSG_2007_PLY_002260_LN,PLY_002260,1,LIVE_NORMAL,65,12,10,0,TRUE,2007
SSG_2002_PLY_002260_LN,PLY_002260,1,LIVE_NORMAL,68,12,10,0,TRUE,2002
SSG_1993_PLY_002261_LN,PLY_002261,1,LIVE_NORMAL,59,12,10,0,TRUE,1993
SSG_1994_PLY_002261_TH,PLY_002261,4,TITLE_HOLDER,84,30,10,10,FALSE,1994
SSG_2007_PLY_002261_LN,PLY_002261,1,LIVE_NORMAL,60,12,10,0,TRUE,2007
SSG_2008_PLY_002261_LN,PLY_002261,1,LIVE_NORMAL,59,12,10,0,TRUE,2008
SSG_2012_PLY_002261_LN,PLY_002261,1,LIVE_NORMAL,56,12,10,0,TRUE,2012
SSG_1995_PLY_002261_TH,PLY_002261,4,TITLE_HOLDER,87,30,10,10,FALSE,1995
SSG_2006_PLY_002261_LN,PLY_002261,1,LIVE_NORMAL,59,12,10,0,TRUE,2006
SSG_2006_PLY_002261_AS,PLY_002261,3,ALLSTAR,76,24,10,10,TRUE,2006
SSG_2011_PLY_002261_EPIC,PLY_002261,2,LIVE_EPIC,73,18,10,0,TRUE,2011
SSG_2020_PLY_002262_GG,PLY_002262,6,GOLDEN_GLOVE,87,35,10,10,FALSE,2020
SSG_2026_PLY_002262_LN,PLY_002262,1,LIVE_NORMAL,55,12,10,0,TRUE,2026
SSG_2023_PLY_002262_AS,PLY_002262,3,ALLSTAR,81,24,10,10,TRUE,2023
SSG_2020_PLY_002262_LN,PLY_002262,1,LIVE_NORMAL,63,12,10,0,TRUE,2020
SSG_2021_PLY_002262_LN,PLY_002262,1,LIVE_NORMAL,61,12,10,0,TRUE,2021
SSG_2022_PLY_002262_LN,PLY_002262,1,LIVE_NORMAL,67,12,10,0,TRUE,2022
SSG_2024_PLY_002262_EPIC,PLY_002262,2,LIVE_EPIC,71,18,10,0,TRUE,2024
SSG_2021_PLY_002262_AS,PLY_002262,3,ALLSTAR,76,24,10,10,TRUE,2021
SSG_2017_PLY_002263_EPIC,PLY_002263,2,LIVE_EPIC,67,18,10,0,TRUE,2017
SSG_2020_PLY_002263_GG,PLY_002263,6,GOLDEN_GLOVE,83,35,10,10,FALSE,2020
SSG_2018_PLY_002263_EPIC,PLY_002263,2,LIVE_EPIC,76,18,10,0,TRUE,2018
SSG_2021_PLY_002263_LN,PLY_002263,1,LIVE_NORMAL,58,12,10,0,TRUE,2021
SSG_2021_PLY_002263_EPIC,PLY_002263,2,LIVE_EPIC,76,18,10,0,TRUE,2021
SSG_2017_PLY_002263_LN,PLY_002263,1,LIVE_NORMAL,63,12,10,0,TRUE,2017
SSG_2021_PLY_002263_GG,PLY_002263,6,GOLDEN_GLOVE,85,35,10,10,FALSE,2021
SSG_2020_PLY_002263_EPIC,PLY_002263,2,LIVE_EPIC,75,18,10,0,TRUE,2020
SSG_1987_PLY_002264_AS,PLY_002264,3,ALLSTAR,82,24,10,10,TRUE,1987
SSG_1988_PLY_002264_SIG,PLY_002264,5,SIGNATURE,90,40,10,10,FALSE,1988
SSG_1990_PLY_002264_LN,PLY_002264,1,LIVE_NORMAL,62,12,10,0,TRUE,1990
SSG_1986_PLY_002264_EPIC,PLY_002264,2,LIVE_EPIC,73,18,10,0,TRUE,1986
SSG_1989_PLY_002264_LN,PLY_002264,1,LIVE_NORMAL,65,12,10,0,TRUE,1989
SSG_1991_PLY_002264_LN,PLY_002264,1,LIVE_NORMAL,64,12,10,0,TRUE,1991
SSG_1989_PLY_002264_EPIC,PLY_002264,2,LIVE_EPIC,67,18,10,0,TRUE,1989
SSG_1996_PLY_002265_AS,PLY_002265,3,ALLSTAR,78,24,10,10,TRUE,1996
SSG_1994_PLY_002265_LN,PLY_002265,1,LIVE_NORMAL,59,12,10,0,TRUE,1994
SSG_1990_PLY_002265_LN,PLY_002265,1,LIVE_NORMAL,56,12,10,0,TRUE,1990
SSG_1991_PLY_002265_TH,PLY_002265,4,TITLE_HOLDER,83,30,10,10,FALSE,1991
SSG_2001_PLY_002265_SIG,PLY_002265,5,SIGNATURE,89,40,10,10,FALSE,2001
SSG_1998_PLY_002265_EPIC,PLY_002265,2,LIVE_EPIC,70,18,10,0,TRUE,1998
SSG_2009_PLY_002265_LN,PLY_002265,1,LIVE_NORMAL,56,12,10,0,TRUE,2009
SSG_1998_PLY_002265_AS,PLY_002265,3,ALLSTAR,80,24,10,10,TRUE,1998
SSG_1993_PLY_002265_AS,PLY_002265,3,ALLSTAR,82,24,10,10,TRUE,1993
SSG_1992_PLY_002265_TH,PLY_002265,4,TITLE_HOLDER,81,30,10,10,FALSE,1992
SSG_1994_PLY_002266_TH,PLY_002266,4,TITLE_HOLDER,85,30,10,10,FALSE,1994
SSG_1991_PLY_002266_TH,PLY_002266,4,TITLE_HOLDER,83,30,10,10,FALSE,1991
SSG_1988_PLY_002266_LN,PLY_002266,1,LIVE_NORMAL,68,12,10,0,TRUE,1988
SSG_1994_PLY_002266_EPIC,PLY_002266,2,LIVE_EPIC,72,18,10,0,TRUE,1994
SSG_1996_PLY_002266_LN,PLY_002266,1,LIVE_NORMAL,66,12,10,0,TRUE,1996
SSG_1990_PLY_002266_TH,PLY_002266,4,TITLE_HOLDER,80,30,10,10,FALSE,1990
SSG_1990_PLY_002266_SIG,PLY_002266,5,SIGNATURE,93,40,10,10,FALSE,1990
SSG_1993_PLY_002266_LN,PLY_002266,1,LIVE_NORMAL,55,12,10,0,TRUE,1993
SSG_2023_PLY_002267_AS,PLY_002267,3,ALLSTAR,77,24,10,10,TRUE,2023
SSG_2026_PLY_002267_LN,PLY_002267,1,LIVE_NORMAL,66,12,10,0,TRUE,2026
SSG_2020_PLY_002267_EPIC,PLY_002267,2,LIVE_EPIC,69,18,10,0,TRUE,2020
SSG_2022_PLY_002267_LN,PLY_002267,1,LIVE_NORMAL,67,12,10,0,TRUE,2022
SSG_2024_PLY_002267_LN,PLY_002267,1,LIVE_NORMAL,60,12,10,0,TRUE,2024
SSG_2020_PLY_002267_LN,PLY_002267,1,LIVE_NORMAL,64,12,10,0,TRUE,2020
SSG_2025_PLY_002267_LN,PLY_002267,1,LIVE_NORMAL,67,12,10,0,TRUE,2025
SSG_2003_PLY_002268_SIG,PLY_002268,5,SIGNATURE,91,40,10,10,FALSE,2003
SSG_2002_PLY_002268_EPIC,PLY_002268,2,LIVE_EPIC,74,18,10,0,TRUE,2002
SSG_2002_PLY_002268_LN,PLY_002268,1,LIVE_NORMAL,56,12,10,0,TRUE,2002
SSG_1994_PLY_002268_LN,PLY_002268,1,LIVE_NORMAL,67,12,10,0,TRUE,1994
SSG_2003_PLY_002268_LN,PLY_002268,1,LIVE_NORMAL,65,12,10,0,TRUE,2003
SSG_2000_PLY_002268_LN,PLY_002268,1,LIVE_NORMAL,64,12,10,0,TRUE,2000
SSG_1997_PLY_002268_EPIC,PLY_002268,2,LIVE_EPIC,72,18,10,0,TRUE,1997
SSG_2000_PLY_002268_AS,PLY_002268,3,ALLSTAR,77,24,10,10,TRUE,2000
SSG_2003_PLY_002268_AS,PLY_002268,3,ALLSTAR,76,24,10,10,TRUE,2003
SSG_2000_PLY_002268_EPIC,PLY_002268,2,LIVE_EPIC,74,18,10,0,TRUE,2000
SSG_2002_PLY_002269_LN,PLY_002269,1,LIVE_NORMAL,68,12,10,0,TRUE,2002
SSG_2017_PLY_002269_LN,PLY_002269,1,LIVE_NORMAL,65,12,10,0,TRUE,2017
SSG_2020_PLY_002269_EPIC,PLY_002269,2,LIVE_EPIC,74,18,10,0,TRUE,2020
SSG_2004_PLY_002269_AS,PLY_002269,3,ALLSTAR,78,24,10,10,TRUE,2004
SSG_2008_PLY_002269_TH,PLY_002269,4,TITLE_HOLDER,81,30,10,10,FALSE,2008
SSG_2011_PLY_002270_LN,PLY_002270,1,LIVE_NORMAL,64,12,10,0,TRUE,2011
SSG_2020_PLY_002270_EPIC,PLY_002270,2,LIVE_EPIC,66,18,10,0,TRUE,2020
SSG_2006_PLY_002270_LN,PLY_002270,1,LIVE_NORMAL,66,12,10,0,TRUE,2006
SSG_2003_PLY_002270_LN,PLY_002270,1,LIVE_NORMAL,67,12,10,0,TRUE,2003
SSG_2011_PLY_002270_TH,PLY_002270,4,TITLE_HOLDER,86,30,10,10,FALSE,2011
SSG_2017_PLY_002270_LN,PLY_002270,1,LIVE_NORMAL,57,12,10,0,TRUE,2017
SSG_2021_PLY_002270_TH,PLY_002270,4,TITLE_HOLDER,86,30,10,10,FALSE,2021
SSG_2021_PLY_002270_EPIC,PLY_002270,2,LIVE_EPIC,67,18,10,0,TRUE,2021
SSG_2019_PLY_002271_GG,PLY_002271,6,GOLDEN_GLOVE,83,35,10,10,FALSE,2019
SSG_2016_PLY_002271_AS,PLY_002271,3,ALLSTAR,81,24,10,10,TRUE,2016
SSG_2002_PLY_002272_LN,PLY_002272,1,LIVE_NORMAL,68,12,10,0,TRUE,2002
SSG_2002_PLY_002272_EPIC,PLY_002272,2,LIVE_EPIC,75,18,10,0,TRUE,2002
SSG_1999_PLY_002272_EPIC,PLY_002272,2,LIVE_EPIC,74,18,10,0,TRUE,1999
SSG_1994_PLY_002272_AS,PLY_002272,3,ALLSTAR,80,24,10,10,TRUE,1994
SSG_1993_PLY_002272_LN,PLY_002272,1,LIVE_NORMAL,60,12,10,0,TRUE,1993
SSG_1995_PLY_002273_EPIC,PLY_002273,2,LIVE_EPIC,74,18,10,0,TRUE,1995
SSG_2003_PLY_002273_LN,PLY_002273,1,LIVE_NORMAL,61,12,10,0,TRUE,2003
SSG_2001_PLY_002273_EPIC,PLY_002273,2,LIVE_EPIC,71,18,10,0,TRUE,2001
SSG_2001_PLY_002273_LN,PLY_002273,1,LIVE_NORMAL,67,12,10,0,TRUE,2001
SSG_2002_PLY_002273_EPIC,PLY_002273,2,LIVE_EPIC,65,18,10,0,TRUE,2002
SSG_1997_PLY_002273_AS,PLY_002273,3,ALLSTAR,77,24,10,10,TRUE,1997
SSG_1999_PLY_002273_EPIC,PLY_002273,2,LIVE_EPIC,74,18,10,0,TRUE,1999
SSG_2016_PLY_002274_LN,PLY_002274,1,LIVE_NORMAL,56,12,10,0,TRUE,2016
SSG_2024_PLY_002274_TH,PLY_002274,4,TITLE_HOLDER,85,30,10,10,FALSE,2024
SSG_2019_PLY_002275_SIG,PLY_002275,5,SIGNATURE,94,40,10,10,FALSE,2019
SSG_2018_PLY_002275_EPIC,PLY_002275,2,LIVE_EPIC,69,18,10,0,TRUE,2018
SSG_2019_PLY_002275_LN,PLY_002275,1,LIVE_NORMAL,61,12,10,0,TRUE,2019
SSG_2026_PLY_002275_AS,PLY_002275,3,ALLSTAR,79,24,10,10,TRUE,2026
SSG_2018_PLY_002275_LN,PLY_002275,1,LIVE_NORMAL,65,12,10,0,TRUE,2018
SSG_2022_PLY_002275_LN,PLY_002275,1,LIVE_NORMAL,68,12,10,0,TRUE,2022
SSG_2024_PLY_002275_LN,PLY_002275,1,LIVE_NORMAL,60,12,10,0,TRUE,2024
SSG_2004_PLY_002276_TH,PLY_002276,4,TITLE_HOLDER,87,30,10,10,FALSE,2004
SSG_1996_PLY_002276_LN,PLY_002276,1,LIVE_NORMAL,55,12,10,0,TRUE,1996
SSG_2006_PLY_002276_LN,PLY_002276,1,LIVE_NORMAL,63,12,10,0,TRUE,2006
SSG_2006_PLY_002276_EPIC,PLY_002276,2,LIVE_EPIC,72,18,10,0,TRUE,2006
SSG_2007_PLY_002276_LN,PLY_002276,1,LIVE_NORMAL,56,12,10,0,TRUE,2007
SSG_2003_PLY_002276_SIG,PLY_002276,5,SIGNATURE,94,40,10,10,FALSE,2003
SSG_2023_PLY_002277_LN,PLY_002277,1,LIVE_NORMAL,67,12,10,0,TRUE,2023
SSG_2026_PLY_002277_AS,PLY_002277,3,ALLSTAR,83,24,10,10,TRUE,2026
SSG_2018_PLY_002278_EPIC,PLY_002278,2,LIVE_EPIC,76,18,10,0,TRUE,2018
SSG_2025_PLY_002278_AS,PLY_002278,3,ALLSTAR,74,24,10,10,TRUE,2025
SSG_2024_PLY_002278_EPIC,PLY_002278,2,LIVE_EPIC,76,18,10,0,TRUE,2024
SSG_2018_PLY_002278_AS,PLY_002278,3,ALLSTAR,79,24,10,10,TRUE,2018
SSG_2023_PLY_002278_LN,PLY_002278,1,LIVE_NORMAL,58,12,10,0,TRUE,2023
SSG_2016_PLY_002278_LN,PLY_002278,1,LIVE_NORMAL,65,12,10,0,TRUE,2016
SSG_2024_PLY_002278_LN,PLY_002278,1,LIVE_NORMAL,66,12,10,0,TRUE,2024
SSG_2026_PLY_002278_AS,PLY_002278,3,ALLSTAR,80,24,10,10,TRUE,2026
SSG_2016_PLY_002278_GG,PLY_002278,6,GOLDEN_GLOVE,86,35,10,10,FALSE,2016
SSG_2017_PLY_002278_EPIC,PLY_002278,2,LIVE_EPIC,69,18,10,0,TRUE,2017
SSG_1992_PLY_002279_TH,PLY_002279,4,TITLE_HOLDER,85,30,10,10,FALSE,1992
SSG_2000_PLY_002279_AS,PLY_002279,3,ALLSTAR,81,24,10,10,TRUE,2000
SSG_1996_PLY_002279_EPIC,PLY_002279,2,LIVE_EPIC,65,18,10,0,TRUE,1996
SSG_1996_PLY_002279_AS,PLY_002279,3,ALLSTAR,80,24,10,10,TRUE,1996
SSG_1999_PLY_002279_EPIC,PLY_002279,2,LIVE_EPIC,75,18,10,0,TRUE,1999
SSG_2000_PLY_002279_SIG,PLY_002279,5,SIGNATURE,92,40,10,10,FALSE,2000
SSG_1992_PLY_002279_EPIC,PLY_002279,2,LIVE_EPIC,68,18,10,0,TRUE,1992
SSG_1999_PLY_002279_TH,PLY_002279,4,TITLE_HOLDER,82,30,10,10,FALSE,1999
SSG_1992_PLY_002279_LN,PLY_002279,1,LIVE_NORMAL,65,12,10,0,TRUE,1992
SSG_1994_PLY_002279_EPIC,PLY_002279,2,LIVE_EPIC,67,18,10,0,TRUE,1994
SSG_1993_PLY_002279_EPIC,PLY_002279,2,LIVE_EPIC,73,18,10,0,TRUE,1993
SSG_1993_PLY_002280_EPIC,PLY_002280,2,LIVE_EPIC,69,18,10,0,TRUE,1993
SSG_1999_PLY_002280_AS,PLY_002280,3,ALLSTAR,79,24,10,10,TRUE,1999
SSG_1996_PLY_002280_LN,PLY_002280,1,LIVE_NORMAL,58,12,10,0,TRUE,1996
SSG_2026_PLY_002281_EPIC,PLY_002281,2,LIVE_EPIC,66,18,10,0,TRUE,2026
SSG_2026_PLY_002281_LN,PLY_002281,1,LIVE_NORMAL,63,12,10,0,TRUE,2026
SSG_2019_PLY_002281_GG,PLY_002281,6,GOLDEN_GLOVE,85,35,10,10,FALSE,2019
SSG_2015_PLY_002281_SIG,PLY_002281,5,SIGNATURE,87,40,10,10,FALSE,2015
SSG_2022_PLY_002281_LN,PLY_002281,1,LIVE_NORMAL,64,12,10,0,TRUE,2022
SSG_2020_PLY_002281_AS,PLY_002281,3,ALLSTAR,79,24,10,10,TRUE,2020
SSG_2014_PLY_002282_LN,PLY_002282,1,LIVE_NORMAL,57,12,10,0,TRUE,2014
SSG_2017_PLY_002282_EPIC,PLY_002282,2,LIVE_EPIC,65,18,10,0,TRUE,2017
SSG_2013_PLY_002282_EPIC,PLY_002282,2,LIVE_EPIC,71,18,10,0,TRUE,2013
SSG_2009_PLY_002282_AS,PLY_002282,3,ALLSTAR,76,24,10,10,TRUE,2009
SSG_2022_PLY_002282_GG,PLY_002282,6,GOLDEN_GLOVE,85,35,10,10,FALSE,2022
SSG_2014_PLY_002282_AS,PLY_002282,3,ALLSTAR,81,24,10,10,TRUE,2014
SSG_2013_PLY_002282_LN,PLY_002282,1,LIVE_NORMAL,59,12,10,0,TRUE,2013
SSG_2020_PLY_002282_TH,PLY_002282,4,TITLE_HOLDER,81,30,10,10,FALSE,2020
SSG_2009_PLY_002282_LN,PLY_002282,1,LIVE_NORMAL,59,12,10,0,TRUE,2009
SSG_2019_PLY_002282_EPIC,PLY_002282,2,LIVE_EPIC,70,18,10,0,TRUE,2019
SSG_2014_PLY_002282_TH,PLY_002282,4,TITLE_HOLDER,84,30,10,10,FALSE,2014
SSG_2005_PLY_002283_LN,PLY_002283,1,LIVE_NORMAL,67,12,10,0,TRUE,2005
SSG_2005_PLY_002283_AS,PLY_002283,3,ALLSTAR,83,24,10,10,TRUE,2005
SSG_2006_PLY_002283_EPIC,PLY_002283,2,LIVE_EPIC,69,18,10,0,TRUE,2006
SSG_2005_PLY_002283_EPIC,PLY_002283,2,LIVE_EPIC,68,18,10,0,TRUE,2005
SSG_2000_PLY_002283_GG,PLY_002283,6,GOLDEN_GLOVE,85,35,10,10,FALSE,2000
SSG_2007_PLY_002283_EPIC,PLY_002283,2,LIVE_EPIC,69,18,10,0,TRUE,2007
SSG_2000_PLY_002283_TH,PLY_002283,4,TITLE_HOLDER,83,30,10,10,FALSE,2000
SSG_2001_PLY_002283_LN,PLY_002283,1,LIVE_NORMAL,55,12,10,0,TRUE,2001
SSG_2004_PLY_002283_TH,PLY_002283,4,TITLE_HOLDER,86,30,10,10,FALSE,2004
SSG_1991_PLY_002284_EPIC,PLY_002284,2,LIVE_EPIC,73,18,10,0,TRUE,1991
SSG_2002_PLY_002284_LN,PLY_002284,1,LIVE_NORMAL,68,12,10,0,TRUE,2002
SSG_1995_PLY_002284_AS,PLY_002284,3,ALLSTAR,80,24,10,10,TRUE,1995
SSG_2003_PLY_002284_EPIC,PLY_002284,2,LIVE_EPIC,65,18,10,0,TRUE,2003
SSG_2018_PLY_002285_EPIC,PLY_002285,2,LIVE_EPIC,71,18,10,0,TRUE,2018
SSG_2021_PLY_002285_LN,PLY_002285,1,LIVE_NORMAL,61,12,10,0,TRUE,2021
SSG_2018_PLY_002285_TH,PLY_002285,4,TITLE_HOLDER,80,30,10,10,FALSE,2018
SSG_2021_PLY_002285_GG,PLY_002285,6,GOLDEN_GLOVE,89,35,10,10,FALSE,2021
SSG_2025_PLY_002286_EPIC,PLY_002286,2,LIVE_EPIC,73,18,10,0,TRUE,2025
SSG_2021_PLY_002286_TH,PLY_002286,4,TITLE_HOLDER,84,30,10,10,FALSE,2021
SSG_2011_PLY_002286_LN,PLY_002286,1,LIVE_NORMAL,68,12,10,0,TRUE,2011
SSG_2022_PLY_002286_LN,PLY_002286,1,LIVE_NORMAL,64,12,10,0,TRUE,2022
SSG_2012_PLY_002286_LN,PLY_002286,1,LIVE_NORMAL,55,12,10,0,TRUE,2012
SSG_2016_PLY_002286_GG,PLY_002286,6,GOLDEN_GLOVE,84,35,10,10,FALSE,2016
SSG_2025_PLY_002286_AS,PLY_002286,3,ALLSTAR,74,24,10,10,TRUE,2025
SSG_2015_PLY_002286_EPIC,PLY_002286,2,LIVE_EPIC,67,18,10,0,TRUE,2015
SSG_2016_PLY_002286_EPIC,PLY_002286,2,LIVE_EPIC,65,18,10,0,TRUE,2016
SSG_2025_PLY_002286_LN,PLY_002286,1,LIVE_NORMAL,66,12,10,0,TRUE,2025
SSG_2020_PLY_002287_EPIC,PLY_002287,2,LIVE_EPIC,69,18,10,0,TRUE,2020
SSG_2025_PLY_002287_EPIC,PLY_002287,2,LIVE_EPIC,74,18,10,0,TRUE,2025
SSG_2023_PLY_002287_AS,PLY_002287,3,ALLSTAR,77,24,10,10,TRUE,2023
SSG_2023_PLY_002287_LN,PLY_002287,1,LIVE_NORMAL,67,12,10,0,TRUE,2023
SSG_2024_PLY_002287_EPIC,PLY_002287,2,LIVE_EPIC,67,18,10,0,TRUE,2024
SSG_2022_PLY_002287_AS,PLY_002287,3,ALLSTAR,76,24,10,10,TRUE,2022
SSG_2024_PLY_002287_TH,PLY_002287,4,TITLE_HOLDER,81,30,10,10,FALSE,2024
SSG_2019_PLY_002287_LN,PLY_002287,1,LIVE_NORMAL,64,12,10,0,TRUE,2019
SSG_2021_PLY_002287_EPIC,PLY_002287,2,LIVE_EPIC,67,18,10,0,TRUE,2021
SSG_2007_PLY_002288_EPIC,PLY_002288,2,LIVE_EPIC,70,18,10,0,TRUE,2007
SSG_2013_PLY_002288_EPIC,PLY_002288,2,LIVE_EPIC,66,18,10,0,TRUE,2013
SSG_2009_PLY_002288_LN,PLY_002288,1,LIVE_NORMAL,61,12,10,0,TRUE,2009
SSG_1999_PLY_002288_GG,PLY_002288,6,GOLDEN_GLOVE,83,35,10,10,FALSE,1999
SSG_2026_PLY_002289_AS,PLY_002289,3,ALLSTAR,79,24,10,10,TRUE,2026
SSG_2017_PLY_002289_TH,PLY_002289,4,TITLE_HOLDER,84,30,10,10,FALSE,2017
SSG_2017_PLY_002289_EPIC,PLY_002289,2,LIVE_EPIC,65,18,10,0,TRUE,2017
SSG_2026_PLY_002289_TH,PLY_002289,4,TITLE_HOLDER,84,30,10,10,FALSE,2026
SSG_2020_PLY_002289_EPIC,PLY_002289,2,LIVE_EPIC,69,18,10,0,TRUE,2020
SSG_2026_PLY_002289_EPIC,PLY_002289,2,LIVE_EPIC,70,18,10,0,TRUE,2026
SSG_2022_PLY_002289_LN,PLY_002289,1,LIVE_NORMAL,63,12,10,0,TRUE,2022
SSG_2024_PLY_002290_LN,PLY_002290,1,LIVE_NORMAL,60,12,10,0,TRUE,2024
SSG_2026_PLY_002290_EPIC,PLY_002290,2,LIVE_EPIC,65,18,10,0,TRUE,2026
SSG_2025_PLY_002290_EPIC,PLY_002290,2,LIVE_EPIC,76,18,10,0,TRUE,2025
SSG_2021_PLY_002290_LN,PLY_002290,1,LIVE_NORMAL,65,12,10,0,TRUE,2021
SSG_2020_PLY_002290_LN,PLY_002290,1,LIVE_NORMAL,58,12,10,0,TRUE,2020
SSG_2020_PLY_002291_TH,PLY_002291,4,TITLE_HOLDER,87,30,10,10,FALSE,2020
SSG_2018_PLY_002291_LN,PLY_002291,1,LIVE_NORMAL,63,12,10,0,TRUE,2018
SSG_2021_PLY_002291_EPIC,PLY_002291,2,LIVE_EPIC,70,18,10,0,TRUE,2021
SSG_2021_PLY_002291_LN,PLY_002291,1,LIVE_NORMAL,57,12,10,0,TRUE,2021
SSG_2024_PLY_002292_EPIC,PLY_002292,2,LIVE_EPIC,68,18,10,0,TRUE,2024
SSG_2022_PLY_002292_AS,PLY_002292,3,ALLSTAR,82,24,10,10,TRUE,2022
SSG_2022_PLY_002292_LN,PLY_002292,1,LIVE_NORMAL,62,12,10,0,TRUE,2022
SSG_2021_PLY_002292_LN,PLY_002292,1,LIVE_NORMAL,59,12,10,0,TRUE,2021
SSG_2026_PLY_002292_EPIC,PLY_002292,2,LIVE_EPIC,66,18,10,0,TRUE,2026
SSG_2020_PLY_002292_EPIC,PLY_002292,2,LIVE_EPIC,73,18,10,0,TRUE,2020
SSG_2021_PLY_002292_EPIC,PLY_002292,2,LIVE_EPIC,75,18,10,0,TRUE,2021
SSG_2021_PLY_002292_TH,PLY_002292,4,TITLE_HOLDER,80,30,10,10,FALSE,2021
SSG_2022_PLY_002292_EPIC,PLY_002292,2,LIVE_EPIC,66,18,10,0,TRUE,2022
SSG_2020_PLY_002292_TH,PLY_002292,4,TITLE_HOLDER,83,30,10,10,FALSE,2020
SSG_2025_PLY_002292_EPIC,PLY_002292,2,LIVE_EPIC,72,18,10,0,TRUE,2025
SSG_2009_PLY_002293_LN,PLY_002293,1,LIVE_NORMAL,66,12,10,0,TRUE,2009
SSG_2020_PLY_002293_LN,PLY_002293,1,LIVE_NORMAL,63,12,10,0,TRUE,2020
SSG_2020_PLY_002293_GG,PLY_002293,6,GOLDEN_GLOVE,86,35,10,10,FALSE,2020
SSG_2021_PLY_002293_LN,PLY_002293,1,LIVE_NORMAL,64,12,10,0,TRUE,2021
SSG_2015_PLY_002293_LN,PLY_002293,1,LIVE_NORMAL,59,12,10,0,TRUE,2015
SSG_1990_PLY_002294_LN,PLY_002294,1,LIVE_NORMAL,67,12,10,0,TRUE,1990
SSG_1992_PLY_002294_AS,PLY_002294,3,ALLSTAR,77,24,10,10,TRUE,1992
SSG_1994_PLY_002294_TH,PLY_002294,4,TITLE_HOLDER,80,30,10,10,FALSE,1994
SSG_1997_PLY_002294_TH,PLY_002294,4,TITLE_HOLDER,86,30,10,10,FALSE,1997
SSG_1995_PLY_002294_AS,PLY_002294,3,ALLSTAR,78,24,10,10,TRUE,1995
SSG_1994_PLY_002294_EPIC,PLY_002294,2,LIVE_EPIC,75,18,10,0,TRUE,1994
SSG_1989_PLY_002294_LN,PLY_002294,1,LIVE_NORMAL,66,12,10,0,TRUE,1989
SSG_1991_PLY_002294_EPIC,PLY_002294,2,LIVE_EPIC,67,18,10,0,TRUE,1991
SSG_2008_PLY_002295_EPIC,PLY_002295,2,LIVE_EPIC,69,18,10,0,TRUE,2008
SSG_2014_PLY_002295_AS,PLY_002295,3,ALLSTAR,77,24,10,10,TRUE,2014
SSG_2015_PLY_002295_AS,PLY_002295,3,ALLSTAR,80,24,10,10,TRUE,2015
SSG_2014_PLY_002295_LN,PLY_002295,1,LIVE_NORMAL,55,12,10,0,TRUE,2014
SSG_2012_PLY_002295_LN,PLY_002295,1,LIVE_NORMAL,56,12,10,0,TRUE,2012
SSG_2005_PLY_002296_AS,PLY_002296,3,ALLSTAR,80,24,10,10,TRUE,2005
SSG_2010_PLY_002296_LN,PLY_002296,1,LIVE_NORMAL,63,12,10,0,TRUE,2010
SSG_2011_PLY_002296_AS,PLY_002296,3,ALLSTAR,75,24,10,10,TRUE,2011
SSG_2005_PLY_002296_EPIC,PLY_002296,2,LIVE_EPIC,73,18,10,0,TRUE,2005
SSG_2012_PLY_002296_TH,PLY_002296,4,TITLE_HOLDER,84,30,10,10,FALSE,2012
SSG_2005_PLY_002296_LN,PLY_002296,1,LIVE_NORMAL,67,12,10,0,TRUE,2005
SSG_2006_PLY_002296_EPIC,PLY_002296,2,LIVE_EPIC,74,18,10,0,TRUE,2006
SSG_2007_PLY_002296_LN,PLY_002296,1,LIVE_NORMAL,60,12,10,0,TRUE,2007
SSG_2005_PLY_002297_LN,PLY_002297,1,LIVE_NORMAL,67,12,10,0,TRUE,2005
SSG_2003_PLY_002297_EPIC,PLY_002297,2,LIVE_EPIC,70,18,10,0,TRUE,2003
SSG_2002_PLY_002297_EPIC,PLY_002297,2,LIVE_EPIC,68,18,10,0,TRUE,2002
SSG_2003_PLY_002297_LN,PLY_002297,1,LIVE_NORMAL,65,12,10,0,TRUE,2003
SSG_2000_PLY_002297_GG,PLY_002297,6,GOLDEN_GLOVE,85,35,10,10,FALSE,2000
SSG_2000_PLY_002297_AS,PLY_002297,3,ALLSTAR,82,24,10,10,TRUE,2000
SSG_2000_PLY_002297_EPIC,PLY_002297,2,LIVE_EPIC,71,18,10,0,TRUE,2000
SSG_2026_PLY_002298_SIG,PLY_002298,5,SIGNATURE,91,40,10,10,FALSE,2026
SSG_2024_PLY_002298_LN,PLY_002298,1,LIVE_NORMAL,68,12,10,0,TRUE,2024
SSG_2026_PLY_002298_LN,PLY_002298,1,LIVE_NORMAL,59,12,10,0,TRUE,2026
SSG_2024_PLY_002298_EPIC,PLY_002298,2,LIVE_EPIC,65,18,10,0,TRUE,2024
SSG_2025_PLY_002298_EPIC,PLY_002298,2,LIVE_EPIC,73,18,10,0,TRUE,2025
SSG_2023_PLY_002298_EPIC,PLY_002298,2,LIVE_EPIC,76,18,10,0,TRUE,2023
SSG_2023_PLY_002298_AS,PLY_002298,3,ALLSTAR,74,24,10,10,TRUE,2023
SSG_2026_PLY_002298_GG,PLY_002298,6,GOLDEN_GLOVE,85,35,10,10,FALSE,2026
SSG_2018_PLY_002299_GG,PLY_002299,6,GOLDEN_GLOVE,88,35,10,10,FALSE,2018
SSG_2022_PLY_002299_EPIC,PLY_002299,2,LIVE_EPIC,75,18,10,0,TRUE,2022
SSG_2019_PLY_002299_LN,PLY_002299,1,LIVE_NORMAL,59,12,10,0,TRUE,2019
SSG_2026_PLY_002299_AS,PLY_002299,3,ALLSTAR,78,24,10,10,TRUE,2026
SSG_2019_PLY_002299_TH,PLY_002299,4,TITLE_HOLDER,82,30,10,10,FALSE,2019
SSG_2025_PLY_002300_GG,PLY_002300,6,GOLDEN_GLOVE,89,35,10,10,FALSE,2025
SSG_2026_PLY_002300_EPIC,PLY_002300,2,LIVE_EPIC,66,18,10,0,TRUE,2026
SSG_2026_PLY_002300_GG,PLY_002300,6,GOLDEN_GLOVE,87,35,10,10,FALSE,2026
SSG_2023_PLY_002300_SIG,PLY_002300,5,SIGNATURE,90,40,10,10,FALSE,2023
SSG_2024_PLY_002300_LN,PLY_002300,1,LIVE_NORMAL,62,12,10,0,TRUE,2024
SSG_2024_PLY_002300_AS,PLY_002300,3,ALLSTAR,83,24,10,10,TRUE,2024
SSG_2025_PLY_002300_LN,PLY_002300,1,LIVE_NORMAL,65,12,10,0,TRUE,2025
SSG_2026_PLY_002300_LN,PLY_002300,1,LIVE_NORMAL,63,12,10,0,TRUE,2026
SSG_2022_PLY_002300_EPIC,PLY_002300,2,LIVE_EPIC,74,18,10,0,TRUE,2022
SSG_2023_PLY_002300_EPIC,PLY_002300,2,LIVE_EPIC,72,18,10,0,TRUE,2023
SSG_1993_PLY_002301_GG,PLY_002301,6,GOLDEN_GLOVE,88,35,10,10,FALSE,1993
SSG_1997_PLY_002301_EPIC,PLY_002301,2,LIVE_EPIC,72,18,10,0,TRUE,1997
SSG_1997_PLY_002301_LN,PLY_002301,1,LIVE_NORMAL,61,12,10,0,TRUE,1997
SSG_1996_PLY_002301_AS,PLY_002301,3,ALLSTAR,76,24,10,10,TRUE,1996
SSG_1997_PLY_002301_GG,PLY_002301,6,GOLDEN_GLOVE,88,35,10,10,FALSE,1997
SSG_1994_PLY_002301_EPIC,PLY_002301,2,LIVE_EPIC,73,18,10,0,TRUE,1994
SSG_1995_PLY_002301_GG,PLY_002301,6,GOLDEN_GLOVE,83,35,10,10,FALSE,1995
SSG_2000_PLY_002302_EPIC,PLY_002302,2,LIVE_EPIC,74,18,10,0,TRUE,2000
SSG_1997_PLY_002302_AS,PLY_002302,3,ALLSTAR,75,24,10,10,TRUE,1997
SSG_1997_PLY_002302_LN,PLY_002302,1,LIVE_NORMAL,68,12,10,0,TRUE,1997
SSG_2001_PLY_002302_AS,PLY_002302,3,ALLSTAR,79,24,10,10,TRUE,2001
SSG_1999_PLY_002302_LN,PLY_002302,1,LIVE_NORMAL,60,12,10,0,TRUE,1999
SSG_2000_PLY_002302_LN,PLY_002302,1,LIVE_NORMAL,68,12,10,0,TRUE,2000
SSG_1998_PLY_002302_EPIC,PLY_002302,2,LIVE_EPIC,75,18,10,0,TRUE,1998
SSG_1998_PLY_002302_LN,PLY_002302,1,LIVE_NORMAL,58,12,10,0,TRUE,1998
SSG_2025_PLY_002303_EPIC,PLY_002303,2,LIVE_EPIC,74,18,10,0,TRUE,2025
SSG_2026_PLY_002303_LN,PLY_002303,1,LIVE_NORMAL,56,12,10,0,TRUE,2026
SSG_2026_PLY_002303_AS,PLY_002303,3,ALLSTAR,79,24,10,10,TRUE,2026
SSG_2010_PLY_002304_LN,PLY_002304,1,LIVE_NORMAL,68,12,10,0,TRUE,2010
SSG_2008_PLY_002304_LN,PLY_002304,1,LIVE_NORMAL,59,12,10,0,TRUE,2008
SSG_2000_PLY_002304_LN,PLY_002304,1,LIVE_NORMAL,65,12,10,0,TRUE,2000
SSG_2014_PLY_002304_LN,PLY_002304,1,LIVE_NORMAL,56,12,10,0,TRUE,2014
SSG_2018_PLY_002304_LN,PLY_002304,1,LIVE_NORMAL,61,12,10,0,TRUE,2018
SSG_2004_PLY_002304_EPIC,PLY_002304,2,LIVE_EPIC,67,18,10,0,TRUE,2004
SSG_2009_PLY_002304_LN,PLY_002304,1,LIVE_NORMAL,60,12,10,0,TRUE,2009
SSG_2012_PLY_002304_TH,PLY_002304,4,TITLE_HOLDER,82,30,10,10,FALSE,2012
SSG_2026_PLY_002305_LN,PLY_002305,1,LIVE_NORMAL,56,12,10,0,TRUE,2026
SSG_2021_PLY_002305_LN,PLY_002305,1,LIVE_NORMAL,60,12,10,0,TRUE,2021
SSG_2024_PLY_002305_LN,PLY_002305,1,LIVE_NORMAL,64,12,10,0,TRUE,2024
SSG_2019_PLY_002305_LN,PLY_002305,1,LIVE_NORMAL,68,12,10,0,TRUE,2019
SSG_2025_PLY_002305_AS,PLY_002305,3,ALLSTAR,79,24,10,10,TRUE,2025
SSG_2025_PLY_002305_EPIC,PLY_002305,2,LIVE_EPIC,65,18,10,0,TRUE,2025
SSG_2012_PLY_002306_LN,PLY_002306,1,LIVE_NORMAL,62,12,10,0,TRUE,2012
SSG_2004_PLY_002306_EPIC,PLY_002306,2,LIVE_EPIC,71,18,10,0,TRUE,2004
SSG_2004_PLY_002306_LN,PLY_002306,1,LIVE_NORMAL,56,12,10,0,TRUE,2004
SSG_2010_PLY_002306_EPIC,PLY_002306,2,LIVE_EPIC,69,18,10,0,TRUE,2010
SSG_2009_PLY_002306_AS,PLY_002306,3,ALLSTAR,80,24,10,10,TRUE,2009
SSG_1997_PLY_002307_SIG,PLY_002307,5,SIGNATURE,91,40,10,10,FALSE,1997
SSG_2005_PLY_002307_EPIC,PLY_002307,2,LIVE_EPIC,76,18,10,0,TRUE,2005
SSG_2003_PLY_002307_SIG,PLY_002307,5,SIGNATURE,88,40,10,10,FALSE,2003
SSG_2004_PLY_002307_LN,PLY_002307,1,LIVE_NORMAL,62,12,10,0,TRUE,2004
SSG_1998_PLY_002308_EPIC,PLY_002308,2,LIVE_EPIC,75,18,10,0,TRUE,1998
SSG_1999_PLY_002308_LN,PLY_002308,1,LIVE_NORMAL,64,12,10,0,TRUE,1999
SSG_2008_PLY_002308_EPIC,PLY_002308,2,LIVE_EPIC,76,18,10,0,TRUE,2008
SSG_2001_PLY_002308_LN,PLY_002308,1,LIVE_NORMAL,57,12,10,0,TRUE,2001
SSG_2001_PLY_002308_TH,PLY_002308,4,TITLE_HOLDER,86,30,10,10,FALSE,2001
SSG_2012_PLY_002308_TH,PLY_002308,4,TITLE_HOLDER,86,30,10,10,FALSE,2012
SSG_2006_PLY_002308_EPIC,PLY_002308,2,LIVE_EPIC,72,18,10,0,TRUE,2006
SSG_1997_PLY_002308_SIG,PLY_002308,5,SIGNATURE,88,40,10,10,FALSE,1997
SSG_2003_PLY_002308_LN,PLY_002308,1,LIVE_NORMAL,63,12,10,0,TRUE,2003
SSG_2010_PLY_002308_EPIC,PLY_002308,2,LIVE_EPIC,73,18,10,0,TRUE,2010
SSG_2005_PLY_002309_GG,PLY_002309,6,GOLDEN_GLOVE,89,35,10,10,FALSE,2005
SSG_2003_PLY_002309_AS,PLY_002309,3,ALLSTAR,80,24,10,10,TRUE,2003
SSG_2007_PLY_002309_EPIC,PLY_002309,2,LIVE_EPIC,66,18,10,0,TRUE,2007
SSG_2004_PLY_002309_LN,PLY_002309,1,LIVE_NORMAL,68,12,10,0,TRUE,2004
SSG_2004_PLY_002309_SIG,PLY_002309,5,SIGNATURE,92,40,10,10,FALSE,2004
SSG_2011_PLY_002309_LN,PLY_002309,1,LIVE_NORMAL,59,12,10,0,TRUE,2011
SSG_2026_PLY_002310_EPIC,PLY_002310,2,LIVE_EPIC,76,18,10,0,TRUE,2026
SSG_2025_PLY_002310_LN,PLY_002310,1,LIVE_NORMAL,61,12,10,0,TRUE,2025
SSG_2022_PLY_002310_EPIC,PLY_002310,2,LIVE_EPIC,76,18,10,0,TRUE,2022
SSG_2022_PLY_002310_GG,PLY_002310,6,GOLDEN_GLOVE,88,35,10,10,FALSE,2022
SSG_2020_PLY_002310_EPIC,PLY_002310,2,LIVE_EPIC,67,18,10,0,TRUE,2020
SSG_2026_PLY_002310_AS,PLY_002310,3,ALLSTAR,76,24,10,10,TRUE,2026
SSG_2024_PLY_002310_LN,PLY_002310,1,LIVE_NORMAL,60,12,10,0,TRUE,2024
SSG_2020_PLY_002310_AS,PLY_002310,3,ALLSTAR,75,24,10,10,TRUE,2020
SSG_2020_PLY_002311_EPIC,PLY_002311,2,LIVE_EPIC,73,18,10,0,TRUE,2020
SSG_2022_PLY_002311_LN,PLY_002311,1,LIVE_NORMAL,59,12,10,0,TRUE,2022
SSG_2020_PLY_002311_LN,PLY_002311,1,LIVE_NORMAL,60,12,10,0,TRUE,2020
SSG_2017_PLY_002311_EPIC,PLY_002311,2,LIVE_EPIC,74,18,10,0,TRUE,2017
SSG_2002_PLY_002312_LN,PLY_002312,1,LIVE_NORMAL,55,12,10,0,TRUE,2002
SSG_2011_PLY_002312_LN,PLY_002312,1,LIVE_NORMAL,67,12,10,0,TRUE,2011
SSG_2003_PLY_002312_LN,PLY_002312,1,LIVE_NORMAL,66,12,10,0,TRUE,2003
SSG_2012_PLY_002312_AS,PLY_002312,3,ALLSTAR,79,24,10,10,TRUE,2012
SSG_2002_PLY_002312_AS,PLY_002312,3,ALLSTAR,77,24,10,10,TRUE,2002
SSG_2008_PLY_002312_LN,PLY_002312,1,LIVE_NORMAL,67,12,10,0,TRUE,2008
SSG_2006_PLY_002312_LN,PLY_002312,1,LIVE_NORMAL,58,12,10,0,TRUE,2006
SSG_2011_PLY_002312_AS,PLY_002312,3,ALLSTAR,78,24,10,10,TRUE,2011
SSG_2005_PLY_002312_EPIC,PLY_002312,2,LIVE_EPIC,74,18,10,0,TRUE,2005
SSG_2011_PLY_002313_LN,PLY_002313,1,LIVE_NORMAL,62,12,10,0,TRUE,2011
SSG_2012_PLY_002313_AS,PLY_002313,3,ALLSTAR,76,24,10,10,TRUE,2012
SSG_2014_PLY_002314_EPIC,PLY_002314,2,LIVE_EPIC,73,18,10,0,TRUE,2014
SSG_2014_PLY_002314_LN,PLY_002314,1,LIVE_NORMAL,66,12,10,0,TRUE,2014
SSG_2016_PLY_002314_AS,PLY_002314,3,ALLSTAR,82,24,10,10,TRUE,2016
SSG_2014_PLY_002314_AS,PLY_002314,3,ALLSTAR,75,24,10,10,TRUE,2014
SSG_2016_PLY_002314_EPIC,PLY_002314,2,LIVE_EPIC,71,18,10,0,TRUE,2016
SSG_2017_PLY_002314_EPIC,PLY_002314,2,LIVE_EPIC,66,18,10,0,TRUE,2017
SSG_2017_PLY_002314_AS,PLY_002314,3,ALLSTAR,77,24,10,10,TRUE,2017
SSG_2004_PLY_002315_LN,PLY_002315,1,LIVE_NORMAL,57,12,10,0,TRUE,2004
SSG_2002_PLY_002315_EPIC,PLY_002315,2,LIVE_EPIC,68,18,10,0,TRUE,2002
SSG_1998_PLY_002315_EPIC,PLY_002315,2,LIVE_EPIC,67,18,10,0,TRUE,1998
SSG_1998_PLY_002315_TH,PLY_002315,4,TITLE_HOLDER,84,30,10,10,FALSE,1998
SSG_1999_PLY_002315_AS,PLY_002315,3,ALLSTAR,79,24,10,10,TRUE,1999
SSG_2000_PLY_002315_LN,PLY_002315,1,LIVE_NORMAL,65,12,10,0,TRUE,2000
SSG_2001_PLY_002315_LN,PLY_002315,1,LIVE_NORMAL,68,12,10,0,TRUE,2001
SSG_2004_PLY_002315_EPIC,PLY_002315,2,LIVE_EPIC,76,18,10,0,TRUE,2004
SSG_1999_PLY_002315_EPIC,PLY_002315,2,LIVE_EPIC,74,18,10,0,TRUE,1999
SSG_2024_PLY_002316_AS,PLY_002316,3,ALLSTAR,79,24,10,10,TRUE,2024
SSG_2026_PLY_002316_EPIC,PLY_002316,2,LIVE_EPIC,67,18,10,0,TRUE,2026
SSG_2021_PLY_002316_LN,PLY_002316,1,LIVE_NORMAL,67,12,10,0,TRUE,2021
SSG_2020_PLY_002316_TH,PLY_002316,4,TITLE_HOLDER,84,30,10,10,FALSE,2020
SSG_2018_PLY_002316_EPIC,PLY_002316,2,LIVE_EPIC,69,18,10,0,TRUE,2018
SSG_2018_PLY_002316_TH,PLY_002316,4,TITLE_HOLDER,80,30,10,10,FALSE,2018
SSG_2022_PLY_002316_AS,PLY_002316,3,ALLSTAR,79,24,10,10,TRUE,2022
SSG_1999_PLY_002317_EPIC,PLY_002317,2,LIVE_EPIC,76,18,10,0,TRUE,1999
SSG_2004_PLY_002317_LN,PLY_002317,1,LIVE_NORMAL,64,12,10,0,TRUE,2004
SSG_2006_PLY_002317_EPIC,PLY_002317,2,LIVE_EPIC,70,18,10,0,TRUE,2006
SSG_2000_PLY_002317_AS,PLY_002317,3,ALLSTAR,81,24,10,10,TRUE,2000
SSG_2003_PLY_002317_LN,PLY_002317,1,LIVE_NORMAL,57,12,10,0,TRUE,2003
SSG_2019_PLY_002318_LN,PLY_002318,1,LIVE_NORMAL,66,12,10,0,TRUE,2019
SSG_2020_PLY_002318_EPIC,PLY_002318,2,LIVE_EPIC,67,18,10,0,TRUE,2020
SSG_2023_PLY_002318_EPIC,PLY_002318,2,LIVE_EPIC,66,18,10,0,TRUE,2023
SSG_2025_PLY_002318_AS,PLY_002318,3,ALLSTAR,79,24,10,10,TRUE,2025
SSG_2021_PLY_002318_EPIC,PLY_002318,2,LIVE_EPIC,70,18,10,0,TRUE,2021
SSG_2022_PLY_002318_LN,PLY_002318,1,LIVE_NORMAL,58,12,10,0,TRUE,2022
SSG_2025_PLY_002318_GG,PLY_002318,6,GOLDEN_GLOVE,88,35,10,10,FALSE,2025
SSG_2019_PLY_002318_EPIC,PLY_002318,2,LIVE_EPIC,76,18,10,0,TRUE,2019
SSG_2024_PLY_002318_EPIC,PLY_002318,2,LIVE_EPIC,69,18,10,0,TRUE,2024
SSG_2024_PLY_002319_SIG,PLY_002319,5,SIGNATURE,93,40,10,10,FALSE,2024
SSG_2025_PLY_002319_EPIC,PLY_002319,2,LIVE_EPIC,65,18,10,0,TRUE,2025
SSG_2026_PLY_002320_AS,PLY_002320,3,ALLSTAR,74,24,10,10,TRUE,2026
SSG_2024_PLY_002320_LN,PLY_002320,1,LIVE_NORMAL,66,12,10,0,TRUE,2024
SSG_2023_PLY_002320_LN,PLY_002320,1,LIVE_NORMAL,62,12,10,0,TRUE,2023
SSG_2025_PLY_002320_EPIC,PLY_002320,2,LIVE_EPIC,65,18,10,0,TRUE,2025
SSG_2024_PLY_002320_EPIC,PLY_002320,2,LIVE_EPIC,66,18,10,0,TRUE,2024
SSG_2026_PLY_002320_EPIC,PLY_002320,2,LIVE_EPIC,68,18,10,0,TRUE,2026
SSG_2026_PLY_002320_GG,PLY_002320,6,GOLDEN_GLOVE,86,35,10,10,FALSE,2026
SSG_1988_PLY_002321_TH,PLY_002321,4,TITLE_HOLDER,80,30,10,10,FALSE,1988
SSG_1987_PLY_002321_GG,PLY_002321,6,GOLDEN_GLOVE,88,35,10,10,FALSE,1987
SSG_1989_PLY_002321_EPIC,PLY_002321,2,LIVE_EPIC,66,18,10,0,TRUE,1989
SSG_1990_PLY_002321_LN,PLY_002321,1,LIVE_NORMAL,58,12,10,0,TRUE,1990
SSG_1991_PLY_002321_LN,PLY_002321,1,LIVE_NORMAL,58,12,10,0,TRUE,1991
SSG_1989_PLY_002321_LN,PLY_002321,1,LIVE_NORMAL,59,12,10,0,TRUE,1989
SSG_1991_PLY_002321_EPIC,PLY_002321,2,LIVE_EPIC,76,18,10,0,TRUE,1991
SSG_1990_PLY_002321_SIG,PLY_002321,5,SIGNATURE,87,40,10,10,FALSE,1990
SSG_2005_PLY_002322_LN,PLY_002322,1,LIVE_NORMAL,62,12,10,0,TRUE,2005
SSG_2001_PLY_002322_LN,PLY_002322,1,LIVE_NORMAL,67,12,10,0,TRUE,2001
SSG_1999_PLY_002322_LN,PLY_002322,1,LIVE_NORMAL,58,12,10,0,TRUE,1999
SSG_2000_PLY_002322_LN,PLY_002322,1,LIVE_NORMAL,58,12,10,0,TRUE,2000
SSG_2002_PLY_002322_EPIC,PLY_002322,2,LIVE_EPIC,74,18,10,0,TRUE,2002
SSG_2008_PLY_002322_EPIC,PLY_002322,2,LIVE_EPIC,68,18,10,0,TRUE,2008
SSG_1999_PLY_002322_EPIC,PLY_002322,2,LIVE_EPIC,75,18,10,0,TRUE,1999
SSG_1997_PLY_002323_LN,PLY_002323,1,LIVE_NORMAL,56,12,10,0,TRUE,1997
SSG_1997_PLY_002323_EPIC,PLY_002323,2,LIVE_EPIC,73,18,10,0,TRUE,1997
SSG_1998_PLY_002323_SIG,PLY_002323,5,SIGNATURE,93,40,10,10,FALSE,1998
SSG_1999_PLY_002323_TH,PLY_002323,4,TITLE_HOLDER,84,30,10,10,FALSE,1999
SSG_2001_PLY_002323_LN,PLY_002323,1,LIVE_NORMAL,57,12,10,0,TRUE,2001
SSG_1999_PLY_002323_SIG,PLY_002323,5,SIGNATURE,88,40,10,10,FALSE,1999
SSG_1998_PLY_002323_LN,PLY_002323,1,LIVE_NORMAL,64,12,10,0,TRUE,1998
SSG_2000_PLY_002323_EPIC,PLY_002323,2,LIVE_EPIC,71,18,10,0,TRUE,2000
SSG_2010_PLY_002324_LN,PLY_002324,1,LIVE_NORMAL,62,12,10,0,TRUE,2010
SSG_2008_PLY_002324_EPIC,PLY_002324,2,LIVE_EPIC,75,18,10,0,TRUE,2008
SSG_2008_PLY_002324_GG,PLY_002324,6,GOLDEN_GLOVE,90,35,10,10,FALSE,2008
SSG_2009_PLY_002324_EPIC,PLY_002324,2,LIVE_EPIC,75,18,10,0,TRUE,2009
SSG_2012_PLY_002325_TH,PLY_002325,4,TITLE_HOLDER,85,30,10,10,FALSE,2012
SSG_1997_PLY_002325_EPIC,PLY_002325,2,LIVE_EPIC,72,18,10,0,TRUE,1997
SSG_2007_PLY_002325_LN,PLY_002325,1,LIVE_NORMAL,66,12,10,0,TRUE,2007
SSG_2011_PLY_002326_LN,PLY_002326,1,LIVE_NORMAL,66,12,10,0,TRUE,2011
SSG_2008_PLY_002326_LN,PLY_002326,1,LIVE_NORMAL,61,12,10,0,TRUE,2008
SSG_2009_PLY_002326_AS,PLY_002326,3,ALLSTAR,79,24,10,10,TRUE,2009
SSG_2006_PLY_002326_LN,PLY_002326,1,LIVE_NORMAL,65,12,10,0,TRUE,2006
SSG_2010_PLY_002326_LN,PLY_002326,1,LIVE_NORMAL,64,12,10,0,TRUE,2010
SSG_2007_PLY_002326_GG,PLY_002326,6,GOLDEN_GLOVE,83,35,10,10,FALSE,2007
SSG_2003_PLY_002327_LN,PLY_002327,1,LIVE_NORMAL,62,12,10,0,TRUE,2003
SSG_2000_PLY_002327_AS,PLY_002327,3,ALLSTAR,80,24,10,10,TRUE,2000
SSG_2000_PLY_002327_TH,PLY_002327,4,TITLE_HOLDER,82,30,10,10,FALSE,2000
SSG_2005_PLY_002327_TH,PLY_002327,4,TITLE_HOLDER,85,30,10,10,FALSE,2005
SSG_2000_PLY_002327_LN,PLY_002327,1,LIVE_NORMAL,56,12,10,0,TRUE,2000
SSG_2003_PLY_002327_AS,PLY_002327,3,ALLSTAR,76,24,10,10,TRUE,2003
SSG_2005_PLY_002327_EPIC,PLY_002327,2,LIVE_EPIC,71,18,10,0,TRUE,2005
SSG_2004_PLY_002327_AS,PLY_002327,3,ALLSTAR,74,24,10,10,TRUE,2004
SSG_2004_PLY_002327_EPIC,PLY_002327,2,LIVE_EPIC,71,18,10,0,TRUE,2004
SSG_2001_PLY_002327_LN,PLY_002327,1,LIVE_NORMAL,63,12,10,0,TRUE,2001
SSG_2004_PLY_002327_LN,PLY_002327,1,LIVE_NORMAL,57,12,10,0,TRUE,2004
SSG_2022_PLY_002328_EPIC,PLY_002328,2,LIVE_EPIC,65,18,10,0,TRUE,2022
SSG_2023_PLY_002328_LN,PLY_002328,1,LIVE_NORMAL,59,12,10,0,TRUE,2023
SSG_2020_PLY_002328_EPIC,PLY_002328,2,LIVE_EPIC,67,18,10,0,TRUE,2020
SSG_2026_PLY_002328_LN,PLY_002328,1,LIVE_NORMAL,61,12,10,0,TRUE,2026
SSG_2021_PLY_002328_LN,PLY_002328,1,LIVE_NORMAL,63,12,10,0,TRUE,2021
SSG_2022_PLY_002328_LN,PLY_002328,1,LIVE_NORMAL,56,12,10,0,TRUE,2022
SSG_1996_PLY_002329_TH,PLY_002329,4,TITLE_HOLDER,86,30,10,10,FALSE,1996
SSG_2009_PLY_002329_LN,PLY_002329,1,LIVE_NORMAL,66,12,10,0,TRUE,2009
SSG_2011_PLY_002330_AS,PLY_002330,3,ALLSTAR,75,24,10,10,TRUE,2011
SSG_2013_PLY_002330_LN,PLY_002330,1,LIVE_NORMAL,61,12,10,0,TRUE,2013
SSG_2021_PLY_002331_LN,PLY_002331,1,LIVE_NORMAL,64,12,10,0,TRUE,2021
SSG_2014_PLY_002331_AS,PLY_002331,3,ALLSTAR,83,24,10,10,TRUE,2014
SSG_2017_PLY_002331_SIG,PLY_002331,5,SIGNATURE,93,40,10,10,FALSE,2017
SSG_2018_PLY_002331_GG,PLY_002331,6,GOLDEN_GLOVE,87,35,10,10,FALSE,2018
SSG_2026_PLY_002331_EPIC,PLY_002331,2,LIVE_EPIC,72,18,10,0,TRUE,2026
SSG_2018_PLY_002331_LN,PLY_002331,1,LIVE_NORMAL,67,12,10,0,TRUE,2018
SSG_2017_PLY_002331_LN,PLY_002331,1,LIVE_NORMAL,57,12,10,0,TRUE,2017
SSG_2024_PLY_002331_LN,PLY_002331,1,LIVE_NORMAL,55,12,10,0,TRUE,2024
SSG_2020_PLY_002331_LN,PLY_002331,1,LIVE_NORMAL,57,12,10,0,TRUE,2020
SSG_2025_PLY_002332_EPIC,PLY_002332,2,LIVE_EPIC,67,18,10,0,TRUE,2025
SSG_2023_PLY_002332_LN,PLY_002332,1,LIVE_NORMAL,60,12,10,0,TRUE,2023
SSG_2022_PLY_002332_LN,PLY_002332,1,LIVE_NORMAL,56,12,10,0,TRUE,2022
SSG_2022_PLY_002332_GG,PLY_002332,6,GOLDEN_GLOVE,83,35,10,10,FALSE,2022
SSG_2021_PLY_002332_LN,PLY_002332,1,LIVE_NORMAL,65,12,10,0,TRUE,2021
SSG_2022_PLY_002332_AS,PLY_002332,3,ALLSTAR,83,24,10,10,TRUE,2022
SSG_2020_PLY_002332_SIG,PLY_002332,5,SIGNATURE,92,40,10,10,FALSE,2020
SSG_2025_PLY_002332_LN,PLY_002332,1,LIVE_NORMAL,58,12,10,0,TRUE,2025
SSG_2017_PLY_002333_LN,PLY_002333,1,LIVE_NORMAL,56,12,10,0,TRUE,2017
SSG_2015_PLY_002333_AS,PLY_002333,3,ALLSTAR,76,24,10,10,TRUE,2015
SSG_2018_PLY_002333_LN,PLY_002333,1,LIVE_NORMAL,56,12,10,0,TRUE,2018
SSG_2019_PLY_002333_LN,PLY_002333,1,LIVE_NORMAL,64,12,10,0,TRUE,2019
SSG_2021_PLY_002333_GG,PLY_002333,6,GOLDEN_GLOVE,84,35,10,10,FALSE,2021
SSG_2020_PLY_002333_EPIC,PLY_002333,2,LIVE_EPIC,66,18,10,0,TRUE,2020
SSG_2010_PLY_002333_LN,PLY_002333,1,LIVE_NORMAL,61,12,10,0,TRUE,2010
SSG_2013_PLY_002333_AS,PLY_002333,3,ALLSTAR,83,24,10,10,TRUE,2013
SSG_2016_PLY_002333_LN,PLY_002333,1,LIVE_NORMAL,60,12,10,0,TRUE,2016
SSG_2025_PLY_002333_LN,PLY_002333,1,LIVE_NORMAL,68,12,10,0,TRUE,2025
SSG_2014_PLY_002334_LN,PLY_002334,1,LIVE_NORMAL,58,12,10,0,TRUE,2014
SSG_2006_PLY_002334_LN,PLY_002334,1,LIVE_NORMAL,56,12,10,0,TRUE,2006
SSG_2007_PLY_002334_EPIC,PLY_002334,2,LIVE_EPIC,71,18,10,0,TRUE,2007
SSG_1996_PLY_002334_EPIC,PLY_002334,2,LIVE_EPIC,72,18,10,0,TRUE,1996
SSG_2003_PLY_002334_LN,PLY_002334,1,LIVE_NORMAL,59,12,10,0,TRUE,2003
SSG_2001_PLY_002334_EPIC,PLY_002334,2,LIVE_EPIC,72,18,10,0,TRUE,2001
SSG_1996_PLY_002334_AS,PLY_002334,3,ALLSTAR,74,24,10,10,TRUE,1996
SSG_2014_PLY_002334_GG,PLY_002334,6,GOLDEN_GLOVE,88,35,10,10,FALSE,2014
SSG_2004_PLY_002334_AS,PLY_002334,3,ALLSTAR,76,24,10,10,TRUE,2004
SSG_1997_PLY_002334_LN,PLY_002334,1,LIVE_NORMAL,59,12,10,0,TRUE,1997
SSG_2002_PLY_002334_LN,PLY_002334,1,LIVE_NORMAL,66,12,10,0,TRUE,2002
SSG_1996_PLY_002335_TH,PLY_002335,4,TITLE_HOLDER,81,30,10,10,FALSE,1996
SSG_1997_PLY_002335_TH,PLY_002335,4,TITLE_HOLDER,85,30,10,10,FALSE,1997
SSG_2026_PLY_002336_EPIC,PLY_002336,2,LIVE_EPIC,76,18,10,0,TRUE,2026
SSG_2020_PLY_002336_AS,PLY_002336,3,ALLSTAR,79,24,10,10,TRUE,2020
SSG_2022_PLY_002336_EPIC,PLY_002336,2,LIVE_EPIC,74,18,10,0,TRUE,2022
SSG_2017_PLY_002337_AS,PLY_002337,3,ALLSTAR,81,24,10,10,TRUE,2017
SSG_2020_PLY_002337_TH,PLY_002337,4,TITLE_HOLDER,86,30,10,10,FALSE,2020
SSG_2018_PLY_002337_AS,PLY_002337,3,ALLSTAR,83,24,10,10,TRUE,2018
SSG_2014_PLY_002337_AS,PLY_002337,3,ALLSTAR,83,24,10,10,TRUE,2014
SSG_2011_PLY_002337_LN,PLY_002337,1,LIVE_NORMAL,66,12,10,0,TRUE,2011
SSG_2013_PLY_002337_EPIC,PLY_002337,2,LIVE_EPIC,69,18,10,0,TRUE,2013
SSG_1990_PLY_002338_EPIC,PLY_002338,2,LIVE_EPIC,66,18,10,0,TRUE,1990
SSG_1987_PLY_002338_LN,PLY_002338,1,LIVE_NORMAL,55,12,10,0,TRUE,1987
SSG_1988_PLY_002338_EPIC,PLY_002338,2,LIVE_EPIC,74,18,10,0,TRUE,1988
SSG_1988_PLY_002338_SIG,PLY_002338,5,SIGNATURE,93,40,10,10,FALSE,1988
SSG_1987_PLY_002338_EPIC,PLY_002338,2,LIVE_EPIC,72,18,10,0,TRUE,1987
SSG_1988_PLY_002338_TH,PLY_002338,4,TITLE_HOLDER,80,30,10,10,FALSE,1988
SSG_1989_PLY_002338_EPIC,PLY_002338,2,LIVE_EPIC,71,18,10,0,TRUE,1989
SSG_2026_PLY_002339_GG,PLY_002339,6,GOLDEN_GLOVE,87,35,10,10,FALSE,2026
SSG_2023_PLY_002339_EPIC,PLY_002339,2,LIVE_EPIC,76,18,10,0,TRUE,2023
SSG_2023_PLY_002339_TH,PLY_002339,4,TITLE_HOLDER,86,30,10,10,FALSE,2023
SSG_2022_PLY_002339_EPIC,PLY_002339,2,LIVE_EPIC,72,18,10,0,TRUE,2022
SSG_2022_PLY_002340_AS,PLY_002340,3,ALLSTAR,78,24,10,10,TRUE,2022
SSG_2024_PLY_002340_EPIC,PLY_002340,2,LIVE_EPIC,65,18,10,0,TRUE,2024
SSG_2011_PLY_002340_LN,PLY_002340,1,LIVE_NORMAL,56,12,10,0,TRUE,2011
SSG_2025_PLY_002340_EPIC,PLY_002340,2,LIVE_EPIC,69,18,10,0,TRUE,2025
SSG_2011_PLY_002340_TH,PLY_002340,4,TITLE_HOLDER,82,30,10,10,FALSE,2011
SSG_2018_PLY_002340_EPIC,PLY_002340,2,LIVE_EPIC,68,18,10,0,TRUE,2018
SSG_2020_PLY_002340_EPIC,PLY_002340,2,LIVE_EPIC,65,18,10,0,TRUE,2020
SSG_2025_PLY_002340_LN,PLY_002340,1,LIVE_NORMAL,66,12,10,0,TRUE,2025
SSG_2016_PLY_002340_SIG,PLY_002340,5,SIGNATURE,90,40,10,10,FALSE,2016
SSG_2011_PLY_002340_EPIC,PLY_002340,2,LIVE_EPIC,76,18,10,0,TRUE,2011
SSG_2021_PLY_002340_EPIC,PLY_002340,2,LIVE_EPIC,70,18,10,0,TRUE,2021
SSG_2018_PLY_002341_LN,PLY_002341,1,LIVE_NORMAL,66,12,10,0,TRUE,2018
SSG_2020_PLY_002341_AS,PLY_002341,3,ALLSTAR,80,24,10,10,TRUE,2020
SSG_2012_PLY_002341_EPIC,PLY_002341,2,LIVE_EPIC,74,18,10,0,TRUE,2012
SSG_2020_PLY_002341_EPIC,PLY_002341,2,LIVE_EPIC,73,18,10,0,TRUE,2020
SSG_2017_PLY_002341_GG,PLY_002341,6,GOLDEN_GLOVE,89,35,10,10,FALSE,2017
SSG_2016_PLY_002341_EPIC,PLY_002341,2,LIVE_EPIC,71,18,10,0,TRUE,2016
SSG_2010_PLY_002342_LN,PLY_002342,1,LIVE_NORMAL,56,12,10,0,TRUE,2010
SSG_2009_PLY_002342_EPIC,PLY_002342,2,LIVE_EPIC,65,18,10,0,TRUE,2009
SSG_2005_PLY_002342_TH,PLY_002342,4,TITLE_HOLDER,87,30,10,10,FALSE,2005
SSG_2008_PLY_002342_AS,PLY_002342,3,ALLSTAR,79,24,10,10,TRUE,2008
SSG_2005_PLY_002342_GG,PLY_002342,6,GOLDEN_GLOVE,83,35,10,10,FALSE,2005
SSG_2005_PLY_002342_LN,PLY_002342,1,LIVE_NORMAL,66,12,10,0,TRUE,2005
SSG_2005_PLY_002342_AS,PLY_002342,3,ALLSTAR,77,24,10,10,TRUE,2005
SSG_2006_PLY_002342_LN,PLY_002342,1,LIVE_NORMAL,68,12,10,0,TRUE,2006
SSG_2008_PLY_002343_LN,PLY_002343,1,LIVE_NORMAL,65,12,10,0,TRUE,2008
SSG_2020_PLY_002343_LN,PLY_002343,1,LIVE_NORMAL,67,12,10,0,TRUE,2020
SSG_2011_PLY_002343_LN,PLY_002343,1,LIVE_NORMAL,58,12,10,0,TRUE,2011
SSG_2004_PLY_002343_LN,PLY_002343,1,LIVE_NORMAL,65,12,10,0,TRUE,2004
SSG_2019_PLY_002343_EPIC,PLY_002343,2,LIVE_EPIC,76,18,10,0,TRUE,2019
SSG_2013_PLY_002343_LN,PLY_002343,1,LIVE_NORMAL,64,12,10,0,TRUE,2013
SSG_2005_PLY_002343_AS,PLY_002343,3,ALLSTAR,76,24,10,10,TRUE,2005
SSG_2017_PLY_002343_LN,PLY_002343,1,LIVE_NORMAL,58,12,10,0,TRUE,2017
SSG_2012_PLY_002343_LN,PLY_002343,1,LIVE_NORMAL,56,12,10,0,TRUE,2012
SSG_2011_PLY_002343_EPIC,PLY_002343,2,LIVE_EPIC,70,18,10,0,TRUE,2011
SSG_2011_PLY_002344_LN,PLY_002344,1,LIVE_NORMAL,59,12,10,0,TRUE,2011
SSG_2005_PLY_002344_LN,PLY_002344,1,LIVE_NORMAL,64,12,10,0,TRUE,2005
SSG_2004_PLY_002344_TH,PLY_002344,4,TITLE_HOLDER,82,30,10,10,FALSE,2004
SSG_2019_PLY_002344_LN,PLY_002344,1,LIVE_NORMAL,64,12,10,0,TRUE,2019
SSG_2011_PLY_002344_TH,PLY_002344,4,TITLE_HOLDER,81,30,10,10,FALSE,2011
SSG_2016_PLY_002344_SIG,PLY_002344,5,SIGNATURE,91,40,10,10,FALSE,2016
SSG_2021_PLY_002345_SIG,PLY_002345,5,SIGNATURE,93,40,10,10,FALSE,2021
SSG_2022_PLY_002345_LN,PLY_002345,1,LIVE_NORMAL,58,12,10,0,TRUE,2022
SSG_2021_PLY_002345_GG,PLY_002345,6,GOLDEN_GLOVE,89,35,10,10,FALSE,2021
SSG_2024_PLY_002345_LN,PLY_002345,1,LIVE_NORMAL,60,12,10,0,TRUE,2024
SSG_2026_PLY_002345_AS,PLY_002345,3,ALLSTAR,82,24,10,10,TRUE,2026
SSG_2022_PLY_002345_AS,PLY_002345,3,ALLSTAR,80,24,10,10,TRUE,2022
SSG_2026_PLY_002345_LN,PLY_002345,1,LIVE_NORMAL,63,12,10,0,TRUE,2026
SSG_2020_PLY_002345_LN,PLY_002345,1,LIVE_NORMAL,66,12,10,0,TRUE,2020
SSG_2023_PLY_002345_LN,PLY_002345,1,LIVE_NORMAL,61,12,10,0,TRUE,2023
SSG_2020_PLY_002345_TH,PLY_002345,4,TITLE_HOLDER,87,30,10,10,FALSE,2020
SSG_2019_PLY_002345_AS,PLY_002345,3,ALLSTAR,83,24,10,10,TRUE,2019
SSG_2026_PLY_002346_LN,PLY_002346,1,LIVE_NORMAL,55,12,10,0,TRUE,2026
SSG_2023_PLY_002346_AS,PLY_002346,3,ALLSTAR,77,24,10,10,TRUE,2023
SSG_2025_PLY_002346_LN,PLY_002346,1,LIVE_NORMAL,58,12,10,0,TRUE,2025
SSG_2025_PLY_002346_TH,PLY_002346,4,TITLE_HOLDER,82,30,10,10,FALSE,2025
SSG_2025_PLY_002346_SIG,PLY_002346,5,SIGNATURE,88,40,10,10,FALSE,2025
SSG_2024_PLY_002346_LN,PLY_002346,1,LIVE_NORMAL,60,12,10,0,TRUE,2024
SSG_2025_PLY_002346_EPIC,PLY_002346,2,LIVE_EPIC,73,18,10,0,TRUE,2025
SSG_2023_PLY_002346_LN,PLY_002346,1,LIVE_NORMAL,60,12,10,0,TRUE,2023
SSG_2003_PLY_002347_TH,PLY_002347,4,TITLE_HOLDER,83,30,10,10,FALSE,2003
SSG_2009_PLY_002347_LN,PLY_002347,1,LIVE_NORMAL,56,12,10,0,TRUE,2009
SSG_2003_PLY_002347_EPIC,PLY_002347,2,LIVE_EPIC,74,18,10,0,TRUE,2003
SSG_2007_PLY_002347_AS,PLY_002347,3,ALLSTAR,81,24,10,10,TRUE,2007
SSG_2014_PLY_002347_LN,PLY_002347,1,LIVE_NORMAL,65,12,10,0,TRUE,2014
SSG_2010_PLY_002347_LN,PLY_002347,1,LIVE_NORMAL,56,12,10,0,TRUE,2010
SSG_2002_PLY_002348_LN,PLY_002348,1,LIVE_NORMAL,63,12,10,0,TRUE,2002
SSG_2004_PLY_002348_AS,PLY_002348,3,ALLSTAR,80,24,10,10,TRUE,2004
SSG_2005_PLY_002348_SIG,PLY_002348,5,SIGNATURE,92,40,10,10,FALSE,2005
SSG_2007_PLY_002348_LN,PLY_002348,1,LIVE_NORMAL,68,12,10,0,TRUE,2007
SSG_2003_PLY_002348_LN,PLY_002348,1,LIVE_NORMAL,64,12,10,0,TRUE,2003
SSG_2006_PLY_002348_SIG,PLY_002348,5,SIGNATURE,93,40,10,10,FALSE,2006
SSG_2000_PLY_002348_AS,PLY_002348,3,ALLSTAR,76,24,10,10,TRUE,2000
SSG_2008_PLY_002348_AS,PLY_002348,3,ALLSTAR,80,24,10,10,TRUE,2008
SSG_2004_PLY_002348_LN,PLY_002348,1,LIVE_NORMAL,66,12,10,0,TRUE,2004
SSG_2021_PLY_002349_EPIC,PLY_002349,2,LIVE_EPIC,70,18,10,0,TRUE,2021
SSG_2024_PLY_002349_SIG,PLY_002349,5,SIGNATURE,90,40,10,10,FALSE,2024
SSG_2019_PLY_002349_LN,PLY_002349,1,LIVE_NORMAL,67,12,10,0,TRUE,2019
SSG_2023_PLY_002350_AS,PLY_002350,3,ALLSTAR,75,24,10,10,TRUE,2023
SSG_2026_PLY_002350_EPIC,PLY_002350,2,LIVE_EPIC,66,18,10,0,TRUE,2026
SSG_2022_PLY_002350_EPIC,PLY_002350,2,LIVE_EPIC,73,18,10,0,TRUE,2022
SSG_2023_PLY_002350_LN,PLY_002350,1,LIVE_NORMAL,63,12,10,0,TRUE,2023
SSG_2026_PLY_002350_AS,PLY_002350,3,ALLSTAR,82,24,10,10,TRUE,2026
SSG_2022_PLY_002350_LN,PLY_002350,1,LIVE_NORMAL,61,12,10,0,TRUE,2022
SSG_2022_PLY_002350_AS,PLY_002350,3,ALLSTAR,81,24,10,10,TRUE,2022
SSG_2023_PLY_002350_EPIC,PLY_002350,2,LIVE_EPIC,66,18,10,0,TRUE,2023
SSG_1995_PLY_002351_AS,PLY_002351,3,ALLSTAR,78,24,10,10,TRUE,1995
SSG_2004_PLY_002351_GG,PLY_002351,6,GOLDEN_GLOVE,88,35,10,10,FALSE,2004
SSG_2010_PLY_002351_EPIC,PLY_002351,2,LIVE_EPIC,68,18,10,0,TRUE,2010
SSG_2007_PLY_002351_EPIC,PLY_002351,2,LIVE_EPIC,68,18,10,0,TRUE,2007
SSG_2012_PLY_002351_EPIC,PLY_002351,2,LIVE_EPIC,72,18,10,0,TRUE,2012
SSG_1998_PLY_002351_EPIC,PLY_002351,2,LIVE_EPIC,72,18,10,0,TRUE,1998
SSG_2025_PLY_002352_AS,PLY_002352,3,ALLSTAR,82,24,10,10,TRUE,2025
SSG_2025_PLY_002352_EPIC,PLY_002352,2,LIVE_EPIC,76,18,10,0,TRUE,2025
SSG_2026_PLY_002352_TH,PLY_002352,4,TITLE_HOLDER,82,30,10,10,FALSE,2026
SSG_2023_PLY_002352_LN,PLY_002352,1,LIVE_NORMAL,58,12,10,0,TRUE,2023
SSG_2023_PLY_002352_EPIC,PLY_002352,2,LIVE_EPIC,72,18,10,0,TRUE,2023
SSG_2025_PLY_002352_LN,PLY_002352,1,LIVE_NORMAL,65,12,10,0,TRUE,2025
SSG_2003_PLY_002353_EPIC,PLY_002353,2,LIVE_EPIC,68,18,10,0,TRUE,2003
SSG_2000_PLY_002353_LN,PLY_002353,1,LIVE_NORMAL,57,12,10,0,TRUE,2000
SSG_2002_PLY_002353_AS,PLY_002353,3,ALLSTAR,82,24,10,10,TRUE,2002
SSG_2004_PLY_002353_LN,PLY_002353,1,LIVE_NORMAL,65,12,10,0,TRUE,2004
SSG_2003_PLY_002353_LN,PLY_002353,1,LIVE_NORMAL,66,12,10,0,TRUE,2003
SSG_2003_PLY_002353_SIG,PLY_002353,5,SIGNATURE,93,40,10,10,FALSE,2003
SSG_2002_PLY_002353_LN,PLY_002353,1,LIVE_NORMAL,62,12,10,0,TRUE,2002
SSG_2001_PLY_002353_LN,PLY_002353,1,LIVE_NORMAL,58,12,10,0,TRUE,2001
SSG_2000_PLY_002353_EPIC,PLY_002353,2,LIVE_EPIC,65,18,10,0,TRUE,2000
SSG_2004_PLY_002353_GG,PLY_002353,6,GOLDEN_GLOVE,88,35,10,10,FALSE,2004
SSG_2021_PLY_002354_GG,PLY_002354,6,GOLDEN_GLOVE,89,35,10,10,FALSE,2021
SSG_2020_PLY_002354_LN,PLY_002354,1,LIVE_NORMAL,67,12,10,0,TRUE,2020
SSG_2021_PLY_002354_LN,PLY_002354,1,LIVE_NORMAL,58,12,10,0,TRUE,2021
SSG_2021_PLY_002354_TH,PLY_002354,4,TITLE_HOLDER,81,30,10,10,FALSE,2021
SSG_2021_PLY_002354_AS,PLY_002354,3,ALLSTAR,82,24,10,10,TRUE,2021
SSG_2022_PLY_002354_LN,PLY_002354,1,LIVE_NORMAL,65,12,10,0,TRUE,2022
SSG_2025_PLY_002354_LN,PLY_002354,1,LIVE_NORMAL,58,12,10,0,TRUE,2025
SSG_2006_PLY_002355_LN,PLY_002355,1,LIVE_NORMAL,66,12,10,0,TRUE,2006
SSG_2004_PLY_002355_TH,PLY_002355,4,TITLE_HOLDER,80,30,10,10,FALSE,2004
SSG_1995_PLY_002356_TH,PLY_002356,4,TITLE_HOLDER,85,30,10,10,FALSE,1995
SSG_1996_PLY_002356_LN,PLY_002356,1,LIVE_NORMAL,65,12,10,0,TRUE,1996
SSG_2000_PLY_002357_EPIC,PLY_002357,2,LIVE_EPIC,66,18,10,0,TRUE,2000
SSG_2009_PLY_002357_EPIC,PLY_002357,2,LIVE_EPIC,65,18,10,0,TRUE,2009
SSG_1996_PLY_002357_TH,PLY_002357,4,TITLE_HOLDER,85,30,10,10,FALSE,1996
SSG_2000_PLY_002357_LN,PLY_002357,1,LIVE_NORMAL,59,12,10,0,TRUE,2000
SSG_2008_PLY_002358_LN,PLY_002358,1,LIVE_NORMAL,56,12,10,0,TRUE,2008
SSG_2010_PLY_002358_EPIC,PLY_002358,2,LIVE_EPIC,75,18,10,0,TRUE,2010
SSG_2007_PLY_002358_LN,PLY_002358,1,LIVE_NORMAL,55,12,10,0,TRUE,2007
SSG_2010_PLY_002358_LN,PLY_002358,1,LIVE_NORMAL,65,12,10,0,TRUE,2010
SSG_2007_PLY_002358_EPIC,PLY_002358,2,LIVE_EPIC,66,18,10,0,TRUE,2007
SSG_2008_PLY_002358_AS,PLY_002358,3,ALLSTAR,77,24,10,10,TRUE,2008
SSG_2014_PLY_002358_TH,PLY_002358,4,TITLE_HOLDER,84,30,10,10,FALSE,2014
SSG_2015_PLY_002358_LN,PLY_002358,1,LIVE_NORMAL,67,12,10,0,TRUE,2015
SSG_2008_PLY_002358_EPIC,PLY_002358,2,LIVE_EPIC,65,18,10,0,TRUE,2008
SSG_2017_PLY_002359_LN,PLY_002359,1,LIVE_NORMAL,68,12,10,0,TRUE,2017
SSG_2018_PLY_002359_EPIC,PLY_002359,2,LIVE_EPIC,74,18,10,0,TRUE,2018
SSG_2013_PLY_002359_AS,PLY_002359,3,ALLSTAR,79,24,10,10,TRUE,2013
SSG_2008_PLY_002359_TH,PLY_002359,4,TITLE_HOLDER,84,30,10,10,FALSE,2008
SSG_2015_PLY_002359_EPIC,PLY_002359,2,LIVE_EPIC,66,18,10,0,TRUE,2015
SSG_2026_PLY_002359_EPIC,PLY_002359,2,LIVE_EPIC,66,18,10,0,TRUE,2026
SSG_2007_PLY_002359_EPIC,PLY_002359,2,LIVE_EPIC,74,18,10,0,TRUE,2007
SSG_2015_PLY_002359_GG,PLY_002359,6,GOLDEN_GLOVE,85,35,10,10,FALSE,2015
SSG_2008_PLY_002359_EPIC,PLY_002359,2,LIVE_EPIC,67,18,10,0,TRUE,2008
SSG_2024_PLY_002359_TH,PLY_002359,4,TITLE_HOLDER,86,30,10,10,FALSE,2024
SSG_2026_PLY_002359_LN,PLY_002359,1,LIVE_NORMAL,67,12,10,0,TRUE,2026
SSG_2002_PLY_002360_LN,PLY_002360,1,LIVE_NORMAL,58,12,10,0,TRUE,2002
SSG_2003_PLY_002360_EPIC,PLY_002360,2,LIVE_EPIC,72,18,10,0,TRUE,2003
SSG_2000_PLY_002360_AS,PLY_002360,3,ALLSTAR,74,24,10,10,TRUE,2000
SSG_1998_PLY_002360_LN,PLY_002360,1,LIVE_NORMAL,56,12,10,0,TRUE,1998
SSG_2003_PLY_002360_GG,PLY_002360,6,GOLDEN_GLOVE,84,35,10,10,FALSE,2003
SSG_2003_PLY_002360_LN,PLY_002360,1,LIVE_NORMAL,68,12,10,0,TRUE,2003
SSG_1990_PLY_002361_LN,PLY_002361,1,LIVE_NORMAL,59,12,10,0,TRUE,1990
SSG_1993_PLY_002361_LN,PLY_002361,1,LIVE_NORMAL,58,12,10,0,TRUE,1993
SSG_2026_PLY_002362_LN,PLY_002362,1,LIVE_NORMAL,55,12,10,0,TRUE,2026
SSG_2019_PLY_002362_LN,PLY_002362,1,LIVE_NORMAL,67,12,10,0,TRUE,2019
SSG_2022_PLY_002362_LN,PLY_002362,1,LIVE_NORMAL,61,12,10,0,TRUE,2022
SSG_2021_PLY_002362_LN,PLY_002362,1,LIVE_NORMAL,65,12,10,0,TRUE,2021
SSG_2017_PLY_002362_LN,PLY_002362,1,LIVE_NORMAL,58,12,10,0,TRUE,2017
SSG_2025_PLY_002362_AS,PLY_002362,3,ALLSTAR,77,24,10,10,TRUE,2025
SSG_2024_PLY_002362_LN,PLY_002362,1,LIVE_NORMAL,59,12,10,0,TRUE,2024
SSG_2016_PLY_002362_LN,PLY_002362,1,LIVE_NORMAL,62,12,10,0,TRUE,2016
SSG_2005_PLY_002363_LN,PLY_002363,1,LIVE_NORMAL,68,12,10,0,TRUE,2005
SSG_2006_PLY_002363_AS,PLY_002363,3,ALLSTAR,75,24,10,10,TRUE,2006
SSG_2024_PLY_002363_EPIC,PLY_002363,2,LIVE_EPIC,70,18,10,0,TRUE,2024
SSG_2011_PLY_002363_LN,PLY_002363,1,LIVE_NORMAL,66,12,10,0,TRUE,2011
SSG_2020_PLY_002364_EPIC,PLY_002364,2,LIVE_EPIC,73,18,10,0,TRUE,2020
SSG_2025_PLY_002364_SIG,PLY_002364,5,SIGNATURE,90,40,10,10,FALSE,2025
SSG_2010_PLY_002364_EPIC,PLY_002364,2,LIVE_EPIC,76,18,10,0,TRUE,2010
SSG_2009_PLY_002364_AS,PLY_002364,3,ALLSTAR,78,24,10,10,TRUE,2009
SSG_2013_PLY_002364_AS,PLY_002364,3,ALLSTAR,77,24,10,10,TRUE,2013
SSG_2021_PLY_002364_LN,PLY_002364,1,LIVE_NORMAL,58,12,10,0,TRUE,2021
SSG_2026_PLY_002364_GG,PLY_002364,6,GOLDEN_GLOVE,83,35,10,10,FALSE,2026
SSG_2019_PLY_002364_LN,PLY_002364,1,LIVE_NORMAL,64,12,10,0,TRUE,2019
SSG_2025_PLY_002364_AS,PLY_002364,3,ALLSTAR,81,24,10,10,TRUE,2025
SSG_1996_PLY_002365_EPIC,PLY_002365,2,LIVE_EPIC,69,18,10,0,TRUE,1996
SSG_1994_PLY_002365_AS,PLY_002365,3,ALLSTAR,75,24,10,10,TRUE,1994
SSG_2006_PLY_002366_TH,PLY_002366,4,TITLE_HOLDER,84,30,10,10,FALSE,2006
SSG_2002_PLY_002366_EPIC,PLY_002366,2,LIVE_EPIC,70,18,10,0,TRUE,2002
SSG_1998_PLY_002366_EPIC,PLY_002366,2,LIVE_EPIC,71,18,10,0,TRUE,1998
SSG_2000_PLY_002366_EPIC,PLY_002366,2,LIVE_EPIC,67,18,10,0,TRUE,2000
SSG_2026_PLY_002367_LN,PLY_002367,1,LIVE_NORMAL,56,12,10,0,TRUE,2026
SSG_2023_PLY_002367_LN,PLY_002367,1,LIVE_NORMAL,67,12,10,0,TRUE,2023
SSG_2024_PLY_002367_LN,PLY_002367,1,LIVE_NORMAL,67,12,10,0,TRUE,2024
SSG_2026_PLY_002367_AS,PLY_002367,3,ALLSTAR,79,24,10,10,TRUE,2026
SSG_2022_PLY_002367_AS,PLY_002367,3,ALLSTAR,79,24,10,10,TRUE,2022
SSG_2025_PLY_002367_AS,PLY_002367,3,ALLSTAR,80,24,10,10,TRUE,2025
SSG_2023_PLY_002367_AS,PLY_002367,3,ALLSTAR,81,24,10,10,TRUE,2023
SSG_2022_PLY_002367_SIG,PLY_002367,5,SIGNATURE,88,40,10,10,FALSE,2022
SSG_2021_PLY_002367_LN,PLY_002367,1,LIVE_NORMAL,62,12,10,0,TRUE,2021
SSG_2021_PLY_002367_TH,PLY_002367,4,TITLE_HOLDER,86,30,10,10,FALSE,2021
SSG_2022_PLY_002367_LN,PLY_002367,1,LIVE_NORMAL,56,12,10,0,TRUE,2022
SSG_2004_PLY_002368_LN,PLY_002368,1,LIVE_NORMAL,57,12,10,0,TRUE,2004
SSG_2014_PLY_002368_AS,PLY_002368,3,ALLSTAR,74,24,10,10,TRUE,2014
SSG_2002_PLY_002368_AS,PLY_002368,3,ALLSTAR,79,24,10,10,TRUE,2002
SSG_2025_PLY_002369_LN,PLY_002369,1,LIVE_NORMAL,60,12,10,0,TRUE,2025
SSG_2023_PLY_002369_TH,PLY_002369,4,TITLE_HOLDER,85,30,10,10,FALSE,2023
SSG_2022_PLY_002369_GG,PLY_002369,6,GOLDEN_GLOVE,90,35,10,10,FALSE,2022
SSG_2026_PLY_002369_SIG,PLY_002369,5,SIGNATURE,87,40,10,10,FALSE,2026
SSG_2023_PLY_002369_EPIC,PLY_002369,2,LIVE_EPIC,71,18,10,0,TRUE,2023
SSG_2026_PLY_002369_LN,PLY_002369,1,LIVE_NORMAL,61,12,10,0,TRUE,2026
SSG_2020_PLY_002370_LN,PLY_002370,1,LIVE_NORMAL,67,12,10,0,TRUE,2020
SSG_2018_PLY_002370_LN,PLY_002370,1,LIVE_NORMAL,61,12,10,0,TRUE,2018
SSG_2026_PLY_002370_LN,PLY_002370,1,LIVE_NORMAL,62,12,10,0,TRUE,2026
SSG_2021_PLY_002370_EPIC,PLY_002370,2,LIVE_EPIC,70,18,10,0,TRUE,2021
SSG_2003_PLY_002371_LN,PLY_002371,1,LIVE_NORMAL,58,12,10,0,TRUE,2003
SSG_2007_PLY_002371_EPIC,PLY_002371,2,LIVE_EPIC,70,18,10,0,TRUE,2007
SSG_2006_PLY_002371_LN,PLY_002371,1,LIVE_NORMAL,62,12,10,0,TRUE,2006
SSG_2000_PLY_002371_TH,PLY_002371,4,TITLE_HOLDER,86,30,10,10,FALSE,2000
SSG_2025_PLY_002372_AS,PLY_002372,3,ALLSTAR,80,24,10,10,TRUE,2025
SSG_2024_PLY_002372_GG,PLY_002372,6,GOLDEN_GLOVE,89,35,10,10,FALSE,2024
SSG_2025_PLY_002372_EPIC,PLY_002372,2,LIVE_EPIC,70,18,10,0,TRUE,2025
SSG_2025_PLY_002372_LN,PLY_002372,1,LIVE_NORMAL,63,12,10,0,TRUE,2025
SSG_2026_PLY_002372_SIG,PLY_002372,5,SIGNATURE,91,40,10,10,FALSE,2026
SSG_2022_PLY_002372_LN,PLY_002372,1,LIVE_NORMAL,64,12,10,0,TRUE,2022
SSG_2024_PLY_002372_LN,PLY_002372,1,LIVE_NORMAL,66,12,10,0,TRUE,2024
SSG_2025_PLY_002372_TH,PLY_002372,4,TITLE_HOLDER,81,30,10,10,FALSE,2025
SSG_2026_PLY_002372_LN,PLY_002372,1,LIVE_NORMAL,64,12,10,0,TRUE,2026
SSG_1996_PLY_002373_EPIC,PLY_002373,2,LIVE_EPIC,71,18,10,0,TRUE,1996
SSG_2005_PLY_002373_EPIC,PLY_002373,2,LIVE_EPIC,72,18,10,0,TRUE,2005
SSG_2011_PLY_002373_EPIC,PLY_002373,2,LIVE_EPIC,72,18,10,0,TRUE,2011
SSG_2005_PLY_002373_LN,PLY_002373,1,LIVE_NORMAL,59,12,10,0,TRUE,2005
SSG_1999_PLY_002373_EPIC,PLY_002373,2,LIVE_EPIC,67,18,10,0,TRUE,1999
SSG_1993_PLY_002373_LN,PLY_002373,1,LIVE_NORMAL,59,12,10,0,TRUE,1993
SSG_1995_PLY_002373_AS,PLY_002373,3,ALLSTAR,77,24,10,10,TRUE,1995
SSG_2007_PLY_002373_LN,PLY_002373,1,LIVE_NORMAL,67,12,10,0,TRUE,2007
SSG_2019_PLY_002374_AS,PLY_002374,3,ALLSTAR,80,24,10,10,TRUE,2019
SSG_2024_PLY_002374_LN,PLY_002374,1,LIVE_NORMAL,65,12,10,0,TRUE,2024
SSG_2026_PLY_002375_LN,PLY_002375,1,LIVE_NORMAL,65,12,10,0,TRUE,2026
SSG_2024_PLY_002375_LN,PLY_002375,1,LIVE_NORMAL,64,12,10,0,TRUE,2024
SSG_2022_PLY_002375_EPIC,PLY_002375,2,LIVE_EPIC,71,18,10,0,TRUE,2022
SSG_2026_PLY_002375_EPIC,PLY_002375,2,LIVE_EPIC,73,18,10,0,TRUE,2026
SSG_2026_PLY_002375_AS,PLY_002375,3,ALLSTAR,75,24,10,10,TRUE,2026
SSG_2023_PLY_002375_AS,PLY_002375,3,ALLSTAR,74,24,10,10,TRUE,2023
SSG_2026_PLY_002375_SIG,PLY_002375,5,SIGNATURE,93,40,10,10,FALSE,2026
SSG_2010_PLY_002376_EPIC,PLY_002376,2,LIVE_EPIC,70,18,10,0,TRUE,2010
SSG_2009_PLY_002376_LN,PLY_002376,1,LIVE_NORMAL,56,12,10,0,TRUE,2009
SSG_2006_PLY_002376_LN,PLY_002376,1,LIVE_NORMAL,61,12,10,0,TRUE,2006
SSG_2013_PLY_002376_EPIC,PLY_002376,2,LIVE_EPIC,69,18,10,0,TRUE,2013
SSG_2011_PLY_002376_AS,PLY_002376,3,ALLSTAR,78,24,10,10,TRUE,2011
SSG_2006_PLY_002376_TH,PLY_002376,4,TITLE_HOLDER,85,30,10,10,FALSE,2006
SSG_2012_PLY_002376_AS,PLY_002376,3,ALLSTAR,78,24,10,10,TRUE,2012
SSG_2013_PLY_002376_AS,PLY_002376,3,ALLSTAR,81,24,10,10,TRUE,2013
SSG_2014_PLY_002376_LN,PLY_002376,1,LIVE_NORMAL,68,12,10,0,TRUE,2014
SSG_2005_PLY_002377_LN,PLY_002377,1,LIVE_NORMAL,67,12,10,0,TRUE,2005
SSG_2021_PLY_002377_EPIC,PLY_002377,2,LIVE_EPIC,70,18,10,0,TRUE,2021
SSG_2006_PLY_002377_LN,PLY_002377,1,LIVE_NORMAL,60,12,10,0,TRUE,2006
SSG_2012_PLY_002377_LN,PLY_002377,1,LIVE_NORMAL,57,12,10,0,TRUE,2012
SSG_2007_PLY_002377_LN,PLY_002377,1,LIVE_NORMAL,59,12,10,0,TRUE,2007
SSG_2021_PLY_002378_LN,PLY_002378,1,LIVE_NORMAL,56,12,10,0,TRUE,2021
SSG_2024_PLY_002378_LN,PLY_002378,1,LIVE_NORMAL,62,12,10,0,TRUE,2024
SSG_2021_PLY_002378_EPIC,PLY_002378,2,LIVE_EPIC,66,18,10,0,TRUE,2021
SSG_2025_PLY_002378_EPIC,PLY_002378,2,LIVE_EPIC,76,18,10,0,TRUE,2025
SSG_2022_PLY_002378_EPIC,PLY_002378,2,LIVE_EPIC,67,18,10,0,TRUE,2022
SSG_2023_PLY_002378_LN,PLY_002378,1,LIVE_NORMAL,56,12,10,0,TRUE,2023
SSG_2025_PLY_002378_AS,PLY_002378,3,ALLSTAR,77,24,10,10,TRUE,2025
SSG_2021_PLY_002378_TH,PLY_002378,4,TITLE_HOLDER,80,30,10,10,FALSE,2021
SSG_2024_PLY_002378_SIG,PLY_002378,5,SIGNATURE,93,40,10,10,FALSE,2024
SSG_2022_PLY_002378_AS,PLY_002378,3,ALLSTAR,83,24,10,10,TRUE,2022
SSG_2022_PLY_002379_LN,PLY_002379,1,LIVE_NORMAL,58,12,10,0,TRUE,2022
SSG_2019_PLY_002379_AS,PLY_002379,3,ALLSTAR,78,24,10,10,TRUE,2019
SSG_2019_PLY_002379_TH,PLY_002379,4,TITLE_HOLDER,86,30,10,10,FALSE,2019
SSG_2018_PLY_002379_LN,PLY_002379,1,LIVE_NORMAL,55,12,10,0,TRUE,2018
SSG_2026_PLY_002379_AS,PLY_002379,3,ALLSTAR,81,24,10,10,TRUE,2026
SSG_2025_PLY_002379_EPIC,PLY_002379,2,LIVE_EPIC,73,18,10,0,TRUE,2025
SSG_2024_PLY_002379_AS,PLY_002379,3,ALLSTAR,83,24,10,10,TRUE,2024
SSG_2026_PLY_002379_EPIC,PLY_002379,2,LIVE_EPIC,68,18,10,0,TRUE,2026
SSG_2025_PLY_002379_LN,PLY_002379,1,LIVE_NORMAL,63,12,10,0,TRUE,2025
SSG_2020_PLY_002379_LN,PLY_002379,1,LIVE_NORMAL,67,12,10,0,TRUE,2020
SSG_2018_PLY_002379_EPIC,PLY_002379,2,LIVE_EPIC,74,18,10,0,TRUE,2018
SSG_2017_PLY_002380_EPIC,PLY_002380,2,LIVE_EPIC,67,18,10,0,TRUE,2017
SSG_2018_PLY_002380_AS,PLY_002380,3,ALLSTAR,80,24,10,10,TRUE,2018
SSG_2017_PLY_002380_SIG,PLY_002380,5,SIGNATURE,89,40,10,10,FALSE,2017
SSG_2011_PLY_002380_LN,PLY_002380,1,LIVE_NORMAL,55,12,10,0,TRUE,2011
SSG_2017_PLY_002380_LN,PLY_002380,1,LIVE_NORMAL,58,12,10,0,TRUE,2017
SSG_2015_PLY_002380_EPIC,PLY_002380,2,LIVE_EPIC,65,18,10,0,TRUE,2015
SSG_2009_PLY_002381_LN,PLY_002381,1,LIVE_NORMAL,56,12,10,0,TRUE,2009
SSG_1999_PLY_002381_SIG,PLY_002381,5,SIGNATURE,88,40,10,10,FALSE,1999
SSG_2013_PLY_002381_EPIC,PLY_002381,2,LIVE_EPIC,65,18,10,0,TRUE,2013
SSG_2015_PLY_002381_SIG,PLY_002381,5,SIGNATURE,94,40,10,10,FALSE,2015
SSG_2005_PLY_002381_EPIC,PLY_002381,2,LIVE_EPIC,76,18,10,0,TRUE,2005
SSG_1999_PLY_002381_AS,PLY_002381,3,ALLSTAR,75,24,10,10,TRUE,1999
SSG_2017_PLY_002382_EPIC,PLY_002382,2,LIVE_EPIC,68,18,10,0,TRUE,2017
SSG_2010_PLY_002382_TH,PLY_002382,4,TITLE_HOLDER,82,30,10,10,FALSE,2010
SSG_2011_PLY_002382_EPIC,PLY_002382,2,LIVE_EPIC,74,18,10,0,TRUE,2011
SSG_2020_PLY_002382_AS,PLY_002382,3,ALLSTAR,80,24,10,10,TRUE,2020
SSG_2013_PLY_002382_LN,PLY_002382,1,LIVE_NORMAL,59,12,10,0,TRUE,2013
SSG_2010_PLY_002382_EPIC,PLY_002382,2,LIVE_EPIC,73,18,10,0,TRUE,2010
SSG_2011_PLY_002382_AS,PLY_002382,3,ALLSTAR,77,24,10,10,TRUE,2011
SSG_2023_PLY_002382_EPIC,PLY_002382,2,LIVE_EPIC,75,18,10,0,TRUE,2023
SSG_2024_PLY_002382_LN,PLY_002382,1,LIVE_NORMAL,66,12,10,0,TRUE,2024
SSG_2020_PLY_002383_EPIC,PLY_002383,2,LIVE_EPIC,65,18,10,0,TRUE,2020
SSG_2024_PLY_002383_TH,PLY_002383,4,TITLE_HOLDER,81,30,10,10,FALSE,2024
SSG_2020_PLY_002383_LN,PLY_002383,1,LIVE_NORMAL,68,12,10,0,TRUE,2020
SSG_2022_PLY_002383_AS,PLY_002383,3,ALLSTAR,78,24,10,10,TRUE,2022
SSG_2022_PLY_002383_GG,PLY_002383,6,GOLDEN_GLOVE,90,35,10,10,FALSE,2022
SSG_2024_PLY_002383_EPIC,PLY_002383,2,LIVE_EPIC,70,18,10,0,TRUE,2024
SSG_2022_PLY_002383_LN,PLY_002383,1,LIVE_NORMAL,62,12,10,0,TRUE,2022
SSG_2006_PLY_002384_EPIC,PLY_002384,2,LIVE_EPIC,66,18,10,0,TRUE,2006
SSG_2004_PLY_002384_LN,PLY_002384,1,LIVE_NORMAL,66,12,10,0,TRUE,2004
SSG_2012_PLY_002384_AS,PLY_002384,3,ALLSTAR,83,24,10,10,TRUE,2012
SSG_2014_PLY_002384_GG,PLY_002384,6,GOLDEN_GLOVE,88,35,10,10,FALSE,2014
SSG_2006_PLY_002384_TH,PLY_002384,4,TITLE_HOLDER,82,30,10,10,FALSE,2006
SSG_2017_PLY_002384_AS,PLY_002384,3,ALLSTAR,76,24,10,10,TRUE,2017
SSG_2011_PLY_002384_EPIC,PLY_002384,2,LIVE_EPIC,73,18,10,0,TRUE,2011
SSG_2013_PLY_002384_EPIC,PLY_002384,2,LIVE_EPIC,76,18,10,0,TRUE,2013
SSG_2010_PLY_002384_AS,PLY_002384,3,ALLSTAR,74,24,10,10,TRUE,2010
SSG_2002_PLY_002384_GG,PLY_002384,6,GOLDEN_GLOVE,86,35,10,10,FALSE,2002
SSG_2001_PLY_002385_LN,PLY_002385,1,LIVE_NORMAL,63,12,10,0,TRUE,2001
SSG_2006_PLY_002385_LN,PLY_002385,1,LIVE_NORMAL,65,12,10,0,TRUE,2006
SSG_2006_PLY_002386_LN,PLY_002386,1,LIVE_NORMAL,66,12,10,0,TRUE,2006
SSG_2005_PLY_002386_LN,PLY_002386,1,LIVE_NORMAL,65,12,10,0,TRUE,2005
SSG_2008_PLY_002386_LN,PLY_002386,1,LIVE_NORMAL,55,12,10,0,TRUE,2008
SSG_2002_PLY_002386_LN,PLY_002386,1,LIVE_NORMAL,59,12,10,0,TRUE,2002
SSG_2010_PLY_002387_AS,PLY_002387,3,ALLSTAR,81,24,10,10,TRUE,2010
SSG_2008_PLY_002387_AS,PLY_002387,3,ALLSTAR,75,24,10,10,TRUE,2008
SSG_2009_PLY_002387_AS,PLY_002387,3,ALLSTAR,79,24,10,10,TRUE,2009
SSG_2010_PLY_002388_AS,PLY_002388,3,ALLSTAR,81,24,10,10,TRUE,2010
SSG_2007_PLY_002388_AS,PLY_002388,3,ALLSTAR,78,24,10,10,TRUE,2007
SSG_2003_PLY_002388_AS,PLY_002388,3,ALLSTAR,79,24,10,10,TRUE,2003
SSG_2003_PLY_002388_TH,PLY_002388,4,TITLE_HOLDER,81,30,10,10,FALSE,2003
SSG_2002_PLY_002388_EPIC,PLY_002388,2,LIVE_EPIC,71,18,10,0,TRUE,2002
SSG_2008_PLY_002388_EPIC,PLY_002388,2,LIVE_EPIC,76,18,10,0,TRUE,2008
SSG_2005_PLY_002388_LN,PLY_002388,1,LIVE_NORMAL,67,12,10,0,TRUE,2005
SSG_2007_PLY_002388_TH,PLY_002388,4,TITLE_HOLDER,84,30,10,10,FALSE,2007
SSG_2004_PLY_002388_AS,PLY_002388,3,ALLSTAR,79,24,10,10,TRUE,2004
SSG_2002_PLY_002388_TH,PLY_002388,4,TITLE_HOLDER,83,30,10,10,FALSE,2002
SSG_2005_PLY_002389_EPIC,PLY_002389,2,LIVE_EPIC,68,18,10,0,TRUE,2005
SSG_2007_PLY_002389_LN,PLY_002389,1,LIVE_NORMAL,64,12,10,0,TRUE,2007
SSG_2003_PLY_002389_EPIC,PLY_002389,2,LIVE_EPIC,68,18,10,0,TRUE,2003
SSG_2004_PLY_002389_LN,PLY_002389,1,LIVE_NORMAL,64,12,10,0,TRUE,2004
SSG_2011_PLY_002390_TH,PLY_002390,4,TITLE_HOLDER,87,30,10,10,FALSE,2011
SSG_2009_PLY_002390_LN,PLY_002390,1,LIVE_NORMAL,58,12,10,0,TRUE,2009
SSG_2001_PLY_002390_EPIC,PLY_002390,2,LIVE_EPIC,68,18,10,0,TRUE,2001
SSG_2010_PLY_002390_AS,PLY_002390,3,ALLSTAR,79,24,10,10,TRUE,2010
SSG_2009_PLY_002390_EPIC,PLY_002390,2,LIVE_EPIC,71,18,10,0,TRUE,2009
SSG_2010_PLY_002390_EPIC,PLY_002390,2,LIVE_EPIC,70,18,10,0,TRUE,2010
SSG_2001_PLY_002390_LN,PLY_002390,1,LIVE_NORMAL,64,12,10,0,TRUE,2001
SSG_2004_PLY_002390_EPIC,PLY_002390,2,LIVE_EPIC,76,18,10,0,TRUE,2004
SSG_2001_PLY_002390_AS,PLY_002390,3,ALLSTAR,75,24,10,10,TRUE,2001
SSG_2006_PLY_002390_AS,PLY_002390,3,ALLSTAR,83,24,10,10,TRUE,2006
SSG_2002_PLY_002390_EPIC,PLY_002390,2,LIVE_EPIC,69,18,10,0,TRUE,2002
SSG_2023_PLY_002391_AS,PLY_002391,3,ALLSTAR,75,24,10,10,TRUE,2023
SSG_2025_PLY_002391_EPIC,PLY_002391,2,LIVE_EPIC,69,18,10,0,TRUE,2025
SSG_2026_PLY_002391_EPIC,PLY_002391,2,LIVE_EPIC,67,18,10,0,TRUE,2026
SSG_2014_PLY_002392_LN,PLY_002392,1,LIVE_NORMAL,67,12,10,0,TRUE,2014
SSG_2019_PLY_002392_LN,PLY_002392,1,LIVE_NORMAL,59,12,10,0,TRUE,2019
SSG_2023_PLY_002392_EPIC,PLY_002392,2,LIVE_EPIC,74,18,10,0,TRUE,2023
SSG_2019_PLY_002392_AS,PLY_002392,3,ALLSTAR,76,24,10,10,TRUE,2019
SSG_2022_PLY_002392_LN,PLY_002392,1,LIVE_NORMAL,63,12,10,0,TRUE,2022
SSG_2019_PLY_002392_EPIC,PLY_002392,2,LIVE_EPIC,74,18,10,0,TRUE,2019
SSG_2018_PLY_002392_AS,PLY_002392,3,ALLSTAR,79,24,10,10,TRUE,2018
SSG_1995_PLY_002393_EPIC,PLY_002393,2,LIVE_EPIC,70,18,10,0,TRUE,1995
SSG_1998_PLY_002393_AS,PLY_002393,3,ALLSTAR,75,24,10,10,TRUE,1998
SSG_1997_PLY_002393_GG,PLY_002393,6,GOLDEN_GLOVE,83,35,10,10,FALSE,1997
SSG_2009_PLY_002394_LN,PLY_002394,1,LIVE_NORMAL,55,12,10,0,TRUE,2009
SSG_2011_PLY_002394_AS,PLY_002394,3,ALLSTAR,80,24,10,10,TRUE,2011
SSG_2014_PLY_002394_LN,PLY_002394,1,LIVE_NORMAL,67,12,10,0,TRUE,2014
SSG_2014_PLY_002394_EPIC,PLY_002394,2,LIVE_EPIC,70,18,10,0,TRUE,2014
SSG_2015_PLY_002394_LN,PLY_002394,1,LIVE_NORMAL,57,12,10,0,TRUE,2015
SSG_2026_PLY_002395_EPIC,PLY_002395,2,LIVE_EPIC,73,18,10,0,TRUE,2026
SSG_1990_PLY_002396_LN,PLY_002396,1,LIVE_NORMAL,61,12,10,0,TRUE,1990
SSG_1993_PLY_002396_EPIC,PLY_002396,2,LIVE_EPIC,66,18,10,0,TRUE,1993
SSG_1999_PLY_002396_AS,PLY_002396,3,ALLSTAR,76,24,10,10,TRUE,1999
SSG_1998_PLY_002396_EPIC,PLY_002396,2,LIVE_EPIC,75,18,10,0,TRUE,1998
SSG_1994_PLY_002396_AS,PLY_002396,3,ALLSTAR,77,24,10,10,TRUE,1994
SSG_2000_PLY_002396_GG,PLY_002396,6,GOLDEN_GLOVE,85,35,10,10,FALSE,2000
SSG_1999_PLY_002396_LN,PLY_002396,1,LIVE_NORMAL,59,12,10,0,TRUE,1999
SSG_1993_PLY_002396_TH,PLY_002396,4,TITLE_HOLDER,82,30,10,10,FALSE,1993
SSG_2013_PLY_002397_TH,PLY_002397,4,TITLE_HOLDER,83,30,10,10,FALSE,2013
SSG_2020_PLY_002397_LN,PLY_002397,1,LIVE_NORMAL,56,12,10,0,TRUE,2020
SSG_2013_PLY_002397_LN,PLY_002397,1,LIVE_NORMAL,60,12,10,0,TRUE,2013
SSG_2018_PLY_002397_AS,PLY_002397,3,ALLSTAR,82,24,10,10,TRUE,2018
SSG_2017_PLY_002397_AS,PLY_002397,3,ALLSTAR,74,24,10,10,TRUE,2017
SSG_2020_PLY_002397_EPIC,PLY_002397,2,LIVE_EPIC,69,18,10,0,TRUE,2020
SSG_2014_PLY_002398_EPIC,PLY_002398,2,LIVE_EPIC,74,18,10,0,TRUE,2014
SSG_2012_PLY_002398_LN,PLY_002398,1,LIVE_NORMAL,57,12,10,0,TRUE,2012
SSG_2014_PLY_002398_LN,PLY_002398,1,LIVE_NORMAL,67,12,10,0,TRUE,2014
SSG_1993_PLY_002399_LN,PLY_002399,1,LIVE_NORMAL,56,12,10,0,TRUE,1993
SSG_1994_PLY_002399_TH,PLY_002399,4,TITLE_HOLDER,87,30,10,10,FALSE,1994
SSG_1994_PLY_002399_LN,PLY_002399,1,LIVE_NORMAL,66,12,10,0,TRUE,1994
SSG_1995_PLY_002399_AS,PLY_002399,3,ALLSTAR,80,24,10,10,TRUE,1995
SSG_1998_PLY_002399_LN,PLY_002399,1,LIVE_NORMAL,56,12,10,0,TRUE,1998
SSG_2018_PLY_002400_LN,PLY_002400,1,LIVE_NORMAL,59,12,10,0,TRUE,2018
SSG_2017_PLY_002400_EPIC,PLY_002400,2,LIVE_EPIC,74,18,10,0,TRUE,2017
SSG_2020_PLY_002401_LN,PLY_002401,1,LIVE_NORMAL,58,12,10,0,TRUE,2020
SSG_2015_PLY_002401_LN,PLY_002401,1,LIVE_NORMAL,68,12,10,0,TRUE,2015
SSG_2017_PLY_002401_AS,PLY_002401,3,ALLSTAR,75,24,10,10,TRUE,2017
SSG_2009_PLY_002401_EPIC,PLY_002401,2,LIVE_EPIC,71,18,10,0,TRUE,2009
SSG_2008_PLY_002402_AS,PLY_002402,3,ALLSTAR,75,24,10,10,TRUE,2008
SSG_2005_PLY_002402_EPIC,PLY_002402,2,LIVE_EPIC,70,18,10,0,TRUE,2005
SSG_2002_PLY_002402_EPIC,PLY_002402,2,LIVE_EPIC,76,18,10,0,TRUE,2002
SSG_2004_PLY_002402_LN,PLY_002402,1,LIVE_NORMAL,67,12,10,0,TRUE,2004
SSG_2000_PLY_002402_LN,PLY_002402,1,LIVE_NORMAL,57,12,10,0,TRUE,2000
SSG_2009_PLY_002402_SIG,PLY_002402,5,SIGNATURE,94,40,10,10,FALSE,2009
SSG_2012_PLY_002402_LN,PLY_002402,1,LIVE_NORMAL,65,12,10,0,TRUE,2012
SSG_2001_PLY_002402_EPIC,PLY_002402,2,LIVE_EPIC,66,18,10,0,TRUE,2001
SSG_2002_PLY_002402_LN,PLY_002402,1,LIVE_NORMAL,64,12,10,0,TRUE,2002
SSG_2006_PLY_002402_AS,PLY_002402,3,ALLSTAR,82,24,10,10,TRUE,2006
SSG_2011_PLY_002402_EPIC,PLY_002402,2,LIVE_EPIC,76,18,10,0,TRUE,2011
SSG_1996_PLY_002403_EPIC,PLY_002403,2,LIVE_EPIC,70,18,10,0,TRUE,1996
SSG_1989_PLY_002403_AS,PLY_002403,3,ALLSTAR,83,24,10,10,TRUE,1989
SSG_1991_PLY_002403_AS,PLY_002403,3,ALLSTAR,83,24,10,10,TRUE,1991
SSG_1990_PLY_002403_EPIC,PLY_002403,2,LIVE_EPIC,66,18,10,0,TRUE,1990
SSG_1989_PLY_002403_EPIC,PLY_002403,2,LIVE_EPIC,73,18,10,0,TRUE,1989
SSG_1995_PLY_002403_LN,PLY_002403,1,LIVE_NORMAL,62,12,10,0,TRUE,1995
SSG_1993_PLY_002403_LN,PLY_002403,1,LIVE_NORMAL,59,12,10,0,TRUE,1993
SSG_1990_PLY_002403_AS,PLY_002403,3,ALLSTAR,78,24,10,10,TRUE,1990
SSG_1994_PLY_002403_LN,PLY_002403,1,LIVE_NORMAL,67,12,10,0,TRUE,1994
SSG_2012_PLY_002404_LN,PLY_002404,1,LIVE_NORMAL,68,12,10,0,TRUE,2012
SSG_2008_PLY_002404_EPIC,PLY_002404,2,LIVE_EPIC,76,18,10,0,TRUE,2008
SSG_2019_PLY_002404_LN,PLY_002404,1,LIVE_NORMAL,61,12,10,0,TRUE,2019
SSG_2016_PLY_002404_SIG,PLY_002404,5,SIGNATURE,87,40,10,10,FALSE,2016
SSG_2013_PLY_002404_EPIC,PLY_002404,2,LIVE_EPIC,70,18,10,0,TRUE,2013
SSG_2010_PLY_002405_LN,PLY_002405,1,LIVE_NORMAL,63,12,10,0,TRUE,2010
SSG_2008_PLY_002405_LN,PLY_002405,1,LIVE_NORMAL,60,12,10,0,TRUE,2008
SSG_2008_PLY_002405_AS,PLY_002405,3,ALLSTAR,81,24,10,10,TRUE,2008
SSG_2013_PLY_002405_AS,PLY_002405,3,ALLSTAR,78,24,10,10,TRUE,2013
SSG_2003_PLY_002405_LN,PLY_002405,1,LIVE_NORMAL,55,12,10,0,TRUE,2003
SSG_2012_PLY_002405_TH,PLY_002405,4,TITLE_HOLDER,82,30,10,10,FALSE,2012
SSG_2010_PLY_002405_AS,PLY_002405,3,ALLSTAR,74,24,10,10,TRUE,2010
SSG_2013_PLY_002405_EPIC,PLY_002405,2,LIVE_EPIC,75,18,10,0,TRUE,2013
SSG_2009_PLY_002405_AS,PLY_002405,3,ALLSTAR,79,24,10,10,TRUE,2009
SSG_2004_PLY_002406_AS,PLY_002406,3,ALLSTAR,83,24,10,10,TRUE,2004
SSG_2011_PLY_002406_EPIC,PLY_002406,2,LIVE_EPIC,76,18,10,0,TRUE,2011
SSG_2014_PLY_002406_LN,PLY_002406,1,LIVE_NORMAL,61,12,10,0,TRUE,2014
SSG_2015_PLY_002406_LN,PLY_002406,1,LIVE_NORMAL,59,12,10,0,TRUE,2015
SSG_2008_PLY_002406_TH,PLY_002406,4,TITLE_HOLDER,85,30,10,10,FALSE,2008
SSG_1993_PLY_002407_LN,PLY_002407,1,LIVE_NORMAL,58,12,10,0,TRUE,1993
SSG_1993_PLY_002407_EPIC,PLY_002407,2,LIVE_EPIC,68,18,10,0,TRUE,1993
SSG_1990_PLY_002407_TH,PLY_002407,4,TITLE_HOLDER,86,30,10,10,FALSE,1990
SSG_1988_PLY_002407_LN,PLY_002407,1,LIVE_NORMAL,67,12,10,0,TRUE,1988
SSG_1992_PLY_002407_LN,PLY_002407,1,LIVE_NORMAL,62,12,10,0,TRUE,1992
SSG_1989_PLY_002407_LN,PLY_002407,1,LIVE_NORMAL,59,12,10,0,TRUE,1989
SSG_1988_PLY_002407_EPIC,PLY_002407,2,LIVE_EPIC,73,18,10,0,TRUE,1988
SSG_1990_PLY_002407_LN,PLY_002407,1,LIVE_NORMAL,59,12,10,0,TRUE,1990
SSG_1990_PLY_002407_EPIC,PLY_002407,2,LIVE_EPIC,68,18,10,0,TRUE,1990
SSG_1993_PLY_002407_AS,PLY_002407,3,ALLSTAR,77,24,10,10,TRUE,1993
SSG_2016_PLY_002408_EPIC,PLY_002408,2,LIVE_EPIC,76,18,10,0,TRUE,2016
SSG_2023_PLY_002408_LN,PLY_002408,1,LIVE_NORMAL,64,12,10,0,TRUE,2023
SSG_2016_PLY_002408_AS,PLY_002408,3,ALLSTAR,78,24,10,10,TRUE,2016
SSG_2022_PLY_002408_LN,PLY_002408,1,LIVE_NORMAL,63,12,10,0,TRUE,2022
SSG_2023_PLY_002408_EPIC,PLY_002408,2,LIVE_EPIC,69,18,10,0,TRUE,2023
SSG_2021_PLY_002408_EPIC,PLY_002408,2,LIVE_EPIC,69,18,10,0,TRUE,2021
SSG_2022_PLY_002408_EPIC,PLY_002408,2,LIVE_EPIC,71,18,10,0,TRUE,2022
SSG_2013_PLY_002409_AS,PLY_002409,3,ALLSTAR,82,24,10,10,TRUE,2013
SSG_2024_PLY_002409_EPIC,PLY_002409,2,LIVE_EPIC,68,18,10,0,TRUE,2024
SSG_2025_PLY_002409_EPIC,PLY_002409,2,LIVE_EPIC,69,18,10,0,TRUE,2025
SSG_2018_PLY_002409_AS,PLY_002409,3,ALLSTAR,77,24,10,10,TRUE,2018
SSG_2025_PLY_002409_AS,PLY_002409,3,ALLSTAR,76,24,10,10,TRUE,2025
SSG_2014_PLY_002409_AS,PLY_002409,3,ALLSTAR,83,24,10,10,TRUE,2014
SSG_2015_PLY_002410_EPIC,PLY_002410,2,LIVE_EPIC,67,18,10,0,TRUE,2015
SSG_2016_PLY_002410_LN,PLY_002410,1,LIVE_NORMAL,68,12,10,0,TRUE,2016
SSG_2025_PLY_002411_EPIC,PLY_002411,2,LIVE_EPIC,73,18,10,0,TRUE,2025
SSG_2022_PLY_002411_GG,PLY_002411,6,GOLDEN_GLOVE,87,35,10,10,FALSE,2022
SSG_2022_PLY_002411_TH,PLY_002411,4,TITLE_HOLDER,83,30,10,10,FALSE,2022
SSG_2024_PLY_002411_GG,PLY_002411,6,GOLDEN_GLOVE,88,35,10,10,FALSE,2024
SSG_2021_PLY_002411_EPIC,PLY_002411,2,LIVE_EPIC,75,18,10,0,TRUE,2021
SSG_2021_PLY_002411_LN,PLY_002411,1,LIVE_NORMAL,56,12,10,0,TRUE,2021
SSG_2026_PLY_002411_LN,PLY_002411,1,LIVE_NORMAL,66,12,10,0,TRUE,2026
SSG_2000_PLY_002412_LN,PLY_002412,1,LIVE_NORMAL,63,12,10,0,TRUE,2000
SSG_2011_PLY_002412_EPIC,PLY_002412,2,LIVE_EPIC,65,18,10,0,TRUE,2011
SSG_2007_PLY_002412_LN,PLY_002412,1,LIVE_NORMAL,59,12,10,0,TRUE,2007
SSG_2000_PLY_002412_EPIC,PLY_002412,2,LIVE_EPIC,68,18,10,0,TRUE,2000
SSG_2020_PLY_002413_LN,PLY_002413,1,LIVE_NORMAL,61,12,10,0,TRUE,2020
SSG_2015_PLY_002413_EPIC,PLY_002413,2,LIVE_EPIC,67,18,10,0,TRUE,2015
SSG_2008_PLY_002413_LN,PLY_002413,1,LIVE_NORMAL,56,12,10,0,TRUE,2008
SSG_2016_PLY_002413_AS,PLY_002413,3,ALLSTAR,78,24,10,10,TRUE,2016
SSG_2019_PLY_002413_AS,PLY_002413,3,ALLSTAR,80,24,10,10,TRUE,2019
SSG_2009_PLY_002413_LN,PLY_002413,1,LIVE_NORMAL,59,12,10,0,TRUE,2009
SSG_2012_PLY_002413_EPIC,PLY_002413,2,LIVE_EPIC,68,18,10,0,TRUE,2012
SSG_2019_PLY_002413_LN,PLY_002413,1,LIVE_NORMAL,60,12,10,0,TRUE,2019
SSG_2014_PLY_002413_LN,PLY_002413,1,LIVE_NORMAL,60,12,10,0,TRUE,2014
SSG_2025_PLY_002413_LN,PLY_002413,1,LIVE_NORMAL,64,12,10,0,TRUE,2025
SSG_2022_PLY_002414_AS,PLY_002414,3,ALLSTAR,74,24,10,10,TRUE,2022
SSG_2026_PLY_002414_TH,PLY_002414,4,TITLE_HOLDER,80,30,10,10,FALSE,2026
SSG_2024_PLY_002414_GG,PLY_002414,6,GOLDEN_GLOVE,89,35,10,10,FALSE,2024
SSG_2017_PLY_002415_EPIC,PLY_002415,2,LIVE_EPIC,70,18,10,0,TRUE,2017
SSG_2019_PLY_002415_EPIC,PLY_002415,2,LIVE_EPIC,76,18,10,0,TRUE,2019
SSG_2019_PLY_002415_LN,PLY_002415,1,LIVE_NORMAL,58,12,10,0,TRUE,2019
SSG_2021_PLY_002416_EPIC,PLY_002416,2,LIVE_EPIC,76,18,10,0,TRUE,2021
SSG_2017_PLY_002416_LN,PLY_002416,1,LIVE_NORMAL,67,12,10,0,TRUE,2017
SSG_2025_PLY_002416_TH,PLY_002416,4,TITLE_HOLDER,84,30,10,10,FALSE,2025
SSG_2025_PLY_002416_EPIC,PLY_002416,2,LIVE_EPIC,68,18,10,0,TRUE,2025
SSG_2023_PLY_002416_EPIC,PLY_002416,2,LIVE_EPIC,76,18,10,0,TRUE,2023
SSG_2017_PLY_002416_AS,PLY_002416,3,ALLSTAR,74,24,10,10,TRUE,2017
SSG_2022_PLY_002416_AS,PLY_002416,3,ALLSTAR,81,24,10,10,TRUE,2022
SSG_2016_PLY_002416_LN,PLY_002416,1,LIVE_NORMAL,55,12,10,0,TRUE,2016
SSG_2019_PLY_002416_AS,PLY_002416,3,ALLSTAR,83,24,10,10,TRUE,2019
SSG_2007_PLY_002417_LN,PLY_002417,1,LIVE_NORMAL,63,12,10,0,TRUE,2007
SSG_2009_PLY_002417_SIG,PLY_002417,5,SIGNATURE,87,40,10,10,FALSE,2009
SSG_2009_PLY_002418_AS,PLY_002418,3,ALLSTAR,83,24,10,10,TRUE,2009
SSG_2010_PLY_002418_LN,PLY_002418,1,LIVE_NORMAL,64,12,10,0,TRUE,2010
SSG_2017_PLY_002418_EPIC,PLY_002418,2,LIVE_EPIC,67,18,10,0,TRUE,2017
SSG_2011_PLY_002418_LN,PLY_002418,1,LIVE_NORMAL,56,12,10,0,TRUE,2011
SSG_2026_PLY_002419_LN,PLY_002419,1,LIVE_NORMAL,59,12,10,0,TRUE,2026
SSG_2025_PLY_002419_LN,PLY_002419,1,LIVE_NORMAL,59,12,10,0,TRUE,2025
SSG_2025_PLY_002419_EPIC,PLY_002419,2,LIVE_EPIC,73,18,10,0,TRUE,2025
SSG_2009_PLY_002420_GG,PLY_002420,6,GOLDEN_GLOVE,89,35,10,10,FALSE,2009
SSG_2013_PLY_002420_EPIC,PLY_002420,2,LIVE_EPIC,69,18,10,0,TRUE,2013
SSG_2000_PLY_002420_EPIC,PLY_002420,2,LIVE_EPIC,65,18,10,0,TRUE,2000
SSG_2006_PLY_002420_LN,PLY_002420,1,LIVE_NORMAL,64,12,10,0,TRUE,2006
SSG_2011_PLY_002420_LN,PLY_002420,1,LIVE_NORMAL,59,12,10,0,TRUE,2011
SSG_1997_PLY_002420_EPIC,PLY_002420,2,LIVE_EPIC,73,18,10,0,TRUE,1997
SSG_2005_PLY_002420_LN,PLY_002420,1,LIVE_NORMAL,56,12,10,0,TRUE,2005
SSG_2001_PLY_002420_LN,PLY_002420,1,LIVE_NORMAL,64,12,10,0,TRUE,2001
SSG_2001_PLY_002421_LN,PLY_002421,1,LIVE_NORMAL,68,12,10,0,TRUE,2001
SSG_2004_PLY_002421_TH,PLY_002421,4,TITLE_HOLDER,87,30,10,10,FALSE,2004
SSG_1995_PLY_002421_LN,PLY_002421,1,LIVE_NORMAL,66,12,10,0,TRUE,1995
SSG_2003_PLY_002421_AS,PLY_002421,3,ALLSTAR,76,24,10,10,TRUE,2003
SSG_1990_PLY_002421_TH,PLY_002421,4,TITLE_HOLDER,84,30,10,10,FALSE,1990
SSG_1991_PLY_002421_AS,PLY_002421,3,ALLSTAR,81,24,10,10,TRUE,1991
SSG_1993_PLY_002421_LN,PLY_002421,1,LIVE_NORMAL,62,12,10,0,TRUE,1993
SSG_2003_PLY_002422_TH,PLY_002422,4,TITLE_HOLDER,86,30,10,10,FALSE,2003
SSG_2015_PLY_002422_GG,PLY_002422,6,GOLDEN_GLOVE,88,35,10,10,FALSE,2015
SSG_2011_PLY_002422_TH,PLY_002422,4,TITLE_HOLDER,85,30,10,10,FALSE,2011
SSG_2007_PLY_002422_EPIC,PLY_002422,2,LIVE_EPIC,75,18,10,0,TRUE,2007
SSG_2015_PLY_002422_AS,PLY_002422,3,ALLSTAR,81,24,10,10,TRUE,2015
SSG_2006_PLY_002422_LN,PLY_002422,1,LIVE_NORMAL,59,12,10,0,TRUE,2006
SSG_2026_PLY_002423_EPIC,PLY_002423,2,LIVE_EPIC,65,18,10,0,TRUE,2026
SSG_2024_PLY_002423_AS,PLY_002423,3,ALLSTAR,74,24,10,10,TRUE,2024
SSG_2018_PLY_002423_LN,PLY_002423,1,LIVE_NORMAL,67,12,10,0,TRUE,2018
SSG_2020_PLY_002423_EPIC,PLY_002423,2,LIVE_EPIC,76,18,10,0,TRUE,2020
SSG_2022_PLY_002423_LN,PLY_002423,1,LIVE_NORMAL,57,12,10,0,TRUE,2022
SSG_2025_PLY_002424_LN,PLY_002424,1,LIVE_NORMAL,57,12,10,0,TRUE,2025
SSG_2026_PLY_002424_EPIC,PLY_002424,2,LIVE_EPIC,76,18,10,0,TRUE,2026
SSG_2022_PLY_002424_EPIC,PLY_002424,2,LIVE_EPIC,73,18,10,0,TRUE,2022
SSG_2023_PLY_002424_SIG,PLY_002424,5,SIGNATURE,88,40,10,10,FALSE,2023
SSG_2023_PLY_002424_AS,PLY_002424,3,ALLSTAR,79,24,10,10,TRUE,2023
SSG_2023_PLY_002424_EPIC,PLY_002424,2,LIVE_EPIC,68,18,10,0,TRUE,2023
SSG_2011_PLY_002425_SIG,PLY_002425,5,SIGNATURE,90,40,10,10,FALSE,2011
SSG_2011_PLY_002425_AS,PLY_002425,3,ALLSTAR,78,24,10,10,TRUE,2011
SSG_2019_PLY_002426_EPIC,PLY_002426,2,LIVE_EPIC,71,18,10,0,TRUE,2019
SSG_2020_PLY_002426_LN,PLY_002426,1,LIVE_NORMAL,58,12,10,0,TRUE,2020
SSG_2017_PLY_002426_TH,PLY_002426,4,TITLE_HOLDER,85,30,10,10,FALSE,2017
SSG_2019_PLY_002426_AS,PLY_002426,3,ALLSTAR,75,24,10,10,TRUE,2019
SSG_2016_PLY_002426_EPIC,PLY_002426,2,LIVE_EPIC,76,18,10,0,TRUE,2016
SSG_2012_PLY_002426_AS,PLY_002426,3,ALLSTAR,83,24,10,10,TRUE,2012
SSG_2022_PLY_002427_AS,PLY_002427,3,ALLSTAR,76,24,10,10,TRUE,2022
SSG_2026_PLY_002427_SIG,PLY_002427,5,SIGNATURE,94,40,10,10,FALSE,2026
SSG_2026_PLY_002427_GG,PLY_002427,6,GOLDEN_GLOVE,83,35,10,10,FALSE,2026
SSG_2021_PLY_002427_SIG,PLY_002427,5,SIGNATURE,93,40,10,10,FALSE,2021
SSG_2026_PLY_002427_AS,PLY_002427,3,ALLSTAR,80,24,10,10,TRUE,2026
SSG_2021_PLY_002427_LN,PLY_002427,1,LIVE_NORMAL,58,12,10,0,TRUE,2021
SSG_2024_PLY_002427_EPIC,PLY_002427,2,LIVE_EPIC,71,18,10,0,TRUE,2024
SSG_2026_PLY_002427_TH,PLY_002427,4,TITLE_HOLDER,81,30,10,10,FALSE,2026
SSG_2018_PLY_002428_LN,PLY_002428,1,LIVE_NORMAL,65,12,10,0,TRUE,2018
SSG_2020_PLY_002428_LN,PLY_002428,1,LIVE_NORMAL,68,12,10,0,TRUE,2020
SSG_2011_PLY_002428_EPIC,PLY_002428,2,LIVE_EPIC,66,18,10,0,TRUE,2011
SSG_2020_PLY_002428_GG,PLY_002428,6,GOLDEN_GLOVE,86,35,10,10,FALSE,2020
SSG_2010_PLY_002428_EPIC,PLY_002428,2,LIVE_EPIC,72,18,10,0,TRUE,2010
SSG_2020_PLY_002428_EPIC,PLY_002428,2,LIVE_EPIC,67,18,10,0,TRUE,2020
SSG_2015_PLY_002428_EPIC,PLY_002428,2,LIVE_EPIC,72,18,10,0,TRUE,2015
SSG_2015_PLY_002428_SIG,PLY_002428,5,SIGNATURE,93,40,10,10,FALSE,2015
SSG_2014_PLY_002428_GG,PLY_002428,6,GOLDEN_GLOVE,86,35,10,10,FALSE,2014
SSG_2011_PLY_002428_LN,PLY_002428,1,LIVE_NORMAL,57,12,10,0,TRUE,2011
SSG_1992_PLY_002429_TH,PLY_002429,4,TITLE_HOLDER,87,30,10,10,FALSE,1992
SSG_1993_PLY_002429_EPIC,PLY_002429,2,LIVE_EPIC,72,18,10,0,TRUE,1993
SSG_1988_PLY_002429_TH,PLY_002429,4,TITLE_HOLDER,86,30,10,10,FALSE,1988
SSG_1993_PLY_002429_LN,PLY_002429,1,LIVE_NORMAL,60,12,10,0,TRUE,1993
SSG_1988_PLY_002429_EPIC,PLY_002429,2,LIVE_EPIC,70,18,10,0,TRUE,1988
